# Blender 4.5.3 LTS
# www.blender.org
mtllib chasis.mtl
g chasis_Mesh
v -8.926942 -2.392100 -0.402625
v -9.387544 2.574398 0.438419
v -9.387522 -2.392100 -0.402637
v -8.926964 2.574398 0.438431
v -8.926795 2.578835 -5.954928
v -8.926815 -2.392100 -5.161483
v -8.926805 -2.212729 -5.609931
v -9.387395 -2.392100 -5.161495
v -9.387385 -2.212729 -5.609946
v -9.387395 -2.611020 -5.229617
v -9.555145 -2.410790 -5.730229
v -9.387381 -2.410790 -5.730226
v -9.555161 -2.611020 -5.229622
v -9.387549 -2.611021 0.679150
v -9.555314 -2.611021 0.679147
v -9.387549 2.649348 0.679150
v -9.555314 2.664643 0.679147
v -9.387542 6.330599 0.387393
v -9.387549 6.634985 0.607060
v -9.555314 6.634985 0.607058
v -9.555136 6.634985 -6.130752
v -9.387370 6.634985 -6.130750
v -9.555136 2.664644 -6.130753
v -9.387370 2.649348 -6.130750
v -9.387375 6.330599 -5.954940
v -9.387392 5.972300 -5.267911
v -9.387375 2.578835 -5.954941
v -8.926795 -1.598656 -5.954928
v -9.387392 2.898896 -5.267911
v -9.387375 -1.598656 -5.954941
v -8.926800 -2.047108 -5.775556
v -9.387370 -1.709889 -6.130750
v -9.387381 -2.047108 -5.775569
v -9.387375 -2.210499 -5.930518
v -9.555136 -1.709889 -6.130753
v -9.555140 -2.210499 -5.930521
v -9.555170 -1.719763 -4.830160
v -9.555170 -1.931953 -4.839543
v -9.555175 -1.941335 -4.627351
v -9.703354 -1.719763 -4.830165
v -9.703354 -1.931953 -4.839548
v -9.703359 -1.941335 -4.627356
v -9.703396 -0.270227 -3.213681
v -9.703402 -0.495004 -3.014568
v -9.555217 -0.495004 -3.014564
v -9.703404 -0.179639 -2.925104
v -9.555220 -0.179639 -2.925099
v -9.555212 -0.270227 -3.213676
v -9.555220 0.200817 -2.954364
v -9.555212 0.270270 -3.263880
v -9.703396 0.270270 -3.263885
v -9.703404 0.200817 -2.954369
v -9.555162 1.856091 -5.094118
v -9.555162 2.067948 -5.109277
v -9.703346 1.856091 -5.094123
v -9.703352 2.083107 -4.897426
v -9.703346 2.067948 -5.109283
v -9.703402 0.497287 -3.067183
v -9.555168 2.083107 -4.897421
v -9.555283 2.083107 -0.554183
v -9.555235 0.511818 -2.367652
v -9.555217 0.497287 -3.067178
v -9.555232 0.200817 -2.497242
v -9.555240 -0.264713 -2.187729
v -9.555240 0.284801 -2.170956
v -9.555232 -0.195256 -2.497242
v -9.555224 0.002782 -2.725803
v -9.703419 0.511818 -2.367657
v -9.703417 0.200817 -2.497247
v -9.703423 0.284801 -2.170961
v -9.703470 1.856091 -0.357488
v -9.555287 1.856091 -0.357483
v -9.703465 2.083107 -0.554188
v -9.703473 2.067947 -0.342331
v -9.555289 2.067947 -0.342326
v -9.555287 -1.850528 -0.357484
v -9.703470 -1.850528 -0.357488
v -9.555289 -2.062388 -0.342326
v -9.555283 -2.077545 -0.554183
v -9.703465 -2.077545 -0.554188
v -9.703473 -2.062388 -0.342331
v -9.703423 -0.264713 -2.187734
v -9.555235 -0.491730 -2.384429
v -9.703419 -0.491730 -2.384436
v -9.703417 -0.195256 -2.497247
v -9.555292 3.201319 -0.180164
v -9.387531 2.895101 -0.027569
v -9.555158 3.201319 -5.266712
v -9.555156 3.101194 -5.366839
v -9.631254 3.201319 -5.266714
v -10.008138 5.939608 -5.266724
v -9.555158 5.972220 -5.266712
v -10.008271 5.939608 -0.165764
v -9.555292 5.972220 -0.165752
v -9.387528 5.972300 -0.070327
v -9.631389 3.201319 -0.180167
v -9.631392 3.101193 -0.070389
v -10.020575 6.038976 -0.074440
v -10.020435 6.038976 -5.366851
v -9.555156 6.072348 -5.366839
v -9.555295 6.072348 -0.074428
v -9.555297 3.101193 -0.070387
v -9.631252 3.101194 -5.366842
v 9.319138 6.570424 -4.989058
v 8.391610 6.570424 -4.989058
v 9.319138 6.237232 -4.989058
v 8.391610 6.237232 -4.989058
v 9.319138 5.904041 -4.989058
v 8.391610 5.904041 -4.989058
v 9.319138 5.570849 -4.989058
v 8.391610 5.570849 -4.989058
v 9.319138 5.237660 -4.989058
v 8.391610 5.237660 -4.989058
v 9.319138 4.904469 -4.989058
v 8.391610 4.904469 -4.989058
v 9.319138 4.571277 -4.989058
v 8.391610 4.571277 -4.989058
v 9.319138 4.238086 -4.989058
v 8.391610 4.238086 -4.989058
v 9.319138 3.904895 -4.989058
v 8.391610 3.904895 -4.989058
v 9.319138 3.571704 -4.989058
v 8.391610 3.571704 -4.989058
v 9.319138 3.238513 -4.989058
v 8.391610 3.238513 -4.989058
v 9.319138 2.905322 -4.989059
v 8.391610 2.905322 -4.989059
v 9.319138 2.572130 -4.989059
v 8.391610 2.572130 -4.989059
v 9.319138 2.238939 -4.989059
v 8.391610 2.238939 -4.989059
v 9.319138 1.905748 -4.989059
v 8.391610 1.905748 -4.989059
v 9.319138 1.572557 -4.989059
v 8.391610 1.572557 -4.989059
v 9.319138 1.239366 -4.989059
v 8.391610 1.239366 -4.989059
v 9.319138 0.906174 -4.989059
v 8.391610 0.906174 -4.989059
v 9.319138 0.572984 -4.989059
v 8.391610 0.572984 -4.989059
v 9.319138 0.239794 -4.989059
v 8.391610 0.239794 -4.989059
v 9.319138 -0.093398 -4.989059
v 8.391610 -0.093398 -4.989059
v 7.464082 -0.093398 -4.989059
v 7.464082 0.239794 -4.989059
v 6.536554 -0.093398 -4.989059
v 6.536554 0.239794 -4.989059
v 5.609027 -0.093398 -4.989059
v 5.609027 0.239794 -4.989059
v 4.681499 -0.093398 -4.989059
v 4.681499 0.239794 -4.989059
v 3.753971 -0.093398 -4.989059
v 3.753971 0.239794 -4.989059
v 2.826444 -0.093398 -4.989059
v 2.826444 0.239794 -4.989059
v 1.898916 -0.093398 -4.989059
v 1.898916 0.239794 -4.989059
v 0.971388 -0.093398 -4.989059
v 0.971388 0.239794 -4.989059
v 0.043860 -0.093398 -4.989059
v 0.043860 0.239794 -4.989059
v -0.883667 -0.093398 -4.989059
v -0.883667 0.239794 -4.989059
v -1.811195 -0.093398 -4.989059
v -1.811195 0.239794 -4.989059
v -2.738723 -0.093398 -4.989059
v -2.738723 0.239794 -4.989059
v -3.666250 -0.093398 -4.989059
v -3.666250 0.239794 -4.989059
v -4.593779 -0.093398 -4.989059
v -4.593779 0.239794 -4.989059
v -5.521306 -0.093398 -4.989059
v -5.521306 0.239794 -4.989059
v -6.448833 -0.093398 -4.989059
v -6.448833 0.239794 -4.989059
v -7.376361 -0.093398 -4.989059
v -7.376361 0.239794 -4.989059
v -8.303889 -0.093398 -4.989059
v -8.303889 0.239794 -4.989059
v -9.231418 -0.093398 -4.989059
v -9.231418 0.239794 -4.989059
v -9.231418 0.572984 -4.989059
v -9.231418 0.906174 -4.989059
v -8.303889 0.572984 -4.989059
v -8.303889 0.906174 -4.989059
v -7.376361 0.572984 -4.989059
v -7.376361 0.906174 -4.989059
v -6.448833 0.572984 -4.989059
v -6.448833 0.906174 -4.989059
v -5.521306 0.572984 -4.989059
v -5.521306 0.906174 -4.989059
v -4.593779 0.572984 -4.989059
v -4.593779 0.906174 -4.989059
v -3.666250 0.572984 -4.989059
v -3.666250 0.906174 -4.989059
v -2.738723 0.572984 -4.989059
v -2.738723 0.906174 -4.989059
v -1.811195 0.572984 -4.989059
v -1.811195 0.906174 -4.989059
v -0.883667 0.572984 -4.989059
v -0.883667 0.906174 -4.989059
v 0.043860 0.572984 -4.989059
v 0.043860 0.906174 -4.989059
v 0.971388 0.572984 -4.989059
v 0.971388 0.906174 -4.989059
v 1.898916 0.572984 -4.989059
v 1.898916 0.906174 -4.989059
v 2.826444 0.572984 -4.989059
v 2.826444 0.906174 -4.989059
v 3.753971 0.572984 -4.989059
v 3.753971 0.906174 -4.989059
v 4.681499 0.572984 -4.989059
v 4.681499 0.906174 -4.989059
v 5.609027 0.572984 -4.989059
v 5.609027 0.906174 -4.989059
v 6.536554 0.572984 -4.989059
v 6.536554 0.906174 -4.989059
v 7.464082 0.572984 -4.989059
v 7.464082 0.906174 -4.989059
v 7.464082 1.239366 -4.989059
v 7.464082 1.572557 -4.989059
v 6.536554 1.239366 -4.989059
v 6.536554 1.572557 -4.989059
v 5.609027 1.239366 -4.989059
v 5.609027 1.572557 -4.989059
v 4.681499 1.239366 -4.989059
v 4.681499 1.572557 -4.989059
v 3.753971 1.239366 -4.989059
v 3.753971 1.572557 -4.989059
v 2.826444 1.239366 -4.989059
v 2.826444 1.572557 -4.989059
v 1.898916 1.239366 -4.989059
v 1.898916 1.572557 -4.989059
v 0.971388 1.239366 -4.989059
v 0.971388 1.572557 -4.989059
v 0.043860 1.239366 -4.989059
v 0.043860 1.572557 -4.989059
v -0.883667 1.239366 -4.989059
v -0.883667 1.572557 -4.989059
v -1.811195 1.239366 -4.989059
v -1.811195 1.572557 -4.989059
v -2.738723 1.239366 -4.989059
v -2.738723 1.572557 -4.989059
v -3.666250 1.239366 -4.989059
v -3.666250 1.572557 -4.989059
v -4.593779 1.239366 -4.989059
v -4.593779 1.572557 -4.989059
v -5.521306 1.239366 -4.989059
v -5.521306 1.572557 -4.989059
v -6.448833 1.239366 -4.989059
v -6.448833 1.572557 -4.989059
v -7.376361 1.239366 -4.989059
v -7.376361 1.572557 -4.989059
v -8.303889 1.239366 -4.989059
v -8.303889 1.572557 -4.989059
v -9.231418 1.239366 -4.989059
v -9.231418 1.572557 -4.989059
v -9.231418 1.905748 -4.989059
v -9.231418 2.238939 -4.989059
v -8.303889 1.905748 -4.989059
v -8.303889 2.238939 -4.989059
v -7.376361 1.905748 -4.989059
v -7.376361 2.238939 -4.989059
v -6.448833 1.905748 -4.989059
v -6.448833 2.238939 -4.989059
v -5.521306 1.905748 -4.989059
v -5.521306 2.238939 -4.989059
v -4.593779 1.905748 -4.989059
v -4.593779 2.238939 -4.989059
v -3.666250 1.905748 -4.989059
v -3.666250 2.238939 -4.989059
v -2.738723 1.905748 -4.989059
v -2.738723 2.238939 -4.989059
v -1.811195 1.905748 -4.989059
v -1.811195 2.238939 -4.989059
v -0.883667 1.905748 -4.989059
v -0.883667 2.238939 -4.989059
v 0.043860 1.905748 -4.989059
v 0.043860 2.238939 -4.989059
v 0.971388 1.905748 -4.989059
v 0.971388 2.238939 -4.989059
v 1.898916 1.905748 -4.989059
v 1.898916 2.238939 -4.989059
v 2.826444 1.905748 -4.989059
v 2.826444 2.238939 -4.989059
v 3.753971 1.905748 -4.989059
v 3.753971 2.238939 -4.989059
v 4.681499 1.905748 -4.989059
v 4.681499 2.238939 -4.989059
v 5.609027 1.905748 -4.989059
v 5.609027 2.238939 -4.989059
v 6.536554 1.905748 -4.989059
v 6.536554 2.238939 -4.989059
v 7.464082 1.905748 -4.989059
v 7.464082 2.238939 -4.989059
v 7.464082 2.572130 -4.989059
v 7.464082 2.905322 -4.989059
v 6.536554 2.572130 -4.989059
v 6.536554 2.905322 -4.989059
v 5.609027 2.572130 -4.989059
v 5.609027 2.905322 -4.989059
v 4.681499 2.572130 -4.989059
v 4.681499 2.905322 -4.989059
v 3.753971 2.572130 -4.989059
v 3.753971 2.905322 -4.989059
v 2.826444 2.572130 -4.989059
v 2.826444 2.905322 -4.989059
v 1.898916 2.572130 -4.989059
v 1.898916 2.905322 -4.989059
v 0.971388 2.572130 -4.989059
v 0.971388 2.905322 -4.989059
v 0.043860 2.572130 -4.989059
v 0.043860 2.905322 -4.989059
v -0.883667 2.572130 -4.989059
v -0.883667 2.905322 -4.989059
v -1.811195 2.572130 -4.989059
v -1.811195 2.905322 -4.989059
v -2.738723 2.572130 -4.989059
v -2.738723 2.905322 -4.989059
v -3.666250 2.572130 -4.989059
v -3.666250 2.905322 -4.989059
v -4.593779 2.572130 -4.989059
v -4.593779 2.905322 -4.989059
v -5.521306 2.572130 -4.989059
v -5.521306 2.905322 -4.989059
v -6.448833 2.572130 -4.989059
v -6.448833 2.905322 -4.989059
v -7.376361 2.572130 -4.989059
v -7.376361 2.905322 -4.989059
v -8.303889 2.572130 -4.989059
v -8.303889 2.905322 -4.989059
v -9.231418 2.572130 -4.989059
v -9.231418 2.905322 -4.989059
v -9.231418 3.238513 -4.989058
v -9.231418 3.571704 -4.989058
v -8.303889 3.238513 -4.989058
v -8.303889 3.571704 -4.989058
v -7.376361 3.238513 -4.989058
v -7.376361 3.571704 -4.989058
v -6.448833 3.238513 -4.989058
v -6.448833 3.571704 -4.989058
v -5.521306 3.238513 -4.989058
v -5.521306 3.571704 -4.989058
v -4.593779 3.238513 -4.989058
v -4.593779 3.571704 -4.989058
v -3.666250 3.238513 -4.989058
v -3.666250 3.571704 -4.989058
v -2.738723 3.238513 -4.989058
v -2.738723 3.571704 -4.989058
v -1.811195 3.238513 -4.989058
v -1.811195 3.571704 -4.989058
v -0.883667 3.238513 -4.989058
v -0.883667 3.571704 -4.989058
v 0.043860 3.238513 -4.989058
v 0.043860 3.571704 -4.989058
v 0.971388 3.238513 -4.989058
v 0.971388 3.571704 -4.989058
v 1.898916 3.238513 -4.989058
v 1.898916 3.571704 -4.989058
v 2.826444 3.238513 -4.989058
v 2.826444 3.571704 -4.989058
v 3.753971 3.238513 -4.989058
v 3.753971 3.571704 -4.989058
v 4.681499 3.238513 -4.989058
v 4.681499 3.571704 -4.989058
v 5.609027 3.238513 -4.989058
v 5.609027 3.571704 -4.989058
v 6.536554 3.238513 -4.989058
v 6.536554 3.571704 -4.989058
v 7.464082 3.238513 -4.989058
v 7.464082 3.571704 -4.989058
v 7.464082 3.904895 -4.989058
v 7.464082 4.238086 -4.989058
v 6.536554 3.904895 -4.989058
v 6.536554 4.238086 -4.989058
v 5.609027 3.904895 -4.989058
v 5.609027 4.238086 -4.989058
v 4.681499 3.904895 -4.989058
v 4.681499 4.238086 -4.989058
v 3.753971 3.904895 -4.989058
v 3.753971 4.238086 -4.989058
v 2.826444 3.904895 -4.989058
v 2.826444 4.238086 -4.989058
v 1.898916 3.904895 -4.989058
v 1.898916 4.238086 -4.989058
v 0.971388 3.904895 -4.989058
v 0.971388 4.238086 -4.989058
v 0.043860 3.904895 -4.989058
v 0.043860 4.238086 -4.989058
v -0.883667 3.904895 -4.989058
v -0.883667 4.238086 -4.989058
v -1.811195 3.904895 -4.989058
v -1.811195 4.238086 -4.989058
v -2.738723 3.904895 -4.989058
v -2.738723 4.238086 -4.989058
v -3.666250 3.904895 -4.989058
v -3.666250 4.238086 -4.989058
v -4.593779 3.904895 -4.989058
v -4.593779 4.238086 -4.989058
v -5.521306 3.904895 -4.989058
v -5.521306 4.238086 -4.989058
v -6.448833 3.904895 -4.989058
v -6.448833 4.238086 -4.989058
v -7.376361 3.904895 -4.989058
v -7.376361 4.238086 -4.989058
v -8.303889 3.904895 -4.989058
v -8.303889 4.238086 -4.989058
v -9.231418 3.904895 -4.989058
v -9.231418 4.238086 -4.989058
v -9.231418 4.571277 -4.989058
v -9.231418 4.904469 -4.989058
v -8.303889 4.571277 -4.989058
v -8.303889 4.904469 -4.989058
v -7.376361 4.571277 -4.989058
v -7.376361 4.904469 -4.989058
v -6.448833 4.571277 -4.989058
v -6.448833 4.904469 -4.989058
v -5.521306 4.571277 -4.989058
v -5.521306 4.904469 -4.989058
v -4.593779 4.571277 -4.989058
v -4.593779 4.904469 -4.989058
v -3.666250 4.571277 -4.989058
v -3.666250 4.904469 -4.989058
v -2.738723 4.571277 -4.989058
v -2.738723 4.904469 -4.989058
v -1.811195 4.571277 -4.989058
v -1.811195 4.904469 -4.989058
v -0.883667 4.571277 -4.989058
v -0.883667 4.904469 -4.989058
v 0.043860 4.571277 -4.989058
v 0.043860 4.904469 -4.989058
v 0.971388 4.571277 -4.989058
v 0.971388 4.904469 -4.989058
v 1.898916 4.571277 -4.989058
v 1.898916 4.904469 -4.989058
v 2.826444 4.571277 -4.989058
v 2.826444 4.904469 -4.989058
v 3.753971 4.571277 -4.989058
v 3.753971 4.904469 -4.989058
v 4.681499 4.571277 -4.989058
v 4.681499 4.904469 -4.989058
v 5.609027 4.571277 -4.989058
v 5.609027 4.904469 -4.989058
v 6.536554 4.571277 -4.989058
v 6.536554 4.904469 -4.989058
v 7.464082 4.571277 -4.989058
v 7.464082 4.904469 -4.989058
v 7.464082 5.237660 -4.989058
v 7.464082 5.570849 -4.989058
v 6.536554 5.237660 -4.989058
v 6.536554 5.570849 -4.989058
v 5.609027 5.237660 -4.989058
v 5.609027 5.570849 -4.989058
v 4.681499 5.237660 -4.989058
v 4.681499 5.570849 -4.989058
v 3.753971 5.237660 -4.989058
v 3.753971 5.570849 -4.989058
v 2.826444 5.237660 -4.989058
v 2.826444 5.570849 -4.989058
v 1.898916 5.237660 -4.989058
v 1.898916 5.570849 -4.989058
v 0.971388 5.237660 -4.989058
v 0.971388 5.570849 -4.989058
v 0.043860 5.237660 -4.989058
v 0.043860 5.570849 -4.989058
v -0.883667 5.237660 -4.989058
v -0.883667 5.570849 -4.989058
v -1.811195 5.237660 -4.989058
v -1.811195 5.570849 -4.989058
v -2.738723 5.237660 -4.989058
v -2.738723 5.570849 -4.989058
v -3.666250 5.237660 -4.989058
v -3.666250 5.570849 -4.989058
v -4.593779 5.237660 -4.989058
v -4.593779 5.570849 -4.989058
v -5.521306 5.237660 -4.989058
v -5.521306 5.570849 -4.989058
v -6.448833 5.237660 -4.989058
v -6.448833 5.570849 -4.989058
v -7.376361 5.237660 -4.989058
v -7.376361 5.570849 -4.989058
v -8.303889 5.237660 -4.989058
v -8.303889 5.570849 -4.989058
v -9.231418 5.237660 -4.989058
v -9.231418 5.570849 -4.989058
v -9.231418 5.904041 -4.989058
v -9.231418 6.237232 -4.989058
v -8.303889 5.904041 -4.989058
v -8.303889 6.237232 -4.989058
v -7.376361 5.904041 -4.989058
v -7.376361 6.237232 -4.989058
v -6.448833 5.904041 -4.989058
v -6.448833 6.237232 -4.989058
v -5.521306 5.904041 -4.989058
v -5.521306 6.237232 -4.989058
v -4.593779 5.904041 -4.989058
v -4.593779 6.237232 -4.989058
v -3.666250 5.904041 -4.989058
v -3.666250 6.237232 -4.989058
v -2.738723 5.904041 -4.989058
v -2.738723 6.237232 -4.989058
v -1.811195 5.904041 -4.989058
v -1.811195 6.237232 -4.989058
v -0.883667 5.904041 -4.989058
v -0.883667 6.237232 -4.989058
v 0.043860 5.904041 -4.989058
v 0.043860 6.237232 -4.989058
v 0.971388 5.904041 -4.989058
v 0.971388 6.237232 -4.989058
v 1.898916 5.904041 -4.989058
v 1.898916 6.237232 -4.989058
v 2.826444 5.904041 -4.989058
v 2.826444 6.237232 -4.989058
v 3.753971 5.904041 -4.989058
v 3.753971 6.237232 -4.989058
v 4.681499 5.904041 -4.989058
v 4.681499 6.237232 -4.989058
v 5.609027 5.904041 -4.989058
v 5.609027 6.237232 -4.989058
v 6.536554 5.904041 -4.989058
v 6.536554 6.237232 -4.989058
v 7.464082 5.904041 -4.989058
v 7.464082 6.237232 -4.989058
v 7.464082 6.570424 -4.989058
v 6.536554 6.570424 -4.989058
v 5.609027 6.570424 -4.989058
v 4.681499 6.570424 -4.989058
v 3.753971 6.570424 -4.989058
v 2.826444 6.570424 -4.989058
v 1.898916 6.570424 -4.989058
v 0.971388 6.570424 -4.989058
v 0.043860 6.570424 -4.989058
v -0.883667 6.570424 -4.989058
v -1.811195 6.570424 -4.989058
v -2.738723 6.570424 -4.989058
v -3.666250 6.570424 -4.989058
v -4.593779 6.570424 -4.989058
v -5.521306 6.570424 -4.989058
v -6.448833 6.570424 -4.989058
v -7.376361 6.570424 -4.989058
v -8.303889 6.570424 -4.989058
v -9.231418 6.570424 -4.989058
v 8.757936 6.485464 8.327526
v 8.757936 6.485464 7.620422
v 8.757936 6.225123 8.327525
v 8.757936 6.225123 7.620422
v 8.757936 5.964785 8.327525
v 8.757936 5.964785 7.620422
v 8.757936 5.704444 8.327525
v 8.757936 5.704444 7.620422
v 8.757936 5.444104 8.327525
v 8.757936 5.444104 7.620422
v 8.757936 5.183764 8.327525
v 8.757936 5.183764 7.620422
v 8.757936 4.923423 8.327525
v 8.757936 4.923423 7.620422
v 8.757936 4.663083 8.327523
v 8.757936 4.663083 7.620422
v 8.757936 4.402744 8.327523
v 8.757936 4.402744 7.620422
v 8.757936 4.142404 8.327523
v 8.757936 4.142404 7.620421
v 8.757936 3.882063 8.327523
v 8.757936 3.882063 7.620421
v 8.757936 3.621722 8.327523
v 8.757936 3.621722 7.620421
v 8.757936 3.361383 8.327523
v 8.757936 3.361383 7.620421
v 8.757936 3.101042 8.327523
v 8.757936 3.101043 7.620420
v 8.757936 2.840702 8.327523
v 8.757936 2.840702 7.620420
v 8.757936 2.580362 8.327523
v 8.757936 2.580362 7.620420
v 8.757936 2.320022 8.327523
v 8.757936 2.320022 7.620420
v 8.757936 2.059681 8.327523
v 8.757936 2.059681 7.620420
v 8.757936 1.799342 8.327523
v 8.757936 1.799342 7.620420
v 8.757936 1.539001 8.327523
v 8.757936 1.539001 7.620420
v 8.757936 1.278661 8.327523
v 8.757936 1.278661 7.620420
v 8.757936 1.278661 6.913318
v 8.757936 1.539001 6.913318
v 8.757936 1.278661 6.206213
v 8.757936 1.539001 6.206213
v 8.757936 1.278661 5.499110
v 8.757936 1.539002 5.499110
v 8.757936 1.278661 4.792006
v 8.757936 1.539002 4.792006
v 8.757936 1.278662 4.084902
v 8.757936 1.539002 4.084902
v 8.757936 1.278662 3.377798
v 8.757936 1.539002 3.377798
v 8.757936 1.278662 2.670695
v 8.757936 1.539002 2.670695
v 8.757936 1.278662 1.963591
v 8.757936 1.539002 1.963591
v 8.757936 1.278662 1.256487
v 8.757936 1.539002 1.256487
v 8.757936 1.278662 0.549384
v 8.757936 1.539002 0.549384
v 8.757936 1.278662 -0.157721
v 8.757936 1.539002 -0.157721
v 8.757936 1.278662 -0.864824
v 8.757936 1.539002 -0.864824
v 8.757936 1.278662 -1.571928
v 8.757936 1.539002 -1.571928
v 8.757936 1.278662 -2.279032
v 8.757936 1.539002 -2.279032
v 8.757936 1.278663 -2.986135
v 8.757936 1.539003 -2.986135
v 8.757936 1.278663 -3.693239
v 8.757936 1.539003 -3.693239
v 8.757936 1.278663 -4.400342
v 8.757936 1.539003 -4.400342
v 8.757936 1.278663 -5.107446
v 8.757936 1.539003 -5.107446
v 8.757936 1.278663 -5.814549
v 8.757936 1.539003 -5.814549
v 8.757936 1.799343 -5.814549
v 8.757936 2.059683 -5.814549
v 8.757936 1.799343 -5.107446
v 8.757936 2.059683 -5.107446
v 8.757936 1.799343 -4.400342
v 8.757936 2.059683 -4.400342
v 8.757936 1.799343 -3.693239
v 8.757936 2.059683 -3.693239
v 8.757936 1.799343 -2.986135
v 8.757936 2.059683 -2.986135
v 8.757936 1.799343 -2.279031
v 8.757936 2.059683 -2.279031
v 8.757936 1.799343 -1.571928
v 8.757936 2.059683 -1.571928
v 8.757936 1.799343 -0.864824
v 8.757936 2.059683 -0.864824
v 8.757936 1.799342 -0.157721
v 8.757936 2.059683 -0.157721
v 8.757936 1.799342 0.549384
v 8.757936 2.059683 0.549384
v 8.757936 1.799342 1.256487
v 8.757936 2.059683 1.256487
v 8.757936 1.799342 1.963591
v 8.757936 2.059683 1.963591
v 8.757936 1.799342 2.670695
v 8.757936 2.059683 2.670695
v 8.757936 1.799342 3.377798
v 8.757936 2.059683 3.377798
v 8.757936 1.799342 4.084902
v 8.757936 2.059683 4.084902
v 8.757936 1.799342 4.792006
v 8.757936 2.059682 4.792006
v 8.757936 1.799342 5.499110
v 8.757936 2.059681 5.499110
v 8.757936 1.799342 6.206213
v 8.757936 2.059681 6.206213
v 8.757936 1.799342 6.913318
v 8.757936 2.059681 6.913318
v 8.757936 2.320022 6.913318
v 8.757936 2.580362 6.913318
v 8.757936 2.320022 6.206213
v 8.757936 2.580362 6.206213
v 8.757936 2.320022 5.499110
v 8.757936 2.580362 5.499110
v 8.757936 2.320022 4.792006
v 8.757936 2.580362 4.792006
v 8.757936 2.320022 4.084902
v 8.757936 2.580363 4.084902
v 8.757936 2.320022 3.377798
v 8.757936 2.580363 3.377798
v 8.757936 2.320022 2.670695
v 8.757936 2.580363 2.670695
v 8.757936 2.320022 1.963591
v 8.757936 2.580363 1.963591
v 8.757936 2.320022 1.256487
v 8.757936 2.580363 1.256487
v 8.757936 2.320022 0.549384
v 8.757936 2.580363 0.549384
v 8.757936 2.320022 -0.157721
v 8.757936 2.580363 -0.157720
v 8.757936 2.320022 -0.864824
v 8.757936 2.580363 -0.864824
v 8.757936 2.320022 -1.571928
v 8.757936 2.580363 -1.571928
v 8.757936 2.320024 -2.279031
v 8.757936 2.580363 -2.279031
v 8.757936 2.320024 -2.986135
v 8.757936 2.580363 -2.986135
v 8.757936 2.320024 -3.693239
v 8.757936 2.580363 -3.693239
v 8.757936 2.320024 -4.400342
v 8.757936 2.580363 -4.400342
v 8.757936 2.320024 -5.107446
v 8.757936 2.580363 -5.107446
v 8.757936 2.320024 -5.814549
v 8.757936 2.580363 -5.814549
v 8.757936 2.840704 -5.814549
v 8.757936 3.101044 -5.814549
v 8.757936 2.840704 -5.107446
v 8.757936 3.101044 -5.107446
v 8.757936 2.840704 -4.400342
v 8.757936 3.101044 -4.400342
v 8.757936 2.840704 -3.693239
v 8.757936 3.101044 -3.693239
v 8.757936 2.840704 -2.986135
v 8.757936 3.101044 -2.986135
v 8.757936 2.840704 -2.279031
v 8.757936 3.101044 -2.279031
v 8.757936 2.840703 -1.571928
v 8.757936 3.101044 -1.571928
v 8.757936 2.840703 -0.864824
v 8.757936 3.101044 -0.864824
v 8.757936 2.840703 -0.157720
v 8.757936 3.101043 -0.157720
v 8.757936 2.840703 0.549384
v 8.757936 3.101043 0.549384
v 8.757936 2.840703 1.256487
v 8.757936 3.101043 1.256487
v 8.757936 2.840703 1.963591
v 8.757936 3.101043 1.963591
v 8.757936 2.840703 2.670695
v 8.757936 3.101043 2.670695
v 8.757936 2.840703 3.377798
v 8.757936 3.101043 3.377798
v 8.757936 2.840703 4.084902
v 8.757936 3.101043 4.084902
v 8.757936 2.840703 4.792006
v 8.757936 3.101043 4.792006
v 8.757936 2.840703 5.499110
v 8.757936 3.101043 5.499110
v 8.757936 2.840703 6.206213
v 8.757936 3.101043 6.206213
v 8.757936 2.840702 6.913318
v 8.757936 3.101043 6.913318
v 8.757936 3.361383 6.913318
v 8.757936 3.621722 6.913318
v 8.757936 3.361383 6.206214
v 8.757936 3.621722 6.206214
v 8.757936 3.361383 5.499110
v 8.757936 3.621722 5.499110
v 8.757936 3.361383 4.792007
v 8.757936 3.621722 4.792007
v 8.757936 3.361383 4.084902
v 8.757936 3.621723 4.084902
v 8.757936 3.361383 3.377798
v 8.757936 3.621723 3.377798
v 8.757936 3.361383 2.670695
v 8.757936 3.621723 2.670695
v 8.757936 3.361383 1.963591
v 8.757936 3.621723 1.963591
v 8.757936 3.361383 1.256487
v 8.757936 3.621723 1.256487
v 8.757936 3.361383 0.549384
v 8.757936 3.621723 0.549384
v 8.757936 3.361383 -0.157720
v 8.757936 3.621723 -0.157720
v 8.757936 3.361383 -0.864824
v 8.757936 3.621723 -0.864824
v 8.757936 3.361383 -1.571928
v 8.757936 3.621723 -1.571928
v 8.757936 3.361384 -2.279031
v 8.757936 3.621723 -2.279031
v 8.757936 3.361384 -2.986135
v 8.757936 3.621723 -2.986135
v 8.757936 3.361384 -3.693239
v 8.757936 3.621723 -3.693239
v 8.757936 3.361384 -4.400342
v 8.757936 3.621723 -4.400342
v 8.757936 3.361384 -5.107446
v 8.757936 3.621723 -5.107446
v 8.757936 3.361384 -5.814549
v 8.757936 3.621723 -5.814549
v 8.757936 3.882064 -5.814549
v 8.757936 4.142405 -5.814549
v 8.757936 3.882064 -5.107446
v 8.757936 4.142405 -5.107446
v 8.757936 3.882064 -4.400342
v 8.757936 4.142405 -4.400342
v 8.757936 3.882064 -3.693239
v 8.757936 4.142405 -3.693239
v 8.757936 3.882064 -2.986135
v 8.757936 4.142404 -2.986135
v 8.757936 3.882064 -2.279031
v 8.757936 4.142404 -2.279031
v 8.757936 3.882063 -1.571928
v 8.757936 4.142404 -1.571928
v 8.757936 3.882063 -0.864824
v 8.757936 4.142404 -0.864824
v 8.757936 3.882063 -0.157720
v 8.757936 4.142404 -0.157720
v 8.757936 3.882063 0.549384
v 8.757936 4.142404 0.549384
v 8.757936 3.882063 1.256487
v 8.757936 4.142404 1.256487
v 8.757936 3.882063 1.963591
v 8.757936 4.142404 1.963591
v 8.757936 3.882063 2.670695
v 8.757936 4.142404 2.670695
v 8.757936 3.882063 3.377798
v 8.757936 4.142404 3.377799
v 8.757936 3.882063 4.084902
v 8.757936 4.142404 4.084902
v 8.757936 3.882063 4.792007
v 8.757936 4.142404 4.792007
v 8.757936 3.882063 5.499110
v 8.757936 4.142404 5.499110
v 8.757936 3.882063 6.206214
v 8.757936 4.142404 6.206214
v 8.757936 3.882063 6.913318
v 8.757936 4.142404 6.913318
v 8.757936 4.402744 6.913318
v 8.757936 4.663083 6.913318
v 8.757936 4.402744 6.206214
v 8.757936 4.663083 6.206214
v 8.757936 4.402744 5.499110
v 8.757936 4.663083 5.499110
v 8.757936 4.402744 4.792007
v 8.757936 4.663083 4.792007
v 8.757936 4.402744 4.084902
v 8.757936 4.663083 4.084902
v 8.757936 4.402744 3.377799
v 8.757936 4.663083 3.377799
v 8.757936 4.402744 2.670695
v 8.757936 4.663083 2.670695
v 8.757936 4.402744 1.963591
v 8.757936 4.663083 1.963591
v 8.757936 4.402744 1.256487
v 8.757936 4.663085 1.256487
v 8.757936 4.402744 0.549384
v 8.757936 4.663085 0.549384
v 8.757936 4.402744 -0.157720
v 8.757936 4.663085 -0.157720
v 8.757936 4.402744 -0.864824
v 8.757936 4.663085 -0.864824
v 8.757936 4.402744 -1.571928
v 8.757936 4.663085 -1.571927
v 8.757936 4.402744 -2.279031
v 8.757936 4.663085 -2.279031
v 8.757936 4.402744 -2.986135
v 8.757936 4.663085 -2.986135
v 8.757936 4.402745 -3.693239
v 8.757936 4.663085 -3.693239
v 8.757936 4.402745 -4.400342
v 8.757936 4.663085 -4.400342
v 8.757936 4.402745 -5.107446
v 8.757936 4.663085 -5.107446
v 8.757936 4.402745 -5.814549
v 8.757936 4.663085 -5.814549
v 8.757936 4.923426 -5.814549
v 8.757936 5.183764 -5.814549
v 8.757936 4.923426 -5.107446
v 8.757936 5.183764 -5.107446
v 8.757936 4.923424 -4.400342
v 8.757936 5.183764 -4.400342
v 8.757936 4.923424 -3.693239
v 8.757936 5.183764 -3.693239
v 8.757936 4.923423 -2.986135
v 8.757936 5.183764 -2.986135
v 8.757936 4.923423 -2.279031
v 8.757936 5.183764 -2.279031
v 8.757936 4.923423 -1.571927
v 8.757936 5.183764 -1.571927
v 8.757936 4.923423 -0.864824
v 8.757936 5.183764 -0.864823
v 8.757936 4.923423 -0.157720
v 8.757936 5.183764 -0.157720
v 8.757936 4.923423 0.549384
v 8.757936 5.183764 0.549384
v 8.757936 4.923423 1.256487
v 8.757936 5.183764 1.256487
v 8.757936 4.923423 1.963591
v 8.757936 5.183764 1.963591
v 8.757936 4.923423 2.670695
v 8.757936 5.183764 2.670695
v 8.757936 4.923423 3.377799
v 8.757936 5.183764 3.377799
v 8.757936 4.923423 4.084902
v 8.757936 5.183764 4.084902
v 8.757936 4.923423 4.792007
v 8.757936 5.183764 4.792007
v 8.757936 4.923423 5.499110
v 8.757936 5.183764 5.499110
v 8.757936 4.923423 6.206214
v 8.757936 5.183764 6.206214
v 8.757936 4.923423 6.913318
v 8.757936 5.183764 6.913318
v 8.757936 5.444104 6.913318
v 8.757936 5.704444 6.913318
v 8.757936 5.444104 6.206214
v 8.757936 5.704444 6.206214
v 8.757936 5.444104 5.499110
v 8.757936 5.704444 5.499110
v 8.757936 5.444104 4.792007
v 8.757936 5.704444 4.792007
v 8.757936 5.444104 4.084902
v 8.757936 5.704444 4.084902
v 8.757936 5.444104 3.377799
v 8.757936 5.704444 3.377799
v 8.757936 5.444105 2.670695
v 8.757936 5.704445 2.670695
v 8.757936 5.444105 1.963591
v 8.757936 5.704445 1.963592
v 8.757936 5.444105 1.256487
v 8.757936 5.704445 1.256488
v 8.757936 5.444105 0.549384
v 8.757936 5.704445 0.549384
v 8.757936 5.444105 -0.157720
v 8.757936 5.704445 -0.157720
v 8.757936 5.444105 -0.864823
v 8.757936 5.704445 -0.864823
v 8.757936 5.444105 -1.571927
v 8.757936 5.704445 -1.571927
v 8.757936 5.444105 -2.279031
v 8.757936 5.704445 -2.279031
v 8.757936 5.444105 -2.986135
v 8.757936 5.704445 -2.986135
v 8.757936 5.444105 -3.693239
v 8.757936 5.704445 -3.693239
v 8.757936 5.444105 -4.400342
v 8.757936 5.704445 -4.400342
v 8.757936 5.444105 -5.107446
v 8.757936 5.704445 -5.107446
v 8.757936 5.444105 -5.814549
v 8.757936 5.704445 -5.814549
v 8.757936 5.964786 -5.814549
v 8.757936 6.225126 -5.814549
v 8.757936 5.964786 -5.107446
v 8.757936 6.225126 -5.107445
v 8.757936 5.964786 -4.400342
v 8.757936 6.225126 -4.400342
v 8.757936 5.964786 -3.693239
v 8.757936 6.225126 -3.693239
v 8.757936 5.964786 -2.986135
v 8.757936 6.225126 -2.986135
v 8.757936 5.964786 -2.279031
v 8.757936 6.225126 -2.279031
v 8.757936 5.964786 -1.571927
v 8.757936 6.225126 -1.571927
v 8.757936 5.964786 -0.864823
v 8.757936 6.225126 -0.864823
v 8.757936 5.964786 -0.157720
v 8.757936 6.225126 -0.157720
v 8.757936 5.964786 0.549384
v 8.757936 6.225126 0.549384
v 8.757936 5.964786 1.256488
v 8.757936 6.225126 1.256488
v 8.757936 5.964786 1.963592
v 8.757936 6.225126 1.963592
v 8.757936 5.964786 2.670695
v 8.757936 6.225126 2.670695
v 8.757936 5.964785 3.377799
v 8.757936 6.225125 3.377799
v 8.757936 5.964785 4.084902
v 8.757936 6.225123 4.084902
v 8.757936 5.964785 4.792007
v 8.757936 6.225123 4.792007
v 8.757936 5.964785 5.499110
v 8.757936 6.225123 5.499110
v 8.757936 5.964785 6.206214
v 8.757936 6.225123 6.206214
v 8.757936 5.964785 6.913318
v 8.757936 6.225123 6.913318
v 8.757936 6.485464 6.913318
v 8.757936 6.485464 6.206214
v 8.757936 6.485464 5.499110
v 8.757936 6.485464 4.792007
v 8.757936 6.485464 4.084902
v 8.757936 6.485464 3.377799
v 8.757936 6.485465 2.670695
v 8.757936 6.485465 1.963592
v 8.757936 6.485465 1.256488
v 8.757936 6.485465 0.549384
v 8.757936 6.485465 -0.157720
v 8.757936 6.485465 -0.864823
v 8.757936 6.485465 -1.571927
v 8.757936 6.485465 -2.279031
v 8.757936 6.485466 -2.986135
v 8.757936 6.485467 -3.693239
v 8.757936 6.485467 -4.400342
v 8.757936 6.485467 -5.107445
v 8.757936 6.485467 -5.814549
v -6.382030 -3.534928 -14.702276
v -6.382030 -3.362293 -14.748534
v -6.649344 -3.534928 -14.702282
v -6.382035 -3.661303 -14.575899
v -6.311686 -3.579476 -14.779436
v -6.311688 -3.738467 -14.620449
v -6.311683 -3.362293 -14.837632
v -6.213200 -3.362293 -14.737389
v -6.213200 -3.529359 -14.692625
v -6.213204 -3.651658 -14.570327
v -6.100648 -3.573907 -14.769786
v -6.100651 -3.728822 -14.614874
v -6.100646 -3.362293 -14.826490
v -6.044369 -3.362293 -14.748523
v -6.044369 -3.534928 -14.702265
v -6.044374 -3.661303 -14.575890
v -5.875542 -3.748112 -14.626004
v -5.875537 -3.585047 -14.789070
v -5.875537 -3.362293 -14.848759
v -5.777059 -3.362293 -14.748515
v -5.875537 -3.139540 -14.789070
v -6.044369 -3.189660 -14.702265
v -6.100648 -3.150678 -14.769786
v -6.044374 -3.063282 -14.575890
v -6.100651 -2.995766 -14.614874
v -5.875542 -2.976475 -14.626004
v -6.044376 -3.017025 -14.403256
v -5.875547 -2.916786 -14.403251
v -5.777066 -3.017025 -14.403249
v -5.777064 -3.063282 -14.575886
v -5.777059 -3.189660 -14.702259
v -4.875418 -3.039654 -14.702234
v -4.907500 -2.915855 -14.575859
v -4.784606 -2.780461 -14.403224
v -4.919246 -2.870541 -14.403226
v -4.770584 -2.834545 -14.609267
v -4.732297 -2.982305 -14.760102
v -4.478710 -2.796993 -14.603693
v -4.492353 -2.744371 -14.403213
v -4.478722 -2.796994 -14.202739
v -4.490965 -2.749752 -14.174893
v -4.506487 -2.689820 -14.403213
v -4.490952 -2.749751 -14.631539
v -4.770596 -2.834545 -14.197179
v -4.732314 -2.982305 -14.046338
v -4.875435 -3.039654 -14.104218
v -4.907507 -2.915855 -14.230593
v -5.777071 -3.063282 -14.230614
v -5.777076 -3.189660 -14.104240
v -5.875555 -2.976475 -14.180500
v -6.044386 -3.189660 -14.104246
v -5.875557 -3.139541 -14.017431
v -6.044382 -3.063282 -14.230623
v -6.100663 -2.995766 -14.191644
v -6.100658 -2.939062 -14.403258
v -6.100668 -3.150678 -14.036731
v -6.213212 -3.072928 -14.236196
v -6.213207 -3.028163 -14.403260
v -6.311696 -2.927924 -14.403260
v -6.311700 -2.986121 -14.186081
v -6.213204 -3.072928 -14.570327
v -6.311688 -2.986121 -14.620449
v -6.382035 -3.063282 -14.575899
v -6.311686 -3.145109 -14.779436
v -6.382030 -3.189660 -14.702276
v -6.213200 -3.195229 -14.692625
v -6.649344 -3.189660 -14.702282
v -6.649344 -3.362293 -14.748538
v -6.649351 -3.017025 -14.403270
v -6.649349 -3.063282 -14.575907
v -6.382042 -3.063282 -14.230632
v -6.649356 -3.063282 -14.230636
v -6.382037 -3.017025 -14.403264
v -6.649356 -3.661303 -14.230636
v -6.649351 -3.707559 -14.403270
v -6.649349 -3.661303 -14.575907
v -6.382037 -3.707559 -14.403264
v -6.382042 -3.661303 -14.230632
v -6.382047 -3.534928 -14.104257
v -6.311700 -3.738467 -14.186081
v -6.311696 -3.796660 -14.403260
v -6.311706 -3.579477 -14.027089
v -6.213217 -3.529359 -14.113894
v -6.213212 -3.651658 -14.236196
v -6.213207 -3.696424 -14.403260
v -6.100663 -3.728822 -14.191644
v -6.100658 -3.785522 -14.403258
v -6.044376 -3.707559 -14.403256
v -6.044382 -3.661303 -14.230623
v -5.875555 -3.748112 -14.180500
v -5.875547 -3.807798 -14.403251
v -5.777066 -3.707559 -14.403249
v -5.777064 -3.661303 -14.575886
v -5.777071 -3.661303 -14.230614
v -4.743968 -3.546992 -14.403220
v -4.575401 -3.587836 -14.403216
v -4.755712 -3.501676 -14.230587
v -4.589421 -3.533751 -14.197175
v -4.589408 -3.533751 -14.609263
v -4.755704 -3.501676 -14.575857
v -4.627693 -3.385992 -14.760100
v -4.787779 -3.377878 -14.702232
v -5.777059 -3.534928 -14.702259
v -4.679990 -3.184148 -14.815314
v -4.831597 -3.208765 -14.748491
v -4.441456 -2.940760 -14.750451
v -4.390567 -3.137149 -14.804167
v -4.390567 -3.137149 -14.859857
v -4.339683 -3.333539 -14.750447
v -4.302432 -3.477305 -14.603689
v -4.332609 -3.360814 -14.798676
v -4.290189 -3.524548 -14.631534
v -4.124465 -3.332699 -14.808315
v -4.183832 -3.103580 -14.870989
v -1.592779 -2.682833 -14.870922
v -4.243200 -2.874460 -14.808319
v -1.652147 -2.453712 -14.808253
v -1.443649 -2.482388 -14.702144
v -1.695612 -2.285986 -14.637033
v -1.475731 -2.358590 -14.575770
v -1.007137 -2.282498 -14.575759
v -1.018883 -2.237185 -14.403126
v -1.487480 -2.313277 -14.403135
v -1.475739 -2.358590 -14.230503
v -1.695625 -2.285986 -14.169250
v -1.711527 -2.224592 -14.403141
v -4.286665 -2.706732 -14.637099
v -4.302583 -2.645338 -14.403209
v -4.286678 -2.706733 -14.169317
v -4.448542 -2.913485 -14.007750
v -4.243222 -2.874461 -13.998098
v -1.652169 -2.453712 -13.998029
v -4.390589 -3.137149 -13.946572
v -4.183855 -3.103580 -13.935426
v -4.332632 -3.360814 -14.007746
v -4.124487 -3.332700 -13.998096
v -1.592803 -2.682833 -13.935359
v -1.533431 -2.911953 -13.998027
v -1.443667 -2.482388 -14.104126
v -1.399848 -2.651501 -14.057870
v -1.356028 -2.820614 -14.104122
v -0.975073 -2.406296 -14.104114
v -0.931252 -2.575410 -14.057857
v -0.887431 -2.744521 -14.104110
v 0.971949 -2.744521 -14.104062
v 1.015770 -2.575410 -14.057804
v 1.059589 -2.406296 -14.104060
v -1.007145 -2.282498 -14.230491
v 1.091673 -2.282498 -14.230433
v 1.484365 -2.651501 -14.057793
v 1.528185 -2.482388 -14.104049
v 1.560267 -2.358590 -14.230424
v 1.736680 -2.453712 -13.997943
v 1.677312 -2.682833 -13.935272
v 1.617944 -2.911953 -13.997945
v 4.268366 -3.103580 -13.935205
v 4.209000 -3.332700 -13.997875
v 4.374724 -3.524548 -14.174661
v 4.165545 -3.500427 -14.169097
v 4.417145 -3.360814 -14.007515
v 4.475100 -3.137149 -13.946338
v 4.424216 -3.333539 -14.055743
v 4.386967 -3.477305 -14.202503
v 4.373336 -3.529928 -14.402980
v 4.659935 -3.587836 -14.402976
v 4.673945 -3.533751 -14.196929
v 4.712229 -3.385992 -14.046090
v 4.840240 -3.501676 -14.230337
v 4.828502 -3.546992 -14.402970
v 5.861597 -3.661303 -14.230309
v 5.861602 -3.707559 -14.402944
v 5.861604 -3.661303 -14.575577
v 4.840248 -3.501676 -14.575603
v 4.673957 -3.533751 -14.609021
v 4.386980 -3.477305 -14.603461
v 4.712246 -3.385992 -14.759856
v 4.424233 -3.333539 -14.750218
v 4.475122 -3.137149 -14.803934
v 4.475122 -3.137149 -14.859624
v 4.417168 -3.360814 -14.798445
v 4.374737 -3.524548 -14.631307
v 4.268390 -3.103580 -14.870767
v 4.209023 -3.332699 -14.808098
v 1.617967 -2.911952 -14.808164
v 1.677335 -2.682833 -14.870833
v 4.165557 -3.500427 -14.636879
v 4.359200 -3.584479 -14.402980
v 4.149640 -3.561819 -14.402987
v 1.574501 -3.079681 -14.636946
v 1.408479 -2.944412 -14.575693
v 1.440561 -2.820614 -14.702070
v 1.558586 -3.141072 -14.403055
v 1.408471 -2.944412 -14.230426
v 1.396733 -2.989725 -14.403059
v 1.574489 -3.079681 -14.169164
v 1.440544 -2.820614 -14.104051
v 0.939885 -2.868320 -14.575706
v 0.928139 -2.913634 -14.403072
v 0.939877 -2.868320 -14.230437
v -0.855349 -2.868320 -14.230485
v -1.323943 -2.944412 -14.230497
v -0.843605 -2.913634 -14.403118
v -1.312199 -2.989725 -14.403131
v -0.855341 -2.868320 -14.575753
v -1.323936 -2.944412 -14.575765
v -1.474053 -3.141072 -14.403135
v -1.489953 -3.079681 -14.637027
v -4.065109 -3.561819 -14.403203
v -1.489965 -3.079681 -14.169245
v -4.081021 -3.500427 -14.169312
v -4.290201 -3.524548 -14.174890
v -4.274669 -3.584479 -14.403209
v -4.288803 -3.529928 -14.403209
v -4.081008 -3.500427 -14.637095
v -1.533408 -2.911952 -14.808248
v -1.356010 -2.820614 -14.702140
v -1.399831 -2.651501 -14.748402
v -0.931234 -2.575409 -14.748390
v -0.975055 -2.406296 -14.702130
v 1.059606 -2.406296 -14.702079
v 1.091681 -2.282498 -14.575704
v 1.103417 -2.237185 -14.403067
v 1.528203 -2.482388 -14.702066
v 1.560275 -2.358590 -14.575691
v 1.572011 -2.313277 -14.403055
v 1.780161 -2.285986 -14.636942
v 1.736702 -2.453712 -14.808162
v 4.327758 -2.874460 -14.808092
v 4.533078 -2.913485 -14.798443
v 4.371214 -2.706732 -14.636873
v 4.575498 -2.749751 -14.631301
v 4.387114 -2.645338 -14.402980
v 1.796060 -2.224592 -14.403049
v 1.780148 -2.285986 -14.169158
v 4.371202 -2.706733 -14.169092
v 4.327736 -2.874461 -13.997873
v 4.533055 -2.913485 -14.007513
v 4.575486 -2.749752 -14.174657
v 4.563243 -2.796994 -14.202499
v 4.576884 -2.744371 -14.402978
v 4.591021 -2.689820 -14.402976
v 4.855132 -2.834545 -14.609015
v 4.869140 -2.780461 -14.402968
v 4.855120 -2.834545 -14.196925
v 4.563256 -2.796993 -14.603456
v 4.526007 -2.940760 -14.750215
v 4.816848 -2.982305 -14.759852
v 4.916151 -3.208765 -14.748235
v 4.959971 -3.039654 -14.701977
v 4.764549 -3.184148 -14.815064
v 4.872330 -3.377878 -14.701977
v 5.861610 -3.362293 -14.748211
v 5.861610 -3.534928 -14.701952
v 5.960093 -3.585047 -14.788759
v 5.960090 -3.748112 -14.625694
v 5.960095 -3.362293 -14.848448
v 6.128922 -3.534928 -14.701944
v 6.128922 -3.362293 -14.748203
v 6.128918 -3.661303 -14.575569
v 6.185197 -3.728822 -14.614552
v 6.185199 -3.573907 -14.769464
v 6.185202 -3.362293 -14.826168
v 6.297753 -3.362293 -14.737060
v 6.297753 -3.529359 -14.692294
v 6.297748 -3.651658 -14.569995
v 6.396234 -3.738467 -14.620113
v 6.396236 -3.579476 -14.779101
v 6.466578 -3.661303 -14.575562
v 6.466583 -3.534928 -14.701938
v 6.466583 -3.362293 -14.748198
v 6.396239 -3.362293 -14.837296
v 6.396236 -3.145109 -14.779101
v 6.297753 -3.195229 -14.692294
v 6.466583 -3.189660 -14.701938
v 6.396234 -2.986121 -14.620113
v 6.297748 -3.072928 -14.569995
v 6.466578 -3.063282 -14.575562
v 6.396229 -2.927924 -14.402928
v 6.466576 -3.017025 -14.402928
v 6.733892 -3.063282 -14.575555
v 6.733887 -3.017025 -14.402921
v 6.466571 -3.063282 -14.230295
v 6.733885 -3.063282 -14.230286
v 6.733880 -3.189660 -14.103910
v 6.466566 -3.189660 -14.103920
v 6.396221 -2.986121 -14.185747
v 6.396219 -3.145109 -14.026754
v 6.297743 -3.028163 -14.402930
v 6.297740 -3.072928 -14.235866
v 6.297735 -3.195229 -14.113565
v 6.185182 -3.150678 -14.036408
v 6.297735 -3.362293 -14.068802
v 6.396216 -3.362293 -13.968560
v 6.396219 -3.579477 -14.026754
v 6.466566 -3.362293 -14.057664
v 6.733880 -3.362293 -14.057654
v 6.733880 -3.534928 -14.103910
v 6.466566 -3.534928 -14.103920
v 6.466571 -3.661303 -14.230295
v 6.396221 -3.738467 -14.185747
v 6.297740 -3.651658 -14.235866
v 6.297743 -3.696424 -14.402930
v 6.396229 -3.796660 -14.402928
v 6.466576 -3.707559 -14.402928
v 6.733887 -3.707559 -14.402921
v 6.733892 -3.661303 -14.575555
v 6.733897 -3.189660 -14.701930
v 6.733897 -3.534928 -14.701930
v 6.733897 -3.362293 -14.748188
v 6.733885 -3.661303 -14.230286
v 6.185184 -3.728822 -14.191322
v 6.185192 -3.785522 -14.402932
v 6.128912 -3.707559 -14.402936
v 6.128910 -3.661303 -14.230301
v 5.960078 -3.748112 -14.180190
v 5.960083 -3.807798 -14.402942
v 5.960073 -3.585047 -14.017122
v 6.128905 -3.534928 -14.103928
v 6.128905 -3.362293 -14.057672
v 5.960073 -3.362293 -13.957436
v 6.185182 -3.573908 -14.036408
v 6.185179 -3.362293 -13.979704
v 6.297735 -3.529359 -14.113565
v 5.960073 -3.139541 -14.017122
v 5.861592 -3.534928 -14.103933
v 6.128905 -3.189660 -14.103928
v 5.861592 -3.362293 -14.057677
v 5.861592 -3.189660 -14.103933
v 4.916133 -3.208765 -14.057701
v 4.872313 -3.377878 -14.103958
v 4.764526 -3.184148 -13.990878
v 4.525990 -2.940761 -14.055741
v 4.816830 -2.982305 -14.046088
v 4.475100 -3.137149 -14.002026
v 4.959954 -3.039654 -14.103956
v 4.992036 -2.915855 -14.230331
v 5.861597 -3.063282 -14.230309
v 5.861602 -3.017025 -14.402944
v 5.960078 -2.976475 -14.180190
v 5.960083 -2.916786 -14.402942
v 6.128912 -3.017025 -14.402936
v 6.128910 -3.063282 -14.230301
v 6.185184 -2.995766 -14.191322
v 6.185192 -2.939062 -14.402932
v 6.128918 -3.063282 -14.575569
v 6.185197 -2.995766 -14.614552
v 6.128922 -3.189660 -14.701944
v 6.185199 -3.150678 -14.769464
v 5.960093 -3.139540 -14.788759
v 5.960090 -2.976475 -14.625694
v 5.861604 -3.063282 -14.575577
v 5.861610 -3.189660 -14.701952
v 4.992044 -2.915855 -14.575600
v 5.003780 -2.870541 -14.402965
v 1.484382 -2.651501 -14.748326
v 1.015788 -2.575409 -14.748338
v -0.887414 -2.744520 -14.702130
v 0.971967 -2.744520 -14.702081
v -4.302444 -3.477305 -14.202733
v -4.339700 -3.333539 -14.055976
v -4.390589 -3.137149 -14.002260
v -4.627710 -3.385992 -14.046336
v -4.787796 -3.377878 -14.104214
v -4.680012 -3.184148 -13.991128
v -4.831615 -3.208765 -14.057958
v -4.441473 -2.940761 -14.055978
v -5.777076 -3.362293 -14.057983
v -5.777076 -3.534928 -14.104240
v -5.875560 -3.362293 -13.957748
v -6.044386 -3.534928 -14.104246
v -6.044386 -3.362293 -14.057989
v -5.875557 -3.585047 -14.017431
v -6.100668 -3.362293 -13.980028
v -6.100668 -3.573908 -14.036731
v -6.213217 -3.362293 -14.069133
v -6.213217 -3.195229 -14.113894
v -6.311706 -3.362293 -13.968894
v -6.311706 -3.145109 -14.027089
v -6.382047 -3.362293 -14.058001
v -6.382047 -3.189660 -14.104257
v -6.649361 -3.362293 -14.058004
v -6.649361 -3.534928 -14.104260
v -6.649361 -3.189660 -14.104260
v -4.448520 -2.913485 -14.798677
v -6.382784 -3.661305 13.973209
v -6.382782 -3.534930 13.846836
v -6.650099 -3.661305 13.973203
v -6.650104 -3.707561 14.145840
v -6.382790 -3.707561 14.145847
v -6.312446 -3.796663 14.145851
v -6.312440 -3.738469 13.928662
v -6.312435 -3.579479 13.769674
v -6.213951 -3.529361 13.856485
v -6.213954 -3.651660 13.978786
v -6.213959 -3.696426 14.145851
v -6.101408 -3.785525 14.145851
v -6.101403 -3.728824 13.934235
v -6.101398 -3.573910 13.779324
v -6.045121 -3.534930 13.846848
v -6.045124 -3.661305 13.973221
v -6.045128 -3.707561 14.145855
v -5.876295 -3.748114 13.923108
v -5.876290 -3.585049 13.760036
v -5.876299 -3.807801 14.145859
v -5.777813 -3.661305 13.973225
v -5.777818 -3.707561 14.145863
v -5.876305 -3.748115 14.368612
v -5.777823 -3.661305 14.318496
v -4.744718 -3.546994 14.145888
v -4.576150 -3.587838 14.145896
v -4.590171 -3.533753 14.351935
v -4.756464 -3.501678 14.318522
v -4.590161 -3.533753 13.939849
v -4.756454 -3.501678 13.973251
v -4.628443 -3.385994 13.789006
v -4.788531 -3.377880 13.846878
v -5.777811 -3.534930 13.846851
v -5.876287 -3.362295 13.700351
v -5.777808 -3.362295 13.800595
v -5.777811 -3.189662 13.846851
v -4.832347 -3.208767 13.800622
v -4.680742 -3.184150 13.733794
v -4.733047 -2.982307 13.789002
v -4.876170 -3.039656 13.846874
v -4.908250 -2.915858 13.973251
v -5.777813 -3.063284 13.973225
v -4.771336 -2.834547 13.939841
v -4.493103 -2.744373 14.145896
v -4.785357 -2.780463 14.145885
v -4.479462 -2.796996 13.945418
v -4.442206 -2.940763 13.798659
v -4.449272 -2.913487 13.750429
v -4.491704 -2.749753 13.917573
v -4.507237 -2.689822 14.145896
v -4.287418 -2.706734 13.912012
v -4.303333 -2.645340 14.145900
v -1.712276 -2.224595 14.145968
v -4.287430 -2.706735 14.379792
v -4.491714 -2.749754 14.374215
v -4.479472 -2.796996 14.346371
v -4.449292 -2.913487 14.541359
v -4.391341 -3.137151 14.602538
v -4.442225 -2.940763 14.493130
v -4.243972 -2.874463 14.551012
v -1.696377 -2.285989 14.379860
v -4.184607 -3.103582 14.613684
v -1.652919 -2.453714 14.551081
v -1.476491 -2.358592 14.318609
v -1.444417 -2.482390 14.444986
v -1.593553 -2.682835 14.613751
v -1.400601 -2.651504 14.491246
v -1.534180 -2.911955 14.551085
v -4.125237 -3.332702 14.551016
v -4.333381 -3.360816 14.541363
v -4.081773 -3.500429 14.379800
v -4.290951 -3.524550 14.374223
v -4.289553 -3.529930 14.145900
v -4.303194 -3.477308 14.346375
v -4.275419 -3.584481 14.145904
v -4.290941 -3.524550 13.917577
v -4.081761 -3.500429 13.912016
v -4.065858 -3.561821 14.145907
v -1.490705 -3.079683 13.912084
v -1.474803 -3.141074 14.145976
v -1.490715 -3.079683 14.379864
v -1.356778 -2.820616 14.444986
v -1.324695 -2.944415 14.318613
v -0.856101 -2.868323 14.318624
v -1.312949 -2.989727 14.145980
v -0.888181 -2.744523 14.445002
v -0.932004 -2.575412 14.491258
v 0.939125 -2.868323 14.318674
v 0.971200 -2.744523 14.445047
v 1.015018 -2.575412 14.491311
v 1.058839 -2.406299 14.445051
v 1.439794 -2.820616 14.445059
v 1.483612 -2.651504 14.491323
v 1.527435 -2.482390 14.445063
v 1.676560 -2.682835 14.613839
v 1.617195 -2.911955 14.551167
v 1.573739 -3.079683 14.379948
v 4.208251 -3.332702 14.551236
v 4.164792 -3.500429 14.380015
v 4.148890 -3.561821 14.146124
v 4.373975 -3.524550 14.374451
v 4.358450 -3.584481 14.146132
v 4.164804 -3.500429 13.912231
v 4.373987 -3.524550 13.917805
v 4.372587 -3.529930 14.146132
v 4.386217 -3.477308 14.346605
v 4.386228 -3.477307 13.945649
v 4.659185 -3.587838 14.146135
v 4.673195 -3.533753 14.352182
v 4.827752 -3.546994 14.146139
v 4.673204 -3.533753 13.940092
v 4.423483 -3.333541 13.798894
v 4.839498 -3.501678 13.973505
v 4.711497 -3.385994 13.789253
v 4.474370 -3.137151 13.745175
v 4.763796 -3.184150 13.734049
v 4.871578 -3.377880 13.847132
v 4.915401 -3.208767 13.800876
v 5.860857 -3.534930 13.847158
v 5.860860 -3.362295 13.800902
v 5.959343 -3.139543 13.760347
v 5.959346 -3.362295 13.700665
v 5.959343 -3.585049 13.760347
v 5.860857 -3.189662 13.847158
v 4.959219 -3.039656 13.847132
v 5.860855 -3.063284 13.973532
v 5.959338 -2.976477 13.923415
v 5.959333 -2.916789 14.146169
v 6.128170 -3.189662 13.847166
v 6.128168 -3.063284 13.973539
v 5.860850 -3.017028 14.146169
v 5.003030 -2.870543 14.146147
v 5.860845 -3.063284 14.318803
v 4.991284 -2.915858 14.318780
v 5.959325 -2.976477 14.368923
v 4.991294 -2.915858 13.973513
v 4.868390 -2.780463 14.146143
v 4.854380 -2.834547 13.940096
v 4.562503 -2.796996 13.945653
v 4.816098 -2.982307 13.789257
v 4.576134 -2.744373 14.146132
v 4.574746 -2.749753 13.917812
v 4.590271 -2.689822 14.146135
v 4.574736 -2.749754 14.374454
v 4.562493 -2.796996 14.346609
v 4.854370 -2.834548 14.352186
v 4.959204 -3.039656 14.445153
v 4.816078 -2.982307 14.503021
v 4.525237 -2.940763 14.493368
v 4.763776 -3.184150 14.558233
v 4.915381 -3.208767 14.491409
v 5.860843 -3.189662 14.445176
v 5.860839 -3.362296 14.491436
v 4.871562 -3.377880 14.445153
v 4.711477 -3.385994 14.503017
v 5.860843 -3.534930 14.445176
v 4.839488 -3.501678 14.318776
v 5.860845 -3.661305 14.318803
v 5.860850 -3.707561 14.146169
v 5.959325 -3.748115 14.368923
v 5.959323 -3.585050 14.531987
v 5.959321 -3.362296 14.591673
v 6.128158 -3.661305 14.318810
v 6.128155 -3.534930 14.445184
v 6.128153 -3.362296 14.491444
v 5.959323 -3.139543 14.531987
v 6.128155 -3.189662 14.445184
v 6.184430 -3.573910 14.512700
v 6.184430 -3.362296 14.569405
v 6.184430 -3.150681 14.512700
v 6.296986 -3.195231 14.435546
v 6.296983 -3.362296 14.480309
v 6.296986 -3.529361 14.435546
v 6.296988 -3.651660 14.313245
v 6.395467 -3.579479 14.522357
v 6.395467 -3.362296 14.580550
v 6.395472 -3.738469 14.363365
v 6.465813 -3.362296 14.491451
v 6.465816 -3.534930 14.445191
v 6.733128 -3.362296 14.491459
v 6.733130 -3.534930 14.445199
v 6.733132 -3.661305 14.318825
v 6.465818 -3.661305 14.318818
v 6.465823 -3.707561 14.146184
v 6.395477 -3.796663 14.146184
v 6.296998 -3.651660 13.979115
v 6.296993 -3.696426 14.146180
v 6.395482 -3.738469 13.928999
v 6.395487 -3.579479 13.770008
v 6.297000 -3.529361 13.856815
v 6.465828 -3.661305 13.973551
v 6.465831 -3.534930 13.847174
v 6.733145 -3.362295 13.800925
v 6.465833 -3.362295 13.800918
v 6.733145 -3.534930 13.847181
v 6.733130 -3.189662 14.445199
v 6.733142 -3.661305 13.973555
v 6.733138 -3.707561 14.146188
v 6.733132 -3.063284 14.318825
v 6.465816 -3.189662 14.445191
v 6.733145 -3.189662 13.847181
v 6.733142 -3.063284 13.973555
v 6.733138 -3.017028 14.146188
v 6.465828 -3.063284 13.973551
v 6.465823 -3.017028 14.146184
v 6.465818 -3.063284 14.318818
v 6.395477 -2.927927 14.146184
v 6.395482 -2.986123 13.928999
v 6.297000 -3.195231 13.856815
v 6.465831 -3.189662 13.847174
v 6.296998 -3.072930 13.979115
v 6.395487 -3.145111 13.770008
v 6.297000 -3.362295 13.812052
v 6.395489 -3.362295 13.711814
v 6.184449 -3.573910 13.779646
v 6.184452 -3.362295 13.722944
v 6.184449 -3.150680 13.779646
v 6.128170 -3.362295 13.800910
v 6.184444 -2.995768 13.934561
v 6.184440 -2.939064 14.146176
v 6.184434 -2.995768 14.357789
v 6.296993 -3.028166 14.146180
v 6.128162 -3.017028 14.146176
v 6.128158 -3.063284 14.318810
v 6.296988 -3.072930 14.313245
v 6.395472 -2.986123 14.363365
v 6.395467 -3.145112 14.522357
v 6.128170 -3.534930 13.847166
v 5.959338 -3.748114 13.923415
v 6.128168 -3.661305 13.973539
v 6.184444 -3.728824 13.934561
v 6.184440 -3.785525 14.146176
v 6.128162 -3.707561 14.146176
v 6.184434 -3.728824 14.357789
v 5.959333 -3.807801 14.146169
v 5.860855 -3.661305 13.973532
v 4.474350 -3.137151 14.547084
v 4.423464 -3.333541 14.493364
v 4.474348 -3.137151 14.602773
v 4.416395 -3.360816 14.541595
v 4.267616 -3.103582 14.613903
v 4.326986 -2.874463 14.551240
v 1.735930 -2.453714 14.551167
v 1.779396 -2.285989 14.379951
v 1.559515 -2.358592 14.318688
v 1.090921 -2.282501 14.318678
v 1.102667 -2.237187 14.146044
v 1.571261 -2.313279 14.146055
v 1.559525 -2.358592 13.973418
v 1.779408 -2.285988 13.912171
v 1.795311 -2.224595 14.146059
v 4.370449 -2.706735 14.380019
v 4.386364 -2.645340 14.146132
v 4.370461 -2.706734 13.912235
v 4.327006 -2.874463 13.741015
v 4.532326 -2.913487 13.750665
v 4.474373 -3.137151 13.689486
v 4.525257 -2.940763 13.798898
v 4.267640 -3.103582 13.678344
v 4.416415 -3.360816 13.750661
v 4.208271 -3.332701 13.741012
v 1.617215 -2.911955 13.740943
v 1.676585 -2.682835 13.678276
v 1.735950 -2.453714 13.740947
v 1.885340 -2.820616 13.847056
v 1.943124 -2.651503 13.800800
v 1.527450 -2.482390 13.847045
v 1.325222 -2.575412 13.800781
v 1.090931 -2.282500 13.973407
v 1.058854 -2.406298 13.847034
v -1.007887 -2.282500 13.973353
v -0.975807 -2.406298 13.846976
v -0.931984 -2.575412 13.800724
v 1.267438 -2.744523 13.847037
v -1.400581 -2.651503 13.800713
v -1.356763 -2.820616 13.846969
v -0.888166 -2.744523 13.846980
v -0.856091 -2.868323 13.973357
v -1.324685 -2.944415 13.973346
v 0.939135 -2.868323 13.973403
v 0.927389 -2.913636 14.146036
v 1.395983 -2.989727 14.146051
v 1.407729 -2.944415 13.973418
v 1.573749 -3.079683 13.912164
v 1.557837 -3.141074 14.146055
v 1.407719 -2.944415 14.318685
v -0.844355 -2.913636 14.145991
v -1.534161 -2.911955 13.740864
v -4.125216 -3.332701 13.740791
v -1.593529 -2.682835 13.678188
v -4.184582 -3.103582 13.678124
v -1.444402 -2.482390 13.846969
v -1.652899 -2.453714 13.740856
v -1.476481 -2.358592 13.973343
v -1.696365 -2.285988 13.912077
v -4.243952 -2.874463 13.740791
v -4.391317 -3.137151 13.689251
v -4.340432 -3.333541 13.798663
v -4.391319 -3.137151 13.744940
v -4.333361 -3.360816 13.750429
v -4.303184 -3.477307 13.945422
v -1.488230 -2.313279 14.145976
v -1.019633 -2.237187 14.145988
v -1.007897 -2.282501 14.318621
v -0.975822 -2.406299 14.444998
v 4.532306 -2.913487 14.541595
v -4.340452 -3.333541 14.493134
v -4.628463 -3.385994 14.502770
v -4.391339 -3.137151 14.546849
v -4.680762 -3.184150 14.557982
v -4.788546 -3.377880 14.444896
v -4.832367 -3.208767 14.491156
v -4.733067 -2.982307 14.502770
v -4.771346 -2.834548 14.351932
v -4.876185 -3.039656 14.444896
v -5.777823 -3.063284 14.318496
v -5.777826 -3.189662 14.444873
v -4.908260 -2.915858 14.318519
v -4.919999 -2.870543 14.145885
v -5.777818 -3.017028 14.145863
v -5.876305 -2.976477 14.368612
v -5.876299 -2.916789 14.145859
v -5.876295 -2.976477 13.923108
v -6.045121 -3.189662 13.846848
v -5.876290 -3.139543 13.760036
v -6.045124 -3.063284 13.973221
v -6.045128 -3.017028 14.145855
v -6.101413 -2.995768 14.357467
v -6.101408 -2.939064 14.145851
v -6.045134 -3.063284 14.318488
v -6.101418 -3.150681 14.512378
v -6.045136 -3.189662 14.444865
v -5.876309 -3.139543 14.531676
v -5.876312 -3.362296 14.591362
v -6.045139 -3.362296 14.491121
v -6.045136 -3.534930 14.444865
v -5.876309 -3.585050 14.531676
v -5.777826 -3.534930 14.444873
v -5.777829 -3.362296 14.491129
v -6.045134 -3.661305 14.318488
v -6.101418 -3.573910 14.512378
v -6.101413 -3.728824 14.357467
v -6.213964 -3.651660 14.312915
v -6.312450 -3.738469 14.363029
v -6.213967 -3.529361 14.435216
v -6.213969 -3.362296 14.479980
v -6.312455 -3.579479 14.522023
v -6.382800 -3.362296 14.491114
v -6.312458 -3.362296 14.580217
v -6.382797 -3.534930 14.444854
v -6.382794 -3.661305 14.318480
v -6.650109 -3.661305 14.318473
v -6.650111 -3.534930 14.444850
v -6.650114 -3.362296 14.491106
v -6.650109 -3.063284 14.318473
v -6.650111 -3.189662 14.444850
v -6.382797 -3.189662 14.444854
v -6.382794 -3.063284 14.318480
v -6.312455 -3.145112 14.522023
v -6.312450 -2.986123 14.363029
v -6.312446 -2.927927 14.145851
v -6.213959 -3.028166 14.145851
v -6.213964 -3.072930 14.312915
v -6.213967 -3.195231 14.435216
v -6.382790 -3.017028 14.145847
v -6.382784 -3.063284 13.973209
v -6.650104 -3.017028 14.145840
v -6.650096 -3.189662 13.846828
v -6.650099 -3.063284 13.973203
v -6.650094 -3.362295 13.800572
v -6.650096 -3.534930 13.846828
v -6.382782 -3.189662 13.846836
v -6.382780 -3.362295 13.800580
v -6.312435 -3.362295 13.711477
v -6.312435 -3.145111 13.769674
v -6.312440 -2.986123 13.928662
v -6.213951 -3.195231 13.856485
v -6.213949 -3.362295 13.811722
v -6.101398 -3.362295 13.722623
v -6.101398 -3.150680 13.779324
v -6.045118 -3.362295 13.800591
v -6.101403 -2.995768 13.934235
v -6.213954 -3.072930 13.978786
v -6.101420 -3.362296 14.569083
v 6.505802 -1.551629 -13.948525
v 6.149356 -1.551629 -13.948535
v 6.505826 -1.551629 -14.949784
v 6.505802 -1.763896 -13.948525
v 6.149356 -1.763896 -13.948535
v 6.505826 -1.763896 -14.949784
v 4.026632 -1.551630 -11.732671
v 6.149381 -1.763896 -14.949794
v 4.046678 -1.763896 -12.573727
v 4.026632 -1.763896 -11.732671
v 5.728832 -1.763896 -14.068695
v 5.788915 -1.763896 -14.349046
v 5.668762 -1.551629 -14.409126
v 5.668762 -1.763896 -14.409126
v 5.788915 -1.551629 -14.349046
v 6.149381 -1.551629 -14.949794
v 5.728832 -1.551629 -14.068695
v 4.046678 -1.551630 -12.573727
v 4.046678 -1.394091 -12.573727
v 3.646176 -1.551630 -12.573736
v 3.646176 -1.763896 -12.573736
v 4.026632 -1.394091 -11.732671
v 3.746281 -1.315333 -11.717925
v 3.926351 -1.315333 -11.727400
v 3.946526 -1.315333 -12.573729
v 3.646176 -1.394091 -12.573736
v 3.746303 -1.315333 -12.573733
v 3.646154 -1.551630 -11.712658
v 3.646154 -1.394091 -11.712658
v 3.646154 -1.763896 -11.712658
v 4.046725 -1.551629 -14.327930
v 4.046725 -1.763896 -14.327930
v 3.706301 -1.763896 -14.468116
v 3.686253 -1.763896 -13.647085
v 4.046710 -1.763896 -13.787251
v 4.046728 -1.763896 -14.468105
v 4.046728 -1.551629 -14.468105
v 3.706301 -1.551629 -14.468116
v 4.046728 -1.394091 -14.468105
v 4.046725 -1.394091 -14.327930
v 3.953272 -1.315333 -13.787254
v 3.946600 -1.315333 -14.327933
v 4.046710 -1.394091 -13.787251
v 4.046705 -1.394091 -13.647076
v 4.046710 -1.551629 -13.787251
v 4.046705 -1.551629 -13.647076
v 3.786410 -1.315333 -13.647083
v 3.686253 -1.394091 -13.647085
v 3.686253 -1.551629 -13.647085
v 4.046705 -1.763896 -13.647076
v 3.706301 -1.394091 -14.468116
v 3.806458 -1.315333 -14.468112
v 3.946603 -1.315333 -14.468107
v 3.946580 -1.315333 -13.647080
v -5.795418 -1.763896 -14.069001
v -5.855485 -1.763896 -14.349352
v -6.215947 -1.763896 -13.948860
v -5.795418 -1.551629 -14.069001
v -4.113343 -1.551630 -12.573942
v -4.113343 -1.763896 -12.573942
v -4.093342 -1.763896 -11.732883
v -3.712841 -1.763896 -12.573931
v -3.712841 -1.551630 -12.573931
v -3.712841 -1.394091 -12.573931
v -3.712863 -1.551630 -11.712851
v -3.712863 -1.394091 -11.712851
v -3.812990 -1.315333 -11.718124
v -3.993061 -1.315333 -11.727609
v -4.093342 -1.394091 -11.732883
v -3.812969 -1.315333 -12.573933
v -4.013191 -1.315333 -12.573940
v -4.113343 -1.394091 -12.573942
v -4.093342 -1.551630 -11.732883
v -6.215947 -1.551629 -13.948860
v -3.712863 -1.763896 -11.712851
v -6.572371 -1.551629 -14.950129
v -6.572394 -1.551629 -13.948868
v -6.215922 -1.551629 -14.950119
v -6.572394 -1.763896 -13.948868
v -5.855485 -1.551629 -14.349352
v -5.735335 -1.551629 -14.409428
v -5.735335 -1.763896 -14.409428
v -4.113311 -1.763896 -13.787468
v -4.113296 -1.763896 -14.328148
v -6.215922 -1.763896 -14.950119
v -6.572371 -1.763896 -14.950129
v -4.113296 -1.551629 -14.328148
v -4.113296 -1.394091 -14.328148
v -4.113293 -1.394091 -14.468322
v -4.113293 -1.551629 -14.468322
v -4.113311 -1.551629 -13.787468
v -4.113311 -1.394091 -13.787468
v -4.113316 -1.763896 -13.647291
v -4.113316 -1.551629 -13.647291
v -3.752866 -1.763896 -13.647282
v -4.113316 -1.394091 -13.647291
v -3.752866 -1.551629 -13.647282
v -4.013191 -1.315333 -13.647288
v -3.752866 -1.394091 -13.647282
v -3.772867 -1.551629 -14.468310
v -3.772867 -1.763896 -14.468310
v -4.113293 -1.763896 -14.468322
v -3.772867 -1.394091 -14.468310
v -3.873024 -1.315333 -14.468313
v -3.853021 -1.315333 -13.647284
v -4.013171 -1.315333 -14.328144
v -4.019870 -1.315333 -13.787465
v -4.013169 -1.315333 -14.468319
v -6.573117 -1.763898 13.504862
v -6.216669 -1.763898 13.504868
v -6.573117 -1.551632 13.504862
v -6.573144 -1.551632 14.506116
v -6.573144 -1.763898 14.506116
v -6.216697 -1.763898 14.506124
v -5.736080 -1.763898 13.965461
v -6.216697 -1.551632 14.506124
v -5.856231 -1.763898 13.905376
v -4.114031 -1.763898 13.540833
v -4.114031 -1.551632 13.540833
v -4.114033 -1.763898 13.681013
v -3.773607 -1.763898 13.681023
v -3.753561 -1.763898 12.859989
v -4.114016 -1.763898 13.000156
v -4.114016 -1.551631 13.000156
v -4.114011 -1.763898 12.859981
v -4.114011 -1.551631 12.859981
v -3.853716 -1.315335 12.859987
v -3.753561 -1.394093 12.859989
v -4.114011 -1.394093 12.859981
v -3.753561 -1.551631 12.859989
v -3.773607 -1.551632 13.681023
v -3.773607 -1.394093 13.681023
v -3.873764 -1.315335 13.681021
v -4.013908 -1.315335 13.681015
v -4.013906 -1.315335 13.540833
v -4.114033 -1.394093 13.681013
v -4.114031 -1.394093 13.540833
v -4.114033 -1.551632 13.681013
v -4.114016 -1.394093 13.000156
v -4.020575 -1.315335 13.000156
v -4.013886 -1.315335 12.859982
v -5.736080 -1.551632 13.965461
v -5.856231 -1.551632 13.905376
v -5.796145 -1.551632 13.625024
v -6.216669 -1.551632 13.504868
v -5.796145 -1.763898 13.625024
v -4.113983 -1.763898 11.786632
v -3.713482 -1.763898 11.786643
v -4.113983 -1.551631 11.786632
v -4.093938 -1.763898 10.945580
v -4.093938 -1.551631 10.945580
v -3.713459 -1.763898 10.925568
v -3.713459 -1.551631 10.925568
v -3.713482 -1.551631 11.786643
v -3.713482 -1.394093 11.786643
v -3.713459 -1.394093 10.925568
v -3.813587 -1.315335 10.930829
v -3.813609 -1.315335 11.786643
v -3.993657 -1.315335 10.940304
v -4.093938 -1.394093 10.945580
v -4.013832 -1.315335 11.786635
v -4.113983 -1.394093 11.786632
v 3.805718 -1.315335 13.681221
v 3.705561 -1.394093 13.681219
v 3.785715 -1.315335 12.860190
v 4.045988 -1.551632 13.681229
v 4.045988 -1.394093 13.681229
v 3.945863 -1.315335 13.681223
v 3.945865 -1.315335 13.541045
v 4.045990 -1.394093 13.541047
v 3.952566 -1.315335 13.000369
v 4.046010 -1.394093 12.860196
v 3.945885 -1.315335 12.860194
v 4.046005 -1.394093 13.000371
v 4.046005 -1.551631 13.000371
v 4.046010 -1.551631 12.860196
v 4.046010 -1.763898 12.860196
v 3.685558 -1.551631 12.860187
v 3.685558 -1.763898 12.860187
v 4.046005 -1.763898 13.000371
v 4.045990 -1.763898 13.541047
v 3.705561 -1.763898 13.681219
v 4.045988 -1.763898 13.681229
v 3.705561 -1.551632 13.681219
v 3.685558 -1.394093 12.860187
v 5.668016 -1.763898 13.965762
v 4.045990 -1.551632 13.541047
v 6.148606 -1.763898 14.506448
v 5.788170 -1.763898 13.905682
v 6.148606 -1.551632 14.506448
v 6.148634 -1.763898 13.505194
v 6.505052 -1.551632 14.506457
v 6.505052 -1.763898 14.506457
v 6.505079 -1.551632 13.505202
v 6.505079 -1.763898 13.505202
v 6.148634 -1.551632 13.505194
v 5.728105 -1.551632 13.625329
v 4.046038 -1.551631 11.786848
v 4.026036 -1.551631 10.945793
v 4.026036 -1.763898 10.945793
v 5.788170 -1.551632 13.905682
v 5.668016 -1.551632 13.965762
v 4.046038 -1.763898 11.786848
v 3.645535 -1.763898 11.786840
v 3.645558 -1.763898 10.925758
v 3.645558 -1.551631 10.925758
v 3.645535 -1.551631 11.786840
v 3.925755 -1.315335 10.940513
v 3.645558 -1.394093 10.925758
v 4.026036 -1.394093 10.945793
v 3.945885 -1.315335 11.786846
v 4.046038 -1.394093 11.786848
v 3.745663 -1.315335 11.786840
v 3.745685 -1.315335 10.931026
v 3.645535 -1.394093 11.786840
v 5.728105 -1.763898 13.625329
v 6.149391 -4.516103 -15.302024
v 6.149366 -4.516103 -14.300767
v 5.788922 -4.516103 -14.701278
v 3.565320 -3.155084 -16.274771
v 3.565335 -3.155084 -16.815449
v 5.668771 -4.516103 -14.761356
v 6.505836 -4.516103 -15.302012
v 6.505836 -4.971223 -15.302012
v 6.149391 -4.971223 -15.302024
v 3.565335 -3.610202 -16.815449
v 3.565337 -3.610202 -16.955626
v 3.248263 -3.610202 -16.134604
v 3.265901 -3.610202 -16.955637
v 3.565320 -3.610202 -16.274771
v 3.565317 -3.610202 -16.134596
v 3.565317 -3.155084 -16.134596
v 5.668771 -4.971223 -14.761356
v 5.788922 -4.971223 -14.701278
v 6.149366 -4.971223 -14.300767
v 5.728842 -4.971223 -14.420927
v 5.728842 -4.516103 -14.420927
v 3.565223 -3.610202 -12.573740
v 3.565223 -3.155084 -12.573740
v 3.212941 -3.610202 -12.573750
v 3.547588 -3.610202 -11.732686
v 3.547588 -3.155084 -11.732686
v 3.212919 -3.155084 -11.712669
v 3.212919 -3.610202 -11.712669
v 3.212941 -3.155084 -12.573750
v 3.212941 -2.997543 -12.573750
v 3.565223 -2.997543 -12.573740
v 3.477129 -2.918785 -12.573742
v 3.459380 -2.918785 -11.727412
v 3.301012 -2.918785 -12.573747
v 3.547588 -2.997543 -11.732686
v 3.212919 -2.997543 -11.712669
v 3.300990 -2.918785 -11.717935
v 6.505812 -4.971223 -14.300757
v 6.505812 -4.516103 -14.300757
v 3.248263 -3.155084 -16.134604
v 3.565317 -2.997543 -16.134596
v 3.248263 -2.997543 -16.134604
v 3.265901 -2.997543 -16.955637
v 3.336362 -2.918785 -16.134600
v 3.483130 -2.918785 -16.274773
v 3.477249 -2.918785 -16.134598
v 3.353997 -2.918785 -16.955635
v 3.477266 -2.918785 -16.815451
v 3.477271 -2.918785 -16.955627
v 3.565335 -2.997543 -16.815449
v 3.565337 -2.997543 -16.955626
v 3.565337 -3.155084 -16.955626
v 3.265901 -3.155084 -16.955637
v 3.565320 -2.997543 -16.274771
v -5.735324 -4.971223 -14.761658
v -3.612217 -3.610202 -16.274960
v -6.215912 -4.971223 -15.302350
v -5.855478 -4.516103 -14.701584
v -5.735324 -4.516103 -14.761658
v -5.855478 -4.971223 -14.701584
v -5.795408 -4.516103 -14.421233
v -5.795408 -4.971223 -14.421233
v -6.215940 -4.971223 -14.301093
v -6.572360 -4.971223 -15.302360
v -6.572387 -4.971223 -14.301100
v -6.215940 -4.516103 -14.301093
v -3.594721 -3.610202 -11.732873
v -3.612314 -3.610202 -12.573931
v -3.612314 -3.155084 -12.573931
v -3.260032 -3.610202 -12.573921
v -3.260032 -3.155084 -12.573921
v -3.260054 -3.155084 -11.712841
v -3.260054 -2.997543 -11.712841
v -3.260032 -2.997543 -12.573921
v -3.348101 -2.918785 -12.573923
v -3.348123 -2.918785 -11.718112
v -3.506516 -2.918785 -11.727593
v -3.594721 -2.997543 -11.732873
v -3.524218 -2.918785 -12.573928
v -3.612314 -2.997543 -12.573931
v -3.594721 -3.155084 -11.732873
v -3.260054 -3.610202 -11.712841
v -6.572360 -4.516103 -15.302360
v -6.215912 -4.516103 -15.302350
v -6.572387 -4.516103 -14.301100
v -3.612217 -3.155084 -16.274960
v -3.612202 -3.610202 -16.815639
v -3.612202 -3.155084 -16.815639
v -3.612200 -3.155084 -16.955816
v -3.612200 -2.997543 -16.955816
v -3.612202 -2.997543 -16.815639
v -3.612217 -2.997543 -16.274960
v -3.524129 -2.918785 -16.955814
v -3.524131 -2.918785 -16.815636
v -3.530025 -2.918785 -16.274958
v -3.383262 -2.918785 -16.134779
v -3.524148 -2.918785 -16.134781
v -3.612220 -2.997543 -16.134783
v -3.612220 -3.155084 -16.134783
v -3.295166 -3.155084 -16.134775
v -3.295166 -2.997543 -16.134775
v -3.312759 -2.997543 -16.955807
v -3.312759 -3.155084 -16.955807
v -3.312759 -3.610202 -16.955807
v -3.612200 -3.610202 -16.955816
v -3.295166 -3.610202 -16.134775
v -3.612220 -3.610202 -16.134783
v -3.400857 -2.918785 -16.955809
v -3.384096 -2.918787 15.548970
v -3.313635 -2.997545 16.369999
v -3.296000 -2.997545 15.548974
v -3.401731 -2.918787 16.369995
v -3.613054 -2.997545 15.548965
v -3.524983 -2.918787 15.548966
v -3.525000 -2.918787 16.229815
v -3.530864 -2.918787 15.689141
v -3.613056 -2.997545 15.689137
v -3.613071 -2.997545 16.229813
v -3.613071 -3.155087 16.229813
v -3.613074 -2.997545 16.369987
v -3.613074 -3.155087 16.369987
v -3.525005 -2.918787 16.369991
v -3.313635 -3.610204 16.369999
v -3.613074 -3.610204 16.369987
v -3.313635 -3.155087 16.369999
v -3.296000 -3.155087 15.548974
v -3.296000 -3.610204 15.548974
v -3.613056 -3.610204 15.689137
v -3.613071 -3.610204 16.229813
v -3.613054 -3.610204 15.548965
v -3.613054 -3.155087 15.548965
v -3.613056 -3.155087 15.689137
v -5.736095 -4.516105 14.565887
v -6.216712 -4.516105 15.106556
v -6.573134 -4.516105 14.105289
v -6.216712 -4.971225 15.106556
v -6.216686 -4.516105 14.105294
v -5.856246 -4.516105 14.505813
v -6.573159 -4.971225 15.106548
v -6.573159 -4.516105 15.106548
v -6.573134 -4.971225 14.105289
v -6.216686 -4.971225 14.105294
v -5.856246 -4.971225 14.505813
v -5.796163 -4.971225 14.225464
v -3.595332 -3.610204 11.467863
v -3.612967 -3.610204 12.308918
v -3.612967 -3.155086 12.308918
v -5.796163 -4.516105 14.225464
v -3.260685 -3.610204 12.308928
v -3.260663 -3.610204 11.447845
v -3.260685 -3.155086 12.308928
v -3.260663 -3.155086 11.447845
v -3.524871 -2.918787 12.308920
v -3.260685 -2.997545 12.308928
v -3.612967 -2.997545 12.308918
v -3.595332 -2.997545 11.467863
v -3.507127 -2.918787 11.462591
v -3.595332 -3.155086 11.467863
v -3.260663 -2.997545 11.447845
v -3.348731 -2.918787 11.453113
v -3.348754 -2.918787 12.308926
v -5.736095 -4.971225 14.565887
v 6.505062 -4.516105 14.105629
v 6.148616 -4.516105 14.105620
v 6.505062 -4.971225 14.105629
v 6.505037 -4.971225 15.106892
v 6.505037 -4.516105 15.106892
v 6.148592 -4.516105 15.106880
v 3.564481 -3.155087 15.689331
v 3.564466 -3.155087 16.230003
v 6.148592 -4.971225 15.106880
v 3.564466 -3.610204 16.230003
v 5.668002 -4.516105 14.566187
v 5.788155 -4.516105 14.506116
v 5.668002 -4.971225 14.566187
v 5.788155 -4.971225 14.506116
v 5.728087 -4.516105 14.225765
v 3.564567 -3.155086 12.309108
v 5.728087 -4.971225 14.225765
v 3.564567 -3.610204 12.309108
v 3.546977 -3.610204 11.468048
v 6.148616 -4.971225 14.105620
v 3.212286 -3.610204 12.309100
v 3.212286 -3.155086 12.309100
v 3.212311 -2.997545 11.448015
v 3.212311 -3.155086 11.448015
v 3.212286 -2.997545 12.309100
v 3.300359 -2.918787 12.309102
v 3.300382 -2.918787 11.453291
v 3.458769 -2.918787 11.462771
v 3.546977 -2.997545 11.468048
v 3.476476 -2.918787 12.309108
v 3.564567 -2.997545 12.309108
v 3.546977 -3.155086 11.468048
v 3.212311 -3.610204 11.448015
v 3.564481 -3.610204 15.689331
v 3.247429 -3.610204 15.549145
v 3.564483 -3.610204 15.549156
v 3.564483 -3.155087 15.549156
v 3.564481 -2.997545 15.689331
v 3.564483 -2.997545 15.549156
v 3.247429 -3.155087 15.549145
v 3.247429 -2.997545 15.549145
v 3.265025 -3.610204 16.370171
v 3.265025 -3.155087 16.370171
v 3.265025 -2.997545 16.370171
v 3.564461 -3.610204 16.370182
v 3.564461 -3.155087 16.370182
v 3.564461 -2.997545 16.370182
v 3.564466 -2.997545 16.230003
v 3.476395 -2.918787 16.370178
v 3.353120 -2.918787 16.370174
v 3.335528 -2.918787 15.549149
v 3.476397 -2.918787 16.230001
v 3.482291 -2.918787 15.689327
v 3.476414 -2.918787 15.549152
v 9.405654 -2.392100 -0.402141
v 8.945052 2.574398 0.438903
v 8.945074 -2.392100 -0.402153
v 9.405631 2.574398 0.438915
v 9.405626 -2.611021 0.679646
v 9.405781 -2.611020 -5.229123
v 9.405781 -2.392100 -5.161000
v 8.945201 -2.392100 -5.161011
v 8.945210 -2.212728 -5.609461
v 8.945221 2.578835 -5.954456
v 8.945221 -1.598656 -5.954456
v 8.945216 -2.047108 -5.775084
v 9.405791 -2.212728 -5.609448
v 9.405796 -2.047108 -5.775071
v 9.405801 -2.210498 -5.930023
v 9.405796 -2.410790 -5.729732
v 9.573562 -2.410790 -5.729726
v 9.573566 -2.210498 -5.930017
v 9.573571 -1.709888 -6.130250
v 9.405806 -1.709888 -6.130253
v 9.573537 -1.719763 -4.829659
v 9.573537 -1.931952 -4.839038
v 9.573531 -1.941335 -4.626849
v 9.721720 -1.931952 -4.839036
v 9.573546 -2.611020 -5.229118
v 9.573392 -2.611021 0.679648
v 9.573424 -2.077544 -0.553681
v 9.721656 -0.491729 -2.383924
v 9.721608 -2.077544 -0.553676
v 9.721601 -2.062387 -0.341820
v 9.573417 -2.062387 -0.341825
v 9.573471 -0.491729 -2.383927
v 9.573474 -0.195255 -2.496741
v 9.573489 -0.495004 -3.014061
v 9.721659 -0.195255 -2.496736
v 9.721650 -0.264713 -2.187222
v 9.573467 -0.264713 -2.187227
v 9.573467 0.284801 -2.170454
v 9.573474 0.200817 -2.496741
v 9.573420 -1.850528 -0.356982
v 9.721603 -1.850528 -0.356977
v 9.573420 1.856091 -0.356982
v 9.573392 2.664643 0.679649
v 9.721650 0.284801 -2.170449
v 9.721603 1.856091 -0.356977
v 9.721601 2.067947 -0.341820
v 9.573417 2.067947 -0.341824
v 9.573424 2.083107 -0.553681
v 9.573539 2.083107 -4.896919
v 9.573471 0.511818 -2.367151
v 9.721656 0.511818 -2.367146
v 9.721608 2.083107 -0.553676
v 9.721659 0.200817 -2.496736
v 9.573489 0.497287 -3.066676
v 9.573486 0.200817 -2.953861
v 9.721723 2.083107 -4.896914
v 9.721673 0.497287 -3.066671
v 9.721678 0.270270 -3.263373
v 9.721671 0.200817 -2.953857
v 9.721727 1.856091 -5.093611
v 9.573494 0.270270 -3.263378
v 9.573494 -0.270227 -3.213174
v 9.573544 1.856091 -5.093616
v 9.573571 2.664644 -6.130250
v 9.573544 2.067948 -5.108776
v 9.721727 2.067948 -5.108770
v 9.405806 2.649348 -6.130253
v 9.573551 6.072348 -5.366337
v 9.573571 6.634984 -6.130250
v 9.405806 6.634984 -6.130252
v 9.573551 3.101193 -5.366338
v 10.038831 6.038974 -5.366325
v 9.649648 3.101193 -5.366335
v 9.573415 3.201318 -0.179663
v 9.573412 3.101192 -0.069885
v 9.573549 3.201319 -5.266210
v 9.405783 2.898896 -5.267416
v 9.649646 3.201319 -5.266208
v 10.026528 5.939606 -5.266198
v 9.573549 5.972220 -5.266210
v 9.405783 5.972300 -5.267416
v 9.573415 5.972220 -0.165250
v 9.405801 2.578835 -5.954443
v 9.405634 6.330597 0.387890
v 9.405644 5.972300 -0.069830
v 9.405801 6.330597 -5.954443
v 9.405644 2.895101 -0.027072
v 9.405626 2.649348 0.679646
v 9.405626 6.634983 0.607557
v 9.573392 6.634983 0.607559
v 9.573412 6.072348 -0.073927
v 10.038692 6.038974 -0.073914
v 9.649507 3.101192 -0.069882
v 10.026395 5.939606 -0.165238
v 9.649511 3.201318 -0.179660
v 9.405801 -1.598656 -5.954443
v 9.573486 -0.179638 -2.924598
v 9.721720 -1.719763 -4.829653
v 9.721678 -0.270227 -3.213169
v 9.721715 -1.941335 -4.626843
v 9.721673 -0.495004 -3.014056
v 9.721671 -0.179638 -2.924592
v 9.573481 0.002782 -2.725302
v 9.405612 2.649348 1.237148
v 9.573377 -2.611021 1.237150
v 9.573377 2.664643 1.237151
v 9.405612 -2.611021 1.237148
v 9.405612 6.634983 1.237148
v 9.405602 -2.392100 1.574001
v 9.405605 2.574398 1.477882
v 9.405605 6.330597 1.456813
v 9.405431 6.330596 8.135571
v 9.405446 5.972299 7.547861
v 9.405593 5.972300 1.991633
v 9.405426 6.634983 8.311380
v 9.573192 6.634983 8.311383
v 9.573142 2.664643 10.161706
v 9.405375 2.649347 10.161700
v 9.573198 -1.709889 8.047049
v 9.405434 -1.709889 8.047047
v 9.405381 2.578834 9.985894
v 9.405438 -1.598657 7.871238
v 8.944859 -1.598657 7.871227
v 8.944801 2.578834 9.985884
v 8.945024 2.574398 1.477869
v 9.405446 2.898881 7.550992
v 9.573213 3.201318 7.447344
v 9.405590 2.895084 2.009287
v 9.573355 3.201318 2.024375
v 9.573359 3.101192 1.914595
v 9.573211 3.101192 7.547469
v 9.649451 3.201318 2.024378
v 10.026338 5.939606 2.009973
v 9.573358 5.972220 2.009960
v 9.573213 5.972219 7.447344
v 10.026194 5.939605 7.447357
v 9.649307 3.101192 7.547472
v 10.038491 6.038973 7.547482
v 9.649310 3.201318 7.447347
v 10.038637 6.038974 1.918647
v 9.573359 6.072348 1.918634
v 9.649454 3.101192 1.914598
v 9.573211 6.072347 7.547469
v 9.573377 6.634983 1.237151
v 8.945022 -2.392100 1.573989
v 8.944878 -2.392101 7.077779
v 8.944866 -2.212729 7.526234
v 9.405446 -2.212729 7.526244
v 9.405458 -2.392101 7.077793
v 9.405456 -2.611021 7.145916
v 9.573220 -2.611021 7.145921
v 9.405443 -2.410791 7.646522
v 9.573208 -2.410791 7.646525
v 9.573203 -2.210499 7.846824
v 9.405438 -2.210499 7.846821
v 9.405441 -2.047109 7.691867
v 8.944861 -2.047109 7.691854
v 9.573213 -1.719764 7.425803
v 9.573213 -1.931953 7.436611
v 9.573220 -1.941336 7.192191
v 9.721397 -1.719764 7.425808
v 9.721397 -1.931953 7.436616
v 9.721405 -1.941336 7.192195
v 9.721446 -0.270228 5.563802
v 9.721452 -0.495005 5.334444
v 9.573268 -0.495005 5.334439
v 9.573273 -0.179639 5.231388
v 9.721457 -0.179639 5.231392
v 9.573263 -0.270228 5.563797
v 9.573260 0.270269 5.621625
v 9.573271 0.200817 5.265096
v 9.573277 0.002781 5.001818
v 9.573286 0.200817 4.738542
v 9.573268 0.497286 5.395048
v 9.721455 0.200817 5.265100
v 9.721444 0.270269 5.621630
v 9.721452 0.497286 5.395054
v 9.721395 2.083106 7.503285
v 9.573211 2.083106 7.503281
v 9.573342 2.083106 2.500358
v 9.573206 2.067947 7.747316
v 9.573288 0.511818 4.589275
v 9.721472 0.511818 4.589280
v 9.721526 2.083106 2.500363
v 9.721534 2.067947 2.256327
v 9.721534 1.856091 2.273789
v 9.721479 0.284801 4.362705
v 9.573296 0.284801 4.362700
v 9.721469 0.200817 4.738546
v 9.573296 -0.264714 4.382021
v 9.573350 -1.850528 2.273783
v 9.573350 1.856091 2.273783
v 9.573350 2.067947 2.256322
v 9.573350 -2.062387 2.256322
v 9.721534 -2.062387 2.256326
v 9.721534 -1.850528 2.273788
v 9.721526 -2.077544 2.500363
v 9.721479 -0.264714 4.382026
v 9.721469 -0.195255 4.738546
v 9.573286 -0.195255 4.738542
v 9.721472 -0.491729 4.608601
v 9.573288 -0.491729 4.608596
v 9.573342 -2.077544 2.500357
v 9.573206 1.856090 7.729855
v 9.721390 1.856090 7.729860
v 9.721390 2.067947 7.747322
v -8.927214 2.578834 9.985413
v -9.387794 2.578834 9.985400
v -8.926991 2.574398 1.477398
v -8.927156 -1.598657 7.870757
v -9.387736 -1.598657 7.870745
v -9.387734 -2.047109 7.691370
v -8.927155 -2.047109 7.691382
v -9.387742 -1.709889 8.046551
v -9.555502 -2.210499 7.846322
v -9.387736 -2.210499 7.846326
v -9.555507 -1.709889 8.046548
v -9.387798 2.649347 10.161207
v -9.387749 6.634983 8.310886
v -9.555564 2.664643 10.161204
v -9.387745 6.330596 8.135077
v -9.387730 2.898881 7.550496
v -9.387730 5.972299 7.547365
v -9.387568 6.330597 1.456317
v -9.387570 2.574398 1.477385
v -9.387583 5.972300 1.991136
v -9.387563 2.649348 1.236652
v -9.387563 6.634983 1.236652
v -9.555328 6.634983 1.236650
v -9.555328 2.664643 1.236649
v -9.555494 2.083106 7.502779
v -9.555363 2.083106 2.499856
v -9.555355 2.067947 2.255821
v -9.555494 3.101192 7.546968
v -9.555328 -2.611021 1.236649
v -9.555347 6.072348 1.918133
v -9.555347 3.101192 1.914093
v -10.020625 6.038974 1.918120
v -9.631442 3.101192 1.914091
v -9.555350 3.201318 2.023873
v -9.555491 3.201318 7.446844
v -9.387583 2.895084 2.008791
v -9.555347 5.972220 2.009459
v -10.008327 5.939606 2.009446
v -9.631447 3.201318 2.023871
v -10.008472 5.939605 7.446830
v -9.631589 3.201318 7.446841
v -9.555491 5.972219 7.446844
v -9.631591 3.101192 7.546965
v -10.020774 6.038973 7.546956
v -9.555494 6.072347 7.546968
v -9.555514 6.634983 8.310882
v -9.387719 -2.611021 7.145423
v -9.387563 -2.611021 1.236651
v -9.555485 -2.611021 7.145419
v -9.555355 1.856091 2.273282
v -9.555355 -2.062387 2.255820
v -9.555363 -2.077544 2.499856
v -9.555417 -0.491729 4.608094
v -9.703601 -0.491729 4.608089
v -9.703547 -2.077544 2.499851
v -9.703596 -0.264714 4.381515
v -9.703540 -2.062387 2.255815
v -9.703540 -1.850528 2.273277
v -9.555355 -1.850528 2.273281
v -9.555412 -0.264714 4.381519
v -9.555412 0.284801 4.362199
v -9.555420 0.200817 4.738039
v -9.703596 0.284801 4.362194
v -9.703604 0.200817 4.738035
v -9.703601 0.511818 4.588768
v -9.555417 0.511818 4.588773
v -9.555438 0.497286 5.394547
v -9.555435 0.200817 5.264595
v -9.703678 2.083106 7.502774
v -9.703621 0.497286 5.394542
v -9.703619 0.200817 5.264589
v -9.703629 0.270269 5.621119
v -9.555446 0.270269 5.621124
v -9.703684 1.856090 7.729348
v -9.703684 2.067947 7.746810
v -9.555499 1.856090 7.729353
v -9.555499 2.067947 7.746815
v -9.555491 -1.719764 7.425302
v -9.555443 -0.270228 5.563295
v -9.555435 -0.179639 5.230886
v -9.703676 -1.719764 7.425296
v -9.703626 -0.270228 5.563291
v -9.703621 -0.495005 5.333933
v -9.703669 -1.941336 7.191684
v -9.703619 -0.179639 5.230881
v -9.555485 -1.941336 7.191689
v -9.555438 -0.495005 5.333937
v -9.703676 -1.931953 7.436105
v -9.555491 -1.931953 7.436110
v -9.555497 -2.410791 7.646025
v -9.387732 -2.410791 7.646028
v -9.387730 -2.212729 7.525750
v -9.387717 -2.392101 7.077298
v -8.927150 -2.212729 7.525762
v -8.927137 -2.392101 7.077311
v -8.926993 -2.392100 1.573517
v -9.387573 -2.392100 1.573505
v -9.555420 -0.195255 4.738039
v -9.555428 0.002781 5.001316
v -9.703604 -0.195255 4.738035
v -9.703547 2.083106 2.499852
v -9.703540 2.067947 2.255816
v -9.703540 1.856091 2.273277
v -4.200282 -2.803945 18.013435
v -3.791736 -2.083492 16.692001
v -4.200284 -1.785071 18.126606
v -4.536784 -2.877452 20.988892
v -3.554180 -2.803945 18.013454
v -3.890679 -2.877452 20.988911
v -3.753017 -2.869786 19.764872
v -3.890682 -2.199058 20.999010
v -4.536786 -2.199058 20.998991
v -3.753246 -2.029974 19.825842
v -0.571300 -2.236272 18.419172
v -0.571303 -1.213639 18.525454
v -3.713762 -1.981398 19.488800
v -3.554183 -1.785071 18.126621
v -3.713983 -2.838852 19.426500
v -3.210578 -1.175965 17.009424
v -3.210675 -2.198598 16.903145
v -3.791739 -1.060842 16.798243
v -3.791579 -2.154484 10.765765
v -3.791577 -1.134319 10.628314
v -3.220728 -1.060842 16.798262
v -3.145475 -1.134319 10.628331
v -3.145634 -1.061743 16.722670
v -3.145632 -2.084396 16.616423
v -3.145498 -1.123934 11.500263
v -3.145624 -1.066404 16.331263
v -3.145512 -1.117397 12.049183
v -3.145609 -1.072936 15.782855
v -0.571285 -1.061743 17.876186
v -0.571283 -2.084396 17.769945
v 0.655986 -2.084396 17.769978
v 0.655981 -1.061743 17.876221
v -0.571290 -2.198598 18.056665
v -0.571295 -1.175965 18.162937
v 0.655969 -2.236272 18.419203
v 0.655979 -2.198598 18.056700
v 3.295424 -2.198598 16.903315
v 0.655974 -1.175965 18.162971
v 3.295317 -1.175965 17.009594
v 3.798369 -1.981398 19.488997
v 3.798598 -2.838852 19.426697
v 3.837614 -2.869786 19.765074
v 3.975212 -2.877452 20.989119
v 3.638867 -2.803945 18.013641
v 3.638864 -1.785071 18.126812
v 3.876489 -1.060842 16.798449
v 4.284966 -1.785071 18.126831
v 3.975212 -2.199058 20.999218
v 3.837838 -2.029974 19.826044
v 0.655967 -1.213639 18.525484
v 4.621314 -2.199058 20.999233
v 4.621316 -2.877452 20.989134
v 4.284969 -2.803945 18.013659
v 3.876492 -2.083492 16.692202
v 3.230390 -2.084396 16.616590
v 3.876648 -2.154484 10.765965
v 3.305484 -2.083492 16.692186
v 3.876715 -3.961026 8.160845
v 3.230544 -2.154484 10.765949
v 3.876651 -1.134319 10.628515
v 3.876720 -2.939481 8.025387
v 3.230546 -1.134319 10.628497
v 3.230616 -2.939481 8.025370
v 3.877157 -2.939479 -8.607282
v 3.877165 -3.961024 -8.848302
v 3.231053 -2.939479 -8.607299
v 3.877200 -2.561663 -10.232650
v 3.231117 -1.762831 -11.042456
v 3.877222 -1.762831 -11.042439
v 3.231095 -2.561663 -10.232668
v 3.877209 -3.934888 -10.593598
v 3.877229 -2.698395 -11.335493
v 3.231105 -3.934888 -10.593616
v 3.231125 -2.698395 -11.335511
v 3.877249 -2.253546 -12.080368
v 3.877244 -1.227567 -11.930909
v 3.431399 -2.253546 -12.080379
v 3.231150 -2.212029 -12.276702
v 3.231140 -2.364729 -11.894214
v 3.877281 -1.989217 -13.330324
v 3.877281 -0.890502 -13.294319
v 3.231177 -1.989217 -13.330341
v 3.877316 -1.989217 -14.611976
v 3.231212 -1.989217 -14.611994
v 3.877316 -0.780762 -14.626024
v 3.877368 -1.989216 -16.613842
v 3.877371 -1.163246 -16.707535
v 3.231261 -1.126968 -16.510134
v 3.431521 -1.163246 -16.707548
v 3.877411 -1.778099 -18.224009
v 3.231272 -1.241366 -16.900229
v 3.231306 -1.778099 -18.224026
v 4.654078 -1.778099 -18.223988
v 3.877411 -2.153114 -18.224009
v 3.877418 -1.778097 -18.477177
v 3.231313 -1.778097 -18.477194
v 3.231313 -2.153114 -18.477194
v 3.877425 -2.153114 -18.828352
v 3.231313 -2.528127 -18.477194
v 3.877418 -2.153114 -18.477177
v 3.231321 -2.153114 -18.828369
v 3.231321 -2.528127 -18.828369
v 3.231306 -2.153114 -18.224026
v 3.231269 -2.054201 -16.808023
v 3.231306 -2.528129 -18.224026
v 3.877411 -2.528129 -18.224009
v 3.877418 -2.528129 -18.477177
v 4.654078 -2.528129 -18.223988
v 3.431519 -1.989216 -16.613855
v 4.654078 -2.153114 -18.223988
v 4.654086 -2.153114 -18.477158
v 4.654086 -1.778097 -18.477158
v 4.654086 -2.528129 -18.477158
v 4.654094 -2.153114 -18.828331
v 4.654094 -2.528129 -18.828331
v 3.877425 -2.528129 -18.828352
v 3.231259 -1.989217 -16.412323
v 0.808219 -1.989217 -16.412384
v 3.231259 -3.505653 -16.412323
v 2.758400 -3.505653 -16.412334
v 2.758410 -3.505653 -16.808035
v 3.231269 -3.505653 -16.808023
v 0.808229 -2.054201 -16.808088
v 0.808232 -1.241366 -16.900290
v 0.447779 -1.241366 -16.900299
v 0.447777 -2.054201 -16.808096
v -0.293171 -2.054201 -16.808115
v 0.447767 -1.989217 -16.412394
v -0.293181 -1.989217 -16.412415
v -0.293179 -1.126968 -16.510225
v 0.447769 -1.126968 -16.510206
v -0.293290 -2.212029 -12.276793
v -0.721718 -1.989217 -16.412428
v -3.144760 -1.126968 -16.510300
v -2.671901 -3.505653 -16.412479
v -0.721708 -2.054201 -16.808126
v -0.721716 -1.126968 -16.510239
v -0.721828 -2.212029 -12.276803
v -3.144763 -1.989217 -16.412489
v -3.144810 -1.989217 -14.612160
v -3.144753 -2.054201 -16.808189
v -3.790911 -1.989217 -14.612180
v -3.345007 -1.989216 -16.614033
v -3.144763 -3.505653 -16.412489
v -3.790859 -1.989216 -16.614044
v -3.790857 -1.163246 -16.707737
v -3.790817 -2.153114 -18.224211
v -3.790817 -2.528129 -18.224211
v -3.790817 -1.778099 -18.224211
v -3.144715 -2.528129 -18.224190
v -3.790810 -2.528129 -18.477379
v -3.144708 -2.528127 -18.477362
v -3.144715 -2.153114 -18.224190
v -3.144708 -2.153114 -18.477362
v -3.144715 -1.778099 -18.224190
v -3.144750 -1.241366 -16.900394
v -3.144708 -1.778097 -18.477362
v -3.790810 -1.778097 -18.477379
v -3.790810 -2.153114 -18.477379
v -4.567475 -1.778097 -18.477398
v -4.567475 -2.153114 -18.477398
v -4.567483 -1.778099 -18.224232
v -4.567483 -2.153114 -18.224232
v -4.567475 -2.528129 -18.477398
v -4.567483 -2.528129 -18.224232
v -3.790802 -2.528129 -18.828552
v -4.567468 -2.528129 -18.828575
v -4.567468 -2.153114 -18.828575
v -3.790802 -2.153114 -18.828552
v -3.144700 -2.528127 -18.828533
v -3.144700 -2.153114 -18.828533
v -3.345005 -1.163246 -16.707727
v -0.721706 -1.241366 -16.900333
v -0.293169 -1.241366 -16.900320
v -3.790911 -0.780762 -14.626225
v -3.144810 -0.780762 -14.626208
v -3.144844 -0.890502 -13.294502
v -3.790946 -0.890502 -13.294520
v -3.790946 -1.989217 -13.330525
v -3.790984 -1.227567 -11.931110
v -3.345131 -1.227567 -11.931102
v -3.144877 -1.179278 -12.126423
v -3.144872 -2.212029 -12.276868
v -3.144844 -1.989217 -13.330507
v -3.144887 -1.339647 -11.745055
v -0.721833 -1.179278 -12.126357
v -0.293295 -1.179278 -12.126348
v -0.385421 -1.339647 -11.744983
v -0.293300 -2.364729 -11.894306
v -0.721838 -2.364729 -11.894316
v -0.293305 -1.339647 -11.744981
v 0.379566 -1.179278 -12.126330
v 0.379556 -1.339647 -11.744964
v 0.471671 -1.339647 -11.744961
v 0.379561 -2.364729 -11.894289
v 0.808100 -2.364729 -11.894278
v 0.808110 -2.212029 -12.276764
v 0.379571 -2.212029 -12.276775
v 0.808222 -1.126968 -16.510195
v 0.808105 -1.179278 -12.126318
v 2.758291 -3.505653 -12.276714
v 3.231145 -1.179278 -12.126256
v 3.431394 -1.227567 -11.930923
v 3.231177 -0.890502 -13.294337
v 3.231135 -1.339647 -11.744888
v 3.231212 -0.780762 -14.626040
v 2.758281 -3.505653 -11.894227
v 3.231150 -3.505653 -12.276702
v 3.231140 -3.505653 -11.894214
v -2.672020 -3.505653 -11.894368
v -2.672010 -3.505653 -12.276855
v -3.144881 -2.364729 -11.894382
v -3.790998 -2.698395 -11.335695
v -3.144897 -2.698395 -11.335677
v -3.790978 -2.253546 -12.080567
v -3.345126 -2.253546 -12.080559
v -3.144904 -1.762831 -11.042622
v -3.144872 -3.505653 -12.276868
v -3.144881 -3.505653 -11.894382
v -3.791006 -1.762831 -11.042640
v -3.144926 -2.561663 -10.232833
v -3.791070 -2.939479 -8.607483
v -3.791028 -2.561663 -10.232851
v -3.144961 -3.961024 -8.848485
v -3.144917 -3.934888 -10.593783
v -3.144969 -2.939479 -8.607466
v -3.145411 -3.961026 8.160661
v -3.145406 -2.939481 8.025203
v -3.791507 -2.939481 8.025187
v -3.791512 -3.961026 8.160645
v -3.791063 -3.961024 -8.848502
v -3.791018 -3.934888 -10.593801
v -3.145478 -2.154484 10.765782
v -3.145500 -2.144952 11.556481
v -3.145512 -2.138450 12.100231
v -3.145609 -2.094712 15.762200
v -3.145624 -2.088185 16.306255
v -1.059004 -2.088185 16.306311
v -3.145624 -3.505655 16.306255
v -2.460506 -3.505655 16.306274
v -1.058989 -2.094712 15.762252
v -2.460491 -3.505655 15.762216
v -3.145609 -3.505655 15.762200
v -1.058989 -1.072936 15.782909
v -0.510299 -2.094712 15.762267
v -0.510202 -2.138450 12.100300
v -1.058892 -2.138450 12.100285
v -1.058880 -2.144952 11.556536
v -1.058892 -1.117397 12.049236
v -0.510189 -2.144952 11.556547
v -2.460395 -3.505655 12.100250
v -2.460379 -3.505655 11.556499
v -3.145500 -3.505655 11.556481
v -3.145512 -3.505655 12.100231
v -1.058878 -1.123934 11.500319
v -0.510187 -1.123934 11.500329
v 0.595213 -2.144952 11.556578
v 1.143904 -2.144952 11.556593
v 0.595201 -2.138450 12.100330
v 0.595216 -1.123934 11.500361
v 1.143892 -1.117397 12.049294
v 1.143906 -1.123934 11.500375
v 0.595201 -1.117397 12.049277
v -0.510202 -1.117397 12.049251
v 0.595104 -1.072936 15.782953
v -0.510299 -1.072936 15.782925
v 0.595104 -2.094712 15.762295
v 0.595089 -1.066404 16.331362
v 1.143795 -1.072936 15.782969
v 1.143780 -1.066404 16.331375
v 3.230397 -1.066404 16.331430
v 3.230397 -2.088185 16.306423
v 1.143780 -2.088185 16.306370
v 2.353039 -3.505655 16.306400
v 1.143795 -2.094712 15.762310
v 0.595089 -2.088185 16.306355
v -0.510314 -2.088185 16.306328
v -0.510314 -1.066404 16.331331
v -1.059004 -1.066404 16.331318
v 2.353054 -3.505655 15.762344
v 3.230412 -2.094712 15.762365
v 1.143892 -2.138450 12.100345
v 3.230509 -1.117397 12.049350
v 2.353151 -3.505655 12.100377
v 3.230509 -2.138450 12.100398
v 3.230524 -2.144952 11.556645
v 3.230412 -1.072936 15.783021
v 3.230509 -3.505655 12.100398
v 3.230524 -3.505655 11.556645
v 2.353163 -3.505655 11.556623
v 3.230524 -1.123934 11.500430
v 3.230397 -3.505655 16.306423
v 3.230412 -3.505655 15.762365
v 3.230387 -1.061743 16.722836
v 3.305481 -1.060842 16.798433
v -3.144753 -3.505653 -16.808189
v -2.671891 -3.505653 -16.808180
v 3.231061 -3.961024 -8.848318
v 3.230611 -3.961026 8.160827
v -3.220725 -2.083492 16.692017
v 11.082592 6.092383 -6.142907
v 11.088124 3.994875 -6.197617
v 11.088124 6.097846 -6.197617
v 11.082592 4.000336 -6.142907
v 10.726822 6.081434 -6.145330
v 10.726763 6.089633 -6.200040
v 10.452831 6.089648 -6.197337
v 10.713651 6.169560 -6.201649
v 10.465990 6.169560 -6.199045
v 9.793172 6.160803 -6.285172
v 9.785560 6.166277 -6.197357
v 10.466000 6.332361 -6.190812
v 10.468121 6.164387 -6.378245
v 10.466194 6.355796 -6.278823
v 9.853973 6.097861 -6.197376
v 9.859459 6.092383 -6.142642
v 9.785560 3.926446 -6.197357
v 9.853973 3.994862 -6.197376
v 9.859459 4.000336 -6.142642
v 10.465990 3.923161 -6.199045
v 10.452831 4.003073 -6.197337
v 10.726763 4.003088 -6.200040
v 10.452961 4.011284 -6.142601
v 10.726822 4.011286 -6.145330
v 10.452961 6.081436 -6.142601
v 10.713651 3.923164 -6.201649
v 11.156590 3.926456 -6.197679
v 11.149249 3.931918 -6.285851
v 10.713738 3.760270 -6.193419
v 10.466000 3.760362 -6.190812
v 10.712270 3.928398 -6.380932
v 10.714545 3.736905 -6.281467
v 10.466194 3.736927 -6.278823
v 11.267791 3.756538 -6.184021
v 11.271692 3.729697 -6.284092
v 10.730271 3.622432 -6.310975
v 10.453115 3.622432 -6.308244
v 10.468121 3.928335 -6.378245
v 9.793172 3.931918 -6.285172
v 10.712270 6.164325 -6.380932
v 10.714545 6.355816 -6.281467
v 11.149249 6.160803 -6.285851
v 11.156590 6.166264 -6.197679
v 10.713738 6.332452 -6.193419
v 11.271692 6.363024 -6.284092
v 10.730271 6.470293 -6.310975
v 10.453115 6.470293 -6.308244
v 11.267791 6.336181 -6.184021
v 10.728644 6.416653 -6.110728
v 11.375798 6.305130 -6.184083
v 11.278443 6.409517 -6.110767
v 10.731125 6.516749 -6.137551
v 11.292994 6.509684 -6.137576
v 11.417569 6.371137 -6.111016
v 11.584989 6.332219 -6.137720
v 11.474637 6.461312 -6.137767
v 11.489331 6.287546 -6.110961
v 11.419310 6.254847 -6.184069
v 11.615738 6.141387 -6.137549
v 11.515467 6.133091 -6.110730
v 11.615629 5.546918 -6.137529
v 11.515504 5.546916 -6.110705
v 11.442061 6.127017 -6.184009
v 11.469039 5.546916 -6.284129
v 11.442211 5.546916 -6.184004
v 11.468933 6.129238 -6.284109
v 11.569169 5.546916 -6.310956
v 11.444946 6.266818 -6.283935
v 11.569209 6.137538 -6.310930
v 11.642610 6.143613 -6.237649
v 11.642461 5.546918 -6.237657
v 11.540606 6.311491 -6.310697
v 11.610626 6.344190 -6.237592
v 11.448164 6.419473 -6.310647
v 11.391098 6.329296 -6.283895
v 11.286248 6.463197 -6.310903
v 11.296894 6.536527 -6.237649
v 10.731936 6.543570 -6.237679
v 10.452996 6.543570 -6.234951
v 10.452836 6.516749 -6.134823
v 9.497499 6.517865 -6.133736
v 9.497502 6.545096 -6.235385
v 9.497504 6.470702 -6.309793
v 9.497502 6.369080 -6.282562
v 9.497499 6.341849 -6.180905
v 9.497499 6.416244 -6.106497
v 10.452795 6.416653 -6.107995
v 11.489931 6.485480 -6.237582
v 11.642461 4.545806 -6.237657
v 11.615629 4.545806 -6.137529
v 11.615738 3.951334 -6.137549
v 11.515467 3.959631 -6.110730
v 11.515504 4.545806 -6.110705
v 11.442211 4.545806 -6.184004
v 11.442061 3.965706 -6.184009
v 11.469039 4.545806 -6.284129
v 11.468933 3.963484 -6.284109
v 11.419310 3.837876 -6.184069
v 11.489331 3.805174 -6.110961
v 11.375798 3.787596 -6.184083
v 11.444946 3.825904 -6.283935
v 11.391098 3.763426 -6.283895
v 11.569209 3.955185 -6.310930
v 11.540606 3.781232 -6.310697
v 11.610626 3.748532 -6.237592
v 11.448164 3.673251 -6.310647
v 11.642610 3.949109 -6.237649
v 11.584989 3.760504 -6.137720
v 11.474637 3.631409 -6.137767
v 11.417569 3.721586 -6.111016
v 11.292994 3.583038 -6.137576
v 11.278443 3.683207 -6.110767
v 10.731125 3.575975 -6.137551
v 10.728644 3.676070 -6.110728
v 10.452836 3.575975 -6.134823
v 10.452795 3.676070 -6.107995
v 9.497499 3.676479 -6.106497
v 9.497499 3.750873 -6.180905
v 9.497499 3.574860 -6.133736
v 9.497502 3.547626 -6.235385
v 9.497502 3.723644 -6.282562
v 9.497504 3.622022 -6.309793
v 10.452996 3.549153 -6.234951
v 10.731936 3.549153 -6.237679
v 11.296894 3.556195 -6.237649
v 11.286248 3.629528 -6.310903
v 11.489931 3.607242 -6.237582
v 11.569169 4.545806 -6.310956
v -9.466279 6.092383 -6.143147
v -9.460793 3.994862 -6.197883
v -9.460793 6.097861 -6.197883
v -9.466279 4.000336 -6.143147
v -10.059783 4.011284 -6.143143
v -10.059783 6.081436 -6.143143
v -10.059652 6.089648 -6.197877
v -10.333585 6.089633 -6.200593
v -10.072810 6.169560 -6.199586
v -10.333645 6.081434 -6.145886
v -10.333645 4.011286 -6.145886
v -10.689413 6.092383 -6.143478
v -10.689413 4.000336 -6.143478
v -10.694943 3.994875 -6.198188
v -10.694943 6.097846 -6.198188
v -10.763409 6.166264 -6.198255
v -10.320474 6.169560 -6.202200
v -10.072820 6.332361 -6.191353
v -10.320556 6.332452 -6.193970
v -10.756066 6.160803 -6.286428
v -10.319083 6.164325 -6.381484
v -10.321360 6.355816 -6.282018
v -10.073009 6.355796 -6.279365
v -10.059927 6.470293 -6.308785
v -10.337084 6.470293 -6.311531
v -10.878507 6.363024 -6.284672
v -10.874612 6.336181 -6.184602
v -10.074931 6.164387 -6.378787
v -9.399983 6.160803 -6.285678
v -10.074931 3.928335 -6.378787
v -9.399983 3.931918 -6.285678
v -9.392377 3.926446 -6.197860
v -10.072810 3.923161 -6.199586
v -10.333585 4.003088 -6.200593
v -10.059652 4.003073 -6.197877
v -10.320474 3.923164 -6.202200
v -10.072820 3.760362 -6.191353
v -10.073009 3.736927 -6.279365
v -10.321360 3.736905 -6.282018
v -10.059927 3.622432 -6.308785
v -9.108932 3.723644 -6.283049
v -9.108932 3.750873 -6.181395
v -9.108930 3.622022 -6.310282
v -9.108932 3.547626 -6.235874
v -10.059657 3.575975 -6.135364
v -9.108934 3.574860 -6.134225
v -10.059811 3.549153 -6.235491
v -10.337944 3.575975 -6.138108
v -10.337084 3.622432 -6.311531
v -10.338754 3.549153 -6.238235
v -10.903712 3.556195 -6.238235
v -10.893060 3.629528 -6.311489
v -10.899817 3.583038 -6.138162
v -11.081459 3.631409 -6.138361
v -11.024394 3.721586 -6.111607
v -10.885268 3.683207 -6.111349
v -10.335469 3.676070 -6.111281
v -10.874612 3.756538 -6.184602
v -10.982619 3.787596 -6.184672
v -10.878507 3.729697 -6.284672
v -10.997912 3.763426 -6.284484
v -11.096156 3.805174 -6.111557
v -11.026130 3.837876 -6.184659
v -11.051764 3.825904 -6.284526
v -11.176019 3.955185 -6.311526
v -11.147421 3.781232 -6.311293
v -11.075747 3.963484 -6.284700
v -11.175977 4.545806 -6.311551
v -11.075856 4.545806 -6.284722
v -11.048882 3.965706 -6.184599
v -11.122332 4.545806 -6.111301
v -11.122286 3.959631 -6.111326
v -11.049033 4.545806 -6.184595
v -11.049033 5.546916 -6.184595
v -11.075856 5.546916 -6.284722
v -11.075747 6.129238 -6.284700
v -11.175977 5.546916 -6.311551
v -11.048882 6.127017 -6.184599
v -11.026130 6.254847 -6.184659
v -11.122332 5.546916 -6.111301
v -11.122286 6.133091 -6.111326
v -11.222451 5.546918 -6.138130
v -11.222559 6.141387 -6.138150
v -11.096156 6.287546 -6.111557
v -11.024394 6.371137 -6.111607
v -11.191812 6.332219 -6.138321
v -10.982619 6.305130 -6.184672
v -11.051764 6.266818 -6.284526
v -10.997912 6.329296 -6.284484
v -10.885268 6.409517 -6.111349
v -10.899817 6.509684 -6.138162
v -10.337944 6.516749 -6.138108
v -10.335469 6.416653 -6.111281
v -10.059657 6.516749 -6.135364
v -10.059614 6.416653 -6.108535
v -9.108934 6.416244 -6.106984
v -9.108934 6.517865 -6.134225
v -9.108932 6.341849 -6.181395
v -9.108932 6.369080 -6.283049
v -9.108932 6.545096 -6.235874
v -10.059811 6.543570 -6.235491
v -9.108930 6.470702 -6.310282
v -10.338754 6.543570 -6.238235
v -10.903712 6.536527 -6.238235
v -10.893060 6.463197 -6.311489
v -11.054975 6.419473 -6.311238
v -11.147421 6.311491 -6.311293
v -11.217442 6.344190 -6.238193
v -11.096749 6.485480 -6.238178
v -11.081459 6.461312 -6.138361
v -11.249427 6.143613 -6.238250
v -11.176019 6.137538 -6.311526
v -11.249277 5.546918 -6.238257
v -11.249277 4.545806 -6.238257
v -11.222451 4.545806 -6.138130
v -11.222559 3.951334 -6.138150
v -11.249427 3.949109 -6.238250
v -11.191812 3.760504 -6.138321
v -11.217442 3.748532 -6.238193
v -11.096749 3.607242 -6.238178
v -11.054975 3.673251 -6.311238
v -10.320556 3.760270 -6.193970
v -10.059614 3.676070 -6.108535
v -9.108934 3.676479 -6.106984
v -10.319083 3.928398 -6.381484
v -10.756066 3.931918 -6.286428
v -10.763409 3.926456 -6.198255
v -9.392377 6.166277 -6.197860
v 0.465817 2.856472 -6.274250
v 0.467907 2.865073 -6.165183
v 8.987773 2.720896 -6.326590
v 0.465822 7.081177 -6.375142
v 0.565944 6.980269 -6.373275
v 0.565937 2.954926 -6.277245
v 8.876225 2.822713 -6.328412
v 8.918256 5.133955 -6.367843
v 8.879761 2.837272 -6.143670
v 0.569470 2.969488 -6.092499
v 9.016670 5.155590 -6.368838
v 8.989861 2.729497 -6.217525
v 9.002787 5.892206 -6.392792
v 8.908462 5.858544 -6.391414
v 9.018758 5.164190 -6.259770
v 9.377001 5.204447 -6.261389
v 9.004874 5.900805 -6.283727
v 9.350564 5.977884 -6.286959
v 8.889215 6.431579 -6.300784
v 8.887124 6.422976 -6.409846
v 8.648911 6.718071 -6.426665
v 8.796888 6.377284 -6.408197
v 8.911994 5.873106 -6.206672
v 8.800421 6.391844 -6.223455
v 8.578859 6.646358 -6.424501
v 8.424265 6.781314 -6.424027
v 8.582393 6.660919 -6.239759
v 8.585120 6.672129 -6.097676
v 8.802892 6.402012 -6.094582
v 8.427798 6.795878 -6.239285
v 7.869238 6.919784 -6.420765
v 7.872774 6.934344 -6.236023
v 8.430415 6.806636 -6.102900
v 7.875277 6.944577 -6.106341
v 7.878827 6.959158 -5.921598
v 8.588672 6.686708 -5.912936
v 8.433969 6.821221 -5.918157
v 7.916679 7.058865 -5.924248
v 8.658723 6.758423 -5.915101
v 8.487918 6.906933 -5.920570
v 8.485825 6.898324 -6.029633
v 8.656630 6.749821 -6.024167
v 7.914588 7.050260 -6.033312
v 8.149351 7.275719 -6.040131
v 8.749194 7.098912 -6.035813
v 8.749245 7.099121 -6.180257
v 8.948612 6.925529 -6.029696
v 8.948607 6.925493 -6.177197
v 9.227839 6.568113 -6.165719
v 8.942964 6.902308 -6.324101
v 8.743663 7.076174 -6.324104
v 8.143944 7.253540 -6.321335
v 8.651001 6.726672 -6.317602
v 8.480306 6.875630 -6.317373
v 7.909183 7.028092 -6.314366
v 7.907096 7.019491 -6.423432
v 8.478216 6.867027 -6.426438
v 0.467912 7.089780 -6.266079
v 0.030464 7.321212 -6.268512
v -0.406986 7.089780 -6.266104
v 0.030462 7.343144 -6.137485
v -8.083013 7.253540 -6.321763
v -0.406986 2.865073 -6.165205
v 0.030462 2.587637 -6.155356
v 0.030459 2.609763 -6.021927
v -9.322431 2.438768 -6.213192
v 9.383356 2.438768 -6.212700
v 9.388848 2.461334 -6.073678
v 9.388700 2.460747 -5.934057
v 9.381722 5.223482 -6.016825
v 9.382182 5.225532 -6.139406
v 9.355875 5.999709 -6.157294
v 9.355550 5.998387 -6.027026
v 8.894590 6.453681 -6.020554
v 9.009890 5.921418 -6.022408
v 9.227710 6.567590 -6.025304
v 9.023538 5.183446 -6.012239
v 9.025633 5.192053 -5.903179
v 9.011985 5.930024 -5.913346
v 8.896680 6.462286 -5.911489
v 8.917658 5.896364 -5.911963
v 8.806444 6.416592 -5.909840
v 8.927220 5.170424 -5.901950
v 8.914102 5.881780 -6.096708
v 8.923671 5.155842 -6.086692
v 8.885754 2.861905 -5.831534
v 8.882203 2.847323 -6.016276
v 8.921791 5.148519 -6.183100
v 0.571714 2.978713 -5.975532
v 0.575267 2.993298 -5.790789
v 0.571635 7.003703 -6.076036
v 0.475147 2.894843 -5.787790
v 0.575187 7.018288 -5.891292
v 0.475065 7.119197 -5.893163
v 0.472972 7.110592 -6.002229
v 0.473054 2.886239 -5.896858
v 0.030457 7.341930 -6.005856
v -8.088434 7.275719 -6.040557
v 0.030454 2.608735 -5.887897
v -0.412061 7.110592 -6.002251
v -0.412145 2.886239 -5.896880
v -0.414246 2.894843 -5.787812
v -8.934298 2.751483 -5.939244
v -9.327788 2.460747 -5.934549
v -9.327931 2.461334 -6.074170
v -9.320807 5.223482 -6.017316
v -9.294630 5.998387 -6.027518
v -8.948973 5.921418 -6.022882
v -8.962623 5.183446 -6.012713
v -9.321261 5.225532 -6.139898
v -9.316073 5.204447 -6.261880
v -9.289636 5.977884 -6.287451
v -9.294953 5.999709 -6.157786
v -9.161406 6.545485 -6.306017
v -9.166920 6.568113 -6.166202
v -9.166793 6.567590 -6.025787
v -8.887696 6.925529 -6.030165
v -8.833673 6.453681 -6.021020
v -8.835772 6.462286 -5.911955
v -8.595713 6.749821 -6.024620
v -8.951070 5.930024 -5.913818
v -8.856743 5.896364 -5.912432
v -8.964721 5.192053 -5.903651
v -8.745536 6.416592 -5.910302
v -8.741975 6.402012 -6.095044
v -8.524199 6.672129 -6.098125
v -8.527762 6.686708 -5.913388
v -8.597813 6.758423 -5.915555
v -8.373055 6.821221 -5.918599
v -8.427009 6.906933 -5.921015
v -8.424909 6.898324 -6.030077
v -7.855770 7.058865 -5.924662
v -8.688277 7.098912 -6.036272
v -7.853672 7.050260 -6.033728
v -0.414159 7.119197 -5.893188
v -0.514281 7.018288 -5.891321
v -0.510718 7.003703 -6.076064
v -7.814355 6.944577 -6.106753
v -7.817914 6.959158 -5.922010
v -0.514366 2.993298 -5.790820
v -0.510803 2.978713 -5.975559
v -8.821286 2.847323 -6.016743
v -8.824849 2.861905 -5.832001
v -8.936398 2.760089 -5.830181
v -8.862754 5.155842 -6.087159
v -8.866314 5.170424 -5.902416
v -8.853186 5.881780 -6.097174
v -8.851067 5.873106 -6.207138
v -8.739497 6.391844 -6.223917
v -8.521468 6.660919 -6.240209
v -8.735951 6.377284 -6.408659
v -8.517923 6.646358 -6.424951
v -8.363329 6.781314 -6.424470
v -8.587975 6.718071 -6.427118
v -8.590069 6.726672 -6.318056
v -8.417278 6.867027 -6.426883
v -8.828283 6.431579 -6.301250
v -8.826188 6.422976 -6.410313
v -8.943948 5.900805 -6.284198
v -8.941853 5.892206 -6.393264
v -8.955738 5.155590 -6.369310
v -8.957831 5.164190 -6.260244
v -8.847527 5.858544 -6.391881
v -8.857325 5.133955 -6.368310
v -8.860869 5.148519 -6.183569
v -8.818839 2.837272 -6.144136
v -8.815293 2.822713 -6.328876
v -0.508553 2.969488 -6.092527
v -0.508556 6.994830 -6.188555
v -0.505010 2.954926 -6.277275
v -0.505013 6.980269 -6.373302
v -0.404891 7.081177 -6.375165
v -0.404891 2.856472 -6.274273
v -7.846159 7.019491 -6.423846
v -7.808304 6.919784 -6.421177
v -8.366871 6.795878 -6.239727
v -7.811847 6.934344 -6.236435
v -8.369498 6.806636 -6.103342
v -8.419374 6.875630 -6.317818
v -7.848255 7.028092 -6.314781
v -8.682734 7.076174 -6.324563
v -8.688325 7.099121 -6.180717
v -8.887684 6.925493 -6.177666
v -8.882032 6.902308 -6.324571
v -8.088541 7.276207 -6.181459
v -8.926842 2.720896 -6.327061
v -8.928935 2.729497 -6.217996
v 8.995209 2.751483 -5.938772
v 8.997302 2.760089 -5.829709
v 0.569477 6.994830 -6.188528
v 9.222332 6.545485 -6.305533
v 8.149463 7.276207 -6.181032
v -4.731497 -2.753274 20.369982
v 4.490067 -2.753274 20.370224
v -4.731497 -1.727861 20.369982
v -4.731514 -2.753274 21.034939
v -4.731514 -1.727861 21.034939
v 4.490067 -1.727861 20.370224
v 4.490050 -1.727861 21.035183
v 4.490050 -2.753274 21.035183
v 4.491103 -1.605746 -18.974125
v -4.730462 -1.605746 -18.974367
v 4.491103 -0.580333 -18.974125
v 4.491120 -0.580333 -19.639084
v 4.491120 -1.605746 -19.639084
v -4.730444 -0.580333 -19.639326
v -4.730444 -1.605746 -19.639326
v -4.730462 -0.580333 -18.974367
v 3.794680 3.177201 -6.986523
v -3.675230 3.177201 -6.986719
v 5.288062 3.077075 -6.986484
v 3.794680 1.472409 -6.988328
v -3.675230 1.472409 -6.988524
v -3.675230 -2.862099 -6.988524
v -5.168609 1.472409 -6.988564
v -9.323515 1.472409 -6.988673
v -5.168609 -4.795372 -6.988564
v -7.274523 -4.795372 -6.988619
v -5.168609 3.077075 -6.986759
v -8.776215 3.077075 -6.945974
v -9.031207 2.990258 -6.955663
v -9.264786 2.813617 -6.977791
v -9.379593 1.541621 -6.988673
v -9.313420 1.403195 -6.988673
v -9.313420 1.541621 -6.988673
v -9.379593 1.403195 -6.988673
v -9.379593 -4.795372 -6.988673
v -9.379528 0.105708 -9.465757
v -9.379523 -4.795372 -9.631018
v -9.379514 0.049071 -10.060724
v -9.313355 0.105708 -9.465755
v -9.313340 0.049071 -10.060721
v -9.313311 0.049071 -11.201431
v -9.379481 0.049071 -11.201434
v -9.379479 0.108754 -11.283001
v -8.955887 0.108754 -11.222046
v -9.323403 0.108754 -11.222055
v -9.379464 0.845594 -11.922615
v -8.955870 0.845594 -11.903028
v -8.955838 0.895731 -13.092204
v -8.955870 1.938966 -11.893243
v -8.955838 1.904997 -13.087310
v -5.168418 2.027690 -14.281277
v -8.955808 1.835450 -14.281376
v -5.168480 1.926952 -11.883354
v -5.168450 2.145299 -13.082319
v -3.868292 2.145299 -13.082283
v -3.868322 1.926952 -11.883320
v -3.674934 -0.486589 -18.206970
v -3.868259 2.027690 -14.281242
v -3.868222 1.836813 -15.641008
v -5.168384 1.836813 -15.641043
v -5.168346 1.512616 -17.000814
v -8.955770 1.705176 -15.641143
v -8.955770 0.708451 -15.641143
v -8.955808 0.874243 -14.281376
v -8.955735 1.456372 -17.000914
v -5.168329 1.334455 -17.680696
v -8.955719 1.224816 -17.680796
v -8.955735 0.486979 -17.000914
v -9.379331 0.494644 -17.000927
v -8.955719 0.132947 -17.680796
v -9.379313 0.132947 -17.680805
v -9.379295 -0.486589 -18.360685
v -8.955702 -0.486589 -18.283895
v -5.168284 -0.468599 -19.348862
v -5.168314 -0.486589 -18.207010
v -9.306946 -0.468599 -19.348969
v -9.375618 -0.469559 -19.288033
v -4.538216 -0.805020 -19.348843
v -4.975075 -0.468599 -19.348852
v -3.868170 1.334455 -17.680662
v -3.868187 1.512616 -17.000778
v -4.538216 -0.701278 -19.348843
v 4.658319 -0.805020 -19.348598
v 3.794975 -0.486589 -18.206774
v 5.288357 -0.486589 -18.206736
v 3.794687 -0.957888 -7.250763
v 3.988184 1.334455 -17.680454
v 3.988033 1.926952 -11.883114
v 3.988062 2.145299 -13.082078
v 3.988095 2.027690 -14.281036
v 3.988130 1.836813 -15.640802
v 3.988167 1.512616 -17.000574
v 5.288342 1.334455 -17.680420
v 5.288326 1.512616 -17.000538
v 5.288288 1.836813 -15.640768
v 5.288253 2.027690 -14.281002
v 9.075680 1.705176 -15.640668
v 9.075644 1.835450 -14.280903
v 9.075614 1.904997 -13.086834
v 9.075614 0.895731 -13.091730
v 9.075644 0.874243 -14.280903
v 9.075680 0.708451 -15.640668
v 9.499272 0.709512 -15.640656
v 9.499235 0.874243 -14.280890
v 9.499205 0.895731 -13.101504
v 9.499172 0.845594 -11.922115
v 9.499154 0.168442 -11.271146
v 9.075581 0.845594 -11.902555
v 9.443082 0.108754 -11.221562
v 9.499157 0.108754 -11.282501
v 9.499154 0.049071 -11.200938
v 9.075521 -4.795372 -9.630530
v 9.499113 -4.795372 -9.630517
v 9.075563 0.108754 -11.221572
v 9.432987 0.049071 -11.200940
v 9.432955 0.049071 -10.060227
v 9.499124 0.049071 -10.060225
v 9.432940 0.105708 -9.465262
v 9.499108 0.105708 -9.465261
v 9.499043 -4.795372 -6.988177
v 9.432875 1.403195 -6.988179
v 9.499043 1.403195 -6.988177
v 9.432875 1.541621 -6.988179
v 9.499043 1.541621 -6.988177
v 9.442970 1.472409 -6.988179
v 7.393978 -4.795372 -6.988235
v 5.288070 -4.795372 -7.250724
v 5.288062 -4.795372 -6.988289
v 9.075459 -4.795372 -7.250625
v 5.288062 1.472409 -6.988288
v 6.433901 2.813617 -6.955794
v 8.895668 2.813617 -6.945510
v 9.075459 2.007139 -7.250625
v 5.288070 1.979623 -7.250723
v 3.987911 1.979623 -7.250759
v 5.288132 2.127290 -9.602362
v 3.794687 -2.862099 -7.250763
v -3.675222 -2.862099 -7.250960
v 3.794680 -2.862099 -6.988328
v -3.675222 -0.957888 -7.250960
v -3.868443 1.979623 -7.250965
v -3.868381 2.127290 -9.602601
v -5.168604 1.979623 -7.250999
v -5.168540 2.127290 -9.602636
v -8.955992 2.007139 -7.251099
v -8.955992 -4.795372 -7.251100
v -5.168604 -4.795372 -7.251000
v -8.955930 -4.795372 -9.631004
v 3.987973 2.127290 -9.602396
v 9.075581 1.938966 -11.892770
v 5.288191 1.926952 -11.883080
v 5.288224 2.145299 -13.082044
v 9.499306 0.494644 -17.000427
v 9.075715 0.486979 -17.000439
v 9.499324 0.132947 -17.680309
v 9.075749 -0.486589 -18.283422
v 9.075732 0.132947 -17.680323
v 9.499341 -0.486589 -18.360189
v 9.495717 -0.469559 -19.287537
v 9.427048 -0.468599 -19.348473
v 5.288388 -0.468599 -19.348583
v 5.095179 -0.468599 -19.348591
v 9.075732 1.224816 -17.680323
v 9.075715 1.456372 -17.000439
v -2.893021 -0.701278 -19.246445
v -4.538218 -0.701278 -19.246489
v -1.174135 -0.701278 -19.246399
v -0.314689 -0.701278 -19.246380
v -2.033578 -0.701278 -19.246422
v -9.379365 0.709512 -15.641152
v -9.379401 0.874243 -14.281389
v -9.379432 0.895731 -13.102005
v -4.181493 -1.978284 7.212845
v -4.181470 -4.188613 6.347753
v -4.181326 -2.098434 0.852210
v -4.181386 -1.665893 3.083340
v -4.181525 -3.922327 8.395523
v -4.181525 -1.762013 8.395523
v -3.444569 -1.978284 7.212862
v -3.444601 -1.762013 8.395542
v -3.486319 -0.721468 8.396691
v -3.444599 -0.673009 8.322985
v -3.444601 -0.734123 8.396682
v -3.444599 -0.659083 8.321670
v -3.519695 -0.659028 8.396764
v -3.519695 -0.510842 8.396779
v -3.369507 -0.510842 8.396781
v -3.369507 -0.659028 8.396767
v -3.520918 -0.660032 21.060560
v -4.280652 -0.659028 8.396745
v -4.280652 -0.510842 8.396760
v -4.430839 -0.659028 8.396739
v -4.281876 -0.660032 21.060537
v -4.356972 -0.660199 21.160669
v -4.281876 -0.511846 21.060553
v -4.432063 -0.511846 21.060549
v -4.432063 -0.660032 21.060534
v -4.356972 -0.660087 21.093906
v -5.268116 -0.660199 21.160643
v -5.268116 -1.679852 21.158028
v -5.624561 -0.667190 21.060503
v -5.268114 -0.660032 21.060511
v -5.624564 -0.667357 21.160635
v -5.624564 -1.679852 21.158020
v -6.560847 1.627985 21.160801
v -8.935829 -1.679852 21.160536
v -8.935829 2.241718 21.160931
v -6.560847 2.241718 21.160992
v -6.560845 1.628149 21.060678
v -6.560845 2.241885 21.060871
v -6.560852 2.241760 21.315428
v -6.560852 1.628025 21.315235
v -6.389909 1.637735 21.060806
v -5.623668 2.395069 21.060940
v -6.389917 2.394944 21.315481
v -6.389917 1.637610 21.315357
v -6.389909 2.395069 21.060921
v -6.562900 2.395069 21.060917
v -5.623377 2.355684 9.978312
v -8.935527 2.354199 9.560681
v -5.266929 2.355684 9.978322
v -5.623365 2.354199 9.560768
v -8.935535 2.355684 9.978225
v -8.935826 2.395069 21.060856
v -9.420405 2.388256 19.871922
v -9.420135 2.354199 9.560669
v -9.420135 2.245972 9.560669
v -9.420112 0.259286 8.736707
v -9.420099 -0.896393 8.282160
v -8.935504 0.198008 8.727455
v -9.505030 2.354074 9.560666
v -9.420197 2.367823 12.007650
v -9.420310 2.381444 16.279982
v -9.505099 2.367700 12.262199
v -9.505211 2.381321 16.534529
v -9.505306 2.388133 20.126471
v -9.505030 2.245849 9.560666
v -9.420435 2.244690 21.060621
v -9.505337 2.244565 21.315174
v -9.505337 2.394944 21.315399
v -9.020729 2.394944 21.315414
v -9.020729 2.241760 21.315365
v -6.647806 2.394944 21.315474
v -8.935826 2.241885 21.060806
v -9.420438 2.244524 21.160748
v -9.420438 -1.679852 21.160521
v -9.420435 -1.679688 21.060394
v -9.420387 0.072580 19.248934
v -9.420380 -1.679092 19.002886
v -8.935826 -1.679688 21.060410
v -8.935772 -1.679092 19.002901
v -9.420340 0.062556 17.467815
v -8.935811 -1.679688 20.494419
v -8.935732 0.062556 17.467827
v -9.420325 0.464175 16.923212
v -8.935718 0.464175 16.923227
v -8.935811 2.067657 20.458103
v -5.623653 2.067657 20.458191
v -8.935699 0.680523 16.265394
v -8.935534 2.068147 9.859888
v -5.624547 -0.955849 20.494516
v -5.623345 -0.914564 8.726817
v -5.268099 -0.955849 20.494524
v -5.623374 2.068147 9.859976
v -5.624547 -1.679688 20.491903
v -5.268099 -1.679688 20.491911
v -3.445825 -1.679688 21.057955
v -3.445810 -1.679688 20.491961
v -5.624561 -1.679688 21.057894
v -5.268114 -1.679688 21.057901
v 3.484851 -1.679688 20.492142
v -3.445810 -0.955849 20.494574
v 3.484836 -1.679688 21.058136
v 3.484833 -1.679852 21.158264
v -3.445827 -1.679852 21.158081
v 5.307140 -1.679688 20.492191
v 5.307125 -1.679688 21.058186
v 5.663572 -1.679688 21.058193
v 5.307122 -1.679852 21.158312
v 5.663570 -1.679852 21.158319
v 8.974837 -1.679852 21.161007
v 5.663570 -0.667357 21.160934
v 8.974840 -1.679688 21.060879
v 6.599856 1.627985 21.161146
v 6.599856 2.241718 21.161339
v 8.974837 2.241718 21.161400
v 5.663572 -0.667190 21.060799
v 6.599858 1.628149 21.061022
v 6.599851 1.628025 21.315580
v 6.428920 1.637735 21.061140
v 6.599858 2.241885 21.061216
v 6.599851 2.241760 21.315773
v 8.974840 2.241885 21.061281
v 9.059728 2.241760 21.315838
v 6.686805 2.394944 21.315823
v 6.428913 2.394944 21.315815
v 6.428913 1.637610 21.315693
v 6.428920 2.395069 21.061258
v 6.601914 2.395069 21.061262
v 8.974840 2.395069 21.061325
v 9.059728 2.394944 21.315884
v 9.459451 2.395069 21.061337
v 9.459689 2.367823 12.008147
v 9.459578 2.381444 16.280479
v 9.459480 2.388256 19.872417
v 8.975131 2.355684 9.978697
v 9.459753 2.354199 9.561165
v 5.662984 2.354199 9.561067
v 5.662974 2.355684 9.978609
v 8.975143 2.354199 9.561153
v 8.975163 0.198008 8.727927
v 8.975173 -0.658123 8.397092
v 5.663017 -0.659028 8.397005
v 9.459785 -0.896393 8.282657
v 9.459758 -2.735301 9.373252
v 9.459731 -0.895929 10.386866
v 9.459801 -2.022171 7.741912
v 9.459773 0.259286 8.737203
v 8.975190 -2.022171 7.741899
v 8.975173 -3.922327 8.395870
v 8.975198 -2.276188 7.479006
v 9.459808 -2.276188 7.479019
v 9.459816 -2.530205 7.144039
v 8.975205 -2.530205 7.144027
v 8.975227 -4.188613 6.348099
v 8.975223 -2.698111 6.516191
v 9.459833 -2.698111 6.516203
v 8.975357 -2.698151 1.428742
v 8.975357 6.738539 1.428743
v 9.459968 -2.698151 1.428755
v 8.975396 -2.697286 -0.135261
v 8.975580 -4.186790 -7.055656
v 8.975580 -4.532011 -7.055658
v 8.975555 -2.294316 -6.149263
v 8.975551 -2.600448 -5.955454
v 8.975555 -1.747885 -6.150825
v 8.975534 -2.698576 -5.388402
v 9.460191 -4.532011 -7.055646
v 4.221611 -4.186790 -7.055780
v 9.460191 3.039522 -7.055608
v 8.975580 3.039522 -7.055621
v 9.460165 3.039522 -6.130253
v 8.975555 3.039522 -6.130265
v 9.460165 -1.747885 -6.150812
v 9.460165 -2.294316 -6.149251
v 9.460160 -2.600448 -5.955441
v 9.460148 -4.209095 -5.490346
v 9.460146 -2.698576 -5.388390
v 9.460148 -3.481402 -5.489430
v 9.368033 -3.481402 -5.489433
v 9.368033 -4.209095 -5.490348
v 9.460146 -3.260642 -5.389157
v 9.368031 -3.260642 -5.389159
v 9.460143 -3.481402 -5.289181
v 9.460096 -3.260642 -3.499027
v 9.460099 -3.481402 -3.599279
v 9.367981 -3.260642 -3.499029
v 9.460093 -3.481402 -3.399027
v 9.460096 -2.698255 -3.498379
v 9.460027 -2.697932 -0.887466
v 9.460007 -2.697286 -0.135249
v 9.460027 -2.956020 -0.888413
v 9.460029 -3.481447 -0.988852
v 9.459912 -2.956067 3.466736
v 9.459914 -3.481447 3.366238
v 9.460027 -3.261109 -0.888668
v 9.459912 -3.261112 3.466436
v 9.460024 -3.481447 -0.788601
v 9.459914 -4.209099 3.365874
v 9.367908 -3.481447 -0.788603
v 9.460024 -4.209098 -0.788916
v 9.367908 -4.209098 -0.788918
v 9.460027 -4.344316 -0.889100
v 9.459912 -4.532236 3.465626
v 9.460096 -4.532077 -3.500695
v 9.459912 -4.344317 3.465924
v 9.459872 -4.532292 4.990770
v 9.460027 -4.532123 -0.889356
v 9.460093 -4.209095 -3.399798
v 9.460029 -4.209098 -0.989168
v 9.460096 -4.344254 -3.500050
v 9.460099 -4.209095 -3.600048
v 9.367981 -4.344254 -3.500052
v 9.367983 -4.209095 -3.600050
v 9.367978 -4.209095 -3.399801
v 9.367978 -3.481402 -3.399029
v 9.367983 -3.481402 -3.599281
v 9.460143 -4.209095 -5.290095
v 9.368031 -4.344254 -5.390374
v 9.368028 -4.209095 -5.290097
v 9.460146 -4.344254 -5.390371
v 9.368028 -3.481402 -5.289184
v 9.460146 -4.532033 -5.391136
v 9.367913 -4.209098 -0.989170
v 9.367911 -4.344316 -0.889103
v 9.367913 -3.481447 -0.988855
v 9.367911 -3.261109 -0.888671
v 9.459833 -4.532347 6.515913
v 8.975227 -4.532347 6.350994
v 9.459875 -4.209096 4.891064
v 9.459909 -4.209099 3.566120
v 9.459872 -4.344255 4.991117
v 9.367757 -4.344255 4.991116
v 9.367755 -4.209096 5.091312
v 9.459870 -4.209096 5.091315
v 9.459836 -4.209096 6.415884
v 9.459870 -3.481403 5.091732
v 9.367755 -3.481403 5.091729
v 9.367760 -3.481403 4.891479
v 9.459872 -3.260643 4.991673
v 9.367757 -3.260643 4.991671
v 9.459875 -3.481403 4.891481
v 9.459909 -3.481447 3.566490
v 9.367795 -3.481447 3.566487
v 9.367795 -4.209099 3.566118
v 9.367797 -3.261112 3.466433
v 9.367800 -3.481447 3.366236
v 9.367800 -4.209099 3.365871
v 9.367797 -4.344317 3.465921
v 9.459912 -2.698131 3.467845
v 9.459872 -2.698121 4.992027
v 9.459833 -3.260643 6.516120
v 9.459836 -3.481403 6.415980
v 9.367715 -3.481403 6.616229
v 9.367718 -3.260643 6.516119
v 9.459831 -3.481403 6.616231
v 9.459831 -4.209096 6.616134
v 9.367715 -4.209096 6.616132
v 9.459833 -4.344255 6.515995
v 9.459804 -4.503050 7.688149
v 8.975193 -4.503050 7.688137
v 9.459784 -4.288420 8.354219
v 9.459768 -3.511862 8.959857
v 8.975173 -4.288420 8.354207
v 8.975158 -3.511862 8.959846
v 8.975148 -2.735301 9.373240
v 8.975165 -3.717095 8.725018
v 3.484267 -3.717095 8.724874
v 5.663006 -0.914564 8.727116
v 8.975163 -0.914078 8.727202
v 8.975136 2.068147 9.860361
v 8.975101 0.286893 11.103872
v 8.975121 -0.895929 10.386853
v 5.662977 2.068147 9.860274
v 5.663588 -0.955849 20.494812
v 5.662699 2.067657 20.458490
v 8.974854 2.067657 20.458576
v 8.974854 -1.679688 20.494892
v 8.974935 0.062556 17.468298
v 8.974950 0.464175 16.923697
v 8.974966 0.680523 16.265867
v 9.459560 0.464175 16.923712
v 8.975081 0.681017 11.944030
v 9.459578 0.680523 16.265879
v 9.459689 0.906862 11.965408
v 9.459689 1.805555 11.986780
v 9.459692 0.681017 11.944041
v 9.459565 0.827621 16.744467
v 9.459565 1.805674 16.754120
v 9.319383 0.827621 16.744463
v 9.459553 0.681697 17.188171
v 9.319383 1.805674 16.754116
v 9.319319 1.805679 19.247808
v 9.459497 1.805679 19.247812
v 9.319373 0.681697 17.188168
v 9.459542 0.393937 17.578369
v 9.319319 0.400899 19.244743
v 9.319364 0.393937 17.578369
v 9.459497 0.400899 19.244743
v 9.459497 0.072580 19.249430
v 9.459505 -1.679092 19.003382
v 9.459451 2.244690 21.061117
v 9.459545 0.062556 17.468311
v 9.459451 -1.679688 21.060890
v 9.459449 -1.679852 21.161020
v 9.459449 2.244524 21.161245
v 8.974895 -1.679092 19.003370
v 9.544336 2.244565 21.315680
v 9.544646 2.245849 9.561168
v 9.459753 2.245972 9.561165
v 9.459745 1.801273 9.795230
v 9.544646 2.354074 9.561168
v 9.544575 2.367700 12.262700
v 9.544463 2.381321 16.535030
v 9.544369 2.388133 20.126974
v 9.544336 2.394944 21.315899
v 9.247478 1.801273 9.795225
v 9.247493 0.268489 9.189665
v 9.459764 0.268489 9.189669
v 9.459727 0.277692 10.579327
v 9.247458 0.277692 10.579322
v 9.459712 0.286893 11.103883
v 9.459720 0.599555 10.865130
v 9.247451 0.599555 10.865125
v 9.459704 0.921421 11.415271
v 9.459702 0.508381 11.500384
v 8.975092 0.508381 11.500373
v 9.247436 0.921421 11.415267
v 9.247420 0.906862 11.965403
v 9.247420 1.805555 11.986774
v 5.663588 -1.679688 20.492199
v 5.307140 -0.955849 20.494804
v 5.306559 -0.914564 8.727106
v 3.484851 -0.955849 20.494757
v 3.484267 -0.914564 8.727058
v -3.444611 -0.914564 8.726874
v -3.444611 -2.706136 8.725781
v 3.484267 -2.706136 8.725966
v 3.484685 -2.708699 -7.055802
v 3.484277 -4.288420 8.354062
v 3.484685 -4.532011 -7.055803
v -3.444194 -2.708699 -7.055985
v 4.221611 -4.532011 -7.055782
v 4.221611 -1.786040 -7.055779
v -2.915530 -1.786040 -7.055969
v 2.956023 -1.786040 -7.055815
v 2.956021 -0.671153 -7.038018
v 2.955981 -0.669133 -5.488328
v 2.955981 -2.098434 -5.513751
v 3.484560 -2.098434 -2.330662
v 4.221569 -2.098434 -5.513716
v 4.221402 -2.098434 0.852431
v 3.484476 -2.098434 0.852411
v 4.221259 -4.188613 6.347975
v 4.221234 -1.978284 7.213065
v 4.221343 -1.665893 3.083561
v 3.484416 -1.665893 3.083541
v 3.484560 -0.667112 -2.324546
v 3.484280 -0.659083 8.321855
v 3.484280 -0.673009 8.323167
v 3.484310 -1.978284 7.213046
v 3.484277 -1.762013 8.395726
v 3.484277 -0.734123 8.396866
v 4.221203 -1.762013 8.395746
v 3.525995 -0.721468 8.396876
v 3.559374 -0.659028 8.396951
v 4.320328 -0.659028 8.396970
v 4.320887 -0.660032 21.060764
v 3.559932 -0.660032 21.060741
v 4.470518 -0.510842 8.396988
v 4.470518 -0.659028 8.396972
v 5.306569 -0.659028 8.396995
v 4.320328 -0.510842 8.396985
v 4.320887 -0.511846 21.060780
v 4.471074 -0.511846 21.060780
v 4.471074 -0.660032 21.060768
v 4.395981 -0.660087 21.094137
v 5.307125 -0.660032 21.060791
v 4.395981 -0.660199 21.160900
v 5.307122 -0.660199 21.160923
v 3.484833 -0.660199 21.160877
v 2.329726 -0.660199 21.160847
v 3.484833 -0.660087 21.094114
v 3.409742 -0.660032 21.060741
v 3.409742 -0.511846 21.060757
v 2.404822 -0.660032 21.060724
v 3.409184 -0.510842 8.396960
v 3.409184 -0.659028 8.396945
v 3.559374 -0.510842 8.396965
v 2.404562 -0.659028 8.396923
v 2.404840 -0.667112 -2.324576
v 0.095217 -0.667112 -2.324636
v 2.254653 -0.667112 -2.324579
v 2.404840 -0.518925 -2.324626
v 1.099840 -0.667112 -2.324609
v 1.099840 -0.518925 -2.324658
v 1.250030 -0.518925 -2.324656
v 1.250030 -0.667112 -2.324606
v 1.099557 -0.659031 8.396894
v 1.099522 -0.511851 21.060644
v 1.099557 -0.510845 8.396846
v 0.094602 -0.660038 21.060663
v 1.099522 -0.660038 21.060690
v 0.094934 -0.659031 8.396868
v 0.095217 -0.518925 -2.324685
v 0.094602 -0.511851 21.060617
v 0.094934 -0.510845 8.396818
v -0.055256 -0.510845 8.396813
v -0.055588 -0.511851 21.060610
v -0.055588 -0.660038 21.060659
v -0.055256 -0.659031 8.396864
v -1.059881 -0.659031 8.396839
v -0.054972 -0.518925 -2.324690
v -1.059597 -0.667112 -2.324666
v -0.054972 -0.667112 -2.324641
v 3.484488 -0.446834 -2.324725
v -2.214410 -0.667112 -2.324698
v -2.364602 -0.667112 -2.324700
v -3.444243 -0.446834 -2.324909
v 3.220196 -0.447844 -3.906617
v 2.955906 -0.448854 -5.488506
v -1.209787 -0.667112 -2.324671
v -1.209787 -0.518925 -2.324720
v -1.059597 -0.518925 -2.324715
v -2.214695 -0.659028 8.396801
v -1.210068 -0.659031 8.396833
v -1.210698 -0.511851 21.060579
v -1.210698 -0.660038 21.060629
v -1.210068 -0.510845 8.396781
v -1.059878 -0.510845 8.396789
v -1.060509 -0.511851 21.060587
v -1.060509 -0.660038 21.060633
v -1.135607 -0.660092 21.094004
v -1.135607 -0.660202 21.160755
v 1.174616 -0.660202 21.160820
v -2.290717 -0.660199 21.160723
v -3.445827 -0.660199 21.160696
v -2.215621 -0.660035 21.060602
v -2.290717 -0.660090 21.093971
v -2.365811 -0.660032 21.060598
v -2.365811 -0.511849 21.060606
v -3.370731 -0.660032 21.060560
v -2.364883 -0.659028 8.396799
v -2.215621 -0.511849 21.060606
v -2.364883 -0.510842 8.396811
v -2.214695 -0.510842 8.396816
v -2.364865 -0.659555 7.699617
v -2.364865 -0.511369 7.699506
v -3.444320 -0.667112 -2.324730
v -2.364602 -0.518925 -2.324812
v -2.214412 -0.518925 -2.324807
v -2.214695 -0.510842 8.396689
v -2.915572 -0.669133 -5.488481
v -3.444462 -1.665893 3.083357
v -3.444318 -2.098434 -2.330845
v -3.444402 -2.098434 0.852228
v -4.181159 -2.098434 -5.513937
v -2.915572 -2.098434 -5.513905
v -4.181118 -1.786040 -7.056001
v -4.181118 -4.532011 -7.056004
v -4.181118 -4.186790 -7.056001
v -8.935087 -4.186790 -7.056128
v -8.935439 -4.188613 6.347626
v -8.935462 -2.530205 7.143555
v -8.935493 -3.922327 8.395399
v -8.935444 -2.698111 6.515719
v -8.935310 -2.698151 1.428271
v -8.935310 6.738539 1.428271
v -8.935289 1.732610 0.678340
v -8.935270 -2.697286 -0.135733
v -9.419918 6.738539 1.428259
v -9.419918 -2.698151 1.428258
v -9.419972 -2.698131 3.467349
v -9.419972 -2.956067 3.466239
v -9.419859 -2.956020 -0.888909
v -9.419879 -2.697286 -0.135745
v -9.420053 -2.698111 6.515707
v -9.420012 -2.698121 4.991530
v -9.420053 -3.260643 6.515625
v -9.420012 -3.260643 4.991176
v -9.420050 -3.481403 6.415484
v -9.420015 -3.481403 5.091235
v -9.420011 -3.481403 4.890985
v -9.419972 -3.261112 3.465938
v -9.327894 -3.481403 4.890987
v -9.327897 -3.260643 4.991180
v -9.327900 -3.481403 5.091237
v -9.327900 -4.209096 5.090820
v -9.420012 -4.344255 4.990621
v -9.420015 -4.209096 5.090817
v -9.327897 -4.344255 4.990623
v -9.327894 -4.209096 4.890571
v -9.420011 -4.209096 4.890568
v -9.419975 -3.481447 3.565994
v -9.419975 -4.209099 3.565624
v -9.420012 -4.532292 4.990273
v -9.419972 -4.344317 3.465427
v -9.327857 -4.344317 3.465430
v -9.327859 -4.209099 3.565626
v -9.327855 -4.209099 3.365379
v -9.327855 -3.481447 3.365744
v -9.327859 -3.481447 3.565997
v -9.327857 -3.261112 3.465941
v -9.419971 -3.481447 3.365742
v -9.419971 -4.209099 3.365376
v -9.419862 -3.481447 -0.789097
v -9.419862 -4.209098 -0.789412
v -9.419972 -4.532236 3.465130
v -9.419859 -4.344316 -0.889597
v -9.327745 -4.209098 -0.789410
v -9.327745 -3.481447 -0.789095
v -9.327743 -4.344316 -0.889595
v -9.327741 -4.209098 -0.989662
v -9.327741 -3.481447 -0.989347
v -9.419859 -3.261109 -0.889165
v -9.419856 -3.481447 -0.989349
v -9.327743 -3.261109 -0.889162
v -9.419856 -4.209098 -0.989665
v -9.419791 -3.481402 -3.399523
v -9.419791 -4.209095 -3.400295
v -9.419789 -2.698255 -3.498875
v -9.419789 -3.260642 -3.499523
v -9.327676 -4.209095 -3.400293
v -9.327676 -3.481402 -3.399520
v -9.327674 -3.260642 -3.499521
v -9.327671 -3.481402 -3.599772
v -9.327671 -4.209095 -3.600542
v -9.419786 -3.481402 -3.599775
v -9.419786 -4.209095 -3.600545
v -9.419789 -4.344254 -3.500546
v -9.419743 -4.209095 -5.290592
v -9.419743 -3.481402 -5.289678
v -9.419740 -3.260642 -5.389654
v -9.327626 -4.209095 -5.290589
v -9.327626 -3.481402 -5.289675
v -9.327623 -3.260642 -5.389651
v -9.327621 -3.481402 -5.489924
v -9.419738 -3.481402 -5.489926
v -9.419738 -4.209095 -5.490843
v -9.327621 -4.209095 -5.490840
v -9.327623 -4.344254 -5.390865
v -9.419740 -4.344254 -5.390868
v -9.419740 -4.532033 -5.391633
v -9.419789 -4.532077 -3.501192
v -9.419859 -4.532123 -0.889853
v -8.935087 -4.532011 -7.056130
v -9.419695 -4.532011 -7.056142
v -9.419720 -2.294316 -6.149748
v -9.419720 -1.747885 -6.151309
v -9.419695 3.039522 -7.056105
v -9.419724 -2.600448 -5.955938
v -8.935112 -2.294316 -6.149735
v -8.935131 -2.698576 -5.388874
v -8.935117 -2.600448 -5.955925
v -9.419740 -2.698576 -5.388886
v -8.935112 -1.747885 -6.151297
v -8.935087 3.039522 -7.056092
v -8.935112 3.039522 -6.130737
v -9.419720 3.039522 -6.130749
v -8.935439 -4.532347 6.350523
v -9.420053 -4.532347 6.515416
v -8.935493 -4.288420 8.353736
v -3.444546 -4.532347 6.350666
v -8.935476 -4.503050 7.687665
v -3.444601 -4.288420 8.353879
v -3.444611 -3.717095 8.724689
v -8.935501 -3.717095 8.724545
v -8.935510 -3.511862 8.959373
v -8.935504 -0.914078 8.726731
v -8.935519 -2.735301 9.372768
v -8.935546 -0.895929 10.386381
v -9.420127 -2.735301 9.372756
v -9.420117 -3.511862 8.959361
v -9.420084 -2.022171 7.741416
v -9.420155 -0.895929 10.386369
v -9.420122 0.268489 9.189173
v -8.935566 0.286893 11.103400
v -9.420174 0.286893 11.103389
v -9.420159 0.277692 10.578831
v -9.420167 0.599555 10.864633
v -9.207893 0.277692 10.578835
v -9.207900 0.599555 10.864637
v -9.207931 1.805555 11.986288
v -9.207915 0.921421 11.414778
v -9.207858 0.268489 9.189178
v -9.207872 1.801273 9.794739
v -9.420139 1.801273 9.794734
v -9.420197 1.805555 11.986284
v -9.420322 1.805674 16.753624
v -9.420322 0.827621 16.743971
v -9.420308 0.680523 16.265383
v -9.420197 0.906862 11.964913
v -9.207931 0.906862 11.964917
v -9.420181 0.921421 11.414774
v -9.420183 0.508381 11.499888
v -9.420197 0.681017 11.943547
v -8.935588 0.681017 11.943559
v -8.935575 0.508381 11.499902
v -9.280144 0.827621 16.743971
v -9.280156 0.681697 17.187679
v -9.420333 0.681697 17.187675
v -9.420342 0.393937 17.577873
v -9.420387 0.400899 19.244247
v -9.280210 0.400899 19.244255
v -9.280167 0.393937 17.577877
v -9.280210 1.805679 19.247320
v -9.420387 1.805679 19.247316
v -9.280144 1.805674 16.753624
v -9.420076 -2.276188 7.478522
v -8.935476 -2.022171 7.741428
v -8.935469 -2.276188 7.478535
v -8.935493 -0.658123 8.396621
v -5.623335 -0.659028 8.396707
v -5.266887 -0.659028 8.396716
v -5.266917 2.354199 9.560778
v -9.420054 -3.481403 6.615735
v -9.420070 -2.530205 7.143543
v -9.420054 -4.209096 6.615638
v -9.327940 -4.209096 6.615640
v -9.327940 -3.481403 6.615736
v -9.327936 -3.260643 6.515626
v -9.327934 -3.481403 6.415486
v -9.420050 -4.209096 6.415386
v -9.327934 -4.209096 6.415389
v -9.327936 -4.344255 6.515501
v -9.420053 -4.344255 6.515498
v -9.420084 -4.503050 7.687652
v -9.420102 -4.288420 8.353724
v -3.444194 -4.532011 -7.055986
v -9.327674 -4.344254 -3.500544
v -9.419859 -2.697932 -0.887963
v -9.419898 1.732610 0.678328
v -8.935289 6.738539 0.679163
v -9.419898 6.738539 0.679150
v -2.915460 -0.450874 -7.038353
v -2.915500 -0.448854 -5.488660
v -2.915532 -0.671153 -7.038172
v 2.955946 -0.450874 -7.038199
v 2.955487 2.839569 -7.038944
v -2.915001 2.839569 -7.039098
v 2.955447 2.839569 -5.489251
v 2.955447 3.248080 -5.489250
v 2.955487 3.248080 -7.038943
v -2.915001 3.248080 -7.039097
v -2.915041 3.248080 -5.489404
v 0.020206 3.248080 -5.473356
v 0.020206 2.839569 -5.473356
v -2.868702 -0.448460 -3.912946
v 2.909024 -0.448460 -3.912794
v 0.020163 -0.449075 -3.919045
v -2.915041 2.839569 -5.489405
v -3.179871 -0.447844 -3.906785
v -3.520918 -0.511846 21.060572
v -3.445827 -0.660087 21.093933
v -3.370731 -0.511846 21.060575
v 1.174616 -0.660092 21.094069
v 2.329726 -0.660090 21.094095
v 2.254635 -0.660035 21.060720
v 1.249709 -0.660038 21.060694
v 2.254372 -0.659028 8.396920
v 1.249747 -0.659031 8.396898
v 1.249709 -0.511851 21.060648
v 1.249747 -0.510845 8.396846
v 2.254653 -0.518925 -2.324628
v 2.254372 -0.510842 8.396871
v 2.254632 -0.511849 21.060667
v 2.404822 -0.511849 21.060675
v 2.404562 -0.510842 8.396871
v 3.559932 -0.511846 21.060757
v 5.306236 1.947735 21.061182
v 5.306527 2.355684 9.978600
v 5.306236 2.395069 21.061232
v 5.662684 2.395069 21.061239
v 5.306536 2.354199 9.561056
v 4.221203 -3.922327 8.395746
v 3.484332 -4.532347 6.350849
v -5.266898 -0.914564 8.726828
v 9.367718 -4.344255 6.515992
v 9.367720 -4.209096 6.415881
v 9.367720 -3.481403 6.415977
v 9.367760 -4.209096 4.891062
v 9.459988 1.732610 0.678824
v 8.975376 1.732610 0.678812
v 9.459988 6.738539 0.679647
v 8.975376 6.738539 0.679634
v 9.459968 6.738539 1.428755
v -9.420435 2.395069 21.060837
v -5.267220 2.395069 21.060951
v -5.267220 1.947735 21.060902
v -4.430839 -0.510842 8.396754
v 9.089497 6.595647 -5.968733
v 9.204988 6.344379 -5.968731
v 9.089501 6.595647 -6.130555
v 9.204822 6.344379 0.370751
v 9.089331 6.595646 0.370749
v 8.890603 6.810890 -5.968739
v 8.890608 6.810890 -6.130560
v 9.221726 6.715049 -6.130550
v 8.992857 6.958056 -6.130558
v 8.663259 6.998259 -6.130565
v 8.663254 6.998259 -5.968743
v 8.385305 7.108312 -6.130572
v 8.738975 7.171655 -6.130562
v 8.428757 7.290729 -6.130572
v 8.992852 6.958056 -5.968736
v 8.738970 7.171655 -5.968741
v 8.428585 7.290728 0.370731
v 8.428751 7.290729 -5.968751
v 8.738804 7.171655 0.370739
v 8.992686 6.958055 0.370746
v 9.221555 6.715049 0.370753
v 8.738787 7.171655 1.023556
v 8.992669 6.958055 1.023564
v 9.221721 6.715049 -5.968729
v 9.373582 6.393507 -5.968726
v 9.373416 6.393507 0.370756
v 9.382207 5.789565 -5.956709
v 9.382041 5.789565 0.370756
v 9.373399 6.393507 1.023574
v 9.382024 5.789565 1.023574
v 9.195994 5.789564 8.044380
v 9.196178 5.789565 1.023569
v 9.381840 5.789564 8.044386
v 9.373214 6.393507 8.044387
v 9.372867 2.068077 21.215513
v 9.381798 1.800558 9.583614
v 9.381492 1.745310 21.215513
v 9.195952 1.800558 9.583610
v 9.195652 1.745310 21.095354
v 9.204277 2.018945 21.095354
v 0.029744 2.853610 21.095110
v -9.136163 1.745310 21.094872
v 3.941543 2.865627 21.095217
v 6.588321 2.865627 21.095285
v 7.684464 2.865627 21.095312
v 8.076288 2.864400 21.095327
v 8.384587 2.782879 21.095331
v 8.662541 2.672825 21.095339
v 8.889891 2.485456 21.095346
v 9.088784 2.270213 21.095350
v 9.204620 6.344378 8.044381
v 9.089128 6.595646 8.044379
v 8.890235 6.810889 8.044374
v 9.089314 6.595646 1.023566
v 8.890419 6.810890 1.023561
v 8.663070 6.998258 1.023556
v 8.890436 6.810890 0.370744
v 8.663087 6.998258 0.370739
v 8.385134 7.108311 0.370731
v 8.385117 7.108311 1.023549
v 8.076818 7.189832 1.023539
v 8.662886 6.998258 8.044370
v 8.384933 7.108311 8.044362
v 8.076633 7.189831 8.044354
v 7.684809 7.191057 8.044341
v 6.588850 7.191057 1.023502
v 7.684992 7.191057 1.023529
v 6.588666 7.191057 8.044314
v 3.941888 7.191057 8.044245
v 3.942072 7.191057 1.023432
v 0.030089 7.179040 8.044141
v -3.882056 2.865627 21.095009
v -3.881711 7.191057 8.044038
v -3.881527 7.191057 1.023226
v 0.030273 7.179040 1.023328
v 3.942089 7.191057 0.370615
v 0.030291 7.179040 0.370510
v -3.881510 7.191057 0.370409
v -6.528125 7.191058 -5.969143
v -3.881344 7.191058 -5.969074
v -6.528291 7.191057 0.370339
v 0.030457 7.179041 -5.956956
v 3.942255 7.191058 -5.968870
v -3.881339 7.191058 -6.130895
v 0.030462 7.179041 -6.142808
v 3.942260 7.191058 -6.130689
v 0.030462 7.391839 -6.142808
v 3.942260 7.379824 -6.130689
v -3.881339 7.379824 -6.130895
v 3.942255 7.379824 -5.968870
v 0.030457 7.391839 -5.956956
v -3.881510 7.379823 0.370409
v -3.881344 7.379824 -5.969074
v 0.030291 7.391839 0.370510
v 3.942089 7.379823 0.370615
v 6.588867 7.379823 0.370684
v 3.942072 7.379823 1.023432
v 6.588850 7.379823 1.023502
v 6.589034 7.379824 -5.968798
v 6.589038 7.379824 -6.130620
v 7.685176 7.379824 -5.968771
v 7.685009 7.379823 0.370711
v 8.095240 7.381049 0.370724
v 7.684992 7.379823 1.023529
v 8.095405 7.381050 -5.968758
v 7.685182 7.379824 -6.130593
v 8.095410 7.381050 -6.130580
v 8.077005 7.189832 -6.130583
v 8.077001 7.189832 -5.968760
v 7.685182 7.191058 -6.130593
v 7.685176 7.191058 -5.968771
v 6.589038 7.191058 -6.130620
v 6.589034 7.191058 -5.968798
v 7.685009 7.191057 0.370711
v 6.588867 7.191057 0.370684
v 8.076835 7.189832 0.370721
v 8.385301 7.108312 -5.968751
v 8.095222 7.381049 1.023542
v 7.684809 7.379823 8.044341
v 8.095038 7.381049 8.044354
v 6.588666 7.379823 8.044314
v 8.094690 3.055617 21.215479
v 7.684461 3.054391 21.215467
v 6.588318 3.054391 21.215437
v 3.941888 7.379823 8.044245
v 3.941540 3.054391 21.215370
v 0.029742 3.066408 21.215267
v -3.882059 3.054391 21.215164
v -3.881711 7.379823 8.044038
v 0.030089 7.391838 8.044141
v 0.030273 7.391839 1.023328
v -3.881527 7.379823 1.023226
v -6.528291 7.379823 0.370339
v -6.528308 7.379823 1.023157
v -6.528492 7.379823 8.043970
v -7.624632 7.379823 8.043940
v -7.624448 7.379823 1.023127
v -8.034660 7.381049 0.370299
v -8.034678 7.381049 1.023117
v -7.624431 7.379823 0.370309
v -6.528125 7.379824 -5.969143
v -7.624264 7.379824 -5.969173
v -8.034494 7.381050 -5.969183
v -8.034490 7.381050 -6.131005
v -8.367840 7.290729 -5.969193
v -8.368006 7.290728 0.370289
v -8.368024 7.290728 1.023107
v -8.678226 7.171655 0.370282
v -8.678059 7.171655 -5.969200
v -8.932107 6.958055 0.370274
v -8.678054 7.171655 -6.131021
v -8.931941 6.958056 -5.969207
v -8.931936 6.958056 -6.131029
v -8.602337 6.998259 -6.131019
v -8.829686 6.810890 -6.131027
v -9.160806 6.715049 -6.131034
v -9.028580 6.595647 -6.131032
v -9.312665 6.393507 -6.131040
v -9.312671 6.393507 -5.969217
v -9.160810 6.715049 -5.969213
v -9.160975 6.715049 0.370269
v -9.312837 6.393507 0.370265
v -9.312854 6.393507 1.023082
v -9.321462 5.789565 0.370265
v -9.321296 5.789565 -5.957201
v -9.321290 5.789565 -6.143054
v -9.135450 5.789565 -5.957196
v -9.135446 5.789565 -6.143048
v -9.144075 6.344379 -5.969213
v -9.144071 6.344379 -6.131034
v -9.028585 6.595647 -5.969210
v -9.028751 6.595646 0.370272
v -8.829857 6.810890 0.370277
v -8.829691 6.810890 -5.969205
v -8.602342 6.998259 -5.969198
v -8.602509 6.998258 0.370285
v -8.324389 7.108312 -5.969191
v -8.324555 7.108311 0.370292
v -8.016256 7.189832 0.370299
v -8.016089 7.189832 -5.969183
v -8.324385 7.108312 -6.131011
v -8.367835 7.290729 -6.131014
v -8.016085 7.189832 -6.131005
v -7.624264 7.191058 -5.969173
v -7.624260 7.191058 -6.130995
v -7.624260 7.379824 -6.130995
v -6.528120 7.191058 -6.130965
v -6.528120 7.379824 -6.130965
v -7.624431 7.191057 0.370309
v -7.624448 7.191057 1.023127
v -8.016273 7.189832 1.023117
v -6.528308 7.191057 1.023157
v -7.624632 7.191057 8.043940
v -8.016457 7.189831 8.043930
v -6.528837 2.865627 21.094940
v -7.624977 2.865627 21.094910
v -6.528492 7.191057 8.043970
v -8.016803 2.864400 21.094902
v -9.144788 2.018945 21.094872
v -9.029298 2.270213 21.094875
v -9.144444 6.344378 8.043900
v -9.135818 5.789564 8.043899
v -9.135859 1.800558 9.583127
v -8.325101 2.782879 21.094891
v -8.603054 2.672825 21.094883
v -8.830403 2.485456 21.094883
v -9.028953 6.595646 8.043902
v -8.830058 6.810889 8.043907
v -8.602709 6.998258 8.043915
v -9.028769 6.595646 1.023090
v -8.829875 6.810890 1.023094
v -8.602526 6.998258 1.023102
v -8.324573 7.108311 1.023110
v -8.324757 7.108311 8.043922
v -9.144241 6.344379 0.370269
v -9.144259 6.344379 1.023087
v -9.135634 5.789565 1.023087
v -9.135617 5.789565 0.370269
v -9.321479 5.789565 1.023082
v -9.313037 6.393507 8.043894
v -9.321663 5.789564 8.043893
v -9.321705 1.800558 9.583122
v -9.313386 2.068077 21.215021
v -9.161525 2.389617 21.215025
v -9.322011 1.745310 21.215021
v -8.035210 3.055617 21.215055
v -7.624979 3.054391 21.215063
v -8.932655 2.632624 21.215033
v -6.528840 3.054391 21.215097
v -8.678774 2.846223 21.215036
v -8.368555 2.965295 21.215044
v -8.678426 7.171654 8.043912
v -8.368208 7.290728 8.043920
v -8.034862 7.381049 8.043930
v -8.678243 7.171655 1.023100
v -8.932308 6.958055 8.043905
v -8.932124 6.958055 1.023092
v -9.160993 6.715049 1.023087
v -9.161178 6.715048 8.043900
v 8.428384 7.290728 8.044362
v 8.428036 2.965295 21.215487
v 8.738603 7.171654 8.044372
v 8.992137 2.632624 21.215506
v 9.221005 2.389617 21.215506
v 8.738256 2.846223 21.215494
v 8.992485 6.958055 8.044377
v 9.221538 6.715049 1.023571
v 9.221354 6.715048 8.044384
v 8.428568 7.290728 1.023549
v 9.204803 6.344379 1.023569
v 9.196197 5.789565 0.370751
v 9.196362 5.789565 -5.956715
v 9.196367 5.789565 -6.142567
v 9.382212 5.789565 -6.142561
v 9.373587 6.393507 -6.130548
v 9.204992 6.344379 -6.130552
v 9.443082 0.108754 -11.221562
v 9.499157 0.108754 -11.282501
v 9.499172 0.845594 -11.922115
v 9.443082 0.108754 -11.221562
v 9.499154 0.049071 -11.200938
v 9.075563 0.108754 -11.221572
v -9.284229 6.485464 8.327524
v -9.284229 6.485464 7.620421
v -9.284229 6.225123 8.327523
v -9.284229 6.225123 7.620421
v -9.284229 5.964783 8.327523
v -9.284229 5.964783 7.620420
v -9.284229 5.704443 8.327523
v -9.284229 5.704443 7.620420
v -9.284229 5.444102 8.327523
v -9.284229 5.444102 7.620420
v -9.284229 5.183764 8.327523
v -9.284229 5.183764 7.620420
v -9.284229 4.923423 8.327523
v -9.284229 4.923423 7.620420
v -9.284229 4.663083 8.327523
v -9.284229 4.663083 7.620420
v -9.284229 4.402744 8.327523
v -9.284229 4.402744 7.620420
v -9.284229 4.142404 8.327523
v -9.284229 4.142404 7.620420
v -9.284229 3.882063 8.327523
v -9.284229 3.882063 7.620420
v -9.284229 3.621722 8.327523
v -9.284229 3.621722 7.620420
v -9.284229 3.361383 8.327523
v -9.284229 3.361383 7.620420
v -9.284229 3.101042 8.327523
v -9.284229 3.101043 7.620420
v -9.284229 2.840702 8.327523
v -9.284229 2.840702 7.620420
v -9.284229 2.580362 8.327523
v -9.284229 2.580362 7.620420
v -9.284229 2.320022 8.327523
v -9.284229 2.320022 7.620420
v -9.284229 2.059681 8.327523
v -9.284229 2.059681 7.620420
v -9.284229 1.799342 8.327523
v -9.284229 1.799342 7.620420
v -9.284229 1.539001 8.327523
v -9.284229 1.539001 7.620420
v -9.284229 1.278662 8.327523
v -9.284229 1.278662 7.620420
v -9.284229 1.278662 6.913318
v -9.284229 1.539001 6.913318
v -9.284229 1.278662 6.206213
v -9.284229 1.539001 6.206213
v -9.284229 1.278662 5.499110
v -9.284229 1.539002 5.499110
v -9.284229 1.278662 4.792006
v -9.284229 1.539002 4.792006
v -9.284229 1.278662 4.084902
v -9.284229 1.539002 4.084902
v -9.284229 1.278662 3.377798
v -9.284229 1.539002 3.377798
v -9.284229 1.278662 2.670695
v -9.284229 1.539002 2.670695
v -9.284229 1.278662 1.963591
v -9.284229 1.539002 1.963591
v -9.284229 1.278662 1.256487
v -9.284229 1.539002 1.256487
v -9.284229 1.278662 0.549384
v -9.284229 1.539002 0.549384
v -9.284229 1.278662 -0.157720
v -9.284229 1.539002 -0.157720
v -9.284229 1.278662 -0.864824
v -9.284229 1.539002 -0.864824
v -9.284229 1.278662 -1.571927
v -9.284229 1.539002 -1.571927
v -9.284229 1.278662 -2.279031
v -9.284229 1.539002 -2.279031
v -9.284228 1.278663 -2.986135
v -9.284228 1.539003 -2.986135
v -9.284228 1.278663 -3.693239
v -9.284228 1.539003 -3.693239
v -9.284228 1.278663 -4.400342
v -9.284228 1.539003 -4.400342
v -9.284228 1.278663 -5.107445
v -9.284228 1.539003 -5.107445
v -9.284228 1.278663 -5.814549
v -9.284228 1.539003 -5.814549
v -9.284228 1.799343 -5.814549
v -9.284228 2.059683 -5.814549
v -9.284228 1.799343 -5.107445
v -9.284228 2.059683 -5.107445
v -9.284228 1.799343 -4.400342
v -9.284228 2.059683 -4.400342
v -9.284228 1.799343 -3.693238
v -9.284228 2.059683 -3.693238
v -9.284228 1.799343 -2.986135
v -9.284228 2.059683 -2.986135
v -9.284229 1.799343 -2.279031
v -9.284229 2.059683 -2.279031
v -9.284229 1.799343 -1.571927
v -9.284229 2.059683 -1.571927
v -9.284229 1.799343 -0.864824
v -9.284229 2.059683 -0.864824
v -9.284229 1.799342 -0.157720
v -9.284229 2.059683 -0.157720
v -9.284229 1.799342 0.549384
v -9.284229 2.059683 0.549384
v -9.284229 1.799342 1.256487
v -9.284229 2.059683 1.256487
v -9.284229 1.799342 1.963591
v -9.284229 2.059683 1.963591
v -9.284229 1.799342 2.670695
v -9.284229 2.059683 2.670695
v -9.284229 1.799342 3.377798
v -9.284229 2.059683 3.377798
v -9.284229 1.799342 4.084902
v -9.284229 2.059683 4.084902
v -9.284229 1.799342 4.792006
v -9.284229 2.059682 4.792006
v -9.284229 1.799342 5.499110
v -9.284229 2.059681 5.499110
v -9.284229 1.799342 6.206213
v -9.284229 2.059681 6.206213
v -9.284229 1.799342 6.913318
v -9.284229 2.059681 6.913318
v -9.284229 2.320022 6.913318
v -9.284229 2.580362 6.913318
v -9.284229 2.320022 6.206213
v -9.284229 2.580362 6.206213
v -9.284229 2.320022 5.499110
v -9.284229 2.580362 5.499110
v -9.284229 2.320022 4.792006
v -9.284229 2.580362 4.792006
v -9.284229 2.320022 4.084902
v -9.284229 2.580363 4.084902
v -9.284229 2.320022 3.377798
v -9.284229 2.580363 3.377798
v -9.284229 2.320022 2.670695
v -9.284229 2.580363 2.670695
v -9.284229 2.320022 1.963591
v -9.284229 2.580363 1.963591
v -9.284229 2.320022 1.256487
v -9.284229 2.580363 1.256487
v -9.284229 2.320022 0.549384
v -9.284229 2.580363 0.549384
v -9.284229 2.320022 -0.157720
v -9.284229 2.580363 -0.157720
v -9.284229 2.320022 -0.864824
v -9.284229 2.580363 -0.864824
v -9.284229 2.320022 -1.571927
v -9.284229 2.580363 -1.571927
v -9.284229 2.320024 -2.279031
v -9.284229 2.580363 -2.279031
v -9.284228 2.320024 -2.986135
v -9.284228 2.580363 -2.986135
v -9.284228 2.320024 -3.693238
v -9.284228 2.580363 -3.693238
v -9.284228 2.320024 -4.400342
v -9.284228 2.580363 -4.400342
v -9.284228 2.320024 -5.107445
v -9.284228 2.580363 -5.107445
v -9.284228 2.320024 -5.814548
v -9.284228 2.580363 -5.814548
v -9.284228 2.840704 -5.814548
v -9.284228 3.101044 -5.814548
v -9.284228 2.840704 -5.107445
v -9.284228 3.101044 -5.107445
v -9.284228 2.840704 -4.400342
v -9.284228 3.101044 -4.400342
v -9.284228 2.840704 -3.693238
v -9.284228 3.101044 -3.693238
v -9.284228 2.840704 -2.986135
v -9.284228 3.101044 -2.986135
v -9.284229 2.840704 -2.279031
v -9.284229 3.101044 -2.279031
v -9.284229 2.840703 -1.571927
v -9.284229 3.101044 -1.571927
v -9.284229 2.840703 -0.864824
v -9.284229 3.101044 -0.864824
v -9.284229 2.840703 -0.157720
v -9.284229 3.101043 -0.157720
v -9.284229 2.840703 0.549384
v -9.284229 3.101043 0.549384
v -9.284229 2.840703 1.256487
v -9.284229 3.101043 1.256487
v -9.284229 2.840703 1.963591
v -9.284229 3.101043 1.963591
v -9.284229 2.840703 2.670695
v -9.284229 3.101043 2.670695
v -9.284229 2.840703 3.377798
v -9.284229 3.101043 3.377798
v -9.284229 2.840703 4.084902
v -9.284229 3.101043 4.084902
v -9.284229 2.840703 4.792006
v -9.284229 3.101043 4.792006
v -9.284229 2.840703 5.499110
v -9.284229 3.101043 5.499110
v -9.284229 2.840703 6.206213
v -9.284229 3.101043 6.206213
v -9.284229 2.840702 6.913318
v -9.284229 3.101043 6.913318
v -9.284229 3.361383 6.913318
v -9.284229 3.621723 6.913318
v -9.284229 3.361383 6.206214
v -9.284229 3.621723 6.206214
v -9.284229 3.361383 5.499110
v -9.284229 3.621723 5.499110
v -9.284229 3.361383 4.792006
v -9.284229 3.621723 4.792006
v -9.284229 3.361383 4.084902
v -9.284229 3.621724 4.084902
v -9.284229 3.361383 3.377798
v -9.284229 3.621724 3.377798
v -9.284229 3.361383 2.670695
v -9.284229 3.621724 2.670695
v -9.284229 3.361383 1.963591
v -9.284229 3.621724 1.963591
v -9.284229 3.361383 1.256487
v -9.284229 3.621724 1.256487
v -9.284229 3.361383 0.549384
v -9.284229 3.621724 0.549384
v -9.284229 3.361383 -0.157720
v -9.284229 3.621724 -0.157720
v -9.284229 3.361383 -0.864824
v -9.284229 3.621724 -0.864824
v -9.284229 3.361383 -1.571927
v -9.284229 3.621724 -1.571927
v -9.284229 3.361384 -2.279031
v -9.284229 3.621724 -2.279031
v -9.284228 3.361384 -2.986135
v -9.284228 3.621724 -2.986135
v -9.284228 3.361384 -3.693238
v -9.284228 3.621724 -3.693238
v -9.284228 3.361384 -4.400342
v -9.284228 3.621724 -4.400342
v -9.284228 3.361384 -5.107445
v -9.284228 3.621724 -5.107445
v -9.284228 3.361384 -5.814548
v -9.284228 3.621724 -5.814548
v -9.284228 3.882064 -5.814548
v -9.284228 4.142405 -5.814548
v -9.284228 3.882064 -5.107445
v -9.284228 4.142405 -5.107445
v -9.284228 3.882064 -4.400342
v -9.284228 4.142405 -4.400342
v -9.284228 3.882064 -3.693238
v -9.284228 4.142405 -3.693238
v -9.284228 3.882064 -2.986135
v -9.284228 4.142404 -2.986135
v -9.284229 3.882064 -2.279031
v -9.284229 4.142404 -2.279031
v -9.284229 3.882063 -1.571927
v -9.284229 4.142404 -1.571927
v -9.284229 3.882063 -0.864824
v -9.284229 4.142404 -0.864824
v -9.284229 3.882063 -0.157720
v -9.284229 4.142404 -0.157720
v -9.284229 3.882063 0.549384
v -9.284229 4.142404 0.549384
v -9.284229 3.882063 1.256487
v -9.284229 4.142404 1.256487
v -9.284229 3.882063 1.963591
v -9.284229 4.142404 1.963591
v -9.284229 3.882063 2.670695
v -9.284229 4.142404 2.670695
v -9.284229 3.882063 3.377798
v -9.284229 4.142404 3.377798
v -9.284229 3.882063 4.084902
v -9.284229 4.142404 4.084902
v -9.284229 3.882063 4.792006
v -9.284229 4.142404 4.792006
v -9.284229 3.882063 5.499110
v -9.284229 4.142404 5.499110
v -9.284229 3.882063 6.206214
v -9.284229 4.142404 6.206214
v -9.284229 3.882063 6.913318
v -9.284229 4.142404 6.913318
v -9.284229 4.402744 6.913318
v -9.284229 4.663083 6.913318
v -9.284229 4.402744 6.206214
v -9.284229 4.663083 6.206214
v -9.284229 4.402744 5.499110
v -9.284229 4.663083 5.499110
v -9.284229 4.402744 4.792007
v -9.284229 4.663083 4.792007
v -9.284229 4.402744 4.084902
v -9.284229 4.663083 4.084902
v -9.284229 4.402744 3.377798
v -9.284229 4.663083 3.377798
v -9.284229 4.402744 2.670695
v -9.284229 4.663083 2.670695
v -9.284229 4.402744 1.963591
v -9.284229 4.663083 1.963591
v -9.284229 4.402744 1.256487
v -9.284229 4.663084 1.256487
v -9.284229 4.402744 0.549384
v -9.284229 4.663084 0.549384
v -9.284229 4.402744 -0.157720
v -9.284229 4.663084 -0.157720
v -9.284229 4.402744 -0.864824
v -9.284229 4.663084 -0.864824
v -9.284229 4.402744 -1.571927
v -9.284229 4.663084 -1.571927
v -9.284229 4.402744 -2.279031
v -9.284229 4.663084 -2.279031
v -9.284228 4.402744 -2.986135
v -9.284228 4.663084 -2.986135
v -9.284228 4.402745 -3.693238
v -9.284228 4.663085 -3.693238
v -9.284228 4.402745 -4.400342
v -9.284228 4.663085 -4.400342
v -9.284228 4.402745 -5.107445
v -9.284228 4.663085 -5.107445
v -9.284228 4.402745 -5.814548
v -9.284228 4.663085 -5.814548
v -9.284228 4.923425 -5.814548
v -9.284228 5.183764 -5.814548
v -9.284228 4.923425 -5.107445
v -9.284228 5.183764 -5.107445
v -9.284228 4.923424 -4.400342
v -9.284228 5.183764 -4.400342
v -9.284228 4.923424 -3.693238
v -9.284228 5.183764 -3.693238
v -9.284228 4.923423 -2.986135
v -9.284228 5.183764 -2.986135
v -9.284229 4.923423 -2.279031
v -9.284229 5.183764 -2.279031
v -9.284229 4.923423 -1.571927
v -9.284229 5.183764 -1.571927
v -9.284229 4.923423 -0.864824
v -9.284229 5.183764 -0.864823
v -9.284229 4.923423 -0.157720
v -9.284229 5.183764 -0.157720
v -9.284229 4.923423 0.549384
v -9.284229 5.183764 0.549384
v -9.284229 4.923423 1.256487
v -9.284229 5.183764 1.256487
v -9.284229 4.923423 1.963591
v -9.284229 5.183764 1.963591
v -9.284229 4.923423 2.670695
v -9.284229 5.183764 2.670695
v -9.284229 4.923423 3.377798
v -9.284229 5.183764 3.377798
v -9.284229 4.923423 4.084902
v -9.284229 5.183764 4.084902
v -9.284229 4.923423 4.792007
v -9.284229 5.183764 4.792007
v -9.284229 4.923423 5.499110
v -9.284229 5.183764 5.499110
v -9.284229 4.923423 6.206214
v -9.284229 5.183764 6.206214
v -9.284229 4.923423 6.913318
v -9.284229 5.183764 6.913318
v -9.284229 5.444102 6.913318
v -9.284229 5.704443 6.913318
v -9.284229 5.444102 6.206214
v -9.284229 5.704443 6.206214
v -9.284229 5.444102 5.499110
v -9.284229 5.704443 5.499110
v -9.284229 5.444102 4.792007
v -9.284229 5.704443 4.792007
v -9.284229 5.444102 4.084902
v -9.284229 5.704443 4.084902
v -9.284229 5.444102 3.377798
v -9.284229 5.704443 3.377798
v -9.284229 5.444105 2.670695
v -9.284229 5.704443 2.670695
v -9.284229 5.444105 1.963591
v -9.284229 5.704443 1.963592
v -9.284229 5.444105 1.256487
v -9.284229 5.704443 1.256488
v -9.284229 5.444105 0.549384
v -9.284229 5.704443 0.549384
v -9.284229 5.444105 -0.157720
v -9.284229 5.704443 -0.157720
v -9.284229 5.444105 -0.864823
v -9.284229 5.704443 -0.864823
v -9.284229 5.444105 -1.571927
v -9.284229 5.704443 -1.571927
v -9.284229 5.444105 -2.279031
v -9.284229 5.704443 -2.279031
v -9.284228 5.444105 -2.986135
v -9.284228 5.704443 -2.986135
v -9.284228 5.444105 -3.693238
v -9.284228 5.704443 -3.693238
v -9.284228 5.444105 -4.400342
v -9.284228 5.704445 -4.400342
v -9.284228 5.444105 -5.107445
v -9.284228 5.704445 -5.107445
v -9.284228 5.444105 -5.814548
v -9.284228 5.704445 -5.814548
v -9.284228 5.964784 -5.814548
v -9.284228 6.225124 -5.814548
v -9.284228 5.964784 -5.107445
v -9.284228 6.225124 -5.107445
v -9.284228 5.964784 -4.400342
v -9.284228 6.225124 -4.400342
v -9.284228 5.964784 -3.693238
v -9.284228 6.225124 -3.693238
v -9.284228 5.964784 -2.986135
v -9.284228 6.225124 -2.986135
v -9.284229 5.964784 -2.279031
v -9.284229 6.225124 -2.279031
v -9.284229 5.964784 -1.571927
v -9.284229 6.225124 -1.571927
v -9.284229 5.964784 -0.864823
v -9.284229 6.225124 -0.864823
v -9.284229 5.964784 -0.157720
v -9.284229 6.225124 -0.157720
v -9.284229 5.964784 0.549384
v -9.284229 6.225124 0.549384
v -9.284229 5.964784 1.256488
v -9.284229 6.225124 1.256488
v -9.284229 5.964784 1.963592
v -9.284229 6.225124 1.963592
v -9.284229 5.964784 2.670695
v -9.284229 6.225124 2.670695
v -9.284229 5.964783 3.377799
v -9.284229 6.225123 3.377799
v -9.284229 5.964783 4.084902
v -9.284229 6.225123 4.084902
v -9.284229 5.964783 4.792007
v -9.284229 6.225123 4.792007
v -9.284229 5.964783 5.499110
v -9.284229 6.225123 5.499110
v -9.284229 5.964783 6.206214
v -9.284229 6.225123 6.206214
v -9.284229 5.964783 6.913318
v -9.284229 6.225123 6.913318
v -9.284229 6.485464 6.913318
v -9.284229 6.485464 6.206214
v -9.284229 6.485464 5.499110
v -9.284229 6.485464 4.792007
v -9.284229 6.485464 4.084902
v -9.284229 6.485464 3.377799
v -9.284229 6.485465 2.670695
v -9.284229 6.485465 1.963592
v -9.284229 6.485465 1.256488
v -9.284229 6.485465 0.549384
v -9.284229 6.485465 -0.157720
v -9.284229 6.485465 -0.864823
v -9.284229 6.485465 -1.571927
v -9.284229 6.485465 -2.279031
v -9.284228 6.485465 -2.986135
v -9.284228 6.485465 -3.693238
v -9.284228 6.485465 -4.400342
v -9.284228 6.485465 -5.107445
v -9.284228 6.485465 -5.814548
v 5.548148 -4.527141 13.485265
v 5.238378 -4.603547 13.429001
v 5.493656 -4.750335 13.777459
v 5.820549 -4.459949 13.647264
v 5.769786 -4.220763 13.637727
v 5.493753 -4.288849 13.473574
v 5.179854 -4.366277 13.416560
v 4.865956 -4.443702 13.473558
v 5.135959 -4.188323 13.578251
v 4.875751 -4.252505 13.625504
v 4.589912 -4.511789 13.637698
v 4.646927 -4.308945 13.761563
v 5.111576 -4.089458 13.428995
v 4.801806 -4.165866 13.485246
v 4.529395 -4.233057 13.647228
v 4.470871 -3.995787 13.647226
v 4.743283 -3.928595 13.485244
v 5.053050 -3.852186 13.428995
v 4.762082 -3.756150 13.648878
v 5.014028 -3.694006 13.603126
v 4.540525 -3.810798 13.780619
v 4.397714 -3.699196 13.647223
v 4.670125 -3.632005 13.485242
v 4.979895 -3.555597 13.428995
v 4.606723 -3.374959 13.485242
v 4.916492 -3.298552 13.428991
v 4.334312 -3.442150 13.647223
v 4.405957 -3.298624 13.771088
v 4.631149 -3.243080 13.637181
v 4.887226 -3.179918 13.590686
v 5.143301 -3.116754 13.637195
v 4.853090 -3.041509 13.416553
v 4.539190 -3.118935 13.473549
v 5.166988 -2.964082 13.473566
v 4.789688 -2.784464 13.416551
v 4.475790 -2.861891 13.473549
v 4.263149 -3.187021 13.637687
v 4.199746 -2.929979 13.637687
v 4.482950 -2.713293 13.590423
v 4.243227 -2.772422 13.732970
v 4.065297 -2.816308 13.951365
v 4.139229 -2.651244 13.647219
v 4.411640 -2.584056 13.485234
v 3.994856 -2.980513 13.889172
v 3.885833 -3.007403 14.197661
v 4.058259 -3.237558 13.889174
v 4.149870 -3.361788 14.227907
v 4.238808 -3.339853 13.976242
v 3.949235 -3.264447 14.197661
v 3.949228 -3.264447 14.525960
v 4.058233 -3.237558 14.834458
v 3.994831 -2.980513 14.834456
v 3.885826 -3.007403 14.525958
v 4.238788 -3.339853 14.747397
v 4.149862 -3.361788 14.495728
v 4.024530 -3.518557 14.199830
v 4.024523 -3.518558 14.523800
v 4.087923 -3.775603 14.523804
v 4.087930 -3.775603 14.199832
v 4.132093 -3.492022 14.828241
v 4.397677 -3.699196 15.076428
v 4.195496 -3.749067 14.828243
v 4.334275 -3.442150 15.076428
v 4.405925 -3.298624 14.952563
v 4.631112 -3.243081 15.086479
v 4.263111 -3.187022 15.085953
v 4.539142 -3.118935 15.250108
v 4.199709 -2.929979 15.085949
v 4.475742 -2.861891 15.250106
v 4.065275 -2.816308 14.772270
v 4.243195 -2.772423 14.990671
v 4.482908 -2.713293 15.133224
v 4.755503 -2.646058 15.182740
v 4.411593 -2.584056 15.238417
v 4.789639 -2.784464 15.307119
v 4.853041 -3.041509 15.307123
v 5.166941 -2.964082 15.250125
v 5.103539 -2.707039 15.250123
v 5.028100 -2.578816 15.133240
v 5.267821 -2.519690 14.990699
v 5.303541 -2.364050 15.076455
v 5.031129 -2.431242 15.238434
v 4.721363 -2.507649 15.294682
v 5.379580 -2.638952 15.085983
v 5.647873 -2.845461 14.834501
v 5.584473 -2.588415 14.834498
v 5.445751 -2.475802 14.772307
v 5.442985 -2.895997 15.085985
v 5.368455 -3.061210 14.952590
v 5.143264 -3.116755 15.086491
v 4.916446 -3.298552 15.294685
v 5.226213 -3.222145 15.238436
v 4.887184 -3.179919 15.132990
v 5.498624 -3.154955 15.076459
v 5.700815 -3.105085 14.828281
v 5.764217 -3.362128 14.828285
v 5.562026 -3.411999 15.076461
v 5.289615 -3.479190 15.238440
v 5.265937 -3.631861 15.074807
v 5.487496 -3.577213 14.943066
v 5.837375 -3.658717 14.828287
v 5.635181 -3.708588 15.076463
v 5.651947 -3.536652 14.741220
v 5.739454 -3.515069 14.493607
v 5.739462 -3.515069 14.230108
v 5.871818 -3.335593 14.199877
v 5.871810 -3.335593 14.523849
v 5.944973 -3.632181 14.199879
v 5.944965 -3.632181 14.523853
v 5.895898 -3.895990 14.828289
v 6.003490 -3.869454 14.523853
v 5.885173 -4.003518 14.225798
v 5.885165 -4.003518 14.497937
v 6.003497 -3.869454 14.199881
v 5.895923 -3.895990 13.895442
v 5.794810 -4.025808 13.970065
v 5.693745 -3.945861 13.647258
v 5.635218 -3.708588 13.647258
v 5.837399 -3.658717 13.895442
v 5.651967 -3.536652 13.982501
v 5.487528 -3.577213 13.780645
v 5.764242 -3.362128 13.895438
v 5.562063 -3.411999 13.647256
v 5.700840 -3.105085 13.895436
v 5.808415 -3.078547 14.199877
v 5.498661 -3.154955 13.647252
v 5.535622 -3.019984 13.976276
v 5.624549 -2.998046 14.227945
v 5.624542 -2.998046 14.495766
v 5.756898 -2.818570 14.526007
v 5.756906 -2.818570 14.197712
v 5.647898 -2.845461 13.889215
v 5.443022 -2.895997 13.637719
v 5.584497 -2.588415 13.889214
v 5.368487 -3.061210 13.771111
v 5.379618 -2.638951 13.637717
v 5.693503 -2.561526 14.197710
v 5.445773 -2.475802 13.951404
v 5.267854 -2.519690 13.732997
v 5.028143 -2.578816 13.590438
v 5.031177 -2.431241 13.485253
v 5.303578 -2.364050 13.647248
v 5.505757 -2.314179 13.895431
v 5.613333 -2.287643 14.199869
v 5.447936 -2.034782 13.889210
v 5.556944 -2.007891 14.197706
v 5.243061 -2.085318 13.637713
v 5.120648 -1.989657 13.752047
v 5.293175 -1.947100 13.963834
v 5.384970 -1.924457 14.223623
v 5.498420 -1.770621 14.197704
v 5.389412 -1.797512 13.889210
v 5.184535 -1.848048 13.637713
v 5.119143 -1.549543 13.628183
v 5.326712 -1.498341 13.882983
v 5.437156 -1.471098 14.195547
v 5.498413 -1.770621 14.526001
v 5.437146 -1.471098 14.528161
v 5.071554 -1.267616 14.474150
v 5.071561 -1.267616 14.249536
v 4.996979 -1.286016 14.038454
v 3.909313 -1.554292 14.685203
v 4.856800 -1.320592 13.866381
v 4.667933 -1.367176 13.754059
v 4.839478 -1.618526 13.461867
v 4.521451 -1.696970 13.404105
v 4.453162 -1.420154 13.715054
v 4.238388 -1.473128 13.754049
v 3.923742 -1.844398 13.628153
v 4.203418 -1.775415 13.461850
v 4.049517 -1.519715 13.866358
v 3.834728 -1.572689 14.474119
v 3.834735 -1.572689 14.249501
v 3.605701 -1.922841 14.195498
v 3.909330 -1.554292 14.038425
v 3.605693 -1.922841 14.528111
v 3.690742 -2.216497 14.525952
v 3.799748 -2.189609 14.834453
v 3.716134 -1.895598 14.840670
v 3.923705 -1.844398 15.095473
v 4.049489 -1.519715 14.857274
v 4.238356 -1.473128 14.969592
v 4.453127 -1.420154 15.008599
v 4.521399 -1.696970 15.319552
v 4.667902 -1.367176 14.969604
v 4.839430 -1.618526 15.261803
v 4.856772 -1.320592 14.857297
v 5.326687 -1.498341 14.840714
v 5.119106 -1.549543 15.095501
v 4.996962 -1.286016 14.685229
v 5.184497 -1.848048 15.085978
v 5.389387 -1.797512 14.834495
v 5.384963 -1.924457 14.500081
v 5.293153 -1.947100 14.759863
v 5.120615 -1.989657 14.971636
v 5.447911 -2.034782 14.834496
v 4.888157 -2.046995 15.109861
v 4.966982 -2.153405 15.250117
v 5.243023 -2.085318 15.085978
v 5.505732 -2.314179 14.828278
v 5.556937 -2.007891 14.526001
v 5.540431 -2.452452 14.504407
v 5.613325 -2.287643 14.523842
v 5.540439 -2.452452 14.219308
v 5.693496 -2.561526 14.526005
v 4.653079 -2.230830 15.307116
v 4.339183 -2.308256 15.250104
v 4.623822 -2.112194 15.157864
v 4.359485 -2.177396 15.109846
v 4.127038 -2.234731 14.971607
v 4.004626 -2.139073 15.085945
v 4.280657 -2.070985 15.250100
v 4.594556 -1.993560 15.307116
v 4.063150 -2.376343 15.085947
v 3.858272 -2.426879 14.834453
v 4.139191 -2.651244 15.076423
v 3.937008 -2.701117 14.828236
v 3.970610 -2.839661 14.504366
v 3.829437 -2.727653 14.523798
v 3.749266 -2.453770 14.525956
v 3.829445 -2.727653 14.199824
v 3.749274 -2.453770 14.197661
v 3.862714 -2.299934 14.500039
v 3.862721 -2.299934 14.223581
v 3.954531 -2.277288 13.963799
v 3.690750 -2.216497 14.197658
v 3.858297 -2.426879 13.889168
v 3.937033 -2.701117 13.895391
v 4.063187 -2.376343 13.637683
v 4.127071 -2.234730 13.752025
v 4.359524 -2.177396 13.613803
v 4.004663 -2.139072 13.637683
v 3.799773 -2.189609 13.889166
v 3.716159 -1.895598 13.882942
v 4.280704 -2.070985 13.473543
v 4.594605 -1.993560 13.416545
v 4.623864 -2.112194 13.565804
v 4.653129 -2.230830 13.416545
v 4.967029 -2.153405 13.473562
v 4.339231 -2.308256 13.473543
v 4.888196 -2.046995 13.613818
v 4.908504 -1.916133 13.473558
v 4.721410 -2.507648 13.428986
v 4.755545 -2.646057 13.540929
v 3.970617 -2.839661 14.219264
v 3.954509 -2.277289 14.759829
v 4.908456 -1.916133 15.250117
v 4.203371 -1.775415 15.261787
v 5.103586 -2.707038 13.473566
v 5.808408 -3.078548 14.523849
v 5.535599 -3.019984 14.747433
v 5.226260 -3.222145 13.485255
v 5.289662 -3.479190 13.485257
v 5.265974 -3.631861 13.648889
v 5.362819 -3.775782 13.485261
v 5.421343 -4.013052 13.485261
v 5.396163 -4.124141 13.625519
v 5.624979 -4.067700 13.761592
v 5.974661 -4.170228 13.889225
v 6.083669 -4.143337 14.197718
v 6.022726 -4.410078 13.895446
v 5.810044 -4.672295 14.050912
v 5.881759 -4.654605 14.253873
v 6.130302 -4.383543 14.199884
v 5.881752 -4.654605 14.469853
v 6.130295 -4.383543 14.523857
v 6.083661 -4.143337 14.526016
v 5.974636 -4.170228 14.834509
v 5.794791 -4.025808 14.753654
v 5.624947 -4.067700 14.962125
v 6.022701 -4.410078 14.828293
v 5.820512 -4.459949 15.076467
v 5.769749 -4.220763 15.085993
v 5.548100 -4.527141 15.238447
v 5.493705 -4.288849 15.250134
v 5.396126 -4.124141 15.098187
v 5.135917 -4.188323 15.145438
v 5.421296 -4.013052 15.238441
v 5.111529 -4.089458 15.294689
v 5.693707 -3.945861 15.076463
v 5.362772 -3.775782 15.238441
v 5.053003 -3.852186 15.294687
v 4.801760 -4.165866 15.238428
v 4.743236 -3.928596 15.238424
v 4.762045 -3.756151 15.074796
v 5.013988 -3.694007 15.120560
v 4.979848 -3.555598 15.294685
v 4.670079 -3.632005 15.238422
v 4.606676 -3.374959 15.238422
v 4.540493 -3.810798 14.943039
v 4.376052 -3.851362 14.741182
v 4.470834 -3.995787 15.076432
v 4.268653 -4.045655 14.828243
v 4.327177 -4.282928 14.828247
v 4.161080 -4.072191 14.523804
v 4.288560 -3.872945 14.493568
v 4.161088 -4.072191 14.199832
v 4.288568 -3.872945 14.230071
v 4.195520 -3.749067 13.895396
v 4.268678 -4.045655 13.895398
v 4.376072 -3.851361 13.982465
v 4.327201 -4.282928 13.895400
v 4.219614 -4.309464 14.199836
v 4.386708 -4.373127 14.225756
v 4.477086 -4.350836 13.970032
v 4.276000 -4.589214 14.197672
v 4.385022 -4.562326 13.889183
v 4.656200 -4.747144 13.647230
v 4.346418 -4.823551 14.199836
v 4.454006 -4.797016 13.895404
v 4.764227 -4.930254 14.050883
v 4.692501 -4.947945 14.253843
v 4.899022 -4.897007 13.885432
v 5.080631 -4.852212 13.777449
v 4.928611 -4.679953 13.485250
v 5.287142 -4.801274 13.739949
v 4.346410 -4.823551 14.523809
v 4.692495 -4.947945 14.469823
v 4.764210 -4.930254 14.672787
v 4.453981 -4.797016 14.828249
v 4.898997 -4.897007 14.838241
v 5.080598 -4.852212 14.946235
v 4.656163 -4.747144 15.076436
v 4.928564 -4.679953 15.238428
v 4.384998 -4.562326 14.834468
v 4.589875 -4.511789 15.085964
v 4.865909 -4.443702 15.250115
v 4.646895 -4.308945 14.962099
v 4.875713 -4.252505 15.098176
v 4.477064 -4.350836 14.753623
v 4.529358 -4.233057 15.076432
v 4.275992 -4.589214 14.525971
v 4.386701 -4.373127 14.497897
v 4.219606 -4.309464 14.523804
v 5.179805 -4.366277 15.307131
v 5.238328 -4.603547 15.294693
v 5.493624 -4.750335 14.946244
v 5.287110 -4.801274 14.983747
v 5.675255 -4.705541 13.885451
v 5.675230 -4.705541 14.838262
v 5.810027 -4.672295 14.672813
v 4.132118 -3.492022 13.895396
v -5.199387 -4.801272 -15.240831
v -5.199419 -4.801272 -13.997035
v -5.405901 -4.750333 -15.203332
v -4.992908 -4.852211 -14.034536
v -4.811302 -4.897005 -14.142523
v -4.676505 -4.930252 -14.307973
v -4.604781 -4.947943 -14.510927
v -4.992876 -4.852211 -15.203321
v -4.840842 -4.679951 -15.495514
v -5.150608 -4.603545 -15.551782
v -5.460378 -4.527139 -15.495531
v -5.732789 -4.459948 -15.333551
v -5.092082 -4.366275 -15.564217
v -5.405983 -4.288847 -15.507216
v -5.682026 -4.220761 -15.343077
v -5.537224 -4.067698 -15.219210
v -5.308400 -4.124139 -15.355271
v -5.048194 -4.188321 -15.402522
v -4.787991 -4.252503 -15.355260
v -5.023807 -4.089457 -15.551776
v -5.333573 -4.013050 -15.495529
v -4.714037 -4.165864 -15.495510
v -4.965280 -3.852184 -15.551776
v -5.275047 -3.775780 -15.495525
v -5.547458 -3.708586 -15.333546
v -4.926268 -3.694004 -15.377643
v -5.178215 -3.631859 -15.331894
v -5.399776 -3.577211 -15.200149
v -5.474304 -3.411997 -15.333544
v -5.201892 -3.479188 -15.495523
v -4.892123 -3.555595 -15.551772
v -4.828721 -3.298550 -15.551770
v -5.138490 -3.222142 -15.495520
v -5.410901 -3.154953 -15.333544
v -5.613095 -3.105083 -15.085369
v -5.447877 -3.019981 -15.004518
v -5.280730 -3.061208 -15.209674
v -5.055538 -3.116752 -15.343579
v -5.355260 -2.895995 -15.343069
v -5.079219 -2.964080 -15.507211
v -5.560153 -2.845459 -15.091585
v -5.291858 -2.638949 -15.343067
v -5.496750 -2.588413 -15.091583
v -5.015816 -2.707036 -15.507207
v -5.180098 -2.519688 -15.247786
v -5.358028 -2.475800 -15.029392
v -5.452708 -2.452449 -14.761487
v -5.525600 -2.287641 -14.780930
v -5.418012 -2.314177 -15.085364
v -5.215818 -2.364048 -15.333536
v -4.943407 -2.431239 -15.495516
v -5.155301 -2.085316 -15.343065
v -5.360188 -2.034780 -15.091580
v -5.469214 -2.007889 -14.783087
v -5.205432 -1.947098 -15.016948
v -5.032891 -1.989655 -15.228723
v -4.800437 -2.046993 -15.366945
v -5.096774 -1.848046 -15.343061
v -5.301664 -1.797509 -15.091578
v -5.297240 -1.924455 -14.757164
v -5.410690 -1.770619 -14.783085
v -5.349425 -1.471096 -14.785245
v -5.238965 -1.498339 -15.097795
v -5.031382 -1.549541 -15.352588
v -4.580179 -1.367174 -15.226687
v -4.769050 -1.320590 -15.114382
v -4.751708 -1.618524 -15.518888
v -4.506833 -1.993558 -15.564201
v -4.820733 -1.916131 -15.507201
v -4.433676 -1.696967 -15.576635
v -4.365407 -1.420152 -15.265686
v -4.150633 -1.473126 -15.226675
v -4.115649 -1.775413 -15.518871
v -3.961767 -1.519713 -15.114362
v -4.192935 -2.070982 -15.507187
v -3.835983 -1.844396 -15.352559
v -3.628411 -1.895596 -15.097753
v -3.712026 -2.189607 -15.091536
v -3.916903 -2.139070 -15.343030
v -4.271765 -2.177394 -15.366931
v -4.039314 -2.234728 -15.228698
v -3.866786 -2.277286 -15.016914
v -3.774991 -2.299931 -14.757125
v -3.770552 -2.426877 -15.091537
v -4.051469 -2.651242 -15.333508
v -3.849288 -2.701115 -15.085322
v -3.661544 -2.453768 -14.783039
v -3.975427 -2.376340 -15.343032
v -4.251461 -2.308254 -15.507188
v -4.323871 -2.584054 -15.495502
v -4.155472 -2.772420 -15.247759
v -4.395183 -2.713291 -15.390314
v -4.633637 -2.507646 -15.551766
v -4.667780 -2.646055 -15.439829
v -4.940375 -2.578814 -15.390326
v -4.879257 -2.153403 -15.507205
v -4.565359 -2.230828 -15.564203
v -4.536100 -2.112192 -15.414945
v -4.701916 -2.784461 -15.564207
v -4.765318 -3.041507 -15.564207
v -4.388018 -2.861889 -15.507192
v -4.451420 -3.118932 -15.507192
v -4.111987 -2.929977 -15.343037
v -4.175389 -3.187019 -15.343037
v -3.907109 -2.980511 -15.091540
v -3.977552 -2.816306 -15.029358
v -3.970511 -3.237556 -15.091542
v -4.318202 -3.298622 -15.209648
v -4.151068 -3.339851 -15.004483
v -4.062140 -3.361786 -14.752812
v -3.861503 -3.264445 -14.783046
v -4.062147 -3.361786 -14.484995
v -3.861511 -3.264445 -14.454751
v -3.798103 -3.007401 -14.783043
v -3.798111 -3.007401 -14.454749
v -3.882895 -2.839658 -14.476349
v -3.882887 -2.839658 -14.761448
v -3.741714 -2.727651 -14.780880
v -3.741722 -2.727651 -14.456909
v -3.661551 -2.453768 -14.454746
v -3.849313 -2.701115 -14.152474
v -3.770577 -2.426877 -14.146255
v -3.774999 -2.299931 -14.480666
v -3.866809 -2.277286 -14.220885
v -3.712050 -2.189607 -14.146255
v -3.603025 -2.216495 -14.454744
v -3.603018 -2.216495 -14.783037
v -3.517971 -1.922839 -14.785195
v -3.517978 -1.922839 -14.452581
v -3.747013 -1.572687 -14.506585
v -3.747005 -1.572687 -14.731207
v -3.821590 -1.554290 -14.942287
v -3.821608 -1.554290 -14.295507
v -3.628438 -1.895596 -14.140029
v -3.961794 -1.519713 -14.123445
v -3.836020 -1.844396 -13.885241
v -3.916940 -2.139071 -13.894770
v -4.039346 -2.234729 -14.009110
v -4.271802 -2.177394 -13.870885
v -4.192982 -2.070983 -13.730629
v -4.115695 -1.775413 -13.718940
v -4.365439 -1.420152 -13.972136
v -4.150665 -1.473126 -14.011136
v -4.506882 -1.993558 -13.673630
v -4.433728 -1.696967 -13.661189
v -4.580211 -1.367174 -14.011148
v -4.751755 -1.618524 -13.718954
v -5.031418 -1.549541 -13.885270
v -5.096812 -1.848046 -13.894799
v -4.820781 -1.916131 -13.730646
v -4.536142 -2.112192 -13.822886
v -4.800477 -2.046993 -13.870900
v -4.879304 -2.153403 -13.730649
v -5.032923 -1.989655 -14.009135
v -5.205453 -1.947098 -14.220920
v -5.301689 -1.797510 -14.146293
v -5.360213 -2.034780 -14.146295
v -5.155338 -2.085316 -13.894801
v -5.215856 -2.364048 -13.904330
v -4.943454 -2.431239 -13.742335
v -5.418037 -2.314177 -14.152517
v -5.358050 -2.475800 -14.208485
v -5.180131 -2.519688 -13.990084
v -4.940418 -2.578814 -13.847527
v -4.701966 -2.784462 -13.673635
v -5.015863 -2.707036 -13.730654
v -4.667823 -2.646055 -13.798017
v -4.633687 -2.507647 -13.686070
v -4.323918 -2.584054 -13.742319
v -4.565409 -2.230828 -13.673633
v -4.251508 -2.308254 -13.730631
v -3.975464 -2.376341 -13.894772
v -4.051507 -2.651242 -13.904301
v -3.977575 -2.816306 -14.208447
v -4.395226 -2.713291 -13.847515
v -4.155505 -2.772420 -13.990056
v -4.112024 -2.929977 -13.894773
v -4.388065 -2.861889 -13.730636
v -4.765368 -3.041507 -13.673637
v -4.451468 -3.118933 -13.730636
v -4.175426 -3.187020 -13.894773
v -3.970536 -3.237556 -14.146259
v -4.318235 -3.298622 -14.028171
v -4.151088 -3.339851 -14.233329
v -4.543426 -3.243078 -13.894267
v -4.519001 -3.374957 -13.742326
v -4.246590 -3.442148 -13.904305
v -4.107800 -3.749065 -14.152482
v -4.309992 -3.699194 -13.904308
v -4.582403 -3.632003 -13.742328
v -4.044396 -3.492020 -14.152479
v -3.936805 -3.518555 -14.456914
v -4.000207 -3.775601 -14.456914
v -4.200842 -3.872943 -14.487159
v -4.000200 -3.775601 -14.780888
v -4.107776 -3.749065 -15.085329
v -4.200835 -3.872943 -14.750660
v -3.936798 -3.518555 -14.780888
v -4.044374 -3.492019 -15.085327
v -4.246552 -3.442148 -15.333511
v -4.309955 -3.699193 -15.333513
v -4.518954 -3.374957 -15.495507
v -4.543389 -3.243078 -15.343564
v -4.799461 -3.179916 -15.390076
v -4.582356 -3.632003 -15.495509
v -4.674322 -3.756148 -15.331882
v -4.383111 -3.995785 -15.333517
v -4.452768 -3.810796 -15.200124
v -4.655510 -3.928593 -15.495510
v -4.180931 -4.045653 -15.085329
v -4.288332 -3.851359 -14.998267
v -4.073357 -4.072189 -14.780890
v -4.131884 -4.309462 -14.780892
v -4.239457 -4.282927 -15.085332
v -4.441636 -4.233055 -15.333517
v -4.559172 -4.308943 -15.219183
v -4.389338 -4.350834 -15.010710
v -4.298978 -4.373125 -14.754979
v -4.188270 -4.589212 -14.783052
v -4.298986 -4.373125 -14.482841
v -4.188277 -4.589212 -14.454760
v -4.389361 -4.350834 -14.227118
v -4.131891 -4.309462 -14.456919
v -4.239481 -4.282927 -14.152484
v -4.073365 -4.072189 -14.456917
v -4.180953 -4.045653 -14.152482
v -4.383149 -3.995785 -13.904310
v -4.288352 -3.851359 -14.239554
v -4.452800 -3.810796 -14.037703
v -4.674360 -3.756149 -13.905962
v -4.655558 -3.928593 -13.742331
v -4.714084 -4.165864 -13.742331
v -4.965327 -3.852184 -13.686081
v -4.441673 -4.233055 -13.904310
v -4.559204 -4.308943 -14.018655
v -4.788028 -4.252503 -13.882588
v -4.778234 -4.443700 -13.730646
v -5.048237 -4.188321 -13.835337
v -4.502190 -4.511787 -13.894785
v -4.297302 -4.562325 -14.146269
v -4.568477 -4.747142 -13.904315
v -4.366286 -4.797014 -14.152488
v -4.840889 -4.679951 -13.742332
v -5.150655 -4.603545 -13.686086
v -5.405933 -4.750333 -14.034546
v -5.460425 -4.527139 -13.742351
v -5.092132 -4.366275 -13.673644
v -5.406030 -4.288847 -13.730660
v -5.308437 -4.124139 -13.882602
v -5.682064 -4.220761 -13.894816
v -5.732827 -4.459948 -13.904346
v -5.886941 -4.170227 -14.146311
v -5.537256 -4.067698 -14.018680
v -5.707088 -4.025806 -14.227149
v -5.797450 -4.003516 -14.482879
v -5.808200 -3.895988 -14.152525
v -5.915775 -3.869452 -14.456966
v -5.606022 -3.945859 -13.904344
v -5.749677 -3.658715 -14.152525
v -5.857250 -3.632179 -14.456964
v -5.857242 -3.632179 -14.780936
v -5.651736 -3.515067 -14.487197
v -5.564244 -3.536649 -14.239586
v -5.399806 -3.577211 -14.037727
v -5.474340 -3.411997 -13.904338
v -5.676522 -3.362126 -14.152522
v -5.784093 -3.335591 -14.456964
v -5.784086 -3.335591 -14.780934
v -5.720683 -3.078545 -14.780931
v -5.720691 -3.078545 -14.456962
v -5.613118 -3.105083 -14.152522
v -5.410938 -3.154953 -13.904338
v -5.447899 -3.019981 -14.233361
v -5.536827 -2.998044 -14.485032
v -5.536820 -2.998044 -14.752850
v -5.669181 -2.818568 -14.454799
v -5.560178 -2.845459 -14.146299
v -5.355298 -2.895995 -13.894806
v -5.496775 -2.588413 -14.146297
v -5.605781 -2.561524 -14.454797
v -5.605773 -2.561524 -14.783090
v -5.452716 -2.452449 -14.476389
v -5.525607 -2.287641 -14.456957
v -5.469221 -2.007889 -14.454794
v -5.297248 -1.924455 -14.480706
v -5.410697 -1.770619 -14.454792
v -5.238992 -1.498339 -14.140075
v -5.349433 -1.471096 -14.452631
v -4.983831 -1.267613 -14.731240
v -4.983839 -1.267613 -14.506617
v -4.909254 -1.286014 -14.295537
v -4.769077 -1.320590 -14.123467
v -4.909236 -1.286014 -14.942315
v -5.669173 -2.818568 -14.783093
v -5.291895 -2.638949 -13.894804
v -5.079266 -2.964080 -13.730654
v -5.055575 -3.116752 -13.894283
v -5.280762 -3.061208 -14.028198
v -5.138537 -3.222143 -13.742340
v -4.828770 -3.298550 -13.686076
v -4.799504 -3.179916 -13.847772
v -4.892172 -3.555595 -13.686079
v -5.178251 -3.631859 -13.905973
v -4.926308 -3.694005 -13.860209
v -5.201940 -3.479188 -13.742342
v -5.275094 -3.775780 -13.742345
v -5.547495 -3.708586 -13.904340
v -5.333620 -4.013050 -13.742348
v -5.023856 -4.089457 -13.686081
v -5.676497 -3.362126 -15.085369
v -5.651730 -3.515067 -14.750698
v -5.564225 -3.536649 -14.998301
v -5.749654 -3.658715 -15.085371
v -5.915768 -3.869452 -14.780939
v -5.605985 -3.945859 -15.333546
v -5.808178 -3.895988 -15.085374
v -5.797442 -4.003516 -14.755019
v -5.707065 -4.025806 -15.010744
v -5.886917 -4.170227 -15.091593
v -5.995938 -4.143335 -14.783100
v -6.042572 -4.383541 -14.780941
v -5.934982 -4.410076 -15.085376
v -5.794031 -4.654603 -14.726940
v -5.722302 -4.672293 -14.929895
v -5.587511 -4.705539 -15.095345
v -5.794036 -4.654603 -14.510960
v -6.042579 -4.383541 -14.456969
v -5.722319 -4.672293 -14.308001
v -5.935004 -4.410076 -14.152530
v -5.995946 -4.143335 -14.454807
v -5.587535 -4.705539 -14.142542
v -4.258693 -4.823549 -14.456922
v -4.258686 -4.823549 -14.780896
v -4.366261 -4.797014 -15.085333
v -4.604773 -4.947943 -14.726910
v -4.676487 -4.930252 -14.929868
v -4.811276 -4.897005 -15.095325
v -4.568440 -4.747142 -15.333519
v -4.297278 -4.562325 -15.091554
v -4.502153 -4.511787 -15.343046
v -4.778186 -4.443700 -15.507199
v -3.907134 -2.980511 -14.146259
v -5.200150 -4.801274 13.739675
v -5.794791 -4.654605 14.253567
v -5.406663 -4.750335 13.777174
v -4.993638 -4.852212 13.777183
v -4.841604 -4.679953 13.484992
v -5.151371 -4.603547 13.428726
v -5.461140 -4.527141 13.484975
v -5.733551 -4.459949 13.646957
v -5.092847 -4.366277 13.416289
v -5.406745 -4.288849 13.473289
v -5.682789 -4.220763 13.637427
v -5.887678 -4.170228 13.888912
v -5.707828 -4.025808 13.969763
v -5.537987 -4.067700 13.761298
v -5.309163 -4.124141 13.625238
v -5.048957 -4.188323 13.577986
v -5.024568 -4.089458 13.428730
v -5.334335 -4.013052 13.484977
v -5.606747 -3.945861 13.646962
v -5.808938 -3.895990 13.895135
v -5.750414 -3.658717 13.895135
v -5.548221 -3.708588 13.646962
v -5.275809 -3.775782 13.484981
v -5.178977 -3.631861 13.648612
v -5.400536 -3.577213 13.780359
v -5.564984 -3.536652 13.982205
v -5.652492 -3.515069 14.229809
v -5.677260 -3.362128 13.895139
v -5.475066 -3.411999 13.646964
v -5.202655 -3.479190 13.484982
v -5.139252 -3.222145 13.484984
v -5.411664 -3.154955 13.646968
v -5.613857 -3.105085 13.895139
v -5.721446 -3.078547 14.199574
v -5.537582 -2.998046 14.227650
v -5.448642 -3.019984 13.975988
v -5.784848 -3.335593 14.199571
v -5.652499 -3.515069 14.493307
v -5.784855 -3.335593 14.523544
v -5.721452 -3.078548 14.523544
v -5.613883 -3.105085 14.827986
v -5.448661 -3.019984 14.747141
v -5.537589 -2.998046 14.495471
v -5.669936 -2.818570 14.197411
v -5.669942 -2.818570 14.525707
v -5.560939 -2.845461 14.834207
v -5.497538 -2.588415 14.834207
v -5.606543 -2.561526 14.525709
v -5.606536 -2.561526 14.197411
v -5.453471 -2.452452 14.219016
v -5.453478 -2.452452 14.504120
v -5.358813 -2.475802 14.772021
v -5.418799 -2.314179 14.827990
v -5.526370 -2.287643 14.523550
v -5.526362 -2.287643 14.199578
v -5.469984 -2.007891 14.525713
v -5.469976 -2.007891 14.197414
v -5.360975 -2.034782 14.834210
v -5.298010 -1.924457 14.499801
v -5.298003 -1.924457 14.223343
v -5.360950 -2.034782 13.888927
v -5.206192 -1.947100 13.963557
v -5.302427 -1.797512 13.888927
v -5.411452 -1.770621 14.197418
v -5.411460 -1.770621 14.525713
v -5.302454 -1.797512 14.834214
v -5.350195 -1.471098 14.527873
v -5.239752 -1.498341 14.840434
v -5.350188 -1.471098 14.195261
v -4.984593 -1.267616 14.249269
v -4.984601 -1.267616 14.473888
v -4.910016 -1.286016 14.684970
v -4.151396 -1.473128 13.753828
v -4.769839 -1.320592 14.857042
v -4.580973 -1.367176 14.969359
v -5.032180 -1.549543 15.095236
v -5.097574 -1.848048 15.085707
v -4.752517 -1.618526 15.261553
v -4.821543 -1.916133 15.249862
v -4.507645 -1.993560 15.306873
v -4.434490 -1.696970 15.319318
v -4.116458 -1.775415 15.261566
v -4.366204 -1.420154 15.008368
v -4.151428 -1.473128 14.969373
v -3.962556 -1.519715 14.857061
v -3.822370 -1.554292 14.685000
v -3.836782 -1.844398 15.095264
v -3.629201 -1.895598 14.840480
v -3.518740 -1.922841 14.527924
v -3.917703 -2.139073 15.085739
v -3.712813 -2.189609 14.834251
v -3.775761 -2.299934 14.499839
v -3.867571 -2.277289 14.759624
v -3.603787 -2.216497 14.525763
v -4.040108 -2.234731 14.971395
v -3.976226 -2.376343 15.085737
v -3.771339 -2.426879 14.834251
v -4.272567 -2.177396 15.109619
v -4.252270 -2.308256 15.249877
v -4.536904 -2.112194 15.157621
v -4.193744 -2.070985 15.249881
v -4.566171 -2.230830 15.306871
v -4.634447 -2.507649 15.294436
v -4.944216 -2.431242 15.238171
v -4.880067 -2.153405 15.249860
v -4.801236 -2.046995 15.109606
v -5.033685 -1.989657 14.971371
v -5.206214 -1.947100 14.759588
v -5.156100 -2.085318 15.085705
v -5.216618 -2.364050 15.076179
v -5.180893 -2.519690 14.990422
v -4.941180 -2.578816 15.132978
v -4.702728 -2.784464 15.306870
v -5.016626 -2.707039 15.249858
v -4.668585 -2.646058 15.182492
v -5.292657 -2.638952 15.085703
v -5.356059 -2.895997 15.085699
v -5.080029 -2.964082 15.249854
v -5.056338 -3.116755 15.086224
v -4.766130 -3.041509 15.306870
v -4.544188 -3.243081 15.086237
v -4.800265 -3.179919 15.132731
v -4.452229 -3.118935 15.249873
v -4.388827 -2.861891 15.249873
v -4.395988 -2.713293 15.132992
v -4.176188 -3.187022 15.085733
v -4.112786 -2.929979 15.085733
v -3.971298 -3.237558 14.834248
v -3.907896 -2.980513 14.834248
v -4.156267 -2.772423 14.990451
v -3.978337 -2.816308 14.772058
v -3.850075 -2.701117 14.828032
v -4.052269 -2.651244 15.076209
v -4.324680 -2.584056 15.238186
v -3.742484 -2.727653 14.523596
v -3.662313 -2.453770 14.525759
v -3.883657 -2.839661 14.504157
v -3.798873 -3.007403 14.525757
v -3.883649 -2.839661 14.219056
v -3.742477 -2.727653 14.199627
v -3.662306 -2.453770 14.197464
v -3.850050 -2.701117 13.895184
v -3.978315 -2.816308 13.951154
v -4.052231 -2.651244 13.647002
v -3.771314 -2.426879 13.888968
v -3.976189 -2.376343 13.637471
v -4.040076 -2.234730 13.751806
v -3.867549 -2.277288 13.963591
v -3.775753 -2.299934 14.223380
v -3.712788 -2.189609 13.888971
v -3.603780 -2.216497 14.197466
v -3.917666 -2.139072 13.637473
v -3.629176 -1.895598 13.882747
v -3.518733 -1.922841 14.195312
v -3.747775 -1.572689 14.473918
v -3.747768 -1.572689 14.249301
v -3.822352 -1.554292 14.038222
v -3.962529 -1.519715 13.866146
v -3.836745 -1.844398 13.627947
v -4.193697 -2.070985 13.473320
v -4.116411 -1.775415 13.461633
v -4.507595 -1.993560 13.416305
v -4.434438 -1.696970 13.403867
v -4.752470 -1.618526 13.461614
v -4.366169 -1.420154 13.714822
v -4.580941 -1.367176 13.753817
v -4.769812 -1.320592 13.866127
v -5.032143 -1.549543 13.627918
v -5.239727 -1.498341 13.882707
v -5.097537 -1.848048 13.637441
v -5.033652 -1.989657 13.751781
v -4.801199 -2.046995 13.613563
v -4.821496 -1.916133 13.473303
v -4.536862 -2.112194 13.565563
v -4.272527 -2.177396 13.613578
v -4.566122 -2.230830 13.416305
v -4.252223 -2.308256 13.473320
v -4.324633 -2.584056 13.485003
v -4.634399 -2.507648 13.428741
v -4.668542 -2.646057 13.540683
v -4.395945 -2.713293 13.590188
v -4.941137 -2.578816 13.590177
v -4.944169 -2.431241 13.484990
v -5.180861 -2.519690 13.732722
v -5.216580 -2.364050 13.646972
v -4.880019 -2.153405 13.473301
v -5.156063 -2.085318 13.637439
v -5.418774 -2.314179 13.895143
v -5.358791 -2.475802 13.951119
v -5.497513 -2.588415 13.888922
v -5.356022 -2.895997 13.637437
v -5.560915 -2.845461 13.888922
v -5.292620 -2.638951 13.637437
v -5.016579 -2.707038 13.473297
v -5.079981 -2.964082 13.473297
v -5.056301 -3.116754 13.636926
v -4.766080 -3.041509 13.416301
v -4.702678 -2.784464 13.416301
v -4.388780 -2.861891 13.473316
v -4.112749 -2.929979 13.637467
v -4.156234 -2.772422 13.732749
v -4.452182 -3.118935 13.473314
v -4.544151 -3.243080 13.636940
v -4.176151 -3.187021 13.637467
v -3.971273 -3.237558 13.888964
v -4.318964 -3.298624 13.770857
v -4.247314 -3.442150 13.646998
v -4.151830 -3.339853 13.976021
v -4.045136 -3.492022 13.895181
v -4.062902 -3.361788 14.227692
v -3.937560 -3.518557 14.199619
v -4.062910 -3.361788 14.495512
v -3.862273 -3.264447 14.525755
v -3.862265 -3.264447 14.197458
v -3.907871 -2.980513 13.888964
v -3.798866 -3.007403 14.197458
v -4.151850 -3.339853 14.747177
v -4.045160 -3.492022 14.828026
v -3.937568 -3.518558 14.523592
v -4.000962 -3.775603 14.199619
v -4.000970 -3.775603 14.523592
v -4.201605 -3.872945 14.493345
v -4.108562 -3.749067 14.828024
v -4.453563 -3.810798 14.942804
v -4.289114 -3.851362 14.740954
v -4.310754 -3.699196 15.076201
v -4.583165 -3.632005 15.238178
v -4.247352 -3.442150 15.076203
v -4.519763 -3.374959 15.238182
v -4.318997 -3.298624 14.952332
v -4.892935 -3.555598 15.294428
v -4.829533 -3.298552 15.294428
v -5.202702 -3.479190 15.238163
v -5.139299 -3.222145 15.238167
v -5.411701 -3.154955 15.076171
v -5.281525 -3.061210 14.952310
v -5.475103 -3.411999 15.076171
v -5.677285 -3.362128 14.827984
v -5.565006 -3.536652 14.740923
v -5.400568 -3.577213 14.942778
v -5.179013 -3.631861 15.074531
v -5.548258 -3.708588 15.076167
v -5.808962 -3.895990 14.827982
v -5.606784 -3.945861 15.076165
v -5.334383 -4.013052 15.238159
v -5.275856 -3.775782 15.238159
v -5.750441 -3.658717 14.827982
v -5.858012 -3.632181 14.523542
v -5.916537 -3.869454 14.523539
v -5.798213 -4.003518 14.497632
v -5.798205 -4.003518 14.225491
v -5.916530 -3.869454 14.199567
v -5.858005 -3.632181 14.199571
v -5.996701 -4.143337 14.197403
v -5.996708 -4.143337 14.525698
v -6.043342 -4.383543 14.523539
v -5.887703 -4.170228 14.834199
v -5.935766 -4.410078 14.827976
v -5.682826 -4.220763 15.085690
v -5.707850 -4.025808 14.753354
v -5.733589 -4.459949 15.076163
v -5.406695 -4.750335 14.945960
v -5.588297 -4.705541 14.837966
v -5.461187 -4.527141 15.238155
v -5.151420 -4.603547 15.294420
v -5.406793 -4.288849 15.249846
v -5.092896 -4.366277 15.306860
v -4.841651 -4.679953 15.238174
v -4.778996 -4.443702 15.249862
v -4.788790 -4.252505 15.097920
v -5.048998 -4.188323 15.145169
v -5.309200 -4.124141 15.097907
v -5.538019 -4.067700 14.961830
v -5.024618 -4.089458 15.294424
v -4.714846 -4.165866 15.238176
v -4.966092 -3.852186 15.294424
v -4.656320 -3.928596 15.238178
v -4.927070 -3.694007 15.120298
v -4.675122 -3.756151 15.074546
v -4.383911 -3.995787 15.076198
v -4.181717 -4.045655 14.828024
v -4.442435 -4.233057 15.076198
v -4.240243 -4.282928 14.828020
v -4.299748 -4.373127 14.497668
v -4.390123 -4.350836 14.753388
v -4.132653 -4.309464 14.523588
v -4.074127 -4.072191 14.523590
v -4.559966 -4.308945 14.961852
v -4.502952 -4.511789 15.085722
v -4.298065 -4.562326 14.834238
v -4.259455 -4.823551 14.523584
v -4.367048 -4.797016 14.828018
v -4.189039 -4.589214 14.525747
v -4.259448 -4.823551 14.199612
v -4.189032 -4.589214 14.197453
v -4.299741 -4.373127 14.225529
v -4.390100 -4.350836 13.969796
v -4.132646 -4.309464 14.199612
v -4.240219 -4.282928 13.895173
v -4.181693 -4.045655 13.895177
v -4.074120 -4.072191 14.199615
v -4.201597 -3.872945 14.229845
v -4.289094 -3.851361 13.982238
v -4.108538 -3.749067 13.895177
v -4.310717 -3.699196 13.646995
v -4.583118 -3.632005 13.484998
v -4.519716 -3.374959 13.485000
v -4.453533 -3.810798 13.780384
v -4.675085 -3.756150 13.648627
v -4.656273 -3.928595 13.484998
v -4.966042 -3.852186 13.428730
v -4.383874 -3.995787 13.646993
v -4.927031 -3.694006 13.602860
v -4.892885 -3.555597 13.428732
v -4.829483 -3.298552 13.428734
v -4.800226 -3.179918 13.590430
v -4.442398 -4.233057 13.646993
v -4.788753 -4.252505 13.625250
v -4.559934 -4.308945 13.761325
v -4.714799 -4.165866 13.484996
v -4.298040 -4.562326 13.888952
v -4.502915 -4.511789 13.637460
v -4.778949 -4.443702 13.473307
v -4.569202 -4.747144 13.646991
v -4.812039 -4.897007 13.885175
v -4.677250 -4.930254 14.050635
v -4.367023 -4.797016 13.895173
v -4.605538 -4.947945 14.253596
v -5.200181 -4.801274 14.983471
v -4.993670 -4.852212 14.945970
v -4.605543 -4.947945 14.469577
v -4.812064 -4.897007 14.837987
v -4.677267 -4.930254 14.672537
v -4.569240 -4.747144 15.076192
v -5.794799 -4.654605 14.469546
v -5.723082 -4.672295 14.672508
v -6.043334 -4.383543 14.199563
v -5.935742 -4.410078 13.895131
v -5.723064 -4.672295 14.050609
v -5.588273 -4.705541 13.885156
v -5.281492 -3.061210 13.770830
v -4.909999 -1.286016 14.038192
v 5.494418 -4.750333 -15.203047
v 5.287904 -4.801272 -15.240556
v 5.676017 -4.705539 -15.095050
v 5.821311 -4.459948 -15.333244
v 5.548910 -4.527139 -15.495239
v 5.239141 -4.603545 -15.551505
v 5.081393 -4.852211 -15.203055
v 4.929373 -4.679951 -15.495258
v 5.180619 -4.366275 -15.563946
v 4.866718 -4.443700 -15.506946
v 4.656962 -4.747142 -15.333279
v 4.590675 -4.511787 -15.342806
v 5.136722 -4.188321 -15.402257
v 4.876513 -4.252503 -15.355006
v 4.647689 -4.308943 -15.218943
v 4.477848 -4.350834 -15.010475
v 4.530158 -4.233055 -15.333280
v 4.802568 -4.165864 -15.495260
v 5.112338 -4.089457 -15.551511
v 4.744045 -3.928593 -15.495262
v 4.471634 -3.995785 -15.333282
v 4.269440 -4.045653 -15.085109
v 4.541287 -3.810796 -15.199889
v 4.762845 -3.756148 -15.331632
v 5.053812 -3.852184 -15.551511
v 5.014791 -3.694004 -15.377380
v 4.670887 -3.632003 -15.495264
v 4.980657 -3.555595 -15.551513
v 4.398477 -3.699193 -15.333285
v 4.607486 -3.374957 -15.495264
v 4.335074 -3.442148 -15.333285
v 4.917255 -3.298550 -15.551515
v 4.887988 -3.179916 -15.389820
v 4.631911 -3.243078 -15.343323
v 4.406719 -3.298622 -15.209418
v 4.263911 -3.187019 -15.342817
v 4.539952 -3.118932 -15.506957
v 4.853852 -3.041507 -15.563953
v 5.144063 -3.116752 -15.343307
v 5.167751 -2.964080 -15.506940
v 4.476552 -2.861889 -15.506959
v 4.790450 -2.784461 -15.563955
v 5.104349 -2.707036 -15.506942
v 5.028905 -2.578814 -15.390066
v 4.756308 -2.646055 -15.439579
v 4.483712 -2.713291 -15.390079
v 4.243989 -2.772420 -15.247540
v 4.412403 -2.584054 -15.495270
v 4.722172 -2.507646 -15.551520
v 4.139991 -2.651242 -15.333289
v 4.063949 -2.376340 -15.342821
v 4.339993 -2.308254 -15.506961
v 4.653891 -2.230828 -15.563961
v 4.967791 -2.153403 -15.506944
v 4.624627 -2.112192 -15.414704
v 4.888959 -2.046993 -15.366690
v 5.121410 -1.989655 -15.228457
v 4.595367 -1.993558 -15.563961
v 4.909266 -1.916131 -15.506946
v 5.185297 -1.848046 -15.342791
v 5.390174 -1.797509 -15.091298
v 5.119906 -1.549541 -15.352323
v 4.840240 -1.618524 -15.518637
v 5.293935 -1.947098 -15.016673
v 5.385732 -1.924455 -14.756885
v 5.448698 -2.034780 -15.091295
v 5.614095 -2.287641 -14.780637
v 5.506519 -2.314177 -15.085075
v 5.243823 -2.085316 -15.342791
v 5.557706 -2.007889 -14.782797
v 5.557699 -2.007889 -14.454504
v 5.385725 -1.924455 -14.480426
v 5.614088 -2.287641 -14.456663
v 5.541201 -2.452449 -14.761199
v 5.541193 -2.452449 -14.476102
v 5.506494 -2.314177 -14.152228
v 5.304303 -2.364048 -13.904055
v 5.446513 -2.475800 -14.208200
v 5.448673 -2.034780 -14.146010
v 5.243785 -2.085316 -13.894527
v 4.967744 -2.153403 -13.730391
v 5.121377 -1.989655 -14.008870
v 4.888922 -2.046993 -13.870646
v 5.293915 -1.947098 -14.220645
v 5.390150 -1.797510 -14.146013
v 5.185259 -1.848046 -13.894527
v 4.909218 -1.916131 -13.730391
v 4.840192 -1.618524 -13.718703
v 5.119868 -1.549541 -13.885005
v 5.327450 -1.498339 -14.139796
v 4.857535 -1.320590 -14.123211
v 4.668664 -1.367174 -14.010905
v 5.072316 -1.267613 -14.506353
v 4.997724 -1.286014 -14.295277
v 5.072323 -1.267613 -14.730974
v 5.437918 -1.471096 -14.784960
v 5.437911 -1.471096 -14.452345
v 5.499175 -1.770619 -14.454507
v 5.499183 -1.770619 -14.782797
v 5.327475 -1.498339 -15.097517
v 4.997741 -1.286014 -14.942055
v 4.857562 -1.320590 -15.114129
v 4.668695 -1.367174 -15.226443
v 4.453924 -1.420152 -15.265454
v 4.522210 -1.696967 -15.576401
v 4.204180 -1.775413 -15.518652
v 4.239150 -1.473126 -15.226455
v 4.453892 -1.420152 -13.971906
v 4.239118 -1.473126 -14.010916
v 4.050251 -1.519713 -14.123233
v 3.910075 -1.554290 -14.295304
v 3.835490 -1.572687 -14.506386
v 3.835498 -1.572687 -14.731006
v 3.910092 -1.554290 -14.942083
v 4.050279 -1.519713 -15.114152
v 3.716923 -1.895596 -15.097561
v 3.924505 -1.844396 -15.352353
v 4.005425 -2.139070 -15.342821
v 4.127833 -2.234728 -15.228485
v 4.281466 -2.070982 -15.506961
v 3.955293 -2.277286 -15.016707
v 3.800535 -2.189607 -15.091339
v 4.360286 -2.177394 -15.366705
v 3.863483 -2.299931 -14.756925
v 3.691512 -2.216495 -14.782847
v 3.606462 -1.922839 -14.785009
v 3.606455 -1.922839 -14.452395
v 3.800511 -2.189607 -14.146055
v 3.691505 -2.216495 -14.454554
v 3.716896 -1.895596 -14.139838
v 3.924467 -1.844396 -13.885035
v 4.204134 -1.775413 -13.718719
v 4.281419 -2.070983 -13.730408
v 4.005389 -2.139071 -13.894561
v 4.127800 -2.234729 -14.008898
v 4.360250 -2.177394 -13.870659
v 4.653841 -2.230828 -13.673388
v 4.339946 -2.308254 -13.730405
v 4.624584 -2.112192 -13.822646
v 4.063911 -2.376341 -13.894559
v 3.937770 -2.701115 -14.152269
v 4.139954 -2.651242 -13.904084
v 3.859034 -2.426877 -14.146055
v 3.750028 -2.453768 -14.454550
v 3.955271 -2.277286 -14.220679
v 3.863476 -2.299931 -14.480467
v 3.750036 -2.453768 -14.782845
v 3.859059 -2.426877 -15.091337
v 3.937795 -2.701115 -15.085118
v 3.830207 -2.727651 -14.780681
v 3.830199 -2.727651 -14.456711
v 3.971372 -2.839658 -14.476143
v 3.971379 -2.839658 -14.761241
v 3.995619 -2.980511 -15.091334
v 3.886595 -3.007401 -14.782843
v 3.886588 -3.007401 -14.454547
v 4.066059 -2.816306 -15.029145
v 3.949990 -3.264445 -14.454545
v 3.949998 -3.264445 -14.782840
v 3.995594 -2.980511 -14.146050
v 4.058996 -3.237556 -14.146048
v 4.200471 -2.929977 -13.894556
v 4.066037 -2.816306 -14.208236
v 4.243957 -2.772420 -13.989834
v 4.483670 -2.713291 -13.847281
v 4.476505 -2.861889 -13.730403
v 4.853803 -3.041507 -13.673384
v 4.539905 -3.118933 -13.730400
v 4.790401 -2.784462 -13.673384
v 4.756265 -2.646055 -13.797768
v 5.104301 -2.707036 -13.730385
v 5.028862 -2.578814 -13.847266
v 4.412355 -2.584054 -13.742089
v 4.722125 -2.507647 -13.685825
v 5.031892 -2.431239 -13.742075
v 5.380342 -2.638949 -13.894523
v 5.268583 -2.519688 -13.989808
v 5.585236 -2.588413 -14.146008
v 5.443748 -2.895995 -13.894521
v 5.167704 -2.964080 -13.730383
v 5.144026 -3.116752 -13.894011
v 5.226975 -3.222143 -13.742070
v 4.917208 -3.298550 -13.685821
v 4.887946 -3.179916 -13.847517
v 5.369217 -3.061208 -14.027917
v 5.499386 -3.154953 -13.904050
v 5.562788 -3.411997 -13.904048
v 5.701580 -3.105083 -14.152224
v 5.536362 -3.019981 -14.233073
v 5.625304 -2.998044 -14.484739
v 5.648635 -2.845459 -14.146008
v 5.757660 -2.818568 -14.454498
v 5.694258 -2.561524 -14.454502
v 5.757668 -2.818568 -14.782792
v 5.694265 -2.561524 -14.782795
v 5.585260 -2.588413 -15.091293
v 5.446536 -2.475800 -15.029107
v 5.648659 -2.845459 -15.091290
v 5.625312 -2.998044 -14.752557
v 5.536384 -3.019981 -15.004228
v 5.369249 -3.061208 -15.209392
v 5.443785 -2.895995 -15.342785
v 5.380379 -2.638949 -15.342787
v 5.268616 -2.519688 -15.247511
v 5.304340 -2.364048 -15.333261
v 5.031939 -2.431239 -15.495255
v 5.499424 -3.154953 -15.333256
v 5.701602 -3.105083 -15.085071
v 5.809178 -3.078545 -14.780629
v 5.872581 -3.335591 -14.780629
v 5.765005 -3.362126 -15.085068
v 5.562826 -3.411997 -15.333254
v 5.488288 -3.577211 -15.199864
v 5.290424 -3.479188 -15.495249
v 5.266736 -3.631859 -15.331619
v 5.227022 -3.222142 -15.495251
v 5.635980 -3.708586 -15.333252
v 5.363582 -3.775780 -15.495245
v 5.422105 -4.013050 -15.495245
v 5.694506 -3.945859 -15.333252
v 5.896685 -3.895988 -15.085066
v 5.625741 -4.067698 -15.218914
v 5.396924 -4.124139 -15.354991
v 5.494515 -4.288847 -15.506932
v 5.770548 -4.220761 -15.342775
v 5.975423 -4.170227 -15.091282
v 6.131064 -4.383541 -14.780622
v 6.023489 -4.410076 -15.085061
v 6.084430 -4.143335 -14.782782
v 5.885935 -4.003516 -14.754711
v 5.795575 -4.025806 -15.010442
v 5.885928 -4.003516 -14.482574
v 6.004260 -3.869452 -14.780624
v 6.004252 -3.869452 -14.456654
v 5.945735 -3.632179 -14.780627
v 5.838161 -3.658715 -15.085068
v 5.652729 -3.536649 -14.998005
v 5.740224 -3.515067 -14.750397
v 5.945725 -3.632179 -14.456654
v 5.896661 -3.895988 -14.152217
v 5.838137 -3.658715 -14.152219
v 5.740217 -3.515067 -14.486896
v 5.652709 -3.536649 -14.239289
v 5.488258 -3.577211 -14.037442
v 5.764982 -3.362126 -14.152222
v 5.635943 -3.708586 -13.904048
v 5.363534 -3.775780 -13.742064
v 5.266699 -3.631859 -13.905699
v 5.694469 -3.945859 -13.904045
v 5.396887 -4.124139 -13.882321
v 5.625709 -4.067698 -14.018384
v 5.422058 -4.013050 -13.742064
v 5.112291 -4.089457 -13.685815
v 5.136679 -4.188321 -13.835072
v 5.494468 -4.288847 -13.730375
v 5.180569 -4.366275 -13.673374
v 4.866672 -4.443700 -13.730393
v 4.876475 -4.252503 -13.882333
v 4.647656 -4.308943 -14.018411
v 4.802522 -4.165864 -13.742080
v 4.530120 -4.233055 -13.904075
v 4.327939 -4.282927 -14.152260
v 4.471597 -3.995785 -13.904078
v 4.269415 -4.045653 -14.152262
v 4.743998 -3.928593 -13.742082
v 4.762807 -3.756149 -13.905711
v 4.541255 -3.810796 -14.037467
v 4.376814 -3.851359 -14.239326
v 4.398439 -3.699194 -13.904079
v 4.670841 -3.632003 -13.742085
v 5.014751 -3.694005 -13.859948
v 4.980610 -3.555595 -13.685819
v 4.607439 -3.374957 -13.742085
v 4.335037 -3.442148 -13.904079
v 4.132858 -3.492020 -14.152265
v 4.406687 -3.298622 -14.027943
v 4.631874 -3.243078 -13.894028
v 4.263874 -3.187020 -13.894553
v 4.239550 -3.339851 -14.233108
v 4.025285 -3.518555 -14.456706
v 4.150625 -3.361786 -14.484777
v 4.150632 -3.361786 -14.752597
v 4.239570 -3.339851 -15.004262
v 4.025292 -3.518555 -14.780676
v 4.088692 -3.775601 -14.780676
v 4.088685 -3.775601 -14.456704
v 4.132880 -3.492019 -15.085111
v 4.196283 -3.749065 -15.085111
v 4.289329 -3.872943 -14.750437
v 4.376834 -3.851359 -14.998040
v 4.289322 -3.872943 -14.486937
v 4.161849 -4.072189 -14.780674
v 4.220368 -4.309462 -14.456701
v 4.220376 -4.309462 -14.780674
v 4.161842 -4.072189 -14.456701
v 4.327964 -4.282927 -15.085105
v 4.387471 -4.373125 -14.754752
v 4.276762 -4.589212 -14.782829
v 4.387463 -4.373125 -14.482614
v 4.385785 -4.562325 -15.091325
v 4.454769 -4.797014 -15.085102
v 4.347180 -4.823549 -14.780669
v 4.764989 -4.930252 -14.929620
v 4.347173 -4.823549 -14.456696
v 4.693265 -4.947943 -14.726664
v 4.693257 -4.947943 -14.510684
v 5.810790 -4.672293 -14.307695
v 5.882514 -4.654603 -14.510652
v 5.675992 -4.705539 -14.142246
v 6.023464 -4.410076 -14.152214
v 5.821274 -4.459948 -13.904043
v 6.131057 -4.383541 -14.456649
v 5.975398 -4.170227 -14.145999
v 6.084423 -4.143335 -14.454489
v 5.770512 -4.220761 -13.894513
v 5.795552 -4.025806 -14.226849
v 5.494386 -4.750333 -14.034261
v 5.548862 -4.527139 -13.742059
v 5.287872 -4.801272 -13.996759
v 5.239090 -4.603545 -13.685810
v 4.929326 -4.679951 -13.742077
v 4.656925 -4.747142 -13.904073
v 4.590638 -4.511787 -13.894544
v 5.081361 -4.852211 -14.034271
v 4.899759 -4.897005 -14.142267
v 4.764972 -4.930252 -14.307722
v 4.454743 -4.797014 -14.152257
v 4.385759 -4.562325 -14.146039
v 4.276754 -4.589212 -14.454538
v 4.477826 -4.350834 -14.226884
v 5.882518 -4.654603 -14.726634
v 4.899784 -4.897005 -15.095069
v 5.810807 -4.672293 -14.929592
v 4.196258 -3.749065 -14.152265
v 4.059021 -3.237556 -15.091332
v 4.200509 -2.929977 -15.342819
v 5.290378 -3.479188 -13.742067
v 5.053762 -3.852184 -13.685815
v 5.872572 -3.335591 -14.456656
v 5.809170 -3.078545 -14.456658
v 4.595317 -1.993558 -13.673388
v 4.522161 -1.696967 -13.660954
vn -0.0000 -0.1670 0.9860
vn -0.0000 -0.9097 0.4152
vn -0.0000 -0.5613 0.8276
vn -0.0000 -0.9921 -0.1258
vn 1.0000 -0.0000 -0.0000
vn -0.0000 -0.8705 -0.4922
vn -0.0000 -0.9678 -0.2516
vn -0.0000 -0.7953 -0.6062
vn -0.0000 -1.0000 -0.0000
vn -0.0000 -0.0000 1.0000
vn 0.0005 0.0060 1.0000
vn 0.0007 0.0105 0.9999
vn -0.0000 0.7135 0.7007
vn -0.0000 1.0000 -0.0000
vn -0.0000 -0.0000 -1.0000
vn -0.0000 -0.1258 -0.9921
vn 0.0001 -0.2516 -0.9678
vn -0.0000 1.0000 0.0007
vn 0.9800 0.1992 0.0003
vn -0.0000 -0.5505 -0.8348
vn -0.0000 -0.1891 -0.9820
vn -0.0000 -0.4922 -0.8705
vn -0.0000 -0.6062 -0.7953
vn -1.0000 -0.0000 -0.0000
vn -0.0000 0.2992 -0.9542
vn 0.0001 0.5481 -0.8364
vn -0.0000 0.0442 -0.9990
vn -0.0000 -0.9782 0.2077
vn -0.0000 -0.9990 -0.0442
vn -0.0000 -0.8881 0.4597
vn -0.0000 -0.6086 0.7935
vn -0.0000 -0.4457 0.8952
vn -0.0000 -0.2729 0.9620
vn -0.0000 0.9541 -0.2995
vn -0.0001 0.9024 -0.4309
vn -0.0000 0.8311 -0.5561
vn -0.0000 -0.9757 -0.2189
vn -0.0000 -0.9273 -0.3743
vn -0.0000 -0.5649 -0.8252
vn -0.0000 -0.8520 -0.5236
vn -0.0000 -0.3221 -0.9467
vn -0.0000 -0.0714 -0.9974
vn -0.0000 0.9974 -0.0714
vn 0.0001 0.9829 0.1841
vn -0.0000 0.6396 0.7687
vn -0.0000 0.8972 0.4416
vn -0.0000 0.5025 0.8646
vn -0.0000 0.3556 0.9346
vn -0.0000 0.5206 -0.8538
vn -0.0000 0.6473 -0.7622
vn -0.0000 0.3846 -0.9231
vn -0.0000 -0.9192 0.3938
vn -0.0000 -0.9684 0.2493
vn -0.0000 -0.8466 0.5322
vn -0.0000 -0.4476 0.8942
vn -0.0000 -0.0714 0.9975
vn -0.0000 0.9974 0.0714
vn -0.0000 0.9488 -0.3158
vn -0.0000 0.4476 0.8942
vn -0.0000 0.8520 0.5236
vn -0.0000 0.0714 0.9975
vn -0.0000 -0.9488 -0.3158
vn -0.0000 -0.9975 0.0714
vn -0.0000 -0.5025 -0.8646
vn -0.0000 -0.6395 -0.7688
vn -0.0000 -0.3556 -0.9346
vn -0.0000 0.9757 0.2190
vn -0.0000 0.9273 0.3743
vn 0.9704 0.1286 -0.2044
vn 0.5607 0.0438 -0.8268
vn 0.8745 0.4851 -0.0000
vn 0.0030 -0.1486 0.9889
vn 0.0072 -0.0000 1.0000
vn 0.0071 -0.0000 1.0000
vn -0.3136 -0.4928 0.8117
vn -0.0000 -0.7071 0.7071
vn -0.8306 -0.3230 0.4536
vn 0.0036 -0.0000 1.0000
vn 0.0481 -0.9988 -0.0001
vn 0.0005 -1.0000 -0.0000
vn 0.0244 -0.9997 -0.0000
vn -0.6649 -0.5580 -0.4966
vn 0.2555 0.0050 -0.9668
vn 0.9322 -0.0013 -0.3619
vn -0.3174 -0.5167 -0.7951
vn -0.8874 -0.4509 0.0955
vn -0.8236 -0.1042 0.5575
vn -0.0715 0.9974 -0.0000
vn -0.9014 0.4331 -0.0000
vn -0.9919 -0.1271 -0.0043
vn -0.9511 0.3089 -0.0000
vn -0.0000 0.0014 1.0000
vn -0.0001 0.0014 1.0000
vn -0.0000 -0.7388 -0.6739
vn -0.8386 -0.4138 0.3543
vn -0.4406 -0.0000 -0.8977
vn -0.4407 -0.4488 -0.7774
vn -0.0000 -0.5000 -0.8660
vn -0.7849 -0.3098 -0.5367
vn -0.4407 -0.7774 -0.4488
vn -0.7849 -0.5366 -0.3099
vn 0.7133 -0.6070 -0.3504
vn 0.7119 -0.2957 -0.6370
vn 0.2391 -0.5279 -0.8150
vn -0.7849 -0.0000 -0.6197
vn 0.7133 -0.0000 -0.7008
vn 0.0642 -0.0000 -0.9979
vn -0.2250 -0.8438 -0.4872
vn -0.6207 -0.3920 -0.6790
vn -0.6207 -0.6790 -0.3920
vn 0.8097 -0.4801 -0.3374
vn 0.8097 -0.2470 -0.5323
vn 0.0811 -0.5244 -0.8476
vn -0.6207 -0.0000 -0.7841
vn 0.8108 -0.0000 -0.5853
vn 0.4844 -0.0000 -0.8748
vn 0.3812 -0.8208 -0.4254
vn -0.1231 -0.0000 -0.9924
vn 0.0209 -0.8823 -0.4701
vn 0.3779 -0.4629 -0.8018
vn 0.4492 -0.0400 -0.8925
vn 0.3779 0.4629 -0.8018
vn 0.0810 0.5244 -0.8476
vn 0.8097 0.2471 -0.5323
vn 0.8097 0.4801 -0.3374
vn 0.3812 0.8208 -0.4255
vn 0.0209 0.8823 -0.4701
vn 0.0810 0.9963 0.0303
vn 0.1322 0.9912 -0.0000
vn 0.3257 0.7721 -0.5457
vn 0.3120 0.9501 -0.0000
vn -0.3531 0.8361 -0.4198
vn 0.2707 0.4287 -0.8620
vn -0.2948 0.5081 -0.8093
vn -0.4220 0.9066 -0.0000
vn -0.3257 0.8034 -0.4984
vn -0.3707 0.9288 -0.0000
vn -0.1226 0.9925 -0.0000
vn -0.2634 0.4420 -0.8575
vn -0.0935 0.8123 -0.5757
vn -0.3257 0.8034 0.4984
vn -0.0935 0.8123 0.5757
vn -0.9680 -0.2508 -0.0000
vn -0.9680 -0.2509 -0.0000
vn -0.2948 0.5081 0.8093
vn -0.2635 0.4420 0.8575
vn -0.3532 0.8361 0.4198
vn 0.2302 0.8103 0.5389
vn 0.1321 0.8584 0.4956
vn 0.4185 0.4167 0.8070
vn 0.2096 0.4889 0.8468
vn 0.1322 0.4956 0.8584
vn 0.2095 0.8468 0.4889
vn 0.8108 0.5069 0.2927
vn -0.6192 0.7123 0.3306
vn -0.6192 0.7821 -0.0699
vn 0.1904 0.9809 0.0399
vn 0.8097 0.5845 -0.0522
vn -0.6207 0.3920 0.6790
vn -0.1132 0.8314 0.5440
vn 0.8108 0.2927 0.5069
vn 0.7133 0.7009 -0.0000
vn 0.7133 0.6070 0.3504
vn 0.7133 0.6069 -0.3504
vn -0.1132 0.8868 -0.4480
vn -0.5246 0.4573 -0.7181
vn -0.3775 0.8149 -0.4398
vn -0.7837 0.5082 -0.3572
vn -0.7837 0.6187 -0.0552
vn -0.7837 0.2615 -0.5635
vn 0.0639 0.5738 -0.8165
vn 0.7119 0.2957 -0.6370
vn -0.6192 0.3306 -0.7123
vn -0.6192 0.6424 -0.4516
vn -0.0000 0.5000 -0.8660
vn -0.0000 0.8660 -0.5000
vn -0.0000 0.8181 0.5750
vn -0.3513 0.8386 0.4164
vn -0.5246 0.8505 0.0370
vn -0.0000 -0.8660 -0.5000
vn -0.5246 -0.8505 0.0370
vn -0.3513 -0.8386 0.4164
vn -0.0000 -0.8181 0.5750
vn -0.3775 -0.4858 0.7883
vn -0.7849 -0.5366 0.3098
vn -0.7837 -0.2615 0.5634
vn -0.7837 -0.6187 -0.0552
vn 0.7133 -0.6070 0.3504
vn 0.7133 -0.7009 -0.0000
vn 0.1904 -0.9809 0.0399
vn 0.2391 -0.5279 0.8150
vn 0.7119 -0.2957 0.6370
vn -0.1132 -0.8314 0.5440
vn -0.6192 -0.7821 -0.0699
vn -0.6192 -0.7123 0.3306
vn 0.8097 -0.5845 -0.0522
vn 0.8108 -0.5069 0.2927
vn 0.0810 -0.9963 0.0303
vn 0.2095 -0.8468 0.4889
vn 0.0209 -0.8824 0.4701
vn 0.1322 -0.9912 -0.0000
vn 0.5535 -0.8328 -0.0000
vn 0.4532 -0.7778 -0.4354
vn 0.4532 -0.7778 0.4354
vn -0.0423 -0.9991 -0.0000
vn -0.0417 -0.8699 -0.4915
vn 0.0539 -0.9985 -0.0000
vn -0.0417 -0.8699 0.4915
vn -0.0690 -0.8283 0.5561
vn -0.0689 -0.8282 -0.5561
vn -0.1003 -0.5203 -0.8481
vn -0.1305 -0.4523 -0.8823
vn 0.3629 -0.5116 -0.7788
vn -0.1809 -0.0423 -0.9826
vn -0.2127 0.0357 -0.9765
vn 0.0510 -0.0778 -0.9957
vn -0.0302 0.4218 -0.9062
vn -0.6008 -0.5632 -0.5673
vn -0.8042 -0.1560 -0.5735
vn -0.9680 -0.2508 -0.0001
vn -0.5554 -0.7798 -0.2888
vn -0.6546 -0.4555 -0.6033
vn -0.0257 -0.0065 -0.9996
vn -0.6027 -0.7035 -0.3767
vn 0.0541 -0.4968 -0.8662
vn 0.2705 0.0619 -0.9607
vn 0.1895 0.5275 -0.8281
vn -0.1058 0.4849 -0.8681
vn 0.1310 0.8670 -0.4807
vn 0.1879 0.5402 -0.8203
vn 0.1299 0.8748 -0.4666
vn -0.0658 0.8637 -0.4996
vn -0.1071 0.9943 -0.0000
vn 0.1996 0.9799 -0.0000
vn 0.1299 0.8748 0.4667
vn 0.1310 0.8670 0.4808
vn 0.0178 0.9998 -0.0000
vn -0.1651 0.8482 -0.5033
vn -0.1956 0.9807 -0.0000
vn -0.1652 0.8482 0.5033
vn -0.1977 0.8836 0.4244
vn -0.7947 0.2047 0.5715
vn -0.1059 0.4849 0.8681
vn 0.1894 0.5275 0.8282
vn -0.0261 -0.0064 0.9996
vn -0.8042 -0.1560 0.5735
vn -0.6546 -0.4556 0.6032
vn 0.0541 -0.4968 0.8662
vn 0.2705 0.0619 0.9607
vn 0.2692 0.0753 0.9601
vn 0.3542 -0.4119 0.8396
vn 0.1879 0.5402 0.8203
vn 0.0061 -0.0375 0.9993
vn 0.3535 -0.4012 0.8450
vn -0.0404 0.4514 0.8914
vn 0.0552 -0.5426 0.8382
vn -0.0395 -0.5326 0.8454
vn 0.0289 0.4675 0.8835
vn -0.0085 -0.0524 0.9986
vn 0.0789 0.8342 0.5458
vn -0.0564 0.8453 0.5314
vn -0.1879 0.5402 0.8203
vn -0.2692 0.0753 0.9601
vn -0.1299 0.8748 0.4667
vn -0.1895 0.5275 0.8281
vn -0.2705 0.0619 0.9607
vn 0.0257 -0.0065 0.9996
vn -0.3542 -0.4119 0.8396
vn -0.0541 -0.4968 0.8662
vn -0.1128 -0.8579 0.5013
vn 0.6027 -0.7035 0.3767
vn 0.6546 -0.4556 0.6033
vn 0.8042 -0.1560 0.5735
vn 0.6008 -0.5632 0.5673
vn 0.5554 -0.7798 0.2888
vn 0.7695 -0.6386 0.0001
vn -0.0539 -0.9985 -0.0000
vn 0.0417 -0.8699 0.4915
vn 0.1003 -0.5203 0.8481
vn 0.0689 -0.8282 0.5561
vn 0.0423 -0.9991 -0.0000
vn -0.4532 -0.7778 0.4354
vn -0.5163 -0.8555 0.0397
vn -0.4953 -0.7709 -0.4005
vn 0.0690 -0.8282 -0.5561
vn 0.0417 -0.8699 -0.4915
vn 0.1003 -0.5203 -0.8481
vn 0.5554 -0.7798 -0.2888
vn 0.6008 -0.5632 -0.5673
vn 0.6547 -0.4556 -0.6032
vn 0.8042 -0.1560 -0.5735
vn 0.9680 -0.2508 -0.0000
vn -0.0509 -0.0778 -0.9957
vn 0.0258 -0.0065 -0.9996
vn 0.6027 -0.7035 -0.3767
vn -0.0541 -0.4968 -0.8662
vn -0.1128 -0.8579 -0.5013
vn -0.3542 -0.4119 -0.8396
vn -0.2705 0.0619 -0.9607
vn -0.4178 -0.7667 -0.4874
vn 0.3307 -0.9437 -0.0000
vn -0.1427 -0.9898 -0.0000
vn -0.4177 -0.7609 -0.4966
vn -0.5299 -0.8481 -0.0000
vn -0.3535 -0.4012 -0.8450
vn -0.4179 -0.7667 0.4873
vn -0.4177 -0.7609 0.4965
vn -0.3489 -0.9371 -0.0000
vn -0.3536 -0.4012 0.8450
vn -0.0875 -0.8874 0.4527
vn -0.0730 -0.8638 -0.4986
vn -0.0535 -0.9986 -0.0000
vn 0.0625 -0.8832 0.4647
vn 0.4177 -0.7609 0.4966
vn 0.3489 -0.9371 -0.0000
vn 0.0804 -0.9968 -0.0000
vn 0.0728 -0.9045 -0.4203
vn 0.4177 -0.7609 -0.4965
vn 0.5299 -0.8481 -0.0000
vn 0.4178 -0.7667 0.4874
vn 0.4179 -0.7667 -0.4873
vn 0.1427 -0.9898 -0.0000
vn 0.1128 -0.8579 0.5013
vn -0.6027 -0.7035 0.3767
vn -0.3307 -0.9438 -0.0000
vn -0.7695 -0.6386 -0.0001
vn 0.1128 -0.8579 -0.5013
vn 0.3542 -0.4119 -0.8396
vn 0.2692 0.0753 -0.9601
vn 0.3536 -0.4012 -0.8450
vn 0.0071 0.0018 -1.0000
vn -0.0337 0.5003 -0.8652
vn 0.0336 0.4206 -0.9066
vn 0.0655 0.8162 -0.5741
vn 0.0805 0.9968 -0.0000
vn -0.1299 0.8748 -0.4667
vn -0.1879 0.5402 -0.8203
vn -0.1894 0.5275 -0.8282
vn -0.1996 0.9799 -0.0000
vn -0.1310 0.8670 -0.4808
vn 0.1059 0.4849 -0.8681
vn 0.1652 0.8482 -0.5033
vn 0.7947 0.2047 -0.5715
vn 0.1977 0.8836 -0.4244
vn 0.1956 0.9807 -0.0000
vn -0.0178 0.9998 -0.0000
vn -0.1310 0.8670 0.4808
vn 0.1651 0.8482 0.5033
vn 0.1058 0.4849 0.8681
vn 0.7947 0.2047 0.5715
vn 0.1976 0.8836 0.4244
vn 0.9680 -0.2509 -0.0000
vn 0.2131 0.9770 -0.0000
vn 0.1226 0.9925 -0.0000
vn 0.4220 0.9066 -0.0000
vn 0.3258 0.8034 -0.4984
vn 0.0935 0.8123 -0.5757
vn 0.3257 0.8034 0.4984
vn 0.0935 0.8123 0.5757
vn 0.2634 0.4420 -0.8575
vn 0.0302 0.4218 -0.9062
vn 0.1810 -0.0423 -0.9826
vn 0.2128 0.0357 -0.9765
vn 0.2948 0.5081 -0.8093
vn 0.1305 -0.4523 -0.8823
vn -0.3629 -0.5116 -0.7788
vn -0.4492 -0.0400 -0.8925
vn -0.3779 -0.4629 -0.8018
vn 0.1232 -0.8595 -0.4961
vn 0.1232 -0.0000 -0.9924
vn -0.0810 -0.5244 -0.8476
vn -0.4844 -0.0000 -0.8749
vn -0.8097 -0.2470 -0.5323
vn -0.3812 -0.8208 -0.4255
vn -0.8097 -0.4801 -0.3375
vn -0.8108 -0.0000 -0.5853
vn 0.6192 -0.6424 -0.4515
vn 0.6192 -0.3306 -0.7123
vn -0.0639 -0.5738 -0.8165
vn 0.6207 -0.0000 -0.7840
vn -0.0642 -0.0000 -0.9979
vn -0.7119 -0.2957 -0.6370
vn -0.0639 -0.9052 -0.4202
vn -0.7119 -0.5745 -0.4039
vn -0.7133 -0.0000 -0.7009
vn 0.5246 -0.7181 -0.4573
vn 0.7837 -0.5634 -0.2615
vn 0.7849 -0.3098 -0.5366
vn 0.2914 -0.4783 -0.8284
vn 0.5775 -0.0000 -0.8164
vn 0.7849 -0.0000 -0.6197
vn -0.7119 0.2957 -0.6370
vn 0.7837 0.2615 -0.5634
vn -0.0639 0.5738 -0.8165
vn -0.7119 0.5745 -0.4038
vn 0.3775 0.4858 -0.7883
vn 0.7849 0.5366 -0.3098
vn -0.0639 0.9052 -0.4202
vn -0.7119 0.6995 -0.0625
vn 0.4407 0.7774 -0.4488
vn 0.4393 0.8948 -0.0798
vn 0.7837 0.6187 0.0552
vn -0.0000 0.9960 0.0889
vn 0.3774 0.8149 0.4398
vn -0.0000 0.8660 0.5000
vn -0.0000 0.5000 0.8660
vn 0.5246 0.4573 0.7181
vn 0.7836 0.5082 0.3572
vn -0.3473 0.4688 0.8121
vn -0.7133 0.3504 0.6069
vn -0.7133 0.6069 0.3504
vn 0.7837 0.2615 0.5635
vn -0.0639 0.9940 0.0887
vn 0.1131 0.8314 0.5440
vn 0.6207 0.3920 0.6790
vn 0.0633 -0.0358 0.9974
vn -0.7119 0.0625 0.6994
vn 0.7849 -0.0000 0.6197
vn 0.4406 -0.0000 0.8977
vn -0.7133 -0.3504 0.6069
vn 0.7837 -0.2615 0.5634
vn -0.0000 -0.5000 0.8660
vn 0.5246 -0.4573 0.7181
vn 0.3775 -0.8149 0.4398
vn 0.7837 -0.5082 0.3572
vn 0.7837 -0.6187 0.0552
vn -0.0640 -0.8165 0.5738
vn -0.7119 -0.6370 0.2957
vn -0.0639 -0.9940 0.0887
vn -0.7119 -0.6995 -0.0625
vn 0.4393 -0.8948 -0.0798
vn -0.0000 -0.9960 0.0889
vn -0.0000 -0.8660 0.5000
vn 0.6192 -0.7123 0.3306
vn 0.6192 -0.7821 -0.0698
vn -0.8097 -0.5845 -0.0522
vn -0.0811 -0.9962 0.0303
vn -0.8097 -0.5323 0.2470
vn -0.3812 -0.7789 0.4981
vn -0.0209 -0.8824 0.4701
vn -0.2835 -0.9578 -0.0472
vn -0.2835 -0.5198 0.8059
vn 0.0856 -0.4981 0.8629
vn -0.4844 -0.0000 0.8748
vn -0.0209 -0.0340 0.9992
vn -0.8108 -0.2926 0.5069
vn -0.8109 -0.0000 0.5852
vn 0.6207 -0.0000 0.7841
vn 0.6207 -0.3920 0.6790
vn -0.0642 -0.4990 0.8642
vn -0.8108 0.2926 0.5069
vn -0.3965 -0.0128 0.9180
vn -0.3779 0.4629 0.8018
vn 0.0856 0.4982 0.8628
vn -0.4308 -0.4610 0.7759
vn 0.2127 0.0357 0.9765
vn -0.2707 0.4287 0.8620
vn 0.1305 -0.4523 0.8822
vn 0.1809 -0.0423 0.9826
vn 0.2634 0.4420 0.8575
vn 0.0302 0.4218 0.9062
vn -0.0510 -0.0778 0.9957
vn 0.2948 0.5081 0.8093
vn 0.3531 0.8361 0.4198
vn -0.3257 0.7721 0.5457
vn -0.2403 0.9702 0.0305
vn -0.0209 0.8824 0.4701
vn -0.2835 0.9578 -0.0472
vn -0.0811 0.9962 0.0303
vn -0.3812 0.7789 0.4981
vn -0.8097 0.5323 0.2470
vn 0.6191 0.7123 0.3306
vn -0.8097 0.5845 -0.0522
vn 0.6192 0.7821 -0.0698
vn 0.6192 0.6424 -0.4516
vn -0.8097 0.4801 -0.3375
vn -0.3812 0.8208 -0.4255
vn -0.8097 0.2470 -0.5323
vn -0.0810 0.5244 -0.8476
vn 0.6192 0.3306 -0.7123
vn -0.0209 0.8483 -0.5291
vn -0.2835 0.4381 -0.8531
vn -0.3584 0.4536 -0.8160
vn -0.3269 0.8102 -0.4865
vn 0.3532 0.8361 -0.4197
vn 0.3707 0.9288 -0.0000
vn -0.2692 0.0753 -0.9601
vn -0.0071 -0.0889 -0.9960
vn -0.0552 -0.5426 -0.8382
vn 0.0395 -0.5326 -0.8454
vn -0.5554 -0.7798 0.2888
vn -0.6008 -0.5632 0.5673
vn 0.0509 -0.0778 0.9957
vn -0.1002 -0.5203 0.8481
vn -0.1305 -0.4523 0.8823
vn -0.1809 -0.0423 0.9826
vn -0.0302 0.4218 0.9062
vn -0.2128 0.0357 0.9764
vn 0.3193 -0.0561 0.9460
vn 0.1321 -0.0000 0.9912
vn 0.4307 -0.4609 0.7759
vn 0.0810 -0.5244 0.8476
vn 0.2835 -0.5198 0.8059
vn 0.3811 -0.0419 0.9236
vn 0.8097 -0.2471 0.5323
vn 0.8097 0.0522 0.5845
vn -0.0633 -0.0358 0.9973
vn -0.6207 -0.3920 0.6790
vn -0.6207 -0.0000 0.7840
vn 0.3473 0.4689 0.8121
vn 0.7119 0.0625 0.6995
vn -0.7849 -0.0000 0.6196
vn -0.5775 -0.0000 0.8164
vn -0.7837 0.2615 0.5634
vn 0.7133 0.3504 0.6070
vn -0.3775 0.4858 0.7883
vn -0.7849 0.5366 0.3098
vn -0.1976 0.8836 -0.4245
vn -0.2131 0.9770 -0.0000
vn -0.7946 0.2047 -0.5715
vn -0.3775 -0.4858 -0.7883
vn -0.4393 -0.8148 -0.3783
vn -0.0000 -0.8181 -0.5750
vn -0.7837 -0.5082 -0.3572
vn -0.7837 -0.2615 -0.5634
vn 0.7119 -0.5745 -0.4038
vn 0.0639 -0.5738 -0.8165
vn 0.7119 -0.6995 -0.0624
vn 0.0639 -0.9052 -0.4202
vn 0.0639 -0.9940 0.0887
vn -0.6192 -0.6424 -0.4516
vn -0.6192 -0.3306 -0.7123
vn 0.2088 -0.5623 -0.8001
vn 0.2095 -0.9777 -0.0160
vn 0.0209 -0.8824 -0.4701
vn 0.1322 -0.4881 -0.8627
vn -0.0230 -0.9981 0.0575
vn 0.2835 -0.8531 0.4380
vn -0.0422 -0.9991 -0.0000
vn -0.0690 -0.8282 0.5561
vn 0.4308 -0.4610 -0.7759
vn 0.3779 -0.0000 -0.9258
vn 0.3194 -0.0561 -0.9460
vn 0.4185 0.4167 -0.8070
vn -0.2127 0.0358 -0.9765
vn 0.2302 0.8103 -0.5389
vn -0.7947 0.2047 -0.5715
vn -0.1976 0.8836 -0.4244
vn -0.1054 0.4848 0.8682
vn -0.0258 -0.0065 0.9996
vn -0.3306 -0.9438 -0.0000
vn 0.0875 -0.8874 0.4527
vn 0.0395 -0.5326 0.8454
vn 0.0071 0.0018 1.0000
vn -0.0071 -0.0889 0.9960
vn -0.0626 -0.8832 0.4647
vn -0.0553 -0.5426 0.8381
vn -0.1125 -0.8579 -0.5014
vn 0.7695 -0.6387 -0.0000
vn 0.5555 -0.7798 -0.2888
vn 0.1306 -0.4523 -0.8823
vn 0.2128 0.0358 -0.9764
vn -0.4294 -0.5176 -0.7400
vn -0.2835 -0.4380 -0.8531
vn -0.3584 0.4535 -0.8160
vn -0.2835 0.4380 -0.8531
vn 0.1232 -0.0002 -0.9924
vn -0.2302 0.8103 -0.5389
vn -0.2412 0.8191 -0.5205
vn -0.3120 0.9501 -0.0000
vn 0.0230 0.9981 -0.0576
vn -0.2088 0.8870 -0.4118
vn -0.0810 0.5243 -0.8476
vn 0.3531 0.8361 -0.4197
vn 0.3707 0.9287 -0.0000
vn -0.1317 0.8992 0.4173
vn 0.3257 0.8034 -0.4984
vn 0.2635 0.4420 -0.8575
vn 0.2127 0.0358 0.9765
vn -0.3194 -0.0561 0.9460
vn -0.3572 0.3920 0.8478
vn 0.1305 -0.4523 0.8823
vn 0.1002 -0.5203 0.8481
vn -0.5535 -0.8328 -0.0000
vn -0.1317 -0.8992 0.4173
vn -0.0209 -0.5291 0.8483
vn -0.3779 -0.0000 0.9258
vn -0.0811 -0.0303 0.9962
vn -0.2088 -0.8001 0.5623
vn -0.2096 -0.4889 0.8468
vn -0.0209 0.5291 0.8483
vn -0.3812 0.4255 0.8208
vn -0.8097 0.0522 0.5845
vn -0.8108 -0.2927 0.5069
vn -0.8097 0.3375 0.4801
vn -0.0640 0.4202 0.9052
vn 0.6191 0.4516 0.6425
vn 0.6191 -0.4516 0.6425
vn 0.1131 -0.4481 0.8868
vn -0.2391 -0.0497 0.9697
vn -0.7119 0.0624 0.6995
vn 0.5246 -0.0370 0.8505
vn 0.7837 0.0552 0.6187
vn 0.7837 -0.2615 0.5635
vn 0.3775 -0.4858 0.7883
vn 0.5246 -0.7551 0.3933
vn 0.4406 -0.8975 0.0180
vn -0.7119 -0.5745 -0.4038
vn -0.7119 -0.6995 -0.0624
vn 0.7849 -0.5366 -0.3098
vn 0.7837 -0.2615 -0.5634
vn 0.4406 -0.4332 -0.7863
vn 0.2914 -0.8285 -0.4783
vn -0.0000 -0.5750 -0.8181
vn 0.5246 -0.0370 -0.8505
vn -0.0000 -0.9960 -0.0889
vn 0.4406 0.4488 0.7774
vn 1.0000 -0.0000 0.0001
vn 0.2914 0.8285 -0.4783
vn -0.0000 0.9960 -0.0889
vn 0.4406 0.8975 0.0180
vn 0.7849 0.5367 -0.3098
vn 0.5246 0.7551 0.3933
vn 0.5011 0.3960 -0.7695
vn 0.7849 0.3098 -0.5366
vn -0.0641 -0.0000 -0.9979
vn 0.7837 0.0552 -0.6187
vn -0.2088 0.9741 0.0869
vn -0.2088 0.8001 0.5623
vn -0.0640 0.8165 0.5738
vn -0.7119 0.6370 0.2957
vn 0.7837 0.5082 0.3572
vn -0.7119 0.4038 0.5745
vn 0.7849 0.3098 0.5367
vn -0.2412 -0.8190 -0.5205
vn -0.2088 -0.8870 -0.4118
vn -0.2088 -0.9741 0.0869
vn 0.0230 -0.9981 -0.0575
vn -0.3913 -0.8226 -0.4126
vn 0.0001 0.5750 -0.8181
vn 0.8042 -0.1559 0.5735
vn -0.1310 0.8670 0.4807
vn 0.0658 0.8637 0.4996
vn 0.0917 0.9951 -0.0376
vn 0.6547 -0.4555 -0.6032
vn -0.2339 -0.5600 -0.7948
vn -0.1344 0.0239 -0.9906
vn -0.0939 0.5545 -0.8268
vn -0.1894 0.5275 -0.8281
vn -0.4249 -0.0026 0.9052
vn -0.4393 0.7876 0.4321
vn -0.4512 0.6558 0.6053
vn -0.3879 -0.2099 0.8975
vn -0.2189 -0.7186 0.6600
vn 0.0072 0.0583 -0.9983
vn 0.0067 0.0352 -0.9994
vn 0.0291 0.5156 -0.8563
vn 0.0789 0.8342 -0.5458
vn -0.0563 0.8453 -0.5314
vn -0.0404 0.4514 -0.8914
vn 0.0061 -0.0375 -0.9993
vn -0.0333 -0.4509 -0.8920
vn 0.0460 -0.5741 -0.8175
vn 0.0728 -0.9045 -0.4202
vn -0.0703 -0.8509 -0.5205
vn -0.0642 -0.9966 -0.0526
vn -0.4138 -0.7299 -0.5440
vn -0.0447 -0.3633 -0.9306
vn -0.2782 0.9533 -0.1176
vn -0.3668 -0.8148 -0.4489
vn 0.0642 -0.9966 0.0526
vn 0.1880 0.5402 -0.8203
vn -0.6547 -0.4555 -0.6032
vn -0.0917 0.9951 0.0376
vn -0.0655 0.8162 0.5741
vn 0.1976 0.8836 0.4245
vn -0.1003 -0.5203 0.8481
vn -0.1305 -0.4523 0.8822
vn -0.2128 0.0358 0.9764
vn -0.2634 0.4420 0.8575
vn 0.3571 0.3920 0.8478
vn 0.3257 0.7721 0.5457
vn -0.3532 0.8361 0.4197
vn -0.3707 0.9287 -0.0000
vn 0.1317 0.8992 0.4173
vn 0.1322 0.8584 -0.4956
vn -0.0230 0.4492 -0.8931
vn 0.2088 0.5623 -0.8001
vn 0.8097 0.5323 0.2471
vn 0.2088 0.8001 0.5623
vn 0.8097 0.3375 0.4801
vn 0.2088 0.4118 0.8870
vn 0.1317 0.5700 0.8110
vn 0.0299 -0.4460 0.8945
vn 0.1316 -0.5701 0.8110
vn 0.4307 -0.4610 0.7759
vn 0.0810 -0.8476 0.5244
vn 0.8108 -0.2927 0.5069
vn 0.8097 -0.5323 0.2471
vn 0.1903 -0.0398 0.9809
vn -0.4393 -0.5165 0.7350
vn -0.7837 0.0552 0.6187
vn -0.3775 -0.0266 0.9256
vn 0.7133 -0.0000 0.7009
vn -0.0000 -0.4210 0.9071
vn -1.0000 -0.0000 -0.0001
vn -0.0000 0.4210 0.9071
vn -0.5011 0.4685 0.7277
vn -0.7849 0.3098 0.5366
vn 0.1903 0.9809 0.0398
vn 0.7133 0.7008 -0.0000
vn 0.0642 0.4948 0.8666
vn 0.7119 0.2957 0.6370
vn -0.4393 0.8148 -0.3783
vn -0.0000 0.8181 -0.5750
vn -0.3775 0.4858 -0.7883
vn -0.5775 -0.0000 -0.8164
vn -0.7837 0.2615 -0.5634
vn -0.7849 -0.0000 -0.6196
vn 0.1904 -0.0398 -0.9809
vn -0.0633 0.5297 -0.8458
vn -0.6192 0.0698 -0.7822
vn 0.2096 -0.0000 -0.9778
vn -0.6207 0.3920 -0.6790
vn 0.8097 0.2470 -0.5323
vn -0.1131 0.8868 -0.4481
vn -0.6192 0.0698 0.7821
vn -0.6192 0.4516 0.6424
vn 0.3926 -0.0000 0.9197
vn 0.4420 -0.0001 0.8970
vn 0.2950 -0.0001 0.9555
vn -0.9809 -0.0000 0.1947
vn -0.7648 -0.0000 0.6443
vn -0.9132 -0.0000 -0.4075
vn -0.1926 -0.0000 0.9813
vn 0.0961 -0.0000 0.9954
vn -0.8047 -0.0000 -0.5937
vn -0.4693 -0.0000 -0.8830
vn -0.1745 -0.0000 -0.9847
vn 0.9997 -0.0000 0.0238
vn 0.8993 0.4369 0.0214
vn 0.7883 0.3710 0.4909
vn 0.0525 -0.0000 0.9986
vn 0.2208 0.9162 0.3345
vn 0.4323 0.9017 0.0103
vn -0.2176 0.9760 -0.0000
vn -0.4332 0.9013 -0.0000
vn -0.8995 0.4369 -0.0000
vn -0.1433 -0.0000 -0.9897
vn -0.2836 -0.0000 -0.9589
vn -0.4438 -0.0000 -0.8961
vn -0.5938 -0.0000 -0.8046
vn 0.8188 0.5741 -0.0000
vn 0.9020 0.4318 -0.0014
vn 0.3271 0.9450 -0.0013
vn 0.4428 0.8966 0.0036
vn 0.9419 0.3358 -0.0000
vn 0.9300 -0.0001 0.3675
vn 0.7869 0.3739 0.4909
vn 0.9295 -0.0000 0.3688
vn -0.9997 -0.0000 -0.0244
vn -0.8992 0.4369 -0.0220
vn -0.7780 0.3785 -0.5014
vn -0.2610 0.9653 -0.0064
vn -0.2042 0.9194 -0.3362
vn 0.3271 0.9450 -0.0000
vn 0.2870 0.8293 0.4794
vn 0.9132 -0.0000 -0.4074
vn 0.8047 -0.0000 -0.5937
vn 0.9809 -0.0000 0.1947
vn 0.2351 -0.0000 -0.9720
vn 0.2358 -0.0000 -0.9718
vn 0.8187 0.5742 -0.0000
vn 0.9575 0.2885 -0.0000
vn 0.4332 0.9013 -0.0000
vn -0.0526 -0.0000 0.9986
vn -0.1864 0.6677 0.7207
vn -0.6714 0.4509 0.5881
vn -0.4323 0.9017 0.0103
vn 0.2176 0.9760 -0.0000
vn -0.9572 0.2885 0.0228
vn -0.6105 -0.0000 0.7920
vn -0.9997 -0.0000 0.0238
vn -0.5312 0.0001 0.8473
vn -0.3926 -0.0000 0.9197
vn 0.1926 -0.0000 0.9813
vn -0.0962 -0.0000 0.9954
vn 0.7648 -0.0000 0.6443
vn -0.6771 -0.0000 0.7359
vn 0.1433 -0.0000 -0.9897
vn 0.2837 -0.0000 -0.9589
vn -0.8696 0.4937 -0.0012
vn -0.9575 0.2885 -0.0000
vn -0.9850 -0.0000 0.1725
vn -0.9419 0.3359 -0.0000
vn -0.6631 0.4544 0.5948
vn 0.9997 -0.0000 -0.0244
vn 0.8850 -0.0002 -0.4656
vn -0.1734 0.5011 0.8479
vn 0.9572 0.2885 -0.0233
vn 0.6984 -0.0000 -0.7157
vn 0.6539 0.4597 -0.6009
vn 0.1498 0.6716 -0.7256
vn 0.2610 0.9653 -0.0064
vn -0.2611 0.9653 -0.0016
vn -0.4428 0.8966 0.0038
vn -0.4324 0.9017 -0.0000
vn 0.0001 -0.0000 -1.0000
vn -0.4252 -0.0000 -0.9051
vn 0.2135 -0.0000 0.9769
vn 0.4172 -0.0000 0.9088
vn -0.9464 0.0001 -0.3231
vn -0.9459 -0.0000 -0.3244
vn -0.2144 -0.0000 -0.9767
vn -0.7869 0.3739 -0.4909
vn 0.9997 -0.0000 0.0244
vn 0.5938 -0.0000 0.8046
vn 0.7782 0.3781 0.5014
vn 0.8992 0.4369 0.0220
vn 0.2610 0.9653 0.0064
vn 0.2042 0.9194 0.3362
vn -0.3271 0.9450 -0.0000
vn -0.3271 0.9450 0.0013
vn -0.8188 0.5741 -0.0000
vn -0.9018 0.4322 0.0014
vn 0.4438 -0.0000 0.8961
vn -0.4428 0.8966 -0.0036
vn -0.2870 0.8293 -0.4794
vn 0.1425 -0.0000 -0.9898
vn 0.7648 -0.0000 -0.6442
vn 0.9809 -0.0000 -0.1947
vn 0.9262 -0.0000 0.3771
vn 0.8443 -0.0000 0.5358
vn 0.5311 -0.0000 0.8473
vn 0.1968 -0.0000 0.9804
vn -0.4618 -0.0000 -0.8870
vn -0.3160 -0.0001 -0.9488
vn -0.0525 -0.0000 -0.9986
vn 0.8995 0.4369 -0.0000
vn -0.2208 0.9162 -0.3345
vn -0.7883 0.3710 -0.4909
vn -0.9997 -0.0000 -0.0238
vn -0.8993 0.4369 -0.0214
vn -0.4323 0.9017 -0.0103
vn -0.1498 0.6716 0.7256
vn -0.2610 0.9653 0.0064
vn -0.6539 0.4597 0.6009
vn 0.2611 0.9653 0.0016
vn -0.0000 0.0001 1.0000
vn 0.4324 0.9017 -0.0000
vn 0.8696 0.4937 0.0019
vn 0.4428 0.8966 -0.0038
vn 0.6631 0.4544 -0.5948
vn 0.1734 0.5011 -0.8478
vn 0.9419 0.3359 -0.0000
vn 0.9881 -0.0000 -0.1541
vn -0.9997 -0.0000 0.0244
vn -0.8850 -0.0004 0.4656
vn -0.6984 -0.0000 0.7157
vn -0.9572 0.2885 0.0233
vn -0.4173 -0.0000 0.9088
vn -0.2136 -0.0000 0.9769
vn 0.4252 -0.0000 -0.9051
vn 0.5724 0.0001 -0.8200
vn 0.6223 -0.0000 -0.7828
vn -0.1424 -0.0000 -0.9898
vn 0.2145 -0.0000 -0.9767
vn -0.7648 -0.0000 -0.6443
vn -0.9809 -0.0000 -0.1948
vn -0.9262 -0.0000 0.3770
vn 0.7625 -0.0000 -0.6469
vn 0.0526 -0.0000 -0.9986
vn 0.1866 0.6679 -0.7205
vn 0.6715 0.4509 -0.5881
vn 0.4323 0.9017 -0.0103
vn 0.9572 0.2885 -0.0228
vn 0.9997 -0.0000 -0.0238
vn -0.2659 -0.0000 0.9640
vn -0.8187 0.5742 -0.0000
vn 0.0526 -0.0001 -0.9986
vn -0.2666 -0.0000 0.9638
vn -0.8444 -0.0000 0.5358
vn 0.3147 0.8984 0.3065
vn 0.2972 0.7763 -0.5560
vn -0.3794 0.4187 0.8251
vn 0.9792 0.1451 -0.1415
vn 0.8962 0.3747 0.2375
vn 0.7593 -0.0000 -0.6508
vn 0.2618 -0.0000 -0.9651
vn -0.1191 -0.9929 -0.0000
vn -0.2107 -0.9743 -0.0802
vn -0.1681 -0.9837 -0.0640
vn -0.5840 -0.0000 0.8117
vn -0.5173 -0.0000 0.8558
vn -0.1798 -0.9706 -0.1598
vn -0.7648 -0.0000 0.6442
vn -0.9109 -0.0000 -0.4125
vn -0.1048 -0.9912 0.0808
vn -0.0708 -0.9662 0.2478
vn -0.5942 0.5198 -0.6138
vn -0.4578 -0.0000 -0.8891
vn -0.2133 -0.9632 0.1635
vn 0.3962 0.3539 -0.8472
vn -0.1615 -0.9869 -0.0034
vn 0.4072 -0.0000 0.9134
vn 0.2515 -0.0000 0.9679
vn 0.5224 0.1958 0.8299
vn 0.0597 -0.0000 0.9982
vn -0.9128 0.4083 -0.0000
vn 0.4709 0.8821 0.0099
vn -0.2369 0.9715 -0.0000
vn 0.2250 0.7861 0.5757
vn 0.8040 0.3473 0.4826
vn 0.9126 0.4083 0.0191
vn -0.4710 0.8821 -0.0000
vn 0.0597 -0.0001 0.9982
vn 0.7064 0.3086 0.6370
vn -0.9998 -0.0000 -0.0215
vn -0.9127 0.4082 -0.0196
vn -0.7933 0.3550 -0.4946
vn -0.2845 0.9586 -0.0061
vn 0.4814 0.8765 0.0037
vn 0.3557 0.9346 -0.0019
vn 0.3123 0.8180 0.4831
vn -0.1921 0.7913 -0.5805
vn 0.3568 0.9342 -0.0000
vn 0.8432 0.5375 -0.0000
vn 0.9152 0.4030 -0.0013
vn -0.6995 -0.0000 -0.7147
vn -0.4444 -0.0004 -0.8958
vn 0.9498 0.3129 -0.0000
vn 0.1789 -0.9709 -0.1590
vn 0.1672 -0.9839 -0.0637
vn 0.2095 -0.9746 -0.0798
vn 0.3474 0.5197 0.7805
vn 0.4930 -0.0000 0.8701
vn 0.5804 -0.0000 0.8143
vn 0.9809 -0.0000 0.1948
vn 0.7124 0.4288 -0.5556
vn 0.8578 -0.0000 -0.5139
vn 0.0707 -0.9664 0.2473
vn 0.1043 -0.9913 0.0807
vn -0.2961 0.8492 0.4372
vn -0.5153 -0.0000 0.8570
vn 0.2121 -0.9635 0.1632
vn 0.1617 -0.9868 -0.0034
vn 0.3440 -0.0000 -0.9390
vn -0.1726 0.3142 -0.9335
vn 0.9628 0.2702 -0.0000
vn 0.8432 0.5376 -0.0000
vn 0.2369 0.9715 -0.0000
vn 0.4710 0.8821 -0.0000
vn -0.2251 0.7861 0.5757
vn -0.0597 -0.0000 0.9982
vn -0.5965 0.3532 0.7208
vn -0.4709 0.8821 0.0098
vn -0.9626 0.2702 0.0201
vn -0.6548 0.1728 0.7358
vn -0.3213 0.8441 -0.4293
vn -0.1728 -0.0000 -0.9850
vn -0.9281 0.3144 0.1993
vn -0.9703 0.1732 -0.1690
vn -0.8667 -0.0000 -0.4988
vn -0.9628 0.2703 -0.0000
vn -0.8873 0.4612 -0.0011
vn -0.9498 0.3129 -0.0000
vn -0.4814 0.8765 0.0037
vn -0.2846 0.9586 -0.0016
vn 0.2845 0.9586 -0.0061
vn -0.3123 0.8180 0.4831
vn -0.4831 0.3000 0.8226
vn 0.9626 0.2702 -0.0206
vn 0.5673 0.3617 -0.7398
vn 0.6995 -0.0000 -0.7146
vn 0.9998 -0.0000 -0.0214
vn 0.8861 0.0001 -0.4635
vn 0.1184 -0.9930 -0.0000
vn 0.1921 0.7912 -0.5806
vn 0.7933 0.3550 0.4946
vn 0.9126 0.4084 0.0196
vn 0.2845 0.9586 0.0061
vn 0.1921 0.7913 0.5805
vn -0.7064 0.3086 -0.6370
vn -0.2846 0.9586 0.0015
vn -0.3122 0.8180 -0.4831
vn -0.4814 0.8765 -0.0037
vn -0.8873 0.4612 0.0011
vn -0.9771 0.1478 0.1531
vn -0.9129 0.4083 -0.0000
vn -0.4710 0.8821 0.0001
vn 0.4443 -0.0000 0.8959
vn 0.6995 -0.0000 0.7147
vn 0.9998 -0.0000 0.0215
vn 0.2177 -0.9722 0.0868
vn -0.8991 0.3594 -0.2499
vn 0.3187 0.4102 -0.8545
vn 0.4677 -0.0000 -0.8839
vn -0.2359 0.8295 0.5063
vn -0.3656 0.8608 -0.3542
vn -0.6989 -0.0000 0.7152
vn -0.2022 -0.0000 0.9793
vn -0.2544 -0.0000 -0.9671
vn 0.1250 -0.9876 -0.0951
vn 0.1443 -0.9879 0.0575
vn 0.0691 -0.9679 -0.2418
vn -0.4115 -0.0000 -0.9114
vn 0.2110 -0.9644 -0.1595
vn 0.1601 -0.9871 0.0034
vn -0.3946 0.3569 0.8467
vn 0.6008 0.5215 0.6058
vn 0.4662 -0.0000 0.8847
vn 0.9127 -0.0000 0.4086
vn 0.9129 0.4083 -0.0000
vn -0.4709 0.8821 -0.0099
vn -0.8037 0.3479 -0.4826
vn -0.9127 0.4083 -0.0191
vn -0.2250 0.7861 -0.5756
vn -0.0597 -0.0000 -0.9982
vn -0.5237 0.1963 -0.8290
vn 0.2369 0.9715 0.0001
vn 0.4574 -0.0000 -0.8893
vn 0.1951 -0.9653 0.1734
vn 0.3410 0.7991 -0.4950
vn 0.2536 0.8867 0.3866
vn 0.9296 0.3023 -0.2108
vn 0.9674 0.1760 0.1824
vn -0.2755 0.5077 -0.8163
vn 0.8358 -0.0000 0.5490
vn 0.1354 -0.0000 0.9908
vn -0.4553 -0.0000 -0.8904
vn -0.9808 -0.0000 -0.1948
vn -0.7196 0.4293 0.5457
vn 0.1703 0.3163 0.9332
vn -0.3546 -0.0000 0.9350
vn -0.8636 -0.0000 0.5042
vn -0.2121 -0.9641 -0.1599
vn -0.1607 -0.9870 0.0034
vn -0.1257 -0.9875 -0.0953
vn -0.0692 -0.9678 -0.2422
vn -0.8432 0.5376 -0.0000
vn -0.9628 0.2702 -0.0000
vn 0.2251 0.7861 -0.5756
vn 0.0598 -0.0000 -0.9982
vn 0.5965 0.3532 -0.7207
vn 0.4709 0.8821 -0.0098
vn 0.9626 0.2702 -0.0201
vn 0.6577 0.1725 -0.7333
vn 0.5254 -0.0000 -0.8509
vn 0.3858 -0.0000 -0.9226
vn -0.1451 -0.9877 0.0578
vn -0.1961 -0.9650 0.1743
vn -0.4710 -0.0000 -0.8821
vn -0.2190 -0.9718 0.0872
vn 0.4831 0.3000 -0.8226
vn -0.9626 0.2702 0.0206
vn -0.9998 -0.0000 0.0214
vn -0.6995 -0.0000 0.7146
vn -0.8861 -0.0000 0.4635
vn -0.5673 0.3617 0.7398
vn 0.8873 0.4611 0.0012
vn -0.1921 0.7912 0.5806
vn -0.2845 0.9586 0.0061
vn 0.2846 0.9586 0.0016
vn 0.4814 0.8765 -0.0037
vn 0.3123 0.8180 -0.4831
vn -0.0000 -0.7639 0.6454
vn -0.0000 -0.9820 -0.1891
vn -0.0000 -0.8348 -0.5505
vn -0.0000 -0.8349 -0.5505
vn -0.0000 -0.2516 -0.9678
vn -0.0001 0.8520 0.5236
vn -0.0000 0.6395 0.7688
vn -0.0001 0.9829 0.1841
vn 0.9713 0.2380 -0.0000
vn -0.0026 -0.2527 0.9675
vn 0.6535 -0.5578 0.5116
vn -0.8745 0.4851 -0.0000
vn -0.9800 0.1992 -0.0000
vn -0.5041 -0.0875 -0.8592
vn -0.0072 -0.0000 1.0000
vn 0.4371 -0.3728 0.8185
vn 0.7580 -0.4975 0.4217
vn -0.0037 -0.0000 1.0000
vn -0.0362 -0.9993 -0.0000
vn -0.0005 -1.0000 -0.0000
vn -0.0361 -0.9993 -0.0000
vn -0.9322 -0.0013 -0.3619
vn -0.9704 0.1286 -0.2044
vn -0.2555 0.0050 -0.9668
vn -0.0001 0.4612 0.8873
vn -0.0000 0.8955 0.4450
vn -0.0006 0.0120 0.9999
vn -0.0006 0.0060 1.0000
vn 0.8447 0.5352 0.0001
vn 0.0715 0.9974 -0.0000
vn 0.8237 -0.1036 0.5575
vn 0.0001 0.0014 1.0000
vn 0.9919 -0.1271 -0.0043
vn 0.7385 -0.6518 -0.1725
vn 0.7546 -0.3585 -0.5496
vn 0.4430 -0.3901 -0.8072
vn -0.0000 0.9024 -0.4309
vn -0.0000 0.5481 -0.8364
vn 0.7613 -0.4626 -0.4543
vn 0.9212 0.0002 0.3890
vn 0.8504 -0.0029 -0.5262
vn -0.0000 -0.9363 -0.3511
vn -0.9095 -0.0619 -0.4111
vn 0.7376 0.1106 -0.6662
vn -0.7109 0.2840 -0.6434
vn -0.0000 0.4042 -0.9147
vn -0.0000 0.4119 -0.9112
vn -0.0000 0.4516 -0.8922
vn -0.0000 -1.0000 0.0005
vn 0.9839 -0.0882 0.1552
vn 0.5334 -0.0492 0.8444
vn 0.9409 -0.2367 -0.2422
vn 0.2264 0.0494 -0.9728
vn -0.0000 0.7389 -0.6739
vn -0.3170 0.5169 -0.7952
vn 0.0542 -0.0052 -0.9985
vn -0.6649 0.5579 -0.4966
vn 0.0357 0.9994 -0.0000
vn 0.0362 0.9993 -0.0000
vn 0.0005 1.0000 -0.0000
vn -0.8306 0.3230 0.4536
vn 0.2666 -0.0000 0.9638
vn -0.8386 0.4133 0.3548
vn -0.9919 0.1271 -0.0043
vn -0.3132 0.4930 0.8117
vn -0.8240 0.1036 0.5571
vn -0.0001 -0.0014 1.0000
vn -0.0000 -0.0014 1.0000
vn -0.8876 0.4506 0.0954
vn -0.0715 -0.9974 -0.0000
vn -0.8449 -0.5350 -0.0000
vn -0.9511 -0.3089 -0.0000
vn -0.0000 0.7071 0.7071
vn -0.0000 0.0193 0.9998
vn -0.0000 0.7139 0.7002
vn -0.0000 0.9820 -0.1891
vn -0.0000 0.7953 -0.6062
vn -0.0000 0.8705 -0.4922
vn -0.0000 0.8348 -0.5505
vn -0.0000 0.8349 -0.5505
vn -0.0000 0.6062 -0.7953
vn -0.0000 0.4922 -0.8705
vn -0.0000 0.5505 -0.8348
vn -0.0000 0.9818 0.1901
vn -0.0000 0.9082 0.4186
vn -0.0000 0.9993 -0.0384
vn -0.0000 -0.0509 -0.9987
vn -0.0000 -0.5898 -0.8076
vn 0.0001 -0.3235 -0.9462
vn -0.0000 0.5750 0.8182
vn -0.0000 0.3106 0.9505
vn 0.0001 -0.9222 -0.3868
vn -0.0000 -0.9648 -0.2629
vn -0.0000 -0.8626 -0.5059
vn -0.0000 0.9815 -0.1912
vn -0.0000 0.9421 -0.3355
vn -0.0000 -0.4015 0.9159
vn -0.0000 -0.5506 0.8348
vn -0.0000 0.8799 -0.4752
vn -0.0000 -0.6859 0.7277
vn -0.0001 -0.9159 0.4014
vn -0.0001 -0.9856 0.1690
vn -0.0000 -0.9981 -0.0620
vn -0.0000 -0.5694 -0.8220
vn -0.0000 -0.4327 -0.9015
vn -0.0000 -0.6945 -0.7195
vn -0.0001 -0.9159 -0.4014
vn -0.0000 -0.9856 -0.1690
vn -0.0000 -0.9981 0.0620
vn -0.0000 0.9357 0.3528
vn -0.0000 0.8756 0.4831
vn -0.0000 0.9759 0.2181
vn -0.0000 0.6066 0.7950
vn -0.0000 0.3488 0.9372
vn -0.0000 0.0821 0.9966
vn -0.0000 -0.3488 0.9372
vn -0.0000 -0.0821 0.9966
vn -0.0000 -0.6066 0.7950
vn -0.0000 -0.8799 0.4752
vn -0.0000 -0.9420 0.3355
vn -0.0000 -0.9815 0.1912
vn -0.0000 0.5506 -0.8348
vn -0.0000 0.6859 -0.7277
vn -0.0000 0.4014 -0.9159
vn -0.0000 0.9159 -0.4014
vn -0.0000 0.9856 -0.1690
vn -0.0000 0.9981 0.0620
vn -0.0000 0.3488 -0.9372
vn -0.0000 0.6066 -0.7950
vn -0.0000 0.0821 -0.9966
vn -0.0000 1.0000 -0.0005
vn -0.0000 -0.4516 0.8922
vn -0.0000 -0.4119 0.9112
vn -0.0000 -0.5505 0.8348
vn -0.0000 -0.3933 0.9194
vn -0.8024 -0.2474 0.5431
vn -0.0000 -0.4922 0.8705
vn -0.0000 -0.6062 0.7953
vn 0.7372 -0.1103 0.6666
vn -0.9095 0.0619 0.4110
vn 0.6694 0.6264 0.3994
vn 0.9839 0.0882 -0.1552
vn 0.9213 -0.0000 -0.3889
vn 0.8504 0.0021 0.5261
vn -0.8447 0.5352 -0.0001
vn -0.8237 -0.1036 -0.5575
vn -0.0001 0.0014 -1.0000
vn -0.0000 0.0014 -1.0000
vn -0.7385 -0.6518 0.1725
vn -0.0000 -0.7389 0.6739
vn 0.1968 -0.1757 0.9646
vn 0.9409 0.2367 0.2422
vn 0.4768 -0.0768 -0.8756
vn 0.0543 0.0052 0.9985
vn -0.7546 -0.3585 0.5496
vn -0.4430 -0.3901 0.8072
vn -0.7580 -0.4975 -0.4217
vn 0.0480 -0.9988 -0.0000
vn -0.4371 -0.3740 -0.8180
vn -0.6535 -0.5578 -0.5116
vn 0.2667 -0.0000 -0.9638
vn 0.0243 -0.9997 -0.0000
vn -0.9919 -0.1271 0.0043
vn -0.0000 0.8433 0.5374
vn -0.0000 -0.7071 -0.7071
vn -0.0000 -0.9921 0.1258
vn -0.0001 -0.9678 0.2516
vn -0.0000 -0.9160 0.4012
vn -0.0000 -0.5500 0.8352
vn -0.0000 -0.6865 0.7271
vn -0.0000 -0.9856 0.1693
vn -0.0001 0.6064 -0.7952
vn -0.0000 0.3491 -0.9371
vn 0.0001 0.9421 -0.3355
vn -0.0000 -0.8756 -0.4831
vn -0.0000 -0.6064 -0.7952
vn -0.0000 -0.9357 -0.3528
vn -0.0000 -0.9759 -0.2181
vn -0.0000 0.5693 0.8221
vn -0.0000 0.6945 0.7195
vn -0.0000 0.4327 0.9015
vn 0.0001 0.9160 0.4012
vn -0.0000 0.9160 -0.4012
vn 0.0002 0.9856 -0.1693
vn -0.0000 0.6865 -0.7271
vn -0.0000 0.5500 -0.8352
vn -0.0000 0.4015 -0.9159
vn -0.0000 -0.6064 0.7952
vn -0.0000 -0.9421 0.3355
vn -0.0000 -0.3491 0.9371
vn -0.0000 0.5895 0.8078
vn -0.0000 0.3239 0.9461
vn -0.0000 0.8626 0.5059
vn -0.0000 0.9222 0.3867
vn -0.0000 0.9648 0.2629
vn -0.0000 -0.4891 -0.8722
vn -0.0000 -0.3106 -0.9505
vn -0.0000 -0.9083 -0.4183
vn -0.0000 -0.6549 -0.7557
vn -0.0000 -0.9817 -0.1904
vn -0.0000 -0.9993 0.0384
vn -0.0000 0.0509 0.9987
vn -0.0000 -0.7954 0.6061
vn -0.0000 -0.8705 0.4922
vn -0.0000 -0.7953 0.6062
vn -0.0000 -0.9820 0.1891
vn -0.0000 -0.7139 -0.7002
vn -0.0000 -0.0193 -0.9998
vn -0.0000 -0.4014 0.9159
vn -0.0001 0.9856 0.1693
vn -0.0000 0.9981 -0.0620
vn -0.0000 -0.3491 -0.9371
vn -0.0000 -0.0821 -0.9966
vn -0.5491 -0.7947 -0.2585
vn -0.9801 0.0186 -0.1975
vn -0.5820 -0.7112 -0.3943
vn -0.0000 -0.9420 -0.3357
vn -0.9934 0.0071 -0.1141
vn -0.0000 -0.9997 -0.0247
vn 0.6140 0.2949 0.7321
vn 0.6664 -0.0111 0.7455
vn 0.9102 -0.2812 0.3042
vn -0.9932 0.0337 -0.1115
vn -0.0000 -0.0149 0.9999
vn 0.0006 0.8362 0.5484
vn -0.0000 0.9898 0.1427
vn 0.6769 -0.0639 0.7333
vn 0.2627 -0.7574 0.5977
vn 0.1350 -0.1024 0.9855
vn -0.4205 0.7224 -0.5489
vn -0.2019 0.9725 0.1165
vn -0.1027 0.9890 0.1066
vn 0.8584 0.3791 0.3456
vn 0.9290 -0.3696 -0.0168
vn 0.9942 -0.1039 0.0287
vn -0.0000 0.9661 0.2583
vn 0.8525 -0.5209 0.0429
vn 0.9854 -0.0258 0.1684
vn 0.9597 -0.0299 0.2796
vn -0.0000 0.9705 0.2412
vn 0.0474 0.7069 0.7057
vn -0.9955 0.0098 -0.0940
vn -0.2424 0.9270 -0.2861
vn -0.0000 0.9526 -0.3042
vn 0.1503 0.9390 0.3095
vn -0.3192 0.9186 0.2329
vn 0.2028 -0.4304 -0.8796
vn 0.4709 -0.8044 -0.3621
vn 0.7051 0.0733 -0.7053
vn -0.8939 -0.4482 0.0058
vn -0.1231 -0.9923 0.0118
vn -0.0778 0.9291 0.3615
vn -0.7681 -0.6403 0.0071
vn 0.9625 0.2713 -0.0032
vn 0.7635 0.6458 -0.0032
vn 0.9601 0.2795 -0.0002
vn 0.2081 0.1011 -0.9729
vn -0.1384 0.1023 -0.9851
vn -0.2019 -0.6129 -0.7639
vn 0.0532 -0.9697 -0.2386
vn -0.0243 -0.9043 -0.4261
vn -0.3987 -0.0948 0.9122
vn -0.2860 0.9302 0.2302
vn -0.4088 0.0803 -0.9091
vn -0.4100 0.0662 -0.9097
vn -0.1986 -0.7672 0.6099
vn -0.0798 -0.9679 -0.2382
vn 0.3986 -0.0948 0.9122
vn -0.0475 0.7069 0.7057
vn 0.0244 -0.9043 -0.4261
vn 0.1946 0.9522 0.2352
vn 0.4088 0.0803 -0.9091
vn 0.0657 0.9222 -0.3811
vn 0.4100 0.0662 -0.9097
vn -0.1608 -0.9832 -0.0865
vn 0.9932 0.0338 -0.1114
vn -0.8609 -0.3577 0.3618
vn -0.7388 0.5797 0.3437
vn -0.9921 0.0588 0.1112
vn -0.9223 0.3710 0.1078
vn -0.9715 0.1615 0.1737
vn -0.0000 0.9566 0.2915
vn -0.8094 0.3621 0.4623
vn -0.6422 -0.2991 0.7058
vn -0.6779 -0.7281 0.1014
vn -0.9597 -0.0299 0.2795
vn -0.1811 0.9702 0.1610
vn -0.2029 -0.1012 0.9739
vn 0.1368 0.9847 0.1075
vn -0.4269 -0.0135 0.9042
vn -0.0000 0.4100 0.9121
vn 0.9932 0.0017 -0.1161
vn 0.9935 0.0071 -0.1140
vn 0.9801 0.0186 -0.1975
vn 0.5492 -0.7947 -0.2585
vn 0.5067 -0.7917 -0.3413
vn -0.3979 -0.8655 -0.3044
vn -0.0000 -0.9784 0.2067
vn 0.1503 -0.9389 -0.3095
vn 0.9955 0.0098 -0.0939
vn -0.0000 -0.9183 0.3958
vn -0.0001 -0.9171 0.3987
vn 0.2954 0.8876 -0.3535
vn -0.0000 0.9786 -0.2059
vn -0.0000 0.9186 -0.3952
vn -0.0000 0.9801 -0.1987
vn -0.0000 0.9971 0.0759
vn -0.0000 0.9884 0.1518
vn -0.0000 0.8759 0.4825
vn -0.0000 0.7897 0.6134
vn -0.0000 -0.9426 -0.3339
vn -0.0000 -0.7617 -0.6480
vn -0.0000 -0.6465 -0.7629
vn -0.0001 -0.7642 -0.6450
vn -0.0000 -0.9184 -0.3955
vn 0.5887 -0.7147 -0.3776
vn 0.0569 -0.9288 -0.3662
vn 0.2827 -0.9292 -0.2380
vn -0.0000 -0.9903 -0.1386
vn -0.0000 -0.9976 -0.0693
vn -0.0000 -0.9968 0.0802
vn -0.0173 0.9727 -0.2313
vn -0.0000 0.9988 -0.0497
vn -0.0000 0.9690 -0.2469
vn -0.0259 0.9522 -0.3044
vn -0.0000 0.9815 -0.1914
vn -0.0238 0.8454 -0.5335
vn -0.0000 -0.9870 0.1607
vn -0.0000 -0.9870 0.1608
vn 0.5867 -0.7804 0.2162
vn 0.0407 -0.9788 0.2009
vn 0.3638 -0.9301 0.0499
vn -0.1238 -0.7167 0.6863
vn -0.0000 0.0376 0.9993
vn -0.0000 0.1127 0.9936
vn -0.2776 -0.8255 0.4915
vn -0.3145 -0.9493 -0.0000
vn -0.4217 -0.9010 0.1021
vn -0.0000 0.4500 -0.8930
vn -0.0000 0.6479 -0.7618
vn -0.0000 -0.0847 -0.9964
vn -0.0000 -0.0564 -0.9984
vn -0.0000 -0.9868 0.1621
vn -0.0000 -0.1127 -0.9936
vn -0.0000 -0.8397 0.5430
vn -0.0000 -0.9539 0.3002
vn -0.0000 -0.7835 -0.6214
vn 0.1079 -0.8009 0.5890
vn 0.4217 -0.9010 0.1021
vn 0.2776 -0.8255 0.4915
vn 0.1115 -0.7441 -0.6587
vn -0.2809 -0.9590 0.0386
vn -0.0543 -0.9855 0.1610
vn -0.5868 -0.7804 0.2161
vn -0.0000 -0.9812 0.1928
vn -0.0000 -0.9968 0.0801
vn -0.0000 0.9955 -0.0952
vn -0.0000 0.9601 -0.2797
vn 0.0212 0.7322 -0.6808
vn 0.0345 0.9594 -0.2801
vn 0.0207 0.9702 -0.2413
vn -0.0000 0.6830 -0.7304
vn -0.0000 -0.0908 -0.9959
vn -0.0000 -0.0376 -0.9993
vn -0.0000 0.9862 -0.1658
vn -0.0000 0.5533 -0.8330
vn -0.0000 0.9778 -0.2098
vn -0.0000 0.9841 0.1774
vn -0.0000 0.9869 0.1616
vn -0.0000 0.9037 0.4283
vn 0.0389 0.9366 0.3483
vn 0.0387 0.9485 0.3143
vn -0.0000 0.1442 -0.9896
vn -0.0000 0.0723 -0.9974
vn 0.0223 0.7319 0.6810
vn -0.0000 0.9546 0.2978
vn -0.0000 0.9704 0.2417
vn -0.0000 0.4917 0.8708
vn -0.0000 -0.1083 0.9941
vn -0.0000 -0.1442 0.9896
vn -0.0000 0.6183 0.7860
vn 0.0001 0.3537 0.9354
vn -0.0000 0.9487 0.3162
vn -0.0869 -0.7219 -0.6866
vn -0.3590 -0.9018 -0.2404
vn -0.0000 -0.9287 -0.3708
vn -0.4252 -0.7756 -0.4665
vn -0.4449 0.1291 -0.8862
vn -0.9999 0.0002 -0.0160
vn -0.9999 -0.0019 -0.0166
vn -0.2805 -0.7232 -0.6311
vn -0.0000 0.0482 -0.9988
vn -0.0387 0.9485 0.3143
vn -0.0389 0.9366 0.3483
vn -0.0000 0.9796 0.2010
vn -0.0000 0.9908 0.1351
vn -0.0261 0.7077 0.7060
vn -0.0000 0.8926 0.4508
vn -0.0000 -0.0482 0.9988
vn -0.1737 -0.9848 -0.0000
vn -0.0000 0.9827 -0.1854
vn 0.2616 -0.9652 -0.0000
vn 0.2313 -0.8211 -0.5217
vn 0.3591 -0.9018 -0.2404
vn -0.4793 -0.7705 -0.4202
vn -0.0000 -0.7078 -0.7064
vn -0.0000 -0.9095 -0.4158
vn -0.0426 -0.9441 -0.3270
vn -0.3655 -0.8983 -0.2437
vn -0.0000 0.9544 -0.2985
vn -0.0000 -0.9694 0.2454
vn -0.0000 -0.9802 0.1980
vn -0.0000 -0.9183 0.3959
vn -0.0000 -1.0000 -0.0050
vn -0.0000 -1.0000 -0.0088
vn -0.0000 -0.8665 -0.4992
vn 1.0000 0.0083 -0.0001
vn -0.0000 -0.9526 0.3042
vn 0.9999 0.0129 -0.0003
vn 0.9999 0.0142 -0.0001
vn -0.9999 -0.0116 0.0001
vn -0.9999 0.0111 -0.0002
vn -0.0000 -0.0121 -0.9999
vn 1.0000 -0.0038 0.0001
vn -0.9999 -0.0161 0.0002
vn 0.1437 -0.5613 0.8150
vn -0.0000 -0.0245 0.9997
vn -0.0000 -0.0083 1.0000
vn 0.3067 -0.9518 0.0096
vn 0.3848 -0.9230 0.0023
vn 0.3842 -0.9232 -0.0000
vn -0.0000 0.0067 -1.0000
vn -0.0000 0.0135 -0.9999
vn -0.0000 -0.9999 0.0120
vn -0.0000 0.7100 -0.7042
vn -0.0000 0.9782 -0.2074
vn 0.1847 -0.9827 0.0111
vn 0.2818 -0.5250 -0.8031
vn 0.3764 -0.9264 0.0024
vn -0.0000 -0.7304 -0.6830
vn -0.0000 0.0250 0.9997
vn -0.0000 0.9035 0.4286
vn 0.3759 -0.9267 -0.0000
vn -0.0000 -0.0183 -0.9998
vn -0.0000 -0.0550 -0.9985
vn -0.0000 -0.7304 -0.6831
vn -0.2383 -0.5647 -0.7902
vn -0.0000 0.9830 0.1838
vn -0.0000 0.9999 -0.0119
vn -0.0000 0.0499 0.9988
vn -0.0001 0.9830 0.1838
vn -0.0000 0.0202 -0.9998
vn -0.0000 0.8925 -0.4510
vn -0.0000 0.8925 -0.4511
vn -0.1546 -0.5529 0.8188
vn -0.0000 -0.0122 0.9999
vn -0.5505 -0.8348 0.0008
vn -0.3333 -0.9428 0.0096
vn -0.0000 -0.7115 0.7027
vn -0.0000 -0.5665 0.8240
vn -0.2764 -0.9610 -0.0000
vn -0.0000 0.0102 -0.9999
vn -0.0000 0.0101 -0.9999
vn -0.2697 -0.9629 0.0115
vn -0.0000 0.7286 0.6849
vn -0.0000 0.0325 0.9995
vn -0.0000 0.0167 0.9999
vn -0.4102 -0.9120 0.0021
vn 0.9991 -0.0412 0.0005
vn -0.0000 0.0122 0.9999
vn 1.0000 -0.0057 0.0001
vn 0.9989 -0.0472 0.0006
vn -0.0000 -0.0184 -0.9998
vn -0.4097 -0.9122 -0.0000
vn 0.9166 0.3999 -0.0037
vn -0.9147 0.1370 0.3803
vn 0.9953 -0.0967 0.0022
vn -0.7756 -0.6313 0.0044
vn -0.7751 -0.6319 0.0044
vn -0.7753 -0.6315 0.0044
vn -1.0000 0.0076 -0.0001
vn -1.0000 0.0031 -0.0001
vn -0.9999 0.0153 -0.0002
vn 0.8422 -0.5391 0.0129
vn 1.0000 -0.0063 0.0001
vn -0.7051 0.0733 -0.7053
vn 0.9675 0.2527 -0.0059
vn 0.1347 0.9809 0.1406
vn -0.1503 0.9390 0.3094
vn 0.1037 0.9279 0.3582
vn -0.0000 -0.9922 -0.1248
vn -0.0000 -0.9946 -0.1040
vn 0.3145 -0.9493 -0.0000
vn -0.0000 -1.0000 -0.0099
vn -0.0000 -0.9802 0.1981
vn -0.1128 -0.9669 -0.2290
vn -0.9932 0.0017 -0.1161
vn 0.9949 -0.0000 0.1006
vn 0.6175 0.6348 0.4644
vn 0.2900 -0.6180 0.7308
vn -0.0233 0.9950 0.0970
vn -0.0177 0.9912 0.1312
vn -0.0041 0.5552 0.8317
vn 0.0043 0.0201 0.9998
vn -0.0050 0.0096 0.9999
vn 0.3739 -0.0110 0.9274
vn 0.0067 0.0028 1.0000
vn 0.0046 0.0206 0.9998
vn 0.0087 0.9907 0.1358
vn -0.0071 0.9989 -0.0458
vn -0.2463 0.3598 -0.9000
vn -0.6720 0.6264 -0.3949
vn -0.7044 0.7021 -0.1048
vn 0.0014 0.0011 1.0000
vn 0.0008 0.0059 1.0000
vn -1.0000 -0.0020 -0.0072
vn -1.0000 0.0002 -0.0022
vn -0.8928 0.2037 -0.4017
vn 0.0105 -0.0505 0.9987
vn -0.5281 0.5349 0.6595
vn -0.9950 -0.0000 0.0997
vn 0.0136 0.9951 0.0982
vn 0.0011 -0.0009 1.0000
vn 0.0010 -0.0078 1.0000
vn -0.3736 -0.7671 0.5216
vn 0.0136 -0.9951 0.0982
vn 0.0087 -0.9907 0.1358
vn 0.0067 -0.0029 1.0000
vn 0.0049 -0.0206 0.9998
vn 0.0083 -0.4192 0.9079
vn 0.0040 -0.0202 0.9998
vn -0.0177 -0.9912 0.1311
vn -0.0066 -0.7710 0.6368
vn 0.0098 0.6525 0.7577
vn -0.0233 -0.9950 0.0970
vn -0.0035 -0.0072 1.0000
vn 0.3739 0.0110 0.9274
vn 0.6336 -0.5185 -0.5742
vn 0.7057 -0.7011 -0.1022
vn 0.0112 -0.9989 -0.0459
vn -0.0040 -0.0049 1.0000
vn 0.0635 -0.4496 -0.8910
vn 0.7077 0.0361 0.7056
vn 1.0000 0.0047 0.0002
vn 0.0105 0.0505 0.9987
vn 0.9999 0.0080 -0.0075
vn -0.2236 -0.3612 -0.9053
vn -0.0096 -0.4609 -0.8874
vn -0.8928 -0.2037 -0.4017
vn -0.0044 -0.0780 -0.9969
vn -0.0084 0.5553 -0.8316
vn 0.0002 0.6168 -0.7871
vn -0.0886 0.9606 0.2634
vn 0.0051 0.8521 0.5234
vn -0.1142 0.6922 -0.7126
vn -0.0036 -0.2623 -0.9650
vn -0.4011 -0.6222 -0.6723
vn -0.0071 -0.9989 -0.0458
vn 0.0798 0.2873 -0.9545
vn -1.0000 0.0020 -0.0072
vn -0.0096 0.4609 -0.8874
vn 0.9999 -0.0080 -0.0075
vn 1.0000 -0.0046 0.0005
vn 0.4719 0.7633 -0.4412
vn 0.0112 0.9989 -0.0459
vn 0.8897 0.4451 -0.1016
vn -0.0024 0.0033 1.0000
vn -0.0084 -0.5553 -0.8316
vn -0.0044 0.0780 -0.9969
vn 0.0002 -0.6168 -0.7871
vn 0.7077 -0.0361 0.7056
vn -0.0886 -0.9606 0.2634
vn 0.0051 -0.8521 0.5234
vn -0.1142 -0.6922 -0.7126
vn -0.0036 0.2623 -0.9650
vn 0.0025 -0.2555 0.9668
vn -0.0599 -0.2488 0.9667
vn -0.5171 -0.8118 0.2713
vn 0.0064 0.7070 0.7072
vn 0.0798 0.6989 0.7108
vn -0.0365 -0.0575 0.9977
vn 0.6422 0.2558 0.7226
vn 0.4330 0.6881 0.5822
vn -0.2022 -0.1493 0.9679
vn 0.7037 0.0462 0.7090
vn -0.9047 -0.3310 0.2682
vn -0.2541 -0.0374 0.9665
vn 0.6219 -0.0000 0.7831
vn -0.3373 -0.0001 0.9414
vn -0.9640 -0.0567 0.2597
vn -0.7013 -0.0728 -0.7092
vn -0.7071 -0.0001 -0.7072
vn -0.9891 -0.0001 0.1473
vn 0.2589 -0.0000 -0.9659
vn 0.2589 0.0062 -0.9659
vn -0.6087 -0.3279 -0.7225
vn 0.9601 0.1027 -0.2603
vn 0.2466 0.0598 -0.9673
vn 0.9839 -0.0001 -0.1786
vn 0.8327 0.4837 -0.2693
vn 0.2222 0.3528 -0.9089
vn -0.2902 -0.4566 -0.8410
vn 0.0128 0.2580 -0.9661
vn 0.1708 0.9500 -0.2615
vn 0.0073 0.9659 -0.2589
vn -0.0004 0.9659 -0.2587
vn 0.0016 0.8274 0.5615
vn 0.0049 0.5616 0.8274
vn 0.0017 0.9659 -0.2588
vn 0.0018 0.4358 -0.9000
vn -0.5049 -0.6090 -0.6117
vn -0.7508 -0.5936 0.2896
vn -0.0047 -0.9643 0.2647
vn 0.0052 -0.4315 0.9021
vn 0.0013 -0.0727 0.9974
vn 0.5122 0.8144 -0.2727
vn 0.9414 0.0001 -0.3373
vn 0.6465 -0.0000 0.7629
vn -0.2541 0.0375 0.9665
vn 0.7037 -0.0462 0.7090
vn -0.3668 -0.0000 0.9303
vn -0.9640 0.0567 0.2597
vn -0.9301 0.0001 0.3672
vn -0.9047 0.3311 0.2682
vn -0.8274 0.0001 -0.5617
vn -0.7013 0.0728 -0.7092
vn -0.2022 0.1493 0.9679
vn -0.5171 0.8118 0.2713
vn -0.6087 0.3279 -0.7225
vn -0.2898 0.4567 -0.8411
vn 0.2466 -0.0598 -0.9673
vn 0.2589 -0.0062 -0.9659
vn 0.8327 -0.4837 -0.2693
vn 0.2223 -0.3528 -0.9089
vn 0.9601 -0.1027 -0.2603
vn 0.6422 -0.2558 0.7226
vn 0.4331 -0.6881 0.5822
vn -0.0365 0.0575 0.9977
vn -0.0599 0.2487 0.9667
vn 0.0798 -0.6989 0.7108
vn 0.0064 -0.7070 0.7072
vn 0.0025 0.2556 0.9668
vn 0.0052 0.4315 0.9021
vn 0.0049 -0.5616 0.8274
vn 0.0018 0.0726 0.9974
vn -0.7508 0.5936 0.2896
vn -0.0046 0.9643 0.2647
vn -0.5049 0.6090 -0.6117
vn 0.0017 -0.4358 -0.9000
vn -0.0004 -0.9659 -0.2588
vn 0.0017 -0.9659 -0.2588
vn 0.0071 -0.9659 -0.2590
vn 0.0018 -0.8274 0.5616
vn 0.0127 -0.2580 -0.9661
vn 0.1708 -0.9500 -0.2615
vn 0.5120 -0.8145 -0.2728
vn 0.0727 -0.0000 -0.9974
vn -0.8891 -0.4456 -0.1049
vn -1.0000 -0.0002 -0.0022
vn 0.9950 -0.0000 0.0997
vn 0.5280 0.5349 0.6596
vn 0.3736 -0.7671 0.5216
vn -0.0136 0.9951 0.0982
vn -0.0087 0.9907 0.1358
vn -0.0077 -0.5154 0.8569
vn -0.0110 0.5154 0.8569
vn -0.0044 0.0202 0.9998
vn -0.0046 0.0206 0.9998
vn -0.0068 0.0029 1.0000
vn 0.0177 0.9912 0.1312
vn 0.0066 0.7710 0.6368
vn -0.0009 0.0059 1.0000
vn 0.0041 -0.5552 0.8317
vn -0.5209 0.5376 0.6631
vn -0.3638 -0.7703 0.5237
vn -0.9949 -0.0000 0.1006
vn 0.0233 0.9950 0.0970
vn 0.0035 -0.0072 1.0000
vn 0.0050 0.0096 0.9999
vn 0.0025 0.0034 1.0000
vn -0.3740 -0.0110 0.9274
vn -0.0105 -0.0505 0.9987
vn -0.7077 -0.0360 0.7056
vn -1.0000 -0.0044 0.0008
vn -0.4719 0.7633 -0.4412
vn -0.8897 0.4451 -0.1016
vn -0.0112 0.9989 -0.0459
vn -0.0798 0.2873 -0.9545
vn -0.9999 -0.0080 -0.0075
vn 0.0096 0.4609 -0.8874
vn 0.8929 0.2037 -0.4016
vn 0.2463 0.3598 -0.9000
vn 0.0037 0.1830 -0.9831
vn 0.0085 -0.5553 -0.8316
vn -0.0002 -0.6168 -0.7871
vn 0.0037 0.2623 -0.9650
vn 0.1143 -0.6922 -0.7126
vn 0.0886 -0.9606 0.2634
vn -0.0051 -0.8521 0.5234
vn 0.6721 0.6265 -0.3948
vn 0.0071 0.9989 -0.0458
vn 1.0000 -0.0019 -0.0070
vn 0.2236 -0.3612 -0.9053
vn 0.4011 -0.6222 -0.6723
vn 0.8891 -0.4456 -0.1048
vn 0.0071 -0.9989 -0.0458
vn -0.0068 -0.0029 1.0000
vn -0.0014 -0.0011 1.0000
vn -0.0010 -0.0079 1.0000
vn -0.0046 -0.0206 0.9998
vn -0.0045 -0.0201 0.9998
vn -0.3740 0.0110 0.9274
vn -0.0105 0.0505 0.9987
vn 1.0000 0.0019 -0.0070
vn 1.0000 -0.0002 -0.0021
vn 0.8929 -0.2037 -0.4016
vn 0.5050 0.6090 -0.6117
vn 0.0085 0.5554 -0.8315
vn 0.0047 0.9643 0.2647
vn 0.0096 -0.4609 -0.8874
vn 0.0037 -0.1830 -0.9831
vn -0.0002 0.6168 -0.7871
vn 0.7508 0.5936 0.2896
vn -0.0016 -0.2588 -0.9659
vn -0.0017 -0.9659 -0.2588
vn 0.0012 -0.9659 -0.2588
vn -0.0018 -0.5617 0.8274
vn -0.0051 -0.7072 0.7070
vn -0.0065 -0.7070 0.7072
vn -0.0073 -0.9659 -0.2589
vn 0.0035 -0.2625 -0.9649
vn -0.1708 -0.9500 -0.2615
vn -0.0127 -0.2580 -0.9661
vn -0.0798 -0.6989 0.7108
vn 0.0364 0.0575 0.9977
vn -0.4331 -0.6881 0.5822
vn 0.0599 0.2488 0.9667
vn 0.5171 0.8118 0.2713
vn -0.0026 0.2554 0.9668
vn 0.0886 0.9606 0.2634
vn 0.1143 0.6922 -0.7126
vn 0.2899 0.4568 -0.8410
vn 0.6087 0.3279 -0.7224
vn 0.2022 0.1493 0.9679
vn 0.9047 0.3311 0.2683
vn -0.2465 -0.0598 -0.9673
vn -0.2588 -0.0062 -0.9659
vn 0.7013 0.0729 -0.7091
vn -0.1472 -0.0000 -0.9891
vn 0.7071 0.0001 -0.7071
vn 0.9640 0.0567 0.2598
vn 0.4356 -0.0000 0.9001
vn 0.2540 0.0374 0.9665
vn 0.9891 0.0001 0.1473
vn 0.9302 -0.0001 0.3670
vn 0.8274 -0.0001 -0.5616
vn -0.1786 -0.0000 -0.9839
vn 0.7013 -0.0728 -0.7091
vn 0.9640 -0.0567 0.2598
vn 0.2588 -0.0000 0.9659
vn 0.2540 -0.0374 0.9665
vn 0.9047 -0.3310 0.2683
vn -0.7038 0.0462 0.7089
vn -0.7071 -0.0000 0.7071
vn 0.2021 -0.1493 0.9679
vn -0.6422 0.2558 0.7226
vn 0.0364 -0.0575 0.9977
vn 0.5171 -0.8118 0.2713
vn 0.2902 -0.4566 -0.8410
vn 0.0599 -0.2487 0.9667
vn 0.6087 -0.3279 -0.7224
vn -0.0065 0.7070 0.7072
vn -0.0798 0.6989 0.7108
vn -0.0026 -0.2556 0.9668
vn -0.0048 -0.3335 0.9427
vn -0.0048 0.7069 0.7073
vn -0.0017 -0.2588 0.9659
vn -0.0017 0.5617 0.8274
vn 0.7508 -0.5936 0.2896
vn 0.0047 -0.9643 0.2647
vn 0.5050 -0.6090 -0.6117
vn -0.0017 0.9659 -0.2588
vn 0.0004 0.9663 -0.2573
vn -0.0016 0.2588 -0.9659
vn -0.0072 0.9659 -0.2589
vn -0.1708 0.9500 -0.2615
vn -0.0127 0.2580 -0.9661
vn -0.2223 0.3528 -0.9089
vn -0.2466 0.0598 -0.9673
vn -0.8327 0.4837 -0.2694
vn -0.5121 0.8144 -0.2728
vn -0.4330 0.6881 0.5823
vn -0.9600 0.1027 -0.2603
vn -0.2588 0.0062 -0.9659
vn -0.9659 -0.0001 -0.2589
vn -0.9659 0.0001 -0.2589
vn -0.9600 -0.1027 -0.2603
vn -0.5615 -0.0000 0.8275
vn -0.7038 -0.0462 0.7089
vn -0.8327 -0.4837 -0.2694
vn -0.6422 -0.2558 0.7226
vn -0.5121 -0.8144 -0.2728
vn -0.2222 -0.3528 -0.9089
vn -0.0051 0.8521 0.5234
vn -0.7077 0.0360 0.7056
vn -0.0048 0.3335 0.9427
vn -1.0000 0.0044 0.0008
vn -0.0017 0.2588 0.9659
vn -0.0635 -0.4496 -0.8910
vn -0.9999 0.0080 -0.0075
vn -0.6335 -0.5186 -0.5742
vn -0.0112 -0.9989 -0.0459
vn -0.7057 -0.7011 -0.1022
vn 0.0039 -0.0049 1.0000
vn -0.0087 -0.9907 0.1357
vn 0.0177 -0.9912 0.1312
vn -0.0136 -0.9951 0.0981
vn 0.0233 -0.9950 0.0970
vn -0.0014 0.0011 1.0000
vn 0.7044 0.7021 -0.1048
vn 1.0000 0.0002 -0.0021
vn -0.7120 -0.6988 0.0688
vn -0.0154 -0.9968 0.0789
vn -0.9998 0.0005 0.0191
vn 0.0043 0.4167 -0.9090
vn 0.4428 -0.0224 -0.8964
vn -0.0065 -0.0238 -0.9997
vn -0.0019 0.4160 -0.9093
vn 0.4384 -0.0217 -0.8985
vn 0.3985 0.3773 -0.8360
vn 0.5938 -0.0209 -0.8044
vn -0.0048 -0.0244 -0.9997
vn -0.9997 0.0185 0.0177
vn -0.9998 0.0080 0.0185
vn 0.7120 0.6988 -0.0687
vn 0.0154 0.9968 -0.0789
vn 0.5473 -0.0234 -0.8366
vn 0.8237 -0.0071 -0.5670
vn 0.6941 0.0351 -0.7190
vn -0.0029 -0.0327 -0.9995
vn 0.5874 -0.0127 -0.8092
vn 0.6881 0.0801 -0.7212
vn 0.6823 0.0423 -0.7298
vn 0.5040 0.2566 -0.8247
vn 0.7598 0.2679 -0.5924
vn 0.4331 0.3678 -0.8229
vn 0.0050 -0.0408 -0.9992
vn 0.0006 -0.0308 -0.9995
vn -0.9934 -0.1115 0.0278
vn -0.9018 -0.4291 0.0511
vn -0.9331 -0.3566 0.0460
vn -0.9966 -0.0786 0.0253
vn -0.7393 -0.6701 0.0670
vn -0.0136 -0.0192 -0.9997
vn -0.7193 -0.6913 0.0683
vn -0.5305 -0.8442 0.0767
vn -0.4611 -0.8839 0.0785
vn -0.7193 -0.6913 0.0684
vn -0.9018 -0.4291 0.0512
vn -0.1249 -0.9889 0.0803
vn -0.1251 -0.9889 0.0804
vn -0.4304 -0.8992 0.0792
vn -0.1016 -0.9916 0.0803
vn -0.1314 -0.7818 0.6095
vn -0.1996 -0.3531 0.9140
vn -0.5661 -0.5638 0.6013
vn 0.0024 0.0255 0.9997
vn -0.0021 0.0295 0.9996
vn 0.0028 0.0267 0.9996
vn 0.1749 0.9813 -0.0806
vn 0.4678 0.8804 -0.0785
vn 0.4689 0.8798 -0.0784
vn 0.6990 0.7117 -0.0696
vn 0.0001 0.0306 0.9995
vn 0.0014 0.0286 0.9996
vn 0.3742 0.6025 0.7050
vn 0.7400 0.6693 -0.0670
vn 0.0914 0.9926 -0.0801
vn 0.1038 0.7041 0.7024
vn 0.0028 0.0273 0.9996
vn 0.4152 0.9063 -0.0791
vn 0.7023 0.7085 -0.0691
vn 0.5255 0.4808 0.7019
vn 0.8689 0.4919 -0.0553
vn 0.4974 0.4144 -0.7621
vn 0.3453 0.5343 -0.7715
vn 0.0896 0.6282 -0.7729
vn 0.2630 0.6073 -0.7497
vn 0.4780 0.4727 -0.7403
vn 0.0853 0.6614 -0.7452
vn 0.4238 0.6678 -0.6119
vn 0.0851 0.6609 -0.7456
vn -0.0087 -0.0234 -0.9997
vn -0.0013 0.5195 -0.8545
vn -0.0069 -0.0246 -0.9997
vn -0.0001 0.2779 -0.9606
vn -0.0000 0.9969 -0.0786
vn -0.0895 0.6282 -0.7729
vn 0.0014 0.5195 -0.8545
vn 0.0069 -0.0246 -0.9997
vn -0.0000 -0.0243 -0.9997
vn 0.0147 -0.9867 0.1622
vn -0.0000 -0.9865 0.1636
vn -0.0000 -0.9970 0.0779
vn -0.0148 -0.9869 0.1608
vn 0.3084 -0.0208 -0.9510
vn -0.3084 -0.0208 -0.9510
vn 0.9998 0.0021 -0.0200
vn -0.0154 -0.9968 0.0779
vn -0.0159 -0.9999 -0.0059
vn 0.6051 0.0251 0.7958
vn 0.3220 0.0251 0.9464
vn 0.9995 0.0228 -0.0210
vn 0.7055 0.0703 0.7052
vn 0.9870 0.1576 -0.0314
vn 0.7708 0.2998 0.5621
vn 0.0107 0.0098 0.9999
vn 0.0117 0.0090 0.9999
vn 0.9885 0.1478 -0.0306
vn 0.9962 0.0831 -0.0257
vn 0.9326 0.3578 -0.0461
vn 0.0103 0.0226 0.9997
vn 0.9998 0.0078 -0.0198
vn 0.9998 -0.0020 -0.0190
vn 0.0141 0.0046 0.9999
vn 0.0132 0.0099 0.9999
vn -0.4910 -0.2816 0.8244
vn 0.8649 0.4988 -0.0559
vn 0.0090 0.0220 0.9997
vn -0.6837 -0.0946 0.7236
vn -0.8226 0.0102 0.5685
vn -0.9934 -0.1115 0.0279
vn -0.9998 0.0028 0.0191
vn -0.4381 0.0318 0.8984
vn 0.7120 0.6988 -0.0688
vn 0.0154 0.9968 -0.0790
vn 0.9998 -0.0005 -0.0192
vn 0.0053 0.0250 0.9997
vn -0.4006 -0.3778 0.8347
vn 0.0011 -0.4141 0.9102
vn -0.4409 0.0215 0.8973
vn -0.0077 -0.9969 0.0788
vn -0.5465 0.0208 0.8372
vn 0.0078 0.9969 -0.0788
vn -0.2311 -0.2089 0.9503
vn 0.0003 0.3362 0.9418
vn -0.1039 0.7041 0.7024
vn 0.5464 0.0208 0.8373
vn 0.2313 -0.2092 0.9501
vn -0.0000 0.0240 0.9997
vn 0.0015 -0.5170 0.8560
vn 0.4006 -0.3779 0.8347
vn -0.3221 0.0252 0.9464
vn -0.0000 -1.0000 -0.0077
vn 0.0159 -0.9999 -0.0057
vn 0.0154 -0.9968 0.0786
vn -0.6051 0.0251 0.7958
vn -0.9998 0.0020 -0.0197
vn -0.7055 0.0703 0.7052
vn -0.9995 0.0228 -0.0211
vn -0.0117 0.0090 0.9999
vn -0.0103 0.0226 0.9997
vn -0.5873 -0.0127 -0.8093
vn -0.6823 0.0423 -0.7299
vn -0.9870 0.1576 -0.0314
vn -0.7413 0.2605 -0.6185
vn -0.8689 0.4919 -0.0554
vn -0.7708 0.2998 0.5621
vn -0.5255 0.4808 0.7019
vn -0.0109 0.0092 0.9999
vn -0.9885 0.1478 -0.0307
vn -0.8649 0.4988 -0.0560
vn -0.9326 0.3578 -0.0462
vn -0.7400 0.6693 -0.0670
vn -0.9962 0.0831 -0.0257
vn -0.0017 0.0282 0.9996
vn 0.6837 -0.0946 0.7236
vn -0.0141 0.0046 0.9999
vn -0.0090 0.0220 0.9997
vn 0.4910 -0.2816 0.8244
vn -0.9998 0.0080 -0.0199
vn -0.0133 0.0099 0.9999
vn 0.9018 -0.4291 0.0512
vn 0.7193 -0.6913 0.0684
vn 0.5661 -0.5638 0.6014
vn -0.0026 0.0261 0.9997
vn -0.6990 0.7117 -0.0692
vn 0.1995 -0.3532 0.9140
vn 0.0021 0.0295 0.9996
vn -0.4686 0.8799 -0.0785
vn -0.4684 0.8801 -0.0785
vn -0.3743 0.6025 0.7049
vn -0.0000 0.0309 0.9995
vn -0.0033 0.0269 0.9996
vn -0.1749 0.9813 -0.0808
vn -0.0914 0.9926 -0.0801
vn -0.0077 0.9969 -0.0788
vn 0.4409 0.0182 0.8974
vn -0.0025 -0.4142 0.9102
vn -0.0021 0.0258 0.9997
vn -0.0054 0.0250 0.9997
vn -0.9998 -0.0005 -0.0192
vn -0.7120 0.6988 -0.0689
vn 0.1016 -0.9916 0.0802
vn 0.0077 -0.9969 0.0788
vn 0.1314 -0.7818 0.6095
vn 0.4380 0.0325 0.8984
vn -0.0154 0.9968 -0.0790
vn -0.0005 -0.4143 0.9101
vn 0.9997 0.0185 0.0178
vn 0.9998 0.0028 0.0192
vn 0.8226 0.0103 0.5686
vn 0.9934 -0.1115 0.0279
vn 0.7193 -0.6913 0.0683
vn 0.7393 -0.6701 0.0670
vn 0.9331 -0.3566 0.0462
vn -0.0048 -0.0408 -0.9992
vn -0.4330 0.3678 -0.8229
vn -0.0008 -0.0310 -0.9995
vn 0.0137 -0.0192 -0.9997
vn 0.5305 -0.8442 0.0772
vn -0.4238 0.6678 -0.6120
vn -0.4780 0.4727 -0.7403
vn -0.5041 0.2566 -0.8247
vn -0.7599 0.2678 -0.5924
vn -0.6880 0.0801 -0.7212
vn -0.6941 0.0351 -0.7191
vn -0.5937 -0.0209 -0.8044
vn -0.8237 -0.0071 -0.5670
vn 0.0030 -0.0327 -0.9995
vn 0.0048 -0.0245 -0.9997
vn 0.9998 0.0028 0.0191
vn 0.9998 0.0079 0.0186
vn 0.9966 -0.0786 0.0253
vn 0.9997 0.0185 0.0177
vn -0.0025 0.4167 -0.9090
vn -0.0154 0.9968 -0.0789
vn -0.7120 0.6988 -0.0688
vn -0.3985 0.3773 -0.8360
vn -0.4383 -0.0231 -0.8985
vn -0.0014 0.4160 -0.9094
vn 0.0065 -0.0238 -0.9997
vn -0.0851 0.6609 -0.7456
vn 0.0092 -0.0232 -0.9997
vn 0.0077 -0.9969 0.0787
vn 0.1249 -0.9889 0.0803
vn 0.4611 -0.8839 0.0786
vn 0.1251 -0.9889 0.0804
vn 0.4304 -0.8992 0.0793
vn -0.0853 0.6613 -0.7452
vn -0.2629 0.6073 -0.7497
vn -0.3453 0.5343 -0.7715
vn -0.4152 0.9063 -0.0791
vn -0.7023 0.7085 -0.0692
vn -0.4974 0.4144 -0.7622
vn -0.1471 0.9859 -0.0798
vn 0.0154 -0.9968 0.0789
vn 0.7120 -0.6988 0.0688
vn -0.4427 -0.0243 -0.8963
vn 0.9998 0.0005 0.0192
vn -0.5473 -0.0234 -0.8366
vn -0.9998 -0.0122 -0.0183
vn -0.9998 -0.0020 -0.0191
vn -0.0016 -0.5170 0.8560
vn -0.0011 -0.4143 0.9101
vn 0.9998 -0.0122 -0.0182
vn 0.9998 -0.0005 -0.0191
vn -0.0077 -0.9969 0.0787
vn 0.7414 0.2606 -0.6185
vn 0.1465 0.9860 -0.0802
vn -0.0000 0.0005 -1.0000
vn -0.0000 0.0011 -1.0000
vn 0.0001 0.0011 -1.0000
vn 0.0090 -0.0071 -0.9999
vn -0.0000 0.0006 -1.0000
vn -0.0028 0.0082 -1.0000
vn 0.0153 0.0074 -0.9999
vn 0.0107 0.0230 -0.9997
vn 0.4527 -0.7167 -0.5305
vn 0.6070 -0.3984 -0.6876
vn 0.3450 0.0024 -0.9386
vn 0.4652 -0.4896 0.7375
vn 0.7015 -0.0000 0.7127
vn -0.0000 -0.5177 0.8556
vn -0.0000 -0.9586 0.2847
vn -0.0000 -0.9995 0.0316
vn 0.5839 -0.8102 0.0514
vn 0.7625 -0.6268 0.1602
vn 0.5468 -0.7986 -0.2517
vn 0.0001 -0.7596 -0.6504
vn -0.1931 0.4722 0.8601
vn 0.0001 0.8089 0.5880
vn 0.0007 0.4129 0.9108
vn -0.5907 0.5964 0.5435
vn -0.2582 0.6151 0.7449
vn -0.0127 0.8447 0.5352
vn -0.1881 0.9001 0.3931
vn -0.0008 0.9998 0.0222
vn -0.7114 0.7022 -0.0306
vn -0.6242 0.7813 -0.0010
vn -0.0633 0.9972 0.0410
vn -0.0546 0.9937 -0.0982
vn -0.7231 0.6875 -0.0674
vn -0.0188 0.9996 0.0211
vn -0.0000 -0.9959 -0.0910
vn -0.0000 -0.9992 -0.0412
vn -0.4375 -0.8985 -0.0360
vn -0.0000 -0.9938 0.1115
vn -0.7695 -0.6098 0.1898
vn -0.6877 -0.7260 -0.0028
vn -0.5302 -0.8412 0.1058
vn -0.5271 -0.8326 0.1702
vn -0.0000 -0.9854 0.1701
vn -0.0000 -0.9701 0.2427
vn -0.0396 0.9870 -0.1556
vn -0.7174 0.6866 -0.1180
vn -0.0209 0.9749 -0.2218
vn -0.7143 0.6771 -0.1766
vn -0.0186 0.8180 -0.5749
vn -0.7425 0.3845 -0.5486
vn 0.6225 0.6340 -0.4589
vn 0.7157 0.6734 -0.1854
vn 0.0114 0.9296 -0.3683
vn 0.0076 0.9893 -0.1460
vn -0.0000 0.8024 -0.5968
vn 0.0259 0.9019 -0.4312
vn 0.6035 0.7770 -0.1788
vn 0.0034 0.8125 -0.5829
vn -0.0001 0.8256 0.5643
vn 0.2741 0.6204 0.7348
vn 0.9032 0.3395 0.2625
vn -0.1600 -0.9701 0.1823
vn -0.1918 -0.7295 0.6565
vn -0.6061 -0.7870 -0.1150
vn -0.0001 0.2421 0.9703
vn -0.2678 -0.7006 0.6613
vn -0.0000 -0.7159 0.6982
vn -0.6646 -0.7249 0.1813
vn 0.7652 -0.6017 0.2289
vn 0.2153 -0.9649 0.1503
vn 0.8056 -0.5919 -0.0237
vn 0.1917 -0.7295 0.6566
vn 0.3406 -0.5607 0.7548
vn 0.6878 -0.7231 -0.0640
vn 0.4254 -0.8779 0.2197
vn 0.5393 -0.8421 0.0039
vn 0.5302 -0.8412 0.1059
vn 0.6686 -0.7307 0.1383
vn 0.0002 -0.8329 0.5534
vn -0.0000 -0.9826 0.1857
vn 0.0396 0.9870 -0.1556
vn 0.0546 0.9937 -0.0982
vn 0.7231 0.6875 -0.0674
vn 0.0209 0.9749 -0.2218
vn 0.7174 0.6866 -0.1180
vn 0.6242 0.7813 -0.0010
vn -0.0017 0.9912 -0.1325
vn -0.0076 0.9893 -0.1459
vn -0.0003 0.9976 -0.0694
vn 0.0008 0.9998 0.0222
vn 0.0003 1.0000 0.0021
vn -0.0000 0.9976 -0.0693
vn 0.1880 0.9001 0.3930
vn 0.0127 0.8447 0.5352
vn 0.2574 0.6154 0.7450
vn 0.1424 0.4316 0.8908
vn 0.5903 0.5970 0.5432
vn 0.2588 0.6154 0.7446
vn -0.0001 0.6481 0.7616
vn -0.0000 0.9243 0.3816
vn -0.0014 0.4461 0.8950
vn -0.5840 -0.8111 0.0319
vn -0.5527 -0.6674 -0.4991
vn -0.0000 -0.9459 -0.3245
vn -0.0000 -0.9980 0.0632
vn -0.0000 -0.9380 0.3467
vn -0.6697 -0.7258 0.1572
vn -0.5539 -0.5832 0.5943
vn -0.0000 -0.3394 0.9406
vn -0.4443 -0.0000 0.8959
vn -0.3428 0.0067 -0.9394
vn -0.0036 0.0128 -0.9999
vn 0.2907 0.9568 -0.0000
vn 0.5795 0.8150 -0.0000
vn 0.0045 0.0044 -1.0000
vn 0.0134 -0.0037 -0.9999
vn -0.0389 0.0184 -0.9991
vn -0.0014 0.1945 0.9809
vn 0.6693 0.6573 0.3464
vn -0.0000 -0.9999 -0.0126
vn -0.0000 -0.9980 -0.0627
vn 0.4355 -0.8984 -0.0564
vn 0.0109 0.9998 -0.0135
vn -0.4408 0.8976 -0.0000
vn 0.2911 0.9567 0.0001
vn 0.5792 0.8152 -0.0000
vn -0.4355 -0.8984 -0.0560
vn -0.6858 -0.7278 0.0089
vn -0.9286 -0.3708 -0.0140
vn 0.0014 0.1945 0.9809
vn -0.0000 -0.9999 0.0125
vn -0.6693 0.6573 0.3463
vn -0.0103 0.9999 -0.0133
vn -0.2907 0.9568 -0.0001
vn -0.5795 0.8150 -0.0000
vn -0.0000 0.8089 0.5880
vn 0.5399 -0.8412 0.0306
vn -0.0000 -1.0000 -0.0014
vn 0.7114 0.7022 -0.0306
vn 0.0188 0.9996 0.0211
vn -0.0000 -0.9962 -0.0877
vn 0.0633 0.9972 0.0410
vn -0.0013 0.4476 0.8942
vn -0.7163 0.6728 -0.1851
vn -0.0114 0.9296 -0.3683
vn -0.6225 0.6340 -0.4589
vn -0.7536 0.6159 -0.2297
vn -0.0222 0.9304 -0.3658
vn -0.7778 0.5845 0.2312
vn -0.3809 0.5734 0.7253
vn 0.0001 0.5953 0.8035
vn -0.0033 0.8126 -0.5829
vn -0.0000 0.3155 0.9489
vn 0.6061 -0.7870 -0.1149
vn 0.7425 0.3845 -0.5485
vn 0.7144 0.6771 -0.1766
vn 0.0186 0.8180 -0.5749
vn -0.1073 -0.4311 0.8959
vn -0.1371 -0.9906 -0.0000
vn -0.0002 -0.1910 0.9816
vn -0.0001 -0.2543 0.9671
vn 0.0001 -0.3625 0.9320
vn -0.0000 -0.2543 0.9671
vn 0.0017 0.9912 -0.1325
vn 0.0009 0.9976 -0.0695
vn -0.0002 1.0000 0.0021
vn -0.0000 -1.0000 0.0098
vn -0.0000 -0.9954 0.0955
vn -0.0000 -0.9999 0.0133
vn 0.0001 -0.1591 0.9873
vn -0.0000 -0.6408 0.7677
vn -0.0001 -0.0012 1.0000
vn 0.6985 0.1557 0.6985
vn 0.9749 0.1572 0.1573
vn 0.2137 0.2126 0.9535
vn -0.0000 -0.0001 1.0000
vn -0.0000 -1.0000 0.0007
vn -0.0000 -0.0008 1.0000
vn -0.0000 -1.0000 -0.0001
vn -0.0000 -1.0000 -0.0011
vn -0.0000 -1.0000 -0.0017
vn -0.0000 0.0001 -1.0000
vn 0.0080 -1.0000 -0.0017
vn -0.0000 0.0026 -1.0000
vn 0.0021 0.0026 -1.0000
vn -0.5492 -0.8357 -0.0014
vn -0.5497 -0.8353 -0.0014
vn 0.0067 -1.0000 -0.0011
vn 0.0013 0.0009 -1.0000
vn 0.0018 0.0019 -1.0000
vn -0.9667 -0.2560 -0.0005
vn -0.0002 0.0003 -1.0000
vn 0.0002 0.0001 -1.0000
vn -0.0000 0.0003 -1.0000
vn -0.9918 -0.1281 -0.0002
vn -0.7265 0.6871 0.0003
vn -0.0560 0.9984 0.0005
vn 0.0007 0.0004 -1.0000
vn 0.0003 0.0002 -1.0000
vn -0.0000 0.0002 -1.0000
vn -0.7267 0.6870 0.0003
vn -0.0000 -1.0000 0.0036
vn -0.0000 -1.0000 0.0022
vn -0.0000 -1.0000 0.0015
vn -0.0000 -1.0000 -0.0005
vn 0.0001 -1.0000 0.0035
vn -0.0000 -0.8926 0.4509
vn -0.0000 -0.7652 0.6438
vn 0.0003 -1.0000 0.0019
vn 0.0065 -1.0000 0.0031
vn -0.0086 -0.8246 0.5656
vn 0.9864 0.0601 -0.1531
vn 0.8419 0.1975 -0.5021
vn 0.9667 0.0937 -0.2382
vn -0.0179 -0.3984 0.9171
vn -0.0121 -0.3614 0.9323
vn 0.0015 -1.0000 0.0056
vn 0.0097 -0.9999 0.0046
vn 0.4543 -0.8908 0.0047
vn -1.0000 0.0006 -0.0000
vn -1.0000 0.0004 -0.0000
vn 0.0106 -0.9999 0.0031
vn 0.5603 -0.8283 0.0019
vn 0.5628 -0.8266 0.0032
vn 0.7124 -0.7018 0.0032
vn 0.0016 1.0000 0.0010
vn -0.0015 1.0000 0.0001
vn -0.0014 1.0000 0.0001
vn 0.0023 1.0000 0.0013
vn 0.4545 -0.8908 -0.0003
vn 0.0001 0.0013 -1.0000
vn -0.0000 0.0015 -1.0000
vn 0.0002 0.0004 -1.0000
vn 0.0035 1.0000 0.0017
vn 0.0002 0.0003 -1.0000
vn 0.0020 1.0000 0.0012
vn 0.0001 0.0002 -1.0000
vn -0.0000 1.0000 0.0005
vn -0.0058 -1.0000 -0.0017
vn -0.0029 -1.0000 -0.0017
vn 0.0001 0.0001 -1.0000
vn 0.0004 0.0001 -1.0000
vn -0.0000 1.0000 0.0010
vn -0.0000 1.0000 0.0016
vn -0.0000 0.9113 0.4117
vn -0.0000 1.0000 0.0009
vn -0.0000 0.7608 0.6490
vn -0.0000 0.7127 0.7015
vn 0.9999 0.0114 -0.0000
vn -0.0000 0.8628 0.5055
vn -0.0000 0.9118 0.4107
vn -0.0010 0.4560 0.8900
vn -0.0007 0.0032 1.0000
vn -0.0003 0.0022 1.0000
vn -0.0000 0.9290 -0.3700
vn -0.0000 0.8949 0.4462
vn 1.0000 -0.0002 -0.0000
vn 1.0000 -0.0001 0.0001
vn -0.0000 1.0000 0.0035
vn -0.0000 -0.0036 1.0000
vn 1.0000 -0.0003 -0.0000
vn 0.0004 -0.0036 1.0000
vn -0.0000 1.0000 0.0008
vn -0.0012 0.0009 -1.0000
vn 0.0003 0.0003 -1.0000
vn -0.0017 0.0019 -1.0000
vn -0.0038 0.0026 -1.0000
vn -0.0001 0.0001 -1.0000
vn 0.9918 -0.1281 -0.0003
vn 0.9667 -0.2560 -0.0003
vn 0.5492 -0.8357 -0.0014
vn 0.5497 -0.8353 -0.0014
vn 0.0560 0.9984 0.0005
vn 0.7265 0.6871 0.0004
vn -0.0003 0.0002 -1.0000
vn -0.0007 0.0004 -1.0000
vn -0.0023 1.0000 0.0013
vn -0.0001 0.0002 -1.0000
vn -0.0007 0.0003 -1.0000
vn -0.0006 0.0003 -1.0000
vn -0.0035 1.0000 0.0017
vn 0.7267 0.6870 0.0004
vn -0.0000 0.9938 0.1109
vn 0.0004 -1.0000 0.0020
vn -0.0077 -1.0000 0.0034
vn -0.0085 -1.0000 0.0035
vn 0.0009 -1.0000 0.0042
vn -0.0025 -1.0000 0.0043
vn -0.0070 -1.0000 0.0027
vn 0.0068 -0.8933 0.4494
vn -0.0000 -0.8238 0.5669
vn -0.0000 -0.8745 0.4849
vn 0.0123 -0.3616 0.9323
vn 0.0179 -0.3984 0.9171
vn 0.0109 -0.2930 0.9561
vn -0.0001 -0.1835 0.9830
vn 0.5781 0.0788 -0.8121
vn 0.6528 0.0676 -0.7545
vn 0.4808 0.0916 -0.8720
vn -0.0000 -0.5358 0.8443
vn -0.0000 -0.6326 0.7745
vn -0.0000 -0.7593 0.6507
vn -0.0000 -0.8982 0.4395
vn -0.0000 -0.9848 0.1736
vn -0.0000 -0.9962 0.0868
vn -0.0000 -0.9991 0.0430
vn -0.0000 0.0043 -1.0000
vn -0.0000 0.0007 -1.0000
vn -0.0000 -0.3704 -0.9289
vn -0.0000 -0.1867 -0.9824
vn -1.0000 -0.0030 -0.0000
vn -0.0000 -0.8316 -0.5554
vn -0.0000 -0.9935 -0.1140
vn -0.0000 -0.3125 -0.9499
vn -0.0000 0.2818 -0.9595
vn -0.0000 0.1415 -0.9899
vn -0.0000 0.4136 -0.9105
vn -0.0000 0.2802 0.9599
vn -0.0000 0.4125 0.9109
vn -0.0000 0.4135 -0.9105
vn -0.0000 0.2120 -0.9773
vn -0.0000 0.2803 0.9599
vn -0.0000 0.4126 0.9109
vn -0.0003 -1.0000 0.0002
vn -0.0001 -0.9984 -0.0569
vn -1.0000 0.0013 -0.0000
vn -0.0000 -0.9110 0.4124
vn -0.0000 -0.5701 0.8216
vn -0.0000 0.2113 0.9774
vn -0.0000 0.4135 0.9105
vn -0.0000 -0.2089 0.9779
vn -0.0000 -0.5953 0.8035
vn -0.0000 -0.4154 0.9096
vn -0.9999 0.0106 -0.0000
vn -1.0000 -0.0071 -0.0000
vn -1.0000 -0.0033 -0.0000
vn -0.0000 -0.5957 0.8032
vn -0.0000 -0.3142 0.9494
vn -0.0000 -0.4143 -0.9101
vn -0.0000 -0.5948 -0.8039
vn -0.0000 -0.2070 -0.9783
vn -0.0000 0.1397 0.9902
vn -0.0000 -0.3144 0.9493
vn -0.0000 0.1395 0.9902
vn -0.0000 -0.5958 0.8031
vn -0.0000 -0.5947 -0.8040
vn -1.0000 -0.0039 -0.0002
vn -0.0000 -0.3130 -0.9498
vn -0.0000 0.1411 -0.9900
vn -0.0000 -0.5949 -0.8038
vn -0.0000 0.2817 -0.9595
vn -0.0000 0.4139 -0.9103
vn 0.0011 0.9998 -0.0204
vn 0.0026 0.9999 -0.0154
vn -0.0000 -0.4157 0.9095
vn -0.0000 -0.5955 0.8033
vn -0.0000 -0.5950 -0.8037
vn -0.0000 -0.2087 0.9780
vn -0.0000 0.2109 0.9775
vn -0.0000 0.4128 0.9108
vn -0.0000 0.4133 -0.9106
vn -0.0000 0.2813 -0.9596
vn -0.0000 0.1410 -0.9900
vn -0.0000 -0.2083 0.9781
vn -0.0000 -0.4153 0.9097
vn -0.0000 0.4140 -0.9103
vn -0.0000 -0.2072 -0.9783
vn -0.0000 -0.4146 -0.9100
vn -0.0000 -0.5954 0.8035
vn -0.0000 0.4131 -0.9107
vn -0.0000 0.2114 -0.9774
vn -0.0000 0.4130 0.9107
vn -0.0000 0.2112 0.9774
vn -0.0000 -0.2079 0.9781
vn -0.0000 -0.4145 0.9100
vn 0.0009 0.9859 -0.1672
vn -0.0000 0.9859 -0.1676
vn -0.0000 0.8196 -0.5729
vn -0.0000 0.5685 -0.8227
vn -0.0000 0.5200 -0.8542
vn -0.0000 0.4763 -0.8793
vn -0.0001 0.2843 -0.9587
vn -0.0000 0.1896 -0.9819
vn -0.0000 0.8482 -0.5296
vn -0.0001 0.0724 -0.9974
vn -0.0000 0.2405 -0.9706
vn -0.0000 0.8231 -0.5678
vn -0.0000 0.8232 -0.5678
vn -1.0000 -0.0001 -0.0000
vn -1.0000 -0.0002 -0.0000
vn -1.0000 -0.0003 -0.0000
vn 0.0008 0.7109 0.7033
vn -0.0000 0.7114 0.7028
vn 0.0003 0.0036 1.0000
vn 0.0006 0.0030 1.0000
vn -0.0000 0.9944 0.1054
vn -0.0000 0.9776 0.2106
vn -0.0000 0.9828 -0.1844
vn -0.0000 0.7106 -0.7036
vn -0.0000 -0.3743 -0.9273
vn -0.0001 -0.7576 -0.6528
vn -0.0000 -0.9117 -0.4107
vn -0.0000 -0.9109 -0.4127
vn -0.0000 -0.9789 -0.2044
vn -0.0000 -0.8628 -0.5055
vn -0.0000 -1.0000 0.0042
vn -0.0000 -0.0022 1.0000
vn -0.0001 1.0000 0.0009
vn -0.0002 1.0000 0.0002
vn -0.0002 0.8403 0.5421
vn -0.0002 0.9622 0.2722
vn -0.0003 0.0001 -1.0000
vn 0.0029 -1.0000 -0.0017
vn 0.0058 -1.0000 -0.0017
vn -0.0016 1.0000 0.0010
vn 0.0014 1.0000 0.0001
vn 0.0015 1.0000 0.0001
vn -0.0001 -0.0000 1.0000
vn -0.5628 -0.8266 0.0031
vn -0.4543 -0.8909 0.0025
vn -0.5603 -0.8283 0.0019
vn -0.7123 -0.7018 0.0031
vn -0.4545 -0.8908 0.0023
vn -0.0001 0.0009 -1.0000
vn -0.0001 0.0004 -1.0000
vn -0.0000 1.0000 -0.0020
vn -0.0000 0.6825 -0.7308
vn -0.0000 0.9298 -0.3681
vn -0.0000 0.3674 -0.9300
vn -0.0000 -1.0000 0.0066
vn -0.0000 -0.9612 0.2757
vn -0.0000 -0.8408 0.5413
vn -0.0000 -0.7385 0.6743
vn -0.0000 -0.8056 0.5925
vn -0.0000 -0.9409 0.3387
vn -0.0000 0.9142 -0.4052
vn -0.0000 0.8946 -0.4470
vn -0.0000 0.7196 -0.6944
vn -0.0000 -0.9997 -0.0265
vn -0.0000 -0.9876 0.1568
vn -0.0000 -0.0238 0.9997
vn -0.0000 0.5066 -0.8622
vn -0.0000 0.4947 -0.8691
vn -0.0004 -0.0036 1.0000
vn 0.0002 0.0008 -1.0000
vn -0.0002 0.0008 -1.0000
vn -0.0000 1.0000 -0.0002
vn -0.0000 -0.0057 1.0000
vn -0.0000 -0.0053 1.0000
vn -0.0000 -0.9911 -0.1329
vn -0.0000 -0.9801 -0.1985
vn -0.0000 -0.0093 1.0000
vn -0.9966 -0.0007 0.0830
vn -0.9966 -0.0015 0.0823
vn -0.0000 -0.9978 -0.0665
vn -0.9939 -0.0012 0.1099
vn -0.0000 -0.9954 0.0956
vn -0.0000 -0.9947 0.1025
vn -0.9978 -0.0002 0.0661
vn -0.9750 0.1572 0.1573
vn -0.6985 0.1557 0.6984
vn -0.0000 -0.0012 1.0000
vn -0.0002 -0.1875 0.9823
vn -0.2137 0.2126 0.9535
vn -0.0000 -0.0011 1.0000
vn -0.0000 0.9906 0.1371
vn -0.0000 -0.1227 0.9924
vn -0.0052 -1.0000 -0.0013
vn 0.0001 0.0026 -1.0000
vn -0.0134 -0.9999 -0.0017
vn -0.0000 -1.0000 -0.0016
vn -0.0000 -1.0000 0.0008
vn -0.0000 -1.0000 0.0003
vn -0.0000 0.7667 -0.6420
vn -0.0000 0.7668 -0.6419
vn -0.0000 -0.9636 0.2673
vn -0.0000 0.0003 1.0000
vn -0.0000 -0.0003 -1.0000
vn 0.0001 -0.0003 -1.0000
vn -0.0000 -0.0008 -1.0000
vn -0.0000 -0.0010 -1.0000
vn -0.0000 -0.0009 -1.0000
vn -0.0000 -0.0005 -1.0000
vn 0.0008 -1.0000 0.0051
vn -0.0000 -1.0000 0.0006
vn -0.0000 -1.0000 0.0024
vn -0.9863 -0.0002 0.1648
vn 0.0011 -1.0000 0.0005
vn -0.9996 -0.0002 0.0272
vn -0.0000 -1.0000 -0.0012
vn 0.9975 -0.0001 -0.0706
vn 0.9776 -0.0002 -0.2106
vn 0.9900 -0.0001 -0.1411
vn -0.0000 0.0007 1.0000
vn -0.0000 0.0008 1.0000
vn 0.9863 -0.0002 0.1648
vn 0.9978 -0.0002 0.0662
vn 0.9965 -0.0007 0.0830
vn 0.9939 -0.0012 0.1099
vn 0.9966 -0.0015 0.0823
vn -0.0000 -0.9979 0.0645
vn 0.0001 -0.6600 0.7512
vn 0.0001 -0.4235 0.9059
vn -0.1620 0.9322 -0.3238
vn -0.9918 -0.1280 -0.0000
vn -0.9126 0.4088 -0.0000
vn -0.8334 0.5526 -0.0000
vn -0.0000 0.1401 0.9901
vn -0.0000 0.2807 0.9598
vn -0.0000 0.2117 -0.9773
vn -0.0000 -0.3139 0.9495
vn -0.0000 -0.4145 -0.9101
vn -0.0000 -0.2075 -0.9782
vn -0.0000 -0.2074 -0.9783
vn -0.0000 0.1404 0.9901
vn -0.0000 -0.3137 0.9495
vn -0.0000 0.2812 0.9597
vn -0.0000 0.2105 0.9776
vn -0.0000 -0.4158 0.9095
vn -0.0000 -0.2088 0.9780
vn -0.0000 0.2106 0.9776
vn -0.0000 -0.4145 -0.9100
vn -0.0000 -0.2071 -0.9783
vn -0.0000 0.2104 0.9776
vn -0.0000 -0.2098 0.9777
vn -0.0000 -0.4160 0.9094
vn -0.0000 0.2122 -0.9772
vn -0.0000 -0.2067 -0.9784
vn 1.0000 0.0046 -0.0000
vn 0.9270 0.3751 -0.0000
vn 0.9860 0.1667 -0.0006
vn 0.0001 1.0000 -0.0000
vn -0.0000 -0.9963 -0.0855
vn -0.0012 -1.0000 0.0002
vn -0.0000 -0.7683 0.6401
vn -0.0000 0.3826 0.9239
vn -0.0008 0.9996 -0.0293
vn -0.0025 0.9929 -0.1190
vn -0.0026 0.9999 -0.0155
vn -0.0000 0.9992 -0.0404
vn -0.0000 0.2843 -0.9587
vn 0.0001 0.1897 -0.9818
vn 0.0001 0.0724 -0.9974
vn -0.0000 0.9046 -0.4262
vn -0.0000 0.9924 -0.1227
vn -0.0000 0.9694 -0.2454
vn -0.0001 -0.7575 -0.6528
vn -0.0000 -0.8886 -0.4587
vn -0.0000 -0.9506 -0.3104
vn -0.0001 -0.0022 1.0000
vn -0.0000 -0.5852 0.8109
vn -0.0110 -0.2930 0.9561
vn 0.0001 -0.1573 0.9875
vn -0.0000 -0.1838 0.9830
vn -0.0000 -0.8237 0.5670
vn -0.9063 0.0001 0.4226
vn -0.0000 -0.3135 0.9496
vn -0.0000 0.2809 0.9597
vn -0.0000 0.2810 -0.9597
vn -0.0000 0.1406 -0.9901
vn -0.0000 -0.3133 -0.9496
vn -0.0000 -0.5952 -0.8036
vn -0.0000 0.9767 -0.2148
vn -0.0000 0.6758 -0.7371
vn -0.0000 -0.0908 0.9959
vn -0.0000 -0.0002 1.0000
vn 0.9996 -0.0002 0.0271
vn -0.0000 -0.0049 1.0000
vn -0.0000 0.0005 1.0000
vn -0.7136 -0.1026 -0.6930
vn 0.0055 -0.0000 -1.0000
vn -0.0018 -0.0000 -1.0000
vn 0.0008 -0.2516 -0.9678
vn -0.0054 -0.0000 -1.0000
vn 0.2273 -0.8800 -0.4170
vn 0.8964 -0.0969 -0.4325
vn -0.0000 -0.8453 -0.5343
vn -0.2275 -0.8807 -0.4154
vn 1.0000 -0.0001 -0.0000
vn -0.0020 -1.0000 0.0003
vn 0.0036 1.0000 -0.0000
vn 0.0026 1.0000 0.0001
vn 0.0001 -0.0004 -1.0000
vn 0.9066 0.0002 0.4221
vn 0.1295 -0.0001 0.9916
vn 0.7509 0.0002 0.6604
vn -0.0000 -0.6778 0.7353
vn -0.0004 -0.4235 0.9059
vn -0.0000 -0.6600 0.7512
vn -0.0000 -0.9963 0.0861
vn -0.0000 0.9982 -0.0605
vn -0.0000 -0.4151 -0.9098
vn -0.0000 -0.2078 -0.9782
vn 1.0000 -0.0060 -0.0000
vn 0.9919 0.1273 -0.0000
vn 0.0084 -1.0000 0.0039
vn -0.7500 0.0002 0.6615
vn -0.1633 -0.0001 0.9866
vn 0.0006 0.0003 -1.0000
vn 0.0007 0.0003 -1.0000
vn -0.9785 -0.2062 -0.0000
vn -0.8318 -0.5550 -0.0000
vn -0.8600 -0.5103 -0.0001
vn -0.7031 -0.7111 -0.0000
vn -0.6868 -0.7268 -0.0000
vn -0.5526 -0.8334 -0.0000
vn -0.4887 -0.8724 -0.0000
vn -0.3124 -0.9499 -0.0000
vn 0.5555 0.8315 -0.0000
vn 0.6870 0.7266 -0.0000
vn 0.3264 0.9452 -0.0000
vn 0.4873 0.8733 -0.0000
vn 0.6810 0.7323 -0.0000
vn 0.3006 0.9537 -0.0000
vn 0.3172 0.9484 -0.0000
vn 0.5081 0.8613 -0.0000
vn 0.8263 0.5633 -0.0000
vn 0.6954 0.7186 -0.0000
vn 0.9742 0.2258 -0.0000
vn 0.9807 0.1955 -0.0000
vn 0.9999 0.0143 -0.0000
vn -0.0000 -0.8246 -0.5657
vn 0.9999 0.0107 0.0012
vn 0.9544 0.2946 0.0482
vn 0.8707 0.1040 0.4807
vn 0.0008 -0.8233 -0.5677
vn 0.9999 0.0135 0.0004
vn -0.0000 -0.8233 -0.5677
vn 0.9996 0.0267 0.0002
vn 0.0011 -1.0000 -0.0016
vn 0.0014 -1.0000 -0.0022
vn -0.9999 0.0159 0.0004
vn -0.9995 0.0315 0.0001
vn -0.9565 -0.0899 -0.2775
vn -0.6544 -0.3874 -0.6494
vn -0.0000 -0.4642 -0.8857
vn 0.0014 -0.6947 -0.7193
vn -0.0014 -1.0000 -0.0022
vn -0.0001 -0.6947 -0.7193
vn -0.0012 -0.7584 -0.6518
vn -0.1200 -0.6848 -0.7188
vn -0.2326 -0.6627 -0.7119
vn -0.3959 -0.5961 -0.6985
vn -0.5166 -0.5224 -0.6784
vn -0.7978 -0.5950 -0.0976
vn -0.9707 -0.2371 -0.0395
vn -0.6654 -0.7367 -0.1203
vn -0.5351 -0.8448 -0.0000
vn -0.5082 -0.8612 -0.0000
vn -0.6868 -0.7269 -0.0000
vn -0.3204 -0.9473 -0.0000
vn -0.1299 -0.9787 -0.1589
vn -0.1123 -0.9937 -0.0000
vn -0.4581 -0.8774 -0.1424
vn -0.2963 -0.9373 -0.1833
vn -0.0016 -0.9944 -0.1061
vn -0.0000 -0.9816 -0.1911
vn -0.0016 -1.0000 -0.0000
vn 0.0015 -0.9872 -0.1593
vn 0.0015 -1.0000 -0.0000
vn -0.0000 -0.9872 -0.1594
vn -0.0009 -0.5858 -0.8105
vn -0.0012 -0.9872 -0.1593
vn -0.0015 -1.0000 -0.0000
vn 0.0011 -1.0000 -0.0000
vn 0.0010 -1.0000 -0.0000
vn -0.0015 -0.0000 -1.0000
vn 0.0016 -0.0000 -1.0000
vn 0.0011 1.0000 -0.0000
vn 0.0015 1.0000 -0.0000
vn 0.0012 1.0000 -0.0000
vn -0.0015 1.0000 -0.0000
vn 0.0003 1.0000 -0.0000
vn 0.1304 0.9915 -0.0000
vn 0.1113 0.9938 -0.0000
vn 0.1747 0.9846 -0.0000
vn -0.1304 -0.9915 -0.0000
vn -0.3012 -0.9536 -0.0000
vn -0.0017 0.9908 0.1354
vn 0.1290 0.9792 0.1569
vn -0.0000 0.9819 0.1895
vn 0.0992 0.7525 0.6510
vn -0.0010 0.6958 0.7183
vn -0.0000 0.6958 0.7182
vn 0.0015 0.9836 0.1805
vn 0.0009 0.5864 0.8100
vn -0.0000 0.7595 0.6505
vn -0.0000 0.9944 0.1052
vn -0.0009 0.5861 0.8102
vn -0.0015 0.9874 0.1580
vn -0.0005 1.0000 -0.0000
vn 0.0017 0.9908 0.1354
vn -0.0000 0.9776 0.2103
vn -0.1304 0.9915 -0.0000
vn -0.3103 0.9506 -0.0000
vn -0.5081 0.8613 -0.0000
vn -0.5286 0.8489 -0.0000
vn -0.6870 0.7266 -0.0000
vn -0.6954 0.7186 -0.0000
vn -0.4591 0.8884 -0.0000
vn -0.6728 0.7398 -0.0000
vn -0.8263 0.5633 -0.0000
vn 0.0020 0.0067 -1.0000
vn -0.9742 0.2258 -0.0000
vn -0.9999 0.0143 -0.0000
vn 0.9785 -0.2062 -0.0000
vn 0.9999 0.0155 -0.0000
vn 0.9602 -0.2793 0.0001
vn 0.0020 0.0138 -0.9999
vn -0.0000 0.0216 -0.9998
vn 0.0029 0.0207 -0.9998
vn 0.8013 -0.5982 -0.0000
vn 0.8318 -0.5550 -0.0000
vn 0.6868 -0.7268 -0.0000
vn 0.5351 -0.8448 -0.0000
vn 0.5082 -0.8612 -0.0000
vn 0.3205 -0.9473 -0.0000
vn 0.3124 -0.9499 -0.0000
vn 0.1304 -0.9915 -0.0000
vn 0.2936 -0.9559 -0.0000
vn 0.0880 -0.9961 -0.0000
vn 0.0016 -1.0000 -0.0000
vn 0.0013 -0.9906 -0.1365
vn 0.1299 -0.9787 -0.1589
vn 0.0015 -0.6947 -0.7193
vn -0.0000 -0.7584 -0.6518
vn -0.0000 -0.9872 -0.1593
vn 0.1201 -0.6848 -0.7187
vn 0.4326 -0.0407 -0.9007
vn 0.7661 -0.4535 -0.4555
vn 0.9669 -0.2493 -0.0552
vn 0.5167 -0.5224 -0.6784
vn 0.9999 0.0123 0.0024
vn 0.9999 0.0159 0.0005
vn 0.9995 0.0315 0.0002
vn 0.2326 -0.6627 -0.7119
vn 0.3959 -0.5961 -0.6985
vn 0.8284 -0.5515 -0.0977
vn 0.6763 -0.7294 -0.1031
vn 0.4581 -0.8774 -0.1424
vn 0.2963 -0.9373 -0.1833
vn 0.9847 -0.1744 -0.0000
vn -0.0000 -0.9297 -0.3682
vn -1.0000 0.0096 0.0018
vn -0.9660 0.2551 0.0413
vn -0.0000 -0.6783 -0.7348
vn -0.9532 0.1136 0.2800
vn -0.0000 -0.6777 -0.7354
vn -0.0011 -0.9282 -0.3720
vn -0.9999 0.0135 0.0004
vn -0.6499 0.3937 0.6501
vn -0.9996 0.0267 0.0001
vn 0.0009 0.6958 0.7183
vn -0.0993 0.7525 0.6510
vn -0.2295 0.6646 0.7111
vn -0.5154 0.5243 0.6778
vn -0.0019 -1.0000 -0.0030
vn -0.0000 0.5865 0.8099
vn -0.3989 0.5958 0.6971
vn -0.3010 0.9447 0.1298
vn -0.4730 0.8646 0.1698
vn -0.1289 0.9792 0.1567
vn -0.6776 0.7284 0.1019
vn -0.8029 0.5844 0.1176
vn 0.1430 0.4141 0.8989
vn 0.3010 0.9447 0.1298
vn 0.4729 0.8646 0.1698
vn 0.4719 0.7050 0.5294
vn 0.6499 0.3937 0.6501
vn 0.5154 0.5243 0.6778
vn 0.6776 0.7283 0.1019
vn 0.8029 0.5844 0.1176
vn -0.9785 -0.2061 -0.0000
vn -0.9999 0.0155 -0.0000
vn -0.0019 0.0138 -0.9999
vn -0.0028 0.0208 -0.9998
vn -0.0019 0.0066 -1.0000
vn 0.9745 0.2245 -0.0000
vn -0.9999 0.0106 0.0020
vn 0.5910 0.5957 0.5439
vn 0.1883 0.9002 0.3927
vn 0.2589 0.6150 0.7448
vn -0.0013 0.4461 0.8950
vn 0.2581 0.6151 0.7450
vn 0.1073 -0.5514 -0.8273
vn 0.3947 -0.2613 -0.8809
vn 0.2980 -0.9379 -0.1778
vn -0.0718 0.3232 -0.9436
vn 0.6715 -0.4123 -0.6158
vn 0.4677 0.4557 -0.7573
vn 0.1800 0.4629 -0.8680
vn -0.3471 0.1750 -0.9213
vn -0.4074 0.5809 -0.7047
vn -0.1155 0.6522 -0.7492
vn -0.6478 0.2368 -0.7240
vn -0.6264 0.5269 -0.5745
vn -0.2277 -0.5392 -0.8108
vn 0.0409 -0.8403 -0.5406
vn -0.1292 -0.8822 -0.4528
vn 0.0806 -0.3939 -0.9156
vn 0.2298 -0.7937 -0.5633
vn -0.3560 0.2403 -0.9031
vn -0.4765 -0.6005 -0.6421
vn -0.6268 0.2564 -0.7358
vn -0.1261 0.5110 -0.8503
vn -0.4017 0.6530 -0.6420
vn -0.6306 0.5960 -0.4972
vn -0.1749 0.7090 -0.6832
vn 0.1491 -0.7596 -0.6330
vn -0.0590 -0.8110 -0.5821
vn -0.1396 -0.5627 -0.8148
vn -0.2100 -0.8488 -0.4853
vn -0.4060 -0.6046 -0.6853
vn 0.1053 -0.3531 -0.9296
vn -0.4041 0.3615 -0.8403
vn -0.1048 0.5239 -0.8453
vn -0.2253 0.7656 -0.6025
vn -0.7034 0.2870 -0.6503
vn -0.5406 0.6879 -0.4843
vn -0.3912 0.7252 -0.5666
vn 0.0092 0.8240 -0.5665
vn 0.3957 -0.6994 -0.5953
vn 0.1853 -0.7513 -0.6335
vn 0.0905 -0.4821 -0.8714
vn -0.0250 -0.8031 -0.5953
vn 0.3864 -0.1970 -0.9010
vn -0.1968 -0.4915 -0.8484
vn -0.4073 0.2101 -0.8888
vn -0.0702 0.3963 -0.9154
vn -0.4204 -0.5460 -0.7247
vn -0.6936 0.1183 -0.7106
vn -0.6328 -0.0086 -0.7743
vn -0.2841 -0.0432 -0.9578
vn -0.2623 -0.3785 -0.8877
vn -0.8494 0.2241 -0.4779
vn -0.8463 -0.1817 -0.5008
vn -0.5418 -0.4916 -0.6817
vn -0.9802 0.0688 -0.1856
vn -0.6561 -0.6048 -0.4514
vn -0.4204 -0.9007 -0.1100
vn -0.7602 -0.6305 -0.1568
vn -0.3473 -0.8826 -0.3167
vn -0.2375 -0.8550 -0.4610
vn -0.7602 -0.6305 0.1567
vn -0.4204 -0.9007 0.1100
vn -0.3652 -0.8865 0.2843
vn -0.6295 -0.5976 0.4966
vn -0.8967 0.1410 0.4197
vn -0.9725 0.1937 0.1295
vn -0.9400 0.3179 -0.1235
vn -0.9643 0.2233 0.1426
vn -0.7730 0.6305 0.0697
vn -0.7611 0.6335 -0.1395
vn -0.7147 0.6449 0.2706
vn -0.8037 -0.5773 -0.1440
vn -0.7502 -0.6274 0.2087
vn -0.8600 0.1825 0.4765
vn -0.4992 -0.5654 0.6566
vn -0.6253 0.3063 0.7177
vn -0.6561 -0.6048 0.4514
vn -0.5933 0.6749 0.4388
vn -0.4234 0.7168 0.5541
vn -0.3944 -0.6256 0.6732
vn -0.2376 -0.8550 0.4610
vn -0.0251 -0.8031 0.5953
vn -0.6685 0.1979 0.7169
vn -0.2650 -0.4183 0.8688
vn -0.3516 0.2027 0.9139
vn -0.3874 0.2042 0.8990
vn -0.8169 -0.1746 0.5497
vn -0.5585 -0.2792 0.7811
vn -0.0702 0.3963 0.9154
vn -0.0016 -0.1418 0.9899
vn -0.2280 -0.4148 0.8809
vn 0.0904 -0.4821 0.8714
vn 0.3863 -0.1970 0.9011
vn 0.2264 0.4186 0.8795
vn 0.3256 0.1074 0.9394
vn 0.1366 -0.3243 0.9360
vn 0.4997 0.4860 0.7170
vn 0.6770 0.0256 0.7355
vn 0.6265 -0.2035 0.7524
vn 0.3946 -0.2612 0.8809
vn 0.8366 -0.2981 0.4597
vn 0.7282 0.5418 0.4197
vn 0.6400 -0.3704 0.6732
vn 0.7634 0.3829 0.5202
vn 0.3956 -0.6994 0.5953
vn 0.6079 -0.6465 0.4610
vn 0.0091 0.8240 0.5665
vn 0.4603 0.5747 0.6767
vn 0.2114 0.8734 0.4388
vn -0.0753 0.3761 0.9235
vn 0.2601 0.4315 0.8638
vn -0.2253 0.7656 0.6025
vn 0.1853 -0.7513 0.6335
vn 0.6261 -0.2879 0.7247
vn 0.8621 -0.2303 0.4514
vn 0.5396 0.7384 0.4046
vn 0.3584 -0.2645 0.8953
vn 0.2811 0.8208 0.4972
vn 0.4357 0.5184 0.7358
vn 0.6260 0.6234 0.4686
vn 0.3996 0.8507 0.3416
vn 0.0520 0.7649 0.6420
vn 0.7179 -0.6199 0.3168
vn 0.4784 0.8701 0.1186
vn 0.7910 -0.6019 0.1100
vn 0.8229 0.5311 0.2020
vn 0.8196 0.5544 -0.1446
vn 0.4712 0.8677 -0.1580
vn 0.7842 -0.6030 -0.1465
vn 0.9642 -0.2051 -0.1682
vn 0.9861 -0.1097 0.1249
vn 0.8520 -0.3402 0.3980
vn 0.9641 -0.2452 0.1021
vn 0.7367 -0.6691 -0.0978
vn 0.9566 -0.2477 -0.1533
vn 0.7307 -0.6701 0.1304
vn 0.8739 -0.1982 -0.4439
vn 0.6553 -0.6887 -0.3103
vn 0.6342 -0.3939 -0.6653
vn 0.4666 0.5841 -0.6642
vn 0.6371 0.6485 -0.4165
vn 0.3798 0.8452 -0.3761
vn 0.7179 -0.6199 -0.3167
vn 0.8290 -0.3777 -0.4125
vn 0.2515 0.8141 -0.5234
vn 0.6079 -0.6465 -0.4610
vn 0.6751 -0.2764 -0.6840
vn 0.6931 0.5655 -0.4470
vn 0.3938 0.6222 -0.6766
vn 0.7555 0.6469 -0.1033
vn 0.3792 0.9147 -0.1395
vn 0.2985 0.8948 -0.3319
vn 0.7910 -0.6019 -0.1100
vn 0.7180 -0.6199 -0.3167
vn 0.3854 0.9168 0.1047
vn 0.9642 -0.2051 0.1683
vn 0.7842 -0.6030 0.1466
vn 0.9848 -0.0494 -0.1665
vn 0.7194 0.4880 -0.4942
vn 0.1852 0.8674 -0.4618
vn 0.4582 0.4752 -0.7512
vn 0.6614 0.0691 -0.7469
vn 0.7613 0.6213 -0.1853
vn 0.8613 0.2394 -0.4482
vn 0.2710 0.2144 -0.9384
vn 0.4443 -0.2484 -0.8608
vn 0.6935 -0.1246 -0.7096
vn 0.8509 -0.2097 -0.4816
vn 0.6982 0.5267 -0.4848
vn 0.9690 -0.1190 -0.2167
vn 0.7756 0.6139 -0.1467
vn 0.3651 0.8865 -0.2843
vn 0.4864 0.4466 -0.7510
vn 0.2100 0.8488 -0.4853
vn 0.8590 -0.1898 -0.4755
vn 0.7355 -0.6150 -0.2843
vn 0.4264 0.9016 -0.0733
vn 0.9347 -0.3113 -0.1717
vn 0.7967 -0.5999 -0.0733
vn 0.6253 -0.3068 -0.7175
vn 0.7898 0.5920 -0.1602
vn 0.4911 0.5183 -0.7001
vn 0.6172 0.6353 -0.4641
vn 0.1601 0.9678 -0.1942
vn 0.7795 0.5889 0.2133
vn 0.9696 -0.2219 0.1034
vn 0.2019 0.9781 0.0501
vn 0.1222 0.9905 -0.0627
vn -0.3593 0.9311 0.0631
vn 0.0730 0.9463 -0.3149
vn -0.0515 0.8918 -0.4495
vn 0.2649 0.3124 -0.9122
vn -0.1250 0.5067 -0.8530
vn -0.2233 0.9053 -0.3613
vn -0.3433 0.8757 -0.3395
vn -0.3530 0.2203 -0.9093
vn -0.6539 0.1721 -0.7368
vn -0.5046 0.8038 -0.3150
vn -0.5722 0.8190 -0.0419
vn -0.5688 0.8201 0.0627
vn -0.6656 0.7069 -0.2393
vn -0.9788 0.0919 -0.1828
vn -0.9576 0.2228 0.1825
vn -0.7091 -0.6943 0.1229
vn -0.6722 -0.5675 0.4755
vn -0.8419 0.2755 0.4641
vn -0.6539 0.1721 0.7367
vn -0.5047 0.8038 0.3149
vn -0.2293 0.9297 0.2881
vn -0.3851 0.7554 0.5301
vn -0.0954 0.9048 0.4151
vn -0.1250 0.5067 0.8530
vn 0.2537 0.3960 0.8825
vn 0.0882 0.9263 0.3664
vn 0.5523 0.4436 0.7058
vn 0.6172 0.6354 0.4641
vn 0.1601 0.9678 0.1942
vn 0.8590 -0.2498 0.4470
vn 0.6253 -0.3068 0.7176
vn 0.7179 -0.6199 0.3167
vn 0.2100 0.8488 0.4853
vn 0.5444 0.4610 0.7008
vn 0.5669 0.7109 0.4161
vn 0.3473 0.8826 0.3167
vn -0.0089 0.7942 0.6076
vn 0.2456 0.4151 0.8760
vn 0.8716 -0.1436 0.4687
vn 0.7716 0.6130 0.1700
vn 0.9875 -0.1144 0.1084
vn 0.9380 0.2583 0.2310
vn 0.9578 0.2632 -0.1155
vn 0.8186 0.5641 0.1082
vn 0.4138 0.8985 0.1466
vn -0.1407 0.4536 0.8800
vn -0.4011 0.3237 0.8569
vn -0.3957 0.6994 0.5952
vn -0.1853 0.7512 0.6335
vn -0.6079 0.6465 0.4610
vn -0.6550 0.1930 0.7306
vn -0.3864 -0.6371 0.6669
vn -0.2375 -0.8550 0.4610
vn -0.2560 -0.4403 0.8606
vn 0.1073 -0.4352 0.8939
vn -0.8326 0.3657 0.4160
vn -0.7378 -0.4958 0.4580
vn -0.4938 -0.5413 0.6805
vn -0.8130 -0.5591 0.1628
vn -0.9259 -0.3224 0.1969
vn -0.9830 0.1120 0.1454
vn -0.9754 0.0861 -0.2030
vn -0.8210 -0.5605 -0.1084
vn -0.7910 0.6019 -0.1100
vn -0.7842 0.6030 0.1465
vn -0.8399 0.2811 -0.4642
vn -0.4264 -0.9016 -0.0733
vn -0.4204 -0.9006 0.1100
vn -0.7179 0.6199 -0.3167
vn -0.3651 -0.8865 -0.2843
vn -0.6827 -0.7102 -0.1717
vn -0.7305 -0.5382 -0.4204
vn -0.6266 0.2675 -0.7320
vn -0.6079 0.6465 -0.4610
vn -0.6722 -0.5675 -0.4755
vn -0.4293 0.6905 -0.5821
vn -0.0589 -0.8110 -0.5821
vn -0.3864 -0.6371 -0.6669
vn -0.8419 0.2754 -0.4641
vn -0.2000 -0.5110 -0.8360
vn 0.1104 -0.3745 -0.9206
vn 0.1491 -0.7597 -0.6330
vn 0.1532 0.5261 -0.8365
vn -0.1138 0.2986 -0.9476
vn -0.1853 0.7513 -0.6335
vn -0.3844 0.4189 -0.8226
vn 0.0251 0.8031 -0.5953
vn 0.3957 -0.6994 -0.5952
vn 0.4042 -0.3620 -0.8400
vn 0.1191 -0.3729 -0.9202
vn -0.0063 0.0255 -0.9997
vn -0.9619 -0.2102 -0.1747
vn -0.7179 0.6199 0.3167
vn -0.3651 -0.8865 0.2843
vn -0.3530 0.2203 0.9093
vn 0.4042 -0.3620 0.8400
vn 0.2265 0.4186 -0.8795
vn 0.8005 0.5648 0.2005
vn 0.3159 0.8996 0.3015
vn 0.4291 -0.2471 -0.8688
vn 0.1890 0.4139 -0.8905
vn 0.2570 0.3355 -0.9063
vn 0.0520 0.7649 -0.6420
vn 0.3887 -0.4802 -0.7863
vn 0.4150 -0.7480 -0.5180
vn 0.1307 0.7130 -0.6889
vn 0.3420 0.7651 -0.5456
vn 0.5496 -0.7153 -0.4317
vn 0.4930 0.8023 -0.3365
vn 0.6862 0.5096 -0.5190
vn 0.8715 -0.2994 -0.3884
vn 0.8124 0.5408 -0.2181
vn 0.5026 -0.8438 -0.1883
vn 0.4632 -0.8844 -0.0565
vn 0.9551 -0.2787 -0.1001
vn 0.6439 -0.7611 0.0781
vn 0.9630 -0.1842 0.1968
vn 0.8311 0.5454 0.1091
vn 0.7142 0.5170 0.4718
vn 0.5506 0.8165 0.1735
vn 0.5655 0.8202 -0.0867
vn 0.4721 0.7978 0.3750
vn 0.3420 0.7651 0.5456
vn 0.4677 0.4557 0.7574
vn 0.8006 -0.4588 0.3854
vn 0.6710 -0.3494 0.6540
vn 0.1799 0.4629 0.8680
vn 0.3946 -0.2613 0.8809
vn 0.1306 0.7129 0.6889
vn 0.4342 -0.4433 0.7842
vn 0.3850 -0.7559 0.5296
vn 0.5495 -0.7153 0.4317
vn -0.1156 0.6522 0.7492
vn 0.2298 -0.7937 0.5633
vn 0.1262 -0.4524 0.8828
vn 0.2034 0.3783 0.9031
vn 0.6972 -0.2130 0.6845
vn -0.1355 0.4355 0.8899
vn -0.2226 -0.4686 0.8549
vn -0.4001 0.3129 0.8614
vn -0.4018 0.6530 0.6420
vn -0.1749 0.7090 0.6832
vn -0.1968 -0.4915 0.8483
vn 0.1490 -0.7596 0.6330
vn 0.1467 -0.4921 0.8581
vn -0.1822 -0.8414 0.5088
vn -0.3869 0.4543 0.8024
vn -0.7493 0.5673 0.3416
vn -0.8410 0.3347 0.4251
vn -0.6306 0.5960 0.4971
vn -0.3473 -0.8826 0.3167
vn -0.6543 0.1909 0.7318
vn -0.6299 -0.6390 0.4414
vn -0.9755 0.0875 0.2020
vn -0.8281 0.5478 0.1186
vn -0.9834 0.1097 -0.1447
vn -0.8207 0.5491 -0.1581
vn -0.4138 -0.8985 -0.1466
vn -0.4264 -0.9016 0.0733
vn -0.8440 0.2608 -0.4686
vn -0.6504 -0.6033 -0.4615
vn -0.3290 -0.8776 -0.3487
vn -0.7493 0.5673 -0.3416
vn -0.6542 -0.6444 -0.3960
vn -0.2598 -0.9144 -0.3103
vn -0.3410 -0.9349 -0.0979
vn -0.7317 -0.6641 -0.1533
vn -0.7890 0.4868 -0.3750
vn -0.8718 -0.0080 -0.4898
vn -0.9657 0.1803 -0.1867
vn -0.8820 0.4632 -0.0868
vn -0.4027 -0.6772 -0.6158
vn -0.6084 -0.6651 -0.4330
vn -0.7534 -0.6348 -0.1716
vn -0.0968 -0.9771 -0.1894
vn -0.0037 -0.9996 -0.0283
vn 0.1182 -0.9446 -0.3061
vn -0.0147 -0.9569 -0.2901
vn -0.2403 -0.4810 -0.8431
vn 0.2295 -0.9306 -0.2852
vn -0.0432 -0.9978 0.0495
vn -0.5843 -0.8004 0.1338
vn -0.0721 -0.9855 0.1535
vn -0.6155 -0.6667 0.4203
vn -0.0032 -0.9685 0.2489
vn 0.0959 -0.9296 0.3559
vn -0.4315 -0.6214 0.6540
vn -0.2403 -0.4810 0.8431
vn -0.6358 0.1038 0.7648
vn -0.8445 0.1321 0.5190
vn -0.6264 0.5269 0.5744
vn -0.3856 0.2458 0.8893
vn -0.3669 0.5902 0.7190
vn -0.1539 -0.8888 0.4317
vn 0.0408 -0.8403 0.5406
vn -0.8096 0.4810 0.3364
vn -0.2760 -0.9189 0.2818
vn -0.4386 -0.5918 0.6763
vn -0.9815 0.0988 0.1638
vn -0.8755 0.4654 0.1302
vn -0.3353 -0.9331 0.1304
vn -0.7395 -0.6654 0.1020
vn -0.0718 0.3232 0.9436
vn 0.1072 -0.5514 0.8273
vn 0.3158 -0.9185 0.2381
vn 0.2295 -0.9306 0.2852
vn 0.4075 -0.8867 -0.2185
vn 0.4532 -0.8560 0.2489
vn 0.4694 -0.8714 0.1426
vn -0.8833 0.2427 -0.4010
vn -0.6804 0.6534 -0.3320
vn 0.6717 -0.6852 0.2818
vn -0.2380 -0.9648 0.1123
vn -0.3568 -0.8797 -0.3143
vn -0.2332 -0.9454 -0.2277
vn -0.0959 -0.9296 0.3559
vn -0.3604 -0.4254 -0.8301
vn 0.0032 -0.9685 0.2489
vn 0.0103 -0.9897 0.1426
vn 0.0106 -0.9990 0.0440
vn -0.0932 -0.9447 -0.3143
vn 0.1803 -0.4935 -0.8509
vn -0.1197 -0.4855 -0.8660
vn -0.6544 -0.2876 -0.6993
vn -0.2387 0.4555 -0.8576
vn 0.0859 0.2626 -0.9611
vn 0.1156 0.6522 -0.7492
vn -0.4939 0.5403 -0.6813
vn -0.2765 0.7489 -0.6022
vn -0.0906 0.7037 -0.7047
vn 0.3669 0.5902 -0.7190
vn -0.0408 -0.8403 -0.5406
vn -0.1978 -0.8020 -0.5636
vn -0.1553 -0.5121 -0.8448
vn -0.3850 -0.7559 -0.5296
vn 0.2225 -0.4686 -0.8549
vn -0.4332 -0.2781 -0.8573
vn -0.1593 0.4503 -0.8786
vn 0.1478 0.3745 -0.9154
vn -0.4260 0.5741 -0.6992
vn -0.0885 0.7733 -0.6278
vn 0.1358 0.7180 -0.6827
vn -0.2213 -0.7418 -0.6330
vn -0.4293 -0.6905 -0.5821
vn -0.3807 -0.2851 -0.8797
vn -0.2515 0.8141 -0.5234
vn -0.6079 -0.6465 -0.4610
vn -0.6750 -0.2764 -0.6841
vn -0.0514 -0.4296 -0.9015
vn -0.4412 0.5700 -0.6931
vn 0.0950 0.5016 -0.8599
vn -0.1744 0.5928 -0.7862
vn -0.7327 0.4848 -0.4777
vn -0.1587 0.8604 -0.4843
vn -0.3159 0.8996 -0.3015
vn -0.6502 -0.4218 -0.6320
vn -0.5806 -0.6537 -0.4853
vn -0.7179 -0.6199 -0.3167
vn 0.0232 0.8155 -0.5783
vn -0.3956 -0.6994 -0.5953
vn -0.3864 -0.1970 -0.9011
vn -0.5378 0.4432 -0.7172
vn -0.8525 -0.1426 -0.5029
vn -0.7282 0.5418 -0.4197
vn -0.8470 0.1149 -0.5190
vn -0.2261 0.4893 -0.8423
vn -0.5729 0.1682 -0.8022
vn -0.9160 0.3735 -0.1467
vn -0.7083 -0.1833 -0.6817
vn -0.9690 -0.1190 -0.2167
vn -0.8716 -0.1436 -0.4687
vn -0.6982 0.5267 -0.4849
vn -0.4442 -0.2484 -0.8608
vn -0.4303 0.5282 -0.7320
vn -0.2375 0.8550 -0.4610
vn -0.7756 0.6139 -0.1468
vn -0.3651 0.8865 -0.2843
vn -0.7179 -0.6199 -0.3168
vn -0.8590 -0.2498 -0.4470
vn -0.0589 0.8110 -0.5821
vn -0.6253 -0.3068 -0.7176
vn -0.7842 -0.6030 -0.1466
vn -0.9696 -0.2219 -0.1034
vn -0.4910 0.5183 -0.7002
vn -0.8339 0.5130 -0.2036
vn -0.5922 0.6836 -0.4266
vn 0.0104 0.8479 -0.5301
vn -0.2649 0.3124 -0.9123
vn -0.0730 0.9463 -0.3149
vn 0.1250 0.5067 -0.8530
vn -0.0764 -0.3828 -0.9207
vn -0.3860 -0.4466 -0.8072
vn 0.2386 0.9672 -0.0866
vn 0.3239 0.8803 -0.3467
vn 0.3894 0.3012 -0.8705
vn 0.5498 0.7148 -0.4322
vn 0.6633 0.0835 -0.7437
vn 0.2560 -0.4402 -0.8606
vn 0.8423 0.3298 -0.4264
vn 0.6892 -0.5717 -0.4451
vn 0.3727 -0.6844 -0.6266
vn 0.0251 -0.8031 -0.5953
vn 0.2100 -0.8488 -0.4853
vn 0.3290 -0.8776 -0.3487
vn 0.7180 0.6199 -0.3167
vn 0.8400 0.2811 -0.4642
vn 0.6079 0.6465 -0.4610
vn 0.7910 0.6019 -0.1100
vn 0.4138 -0.8985 -0.1465
vn 0.5418 -0.4916 -0.6817
vn 0.6266 0.2675 -0.7320
vn 0.7305 -0.5382 -0.4204
vn 0.9754 0.0861 -0.2030
vn 0.2778 -0.4265 -0.8608
vn 0.3517 0.3353 -0.8740
vn 0.4293 0.6905 -0.5821
vn 0.5585 -0.2792 -0.7811
vn 0.3396 0.0638 -0.9384
vn -0.0833 -0.3380 -0.9375
vn 0.0063 0.0255 -0.9997
vn -0.2716 0.0939 -0.9578
vn -0.1554 0.4604 -0.8740
vn 0.0983 0.3984 -0.9119
vn 0.1853 0.7513 -0.6335
vn 0.0702 0.3963 -0.9154
vn -0.0904 -0.4821 -0.8714
vn 0.3516 0.2027 -0.9139
vn 0.2650 -0.4183 -0.8688
vn 0.6685 0.1979 -0.7169
vn 0.3943 -0.6256 -0.6732
vn 0.6020 -0.6529 -0.4596
vn 0.8966 0.1411 -0.4197
vn 0.8169 -0.1746 -0.5497
vn 0.2376 -0.8550 -0.4610
vn 0.3473 -0.8826 -0.3167
vn 0.4138 -0.8985 -0.1466
vn 0.7582 -0.6299 -0.1682
vn 0.4204 -0.9007 0.1100
vn 0.8488 -0.5017 0.1665
vn 0.9870 0.1188 -0.1082
vn 0.9506 -0.2075 -0.2310
vn 0.9792 0.1212 0.1625
vn 0.9621 -0.2101 0.1736
vn 0.8210 -0.5605 -0.1084
vn 0.8130 -0.5591 0.1628
vn 0.9830 0.1120 0.1454
vn 0.7305 -0.5382 0.4204
vn 0.8399 0.2811 0.4642
vn 0.7842 0.6030 0.1466
vn 0.7179 0.6199 0.3167
vn 0.6910 -0.7122 -0.1235
vn 0.6182 -0.6719 0.4079
vn 0.3473 -0.8826 0.3167
vn 0.8078 -0.5763 0.1238
vn 0.9852 0.0904 -0.1457
vn 0.5651 0.8208 -0.0836
vn 0.9768 0.0664 0.2036
vn 0.6677 0.7398 0.0831
vn 0.5271 0.8304 -0.1806
vn 0.5271 0.8304 0.1807
vn 0.8457 0.2504 0.4713
vn 0.4681 -0.5172 0.7165
vn 0.5088 0.7790 0.3664
vn 0.6681 0.2324 0.7068
vn 0.0250 -0.8031 0.5953
vn 0.2375 -0.8550 0.4610
vn 0.1895 -0.5084 0.8400
vn 0.3987 0.2988 0.8670
vn 0.2405 0.8690 0.4324
vn 0.0868 0.4617 0.8828
vn 0.3433 0.8757 0.3395
vn -0.0764 -0.3829 0.9206
vn 0.0515 0.8918 0.4495
vn -0.2649 0.3124 0.9122
vn -0.4911 0.5183 0.7001
vn -0.6253 -0.3068 0.7175
vn -0.3860 -0.4466 0.8072
vn -0.4293 -0.6905 0.5821
vn -0.2213 -0.7418 0.6330
vn -0.0251 0.8031 0.5953
vn -0.2042 0.5387 0.8174
vn 0.1853 0.7513 0.6335
vn -0.2100 0.8488 0.4853
vn -0.6079 -0.6465 0.4610
vn -0.4709 0.5388 0.6986
vn -0.3651 0.8865 0.2843
vn -0.6416 0.5803 0.5016
vn -0.8323 -0.2557 0.4917
vn -0.7355 -0.6150 0.2843
vn -0.6684 -0.1937 0.7181
vn -0.3302 -0.0126 0.9438
vn -0.3531 -0.2086 0.9121
vn -0.8970 -0.1367 0.4204
vn -0.8044 0.2253 0.5497
vn -0.5420 0.3282 0.7737
vn -0.2261 0.4893 0.8423
vn 0.0702 0.3963 0.9154
vn 0.0015 -0.1418 0.9899
vn -0.1259 -0.3885 0.9128
vn 0.1774 -0.4018 0.8984
vn 0.0609 0.2471 0.9671
vn 0.4118 0.3211 0.8529
vn 0.5017 -0.4823 0.7181
vn 0.6416 0.3555 0.6797
vn 0.4293 0.6905 0.5821
vn 0.8169 -0.1746 0.5498
vn 0.6324 0.0386 0.7737
vn 0.3393 -0.0566 0.9390
vn 0.4073 0.2101 0.8888
vn 0.7083 0.1875 0.6806
vn 0.4750 -0.4701 0.7439
vn -0.0905 -0.4821 0.8714
vn 0.1846 -0.5738 0.7979
vn 0.2100 -0.8488 0.4853
vn 0.6020 -0.6529 0.4597
vn 0.5406 0.6879 0.4843
vn 0.6807 0.2267 0.6966
vn 0.6803 0.6534 0.3320
vn 0.3912 0.7252 0.5666
vn 0.3821 0.4308 0.8175
vn -0.0089 -0.7942 0.6076
vn 0.6020 -0.6530 0.4596
vn 0.8833 0.2426 0.4010
vn 0.3943 -0.6256 0.6732
vn 0.2074 -0.4941 0.8443
vn 0.8089 -0.5524 0.2011
vn 0.9697 0.2214 0.1034
vn 0.7611 0.6335 0.1395
vn 0.8037 -0.5773 -0.1440
vn 0.8586 0.3133 -0.4058
vn 0.9622 0.2238 -0.1553
vn 0.7675 0.6324 -0.1047
vn 0.6747 0.2947 -0.6767
vn 0.5933 0.6749 -0.4388
vn 0.6980 0.6496 -0.3014
vn 0.4204 -0.5460 -0.7247
vn 0.3880 0.2084 -0.8978
vn 0.3913 0.7252 -0.5665
vn 0.1911 0.7746 -0.6029
vn -0.1853 -0.7513 -0.6335
vn 0.1968 -0.4915 -0.8484
vn 0.6543 0.1909 -0.7318
vn 0.4001 0.3129 -0.8614
vn 0.4018 0.6530 -0.6420
vn 0.6306 0.5960 -0.4971
vn 0.8705 0.2542 -0.4213
vn 0.7493 0.5673 -0.3416
vn 0.8207 0.5491 -0.1580
vn 0.5687 -0.6906 -0.4468
vn 0.9799 0.1693 -0.1060
vn 0.7293 -0.6634 -0.1673
vn 0.3353 -0.9331 -0.1304
vn 0.1539 -0.8888 -0.4317
vn 0.4386 -0.5918 -0.6763
vn 0.2760 -0.9189 -0.2818
vn 0.8755 0.4654 -0.1302
vn 0.9815 0.0988 -0.1638
vn 0.8096 0.4810 -0.3365
vn 0.8820 0.4632 0.0868
vn 0.3464 -0.9358 0.0652
vn 0.9657 0.1803 0.1867
vn 0.8096 0.4810 0.3365
vn 0.2919 -0.9224 0.2530
vn 0.7766 -0.6053 0.1749
vn 0.6039 -0.6320 0.4858
vn 0.8912 0.1083 0.4406
vn 0.9498 0.2571 0.1784
vn 0.7068 0.2366 0.6667
vn 0.7493 0.5673 0.3416
vn 0.5709 0.6107 0.5488
vn 0.8342 0.5457 0.0791
vn 0.3648 0.6615 0.6552
vn 0.4486 0.3003 0.8418
vn 0.0590 -0.8110 0.5821
vn 0.3994 -0.5815 0.7088
vn 0.1332 -0.5158 0.8463
vn 0.1355 0.4356 0.8899
vn 0.0195 -0.8552 0.5180
vn 0.1784 -0.8944 0.4102
vn 0.4472 0.5704 0.6890
vn 0.6460 0.2591 0.7180
vn 0.6585 0.5183 0.5456
vn 0.3665 0.1934 0.9101
vn 0.1584 0.6423 0.7499
vn -0.1656 -0.8095 0.5633
vn 0.4456 -0.5589 0.6993
vn 0.8641 0.0706 0.4983
vn 0.4954 -0.7785 0.3853
vn 0.1678 -0.5564 0.8138
vn -0.1073 -0.5514 0.8273
vn -0.3947 -0.2613 0.8809
vn -0.3474 -0.8676 0.3559
vn 0.0239 0.2548 0.9667
vn -0.1800 0.4629 0.8680
vn -0.4634 0.5109 0.7240
vn -0.1307 0.7130 0.6889
vn -0.6710 -0.3494 0.6539
vn -0.7521 0.4693 0.4628
vn -0.4503 0.7918 0.4127
vn -0.3096 0.7577 0.5744
vn -0.8520 -0.3402 0.3980
vn -0.6717 -0.6851 0.2818
vn -0.5739 -0.7088 0.4102
vn -0.5586 0.8192 0.1302
vn -0.7307 -0.6701 0.1304
vn -0.9641 -0.2452 0.1020
vn -0.7706 0.6010 0.2119
vn -0.6740 -0.3173 0.6671
vn -0.6480 0.5708 0.5042
vn -0.7887 0.6055 -0.1060
vn -0.4187 0.8548 0.3066
vn -0.4848 0.8711 0.0790
vn -0.2811 0.8208 0.4972
vn -0.9740 -0.1388 0.1788
vn -0.7967 -0.5999 0.0733
vn -0.7179 -0.6199 0.3167
vn -0.5807 -0.6537 0.4853
vn -0.6406 -0.3465 0.6853
vn -0.8525 -0.1426 0.5028
vn -0.9642 -0.2051 -0.1683
vn -0.6692 0.6256 0.4010
vn -0.7498 0.6461 -0.1427
vn -0.6844 0.7186 0.1234
vn -0.3792 0.9147 0.1395
vn -0.4353 0.6324 0.6408
vn -0.2985 0.8948 0.3319
vn -0.3911 0.9177 -0.0698
vn -0.7842 -0.6030 0.1465
vn -0.6994 -0.6239 0.3487
vn -0.8866 -0.2236 0.4049
vn -0.7967 -0.5999 -0.0733
vn -0.9738 -0.2021 0.1044
vn -0.7049 -0.2684 0.6566
vn -0.8093 0.5623 0.1699
vn -0.6989 0.5351 0.4745
vn -0.8560 0.5005 -0.1297
vn -0.9380 0.2583 0.2310
vn -0.9875 -0.1144 0.1084
vn -0.7232 0.6667 0.1803
vn -0.4264 0.9016 -0.0733
vn -0.4204 0.9007 0.1100
vn -0.9519 -0.2262 0.2066
vn -0.7978 0.5934 0.1066
vn -0.6590 0.6215 0.4235
vn -0.1934 0.9760 0.1001
vn -0.2471 0.9654 -0.0831
vn -0.0805 0.9802 0.1807
vn -0.0730 0.9463 0.3150
vn -0.0805 0.9802 -0.1807
vn -0.9559 -0.2065 -0.2087
vn -0.4941 0.4846 0.7218
vn -0.4130 -0.2772 0.8675
vn -0.5526 -0.6601 0.5088
vn -0.3615 -0.7073 0.6076
vn -0.1852 0.8674 0.4618
vn -0.0092 0.8240 0.5665
vn -0.1853 -0.7513 0.6335
vn -0.2466 0.3649 0.8978
vn 0.1048 0.5239 0.8453
vn 0.2253 0.7656 0.6025
vn -0.1053 -0.3531 0.9296
vn -0.4028 -0.3436 0.8483
vn -0.3957 -0.6994 0.5953
vn -0.1491 -0.7596 0.6330
vn -0.0520 0.7649 0.6420
vn 0.1749 0.7090 0.6832
vn -0.4357 0.5184 0.7358
vn -0.2034 0.3783 0.9031
vn -0.4333 -0.2781 0.8573
vn -0.3850 -0.7559 0.5296
vn -0.1626 -0.4429 0.8817
vn -0.8290 -0.3777 -0.4125
vn -0.3798 0.8452 -0.3761
vn -0.7171 0.5292 -0.4535
vn -0.4712 0.8677 -0.1581
vn -0.8416 -0.3685 -0.3949
vn -0.9689 -0.1460 -0.1998
vn -0.6761 -0.3836 -0.6290
vn -0.7367 -0.6691 -0.0979
vn -0.6553 -0.6887 -0.3103
vn -0.4503 0.7918 -0.4127
vn -0.7520 0.4693 -0.4629
vn -0.5506 0.8165 -0.1735
vn -0.5495 -0.7153 -0.4317
vn -0.9630 -0.1842 -0.1968
vn -0.8311 0.5454 -0.1091
vn -0.8006 -0.4588 -0.3854
vn -0.5837 -0.8093 -0.0658
vn -0.4694 -0.8714 -0.1426
vn -0.4532 -0.8560 -0.2489
vn -0.5022 -0.8633 0.0495
vn -0.9478 -0.2812 0.1504
vn -0.4774 -0.8693 0.1281
vn -0.8114 -0.4020 0.4242
vn -0.8230 0.5439 0.1638
vn -0.4996 -0.8095 0.3084
vn 0.8129 -0.5591 0.1628
vn 0.6391 -0.7598 -0.1195
vn 0.5748 -0.7197 -0.3894
vn 0.1838 -0.9781 -0.0980
vn 0.0103 -0.9897 -0.1426
vn 0.0032 -0.9685 -0.2489
vn 0.4316 -0.6214 -0.6540
vn 0.8445 0.1321 -0.5190
vn 0.6358 0.1038 -0.7648
vn 0.4266 0.3132 -0.8484
vn 0.6264 0.5269 -0.5744
vn 0.8966 0.1411 0.4197
vn 0.6079 0.6465 0.4610
vn -0.4739 -0.8795 -0.0440
vn -0.3395 -0.9033 -0.2623
vn -0.2216 -0.8986 -0.3787
vn -0.1348 -0.9539 -0.2680
vn -0.3890 -0.3530 -0.8509
vn 0.1659 -0.6188 -0.7679
vn -0.0601 -0.4069 -0.9115
vn -0.6714 -0.4123 -0.6158
vn -0.4634 0.5109 -0.7240
vn 0.0240 0.2547 -0.9667
vn -0.1799 0.4629 -0.8680
vn -0.7755 0.3983 -0.4898
vn -0.4721 0.7978 -0.3750
vn -0.3095 0.7577 -0.5745
vn -0.1306 0.7130 -0.6889
vn 0.1584 0.6423 -0.7499
vn -0.1124 -0.4559 -0.8829
vn -0.8788 -0.2662 -0.3960
vn -0.6702 0.5768 -0.4669
vn -0.6664 -0.2786 -0.6916
vn -0.6994 -0.6239 -0.3488
vn -0.8563 -0.3171 -0.4077
vn -0.3539 -0.3550 -0.8653
vn -0.1889 0.5716 -0.7985
vn -0.4173 0.6527 -0.6323
vn -0.6930 0.5656 -0.4471
vn -0.2985 0.8948 -0.3320
vn -0.9800 -0.1373 -0.1440
vn -0.6844 0.7186 -0.1235
vn -0.3792 0.9147 -0.1395
vn -0.9559 -0.2065 0.2087
vn -0.7498 0.6461 0.1427
vn -0.6508 0.6216 0.4360
vn -0.3911 0.9177 0.0698
vn -0.3329 0.9033 0.2706
vn -0.8621 -0.2303 0.4514
vn -0.8186 0.5641 0.1082
vn -0.7392 0.4929 0.4590
vn -0.7613 0.6213 -0.1854
vn -0.9578 0.2632 -0.1156
vn -0.7635 0.3829 0.5201
vn -0.9753 -0.1790 0.1298
vn -0.8716 -0.1436 0.4687
vn -0.8182 0.5563 0.1454
vn -0.9799 -0.0721 -0.1859
vn -0.5670 0.7109 0.4161
vn -0.7737 0.6135 -0.1584
vn -0.4204 0.9007 -0.1100
vn -0.4138 0.8985 0.1465
vn -0.6685 0.5875 -0.4560
vn -0.3473 0.8826 -0.3167
vn -0.7910 -0.6019 -0.1100
vn -0.9429 -0.3093 0.1235
vn -0.9831 -0.1346 -0.1238
vn -0.8833 -0.2431 0.4009
vn -0.7898 0.5920 0.1602
vn -0.6561 0.5585 0.5075
vn -0.1601 0.9678 0.1942
vn -0.7795 0.5889 -0.2133
vn -0.2019 0.9781 -0.0501
vn -0.1222 0.9905 0.0627
vn 0.2886 0.9461 -0.1473
vn -0.4191 0.5864 0.6931
vn -0.6652 -0.2976 0.6848
vn -0.4042 -0.3620 0.8400
vn -0.1074 -0.4352 0.8939
vn 0.0868 0.4616 0.8828
vn 0.3987 0.2989 0.8670
vn 0.2405 0.8690 0.4325
vn 0.5088 0.7790 0.3665
vn 0.5918 0.7823 0.1942
vn 0.8406 0.1893 0.5076
vn 0.9640 0.1589 0.2133
vn 0.3956 0.6994 0.5953
vn 0.7179 0.6199 0.3168
vn 0.3820 0.1679 0.9088
vn 0.0864 0.4670 0.8800
vn 0.1853 0.7512 0.6335
vn -0.3530 -0.2086 0.9121
vn -0.0772 -0.3395 0.9374
vn -0.2531 0.4845 0.8374
vn 0.0089 0.7942 0.6076
vn -0.3957 -0.6994 0.5952
vn -0.5806 -0.6538 0.4852
vn -0.3473 0.8826 0.3167
vn -0.5445 0.4609 0.7008
vn -0.6265 -0.2035 0.7524
vn -0.6771 0.0256 0.7355
vn -0.3257 0.1072 0.9394
vn -0.4553 0.5259 0.7184
vn -0.2265 0.4186 0.8795
vn -0.3864 -0.1970 0.9010
vn -0.6817 -0.3363 0.6498
vn 0.1968 -0.4915 0.8484
vn 0.3788 0.1469 0.9138
vn 0.4204 -0.5460 0.7247
vn 0.3874 0.2042 0.8990
vn 0.6740 0.1965 0.7121
vn 0.8789 0.1968 0.4346
vn 0.6176 -0.2464 0.7469
vn 0.1905 -0.5061 0.8412
vn 0.8468 -0.1818 0.4999
vn 0.6929 -0.5732 0.4373
vn 0.5460 -0.3882 0.7425
vn 0.9259 -0.3224 0.1970
vn 0.9725 0.1937 0.1296
vn 0.9619 -0.2103 -0.1748
vn 0.9598 0.1853 -0.2108
vn 0.8462 -0.1817 -0.5009
vn 0.8378 0.2154 -0.5016
vn 0.7355 0.6150 -0.2843
vn 0.6183 -0.6719 -0.4078
vn 0.2375 -0.8550 -0.4610
vn 0.7967 0.5999 -0.0733
vn 0.6910 -0.7122 -0.1236
vn 0.9745 0.1568 -0.1602
vn 0.4591 -0.5749 -0.6773
vn 0.8406 0.1893 -0.5075
vn 0.6336 0.7720 0.0501
vn 0.5688 0.8201 -0.0627
vn 0.5918 0.7823 -0.1942
vn 0.5582 0.7334 -0.3879
vn 0.6269 0.2420 -0.7405
vn 0.2560 -0.4403 -0.8606
vn 0.3530 0.2203 -0.9093
vn -0.0763 -0.3829 -0.9206
vn 0.2293 0.9297 -0.2881
vn -0.6172 0.6353 -0.4641
vn 0.2213 0.7418 -0.6330
vn 0.0462 0.4107 -0.9106
vn -0.0250 0.8031 -0.5953
vn -0.0680 -0.3855 -0.9202
vn 0.2842 -0.0432 -0.9578
vn -0.2709 0.2144 -0.9384
vn -0.4082 -0.2131 -0.8877
vn -0.6167 0.1791 -0.7666
vn -0.2045 0.4731 -0.8569
vn -0.8708 0.1208 -0.4766
vn -0.7194 0.4880 -0.4942
vn -0.4581 0.4752 -0.7512
vn -0.6817 -0.3363 -0.6498
vn -0.3864 -0.1970 -0.9010
vn -0.2264 0.4186 -0.8795
vn 0.3883 0.2670 -0.8820
vn 0.6628 0.0768 -0.7449
vn 0.6328 -0.0086 -0.7742
vn 0.3944 -0.6255 -0.6732
vn 0.5673 0.6818 -0.4618
vn 0.6795 0.3575 -0.6407
vn 0.6804 0.6534 -0.3319
vn 0.8834 0.2426 -0.4010
vn 0.7611 0.6335 -0.1395
vn 0.4204 -0.9007 -0.1100
vn 0.9401 0.3179 -0.1234
vn 0.7675 0.6324 0.1047
vn 0.8037 -0.5773 0.1440
vn 0.4138 -0.8985 0.1466
vn 0.8089 -0.5524 -0.2011
vn 0.9805 0.1209 -0.1551
vn 0.8749 0.1469 -0.4614
vn 0.9845 0.1245 0.1237
vn 0.6980 0.6496 0.3015
vn 0.8591 0.2492 0.4471
vn 0.5583 -0.7199 0.4125
vn 0.5325 -0.4843 0.6942
vn 0.1973 -0.5531 0.8094
vn 0.6253 0.3063 0.7178
vn 0.3597 0.2786 0.8905
vn 0.3912 0.7252 0.5665
vn 0.5933 0.6749 0.4388
vn -0.0917 -0.4203 0.9028
vn 0.0950 0.5016 0.8599
vn -0.3864 -0.1971 0.9010
vn -0.1897 0.5079 0.8402
vn -0.0091 0.8240 0.5665
vn 0.1910 0.7746 0.6029
vn -0.4720 0.5110 0.7184
vn -0.8352 -0.2363 0.4966
vn -0.2114 0.8734 0.4388
vn -0.6400 -0.3705 0.6731
vn -0.3996 0.8507 0.3416
vn -0.4764 0.5291 0.7022
vn -0.2515 0.8141 0.5234
vn -0.7386 0.5103 0.4405
vn -0.8246 -0.3470 0.4468
vn -0.6635 -0.3200 0.6763
vn -0.4524 -0.3714 0.8108
vn -0.9744 -0.1734 0.1431
vn -0.7213 0.6693 0.1784
vn -0.9566 -0.2477 -0.1533
vn -0.8195 0.5545 -0.1446
vn -0.5655 0.8202 -0.0868
vn -0.8243 0.5442 -0.1563
vn -0.7808 0.6110 0.1305
vn -0.5506 0.8165 0.1734
vn -0.9674 -0.2104 0.1409
vn -0.8006 -0.4588 0.3853
vn -0.6710 -0.3494 0.6540
vn -0.3242 -0.9072 0.2680
vn -0.4532 -0.8559 0.2489
vn -0.1526 -0.6186 0.7707
vn 0.0792 0.3214 0.9436
vn -0.2341 0.3986 0.8867
vn 0.1689 -0.4634 0.8699
vn 0.4160 0.1580 0.8955
vn -0.0906 0.7037 0.7047
vn 0.4074 0.5809 0.7047
vn -0.3546 -0.7629 0.5406
vn -0.5496 -0.7153 0.4317
vn 0.1355 0.4355 0.8899
vn 0.4256 0.2231 0.8770
vn 0.4017 0.6530 0.6420
vn 0.6751 0.2450 0.6958
vn 0.6306 0.5959 0.4972
vn 0.6299 -0.6390 0.4415
vn 0.8401 0.2841 0.4620
vn 0.3353 -0.9331 0.1304
vn 0.7395 -0.6654 0.1021
vn 0.2760 -0.9189 0.2818
vn 0.9617 0.1738 0.2119
vn 0.6739 0.1747 0.7179
vn 0.8810 0.1793 0.4379
vn 0.7890 0.4868 0.3750
vn 0.5477 -0.7130 0.4379
vn 0.7669 -0.6109 0.1968
vn 0.9893 0.0964 0.1091
vn 0.8672 0.4668 0.1735
vn 0.7160 -0.6909 -0.1001
vn 0.9707 0.1010 -0.2181
vn 0.8820 0.4632 -0.0867
vn 0.7220 -0.6611 -0.2041
vn 0.3464 -0.9358 -0.0652
vn 0.6705 -0.5504 -0.4975
vn 0.8913 0.1911 -0.4111
vn 0.7293 0.5716 -0.3761
vn 0.6504 -0.6033 -0.4615
vn 0.4060 -0.6046 -0.6853
vn 0.1968 -0.4915 -0.8483
vn 0.6847 0.3001 -0.6642
vn 0.3836 0.1775 -0.9063
vn 0.1397 0.4569 -0.8785
vn 0.6013 0.6038 -0.5234
vn 0.0948 0.4377 -0.8941
vn 0.1566 0.7826 -0.6025
vn -0.0091 0.8240 -0.5665
vn 0.3783 -0.6437 -0.6653
vn -0.0107 -0.8482 -0.5296
vn 0.1808 -0.5282 -0.8297
vn 0.3739 0.3044 -0.8761
vn 0.4075 0.5809 -0.7047
vn 0.4580 -0.6273 -0.6299
vn -0.1253 -0.9804 -0.1521
vn 0.0526 -0.9807 -0.1882
vn 0.6323 -0.6703 -0.3884
vn -0.0012 -0.9984 -0.0565
vn -0.2295 -0.9306 0.2852
vn -0.1183 -0.9446 0.3061
vn 0.0851 -0.9948 0.0566
vn 0.0968 -0.9771 0.1894
vn 0.3824 -0.6086 0.6952
vn -0.5484 -0.8325 0.0791
vn -0.4694 -0.8714 0.1426
vn 0.7682 0.5620 0.3066
vn -0.8324 -0.3968 -0.3868
vn -0.5026 -0.8438 -0.1883
vn -0.4580 -0.8403 -0.2901
vn -0.0908 0.9826 -0.1622
vn 0.3632 -0.8303 -0.4226
vn 0.4199 -0.8835 -0.2077
vn 0.6710 -0.3494 -0.6539
vn -0.1678 -0.5564 -0.8138
vn -0.3926 0.2441 -0.8867
vn -0.0239 0.2547 -0.9667
vn -0.3824 -0.6086 -0.6952
vn -0.7083 0.1657 -0.6862
vn -0.5931 0.5344 -0.6022
vn -0.1584 0.6423 -0.7499
vn -0.7668 0.4916 -0.4127
vn -0.2278 -0.5392 -0.8108
vn -0.6268 0.2563 -0.7358
vn 0.0806 -0.3938 -0.9157
vn -0.8441 0.2608 -0.4686
vn -0.1386 -0.6163 -0.7752
vn -0.1822 -0.8414 -0.5088
vn -0.4517 -0.5543 -0.6991
vn -0.3829 0.3002 -0.8737
vn -0.6747 0.2947 -0.6767
vn -0.4233 0.7168 -0.5541
vn -0.5933 0.6749 -0.4388
vn -0.3943 -0.6255 -0.6732
vn -0.2649 -0.4183 -0.8688
vn -0.3882 0.2670 -0.8821
vn -0.3401 0.1107 -0.9339
vn 0.3257 0.1073 -0.9394
vn -0.0015 -0.1418 -0.9899
vn -0.2279 -0.4148 -0.8809
vn 0.1366 -0.3243 -0.9360
vn -0.1097 0.3956 -0.9119
vn -0.6420 0.3300 -0.6921
vn 0.2456 0.4151 -0.8760
vn -0.0089 0.7942 -0.6076
vn -0.2213 0.7418 -0.6330
vn 0.6391 -0.3618 -0.6788
vn 0.5807 -0.6537 -0.4852
vn 0.1074 -0.4352 -0.8939
vn 0.2538 0.3960 -0.8825
vn 0.8760 -0.1856 -0.4451
vn 0.6994 -0.6239 -0.3487
vn 0.5524 0.4436 -0.7058
vn 0.4138 0.8985 -0.1465
vn 0.6400 0.6462 -0.4158
vn 0.3473 0.8826 -0.3167
vn 0.7816 0.6148 -0.1054
vn 0.8436 -0.1499 -0.5156
vn 0.5445 0.4610 -0.7008
vn 0.7635 0.6104 0.2108
vn 0.4264 0.9016 0.0733
vn 0.9380 0.2583 0.2311
vn 0.8837 -0.0958 0.4581
vn 0.8043 0.2253 0.5498
vn 0.6482 -0.2424 0.7218
vn 0.5444 0.4609 0.7008
vn 0.5969 0.6610 0.4548
vn 0.2045 0.4731 0.8569
vn 0.0250 0.8031 0.5953
vn 0.4293 -0.6905 0.5821
vn 0.3651 0.8865 0.2843
vn 0.3859 -0.4466 0.8072
vn 0.2140 0.4500 0.8670
vn 0.0882 0.9262 0.3664
vn 0.5923 0.6836 0.4265
vn -0.1904 0.9728 0.1321
vn 0.1763 0.9817 0.0716
vn 0.1919 0.9518 0.2392
vn 0.1934 0.9760 -0.1001
vn 0.8302 0.5381 -0.1457
vn 0.8339 0.5130 0.2036
vn 0.9831 -0.1346 0.1238
vn 0.9429 -0.3093 -0.1235
vn 0.5922 0.6836 -0.4265
vn 0.0882 0.9262 -0.3664
vn 0.0805 0.9802 -0.1807
vn -0.0954 0.9048 -0.4151
vn -0.4088 0.2325 -0.8825
vn -0.2850 0.9433 -0.1700
vn -0.1912 0.8812 0.4325
vn -0.3691 0.8134 0.4495
vn -0.5046 0.8038 0.3149
vn -0.5271 0.8304 0.1806
vn -0.6251 0.7741 0.1001
vn -0.6677 0.7398 -0.0831
vn -0.5271 0.8304 -0.1807
vn -0.5498 0.7148 -0.4322
vn -0.8457 0.2504 -0.4713
vn -0.6681 0.2324 -0.7068
vn -0.4505 -0.5728 -0.6848
vn -0.1895 -0.5084 -0.8400
vn -0.6689 -0.6260 -0.4009
vn -0.5806 0.6537 -0.4853
vn -0.4204 -0.9006 -0.1100
vn -0.8078 -0.5763 -0.1238
vn -0.9768 0.0664 -0.2036
vn -0.9852 0.0904 0.1457
vn -0.8422 0.3298 0.4265
vn -0.6444 -0.7514 0.1420
vn -0.2000 -0.5110 0.8360
vn -0.0590 -0.8110 0.5821
vn -0.6761 0.2559 0.6909
vn -0.4262 0.2215 0.8771
vn -0.1501 0.3851 0.9106
vn -0.1491 0.7596 0.6330
vn -0.8358 0.3076 0.4547
vn -0.4612 -0.5160 0.7218
vn -0.9598 0.1853 0.2108
vn -0.7355 0.6150 0.2843
vn -0.7967 0.5999 0.0733
vn -0.9830 0.1120 -0.1454
vn -0.7842 0.6030 -0.1466
vn -0.8210 -0.5605 0.1084
vn -0.8593 0.2107 -0.4661
vn -0.8130 -0.5591 -0.1628
vn -0.9621 -0.2104 -0.1736
vn -0.9506 -0.2075 0.2310
vn -0.8557 0.2682 -0.4426
vn -0.9779 0.0482 -0.2034
vn -0.7822 -0.3344 -0.5257
vn -0.9870 0.1188 0.1082
vn -0.7622 -0.6309 -0.1453
vn -0.7113 -0.6799 0.1785
vn -0.6822 0.1423 0.7171
vn -0.6325 0.0386 0.7736
vn -0.3758 0.3209 0.8694
vn -0.3282 -0.2224 0.9181
vn -0.0310 0.2818 0.9590
vn -0.0591 0.1330 0.9894
vn 0.1744 0.4766 0.8617
vn 0.3747 -0.0016 0.9271
vn -0.1774 -0.4018 0.8984
vn 0.4552 0.5259 0.7185
vn 0.6176 0.1794 0.7658
vn 0.6989 0.5351 0.4745
vn 0.6750 -0.2764 0.6841
vn 0.3642 0.6951 0.6198
vn 0.1852 0.8674 0.4619
vn 0.6930 0.5655 0.4471
vn 0.6664 -0.2786 0.6916
vn 0.2985 0.8948 0.3319
vn 0.8634 -0.2915 0.4118
vn 0.3792 0.9147 0.1395
vn 0.9662 -0.2046 0.1568
vn 0.8426 0.5184 0.1455
vn 0.9738 -0.2021 -0.1044
vn 0.8001 0.5596 -0.2163
vn 0.8634 -0.2915 -0.4117
vn 0.7209 0.4672 -0.5119
vn 0.8099 0.3473 -0.4726
vn 0.4553 0.5259 -0.7184
vn 0.6771 0.0256 -0.7355
vn 0.6265 -0.2035 -0.7524
vn 0.3947 -0.2612 -0.8809
vn 0.3329 0.9033 -0.2706
vn 0.6765 0.5615 -0.4765
vn 0.2114 0.8734 -0.4388
vn 0.4112 0.5619 -0.7177
vn 0.6967 -0.1811 -0.6942
vn 0.7498 0.6461 -0.1427
vn 0.4506 -0.3312 -0.8290
vn 0.3615 -0.7073 -0.6076
vn 0.6240 -0.3291 -0.7087
vn 0.5739 -0.7088 -0.4102
vn 0.8548 -0.2728 -0.4414
vn 0.2299 -0.7937 -0.5633
vn 0.7142 0.5171 -0.4718
vn 0.8311 0.5454 -0.1091
vn 0.9452 -0.2818 -0.1647
vn 0.8006 -0.4588 -0.3853
vn 0.5506 0.8165 -0.1734
vn 0.4721 0.7978 -0.3749
vn 0.7307 -0.6701 -0.1304
vn 0.6717 -0.6851 -0.2818
vn 0.5586 0.8192 0.1302
vn 0.7367 -0.6691 0.0979
vn 0.9300 -0.3467 -0.1218
vn 0.8132 0.5529 -0.1816
vn 0.9822 -0.1427 0.1221
vn 0.6751 0.5781 -0.4583
vn 0.3996 0.8507 -0.3416
vn 0.4848 0.8711 -0.0790
vn 0.7372 0.6508 0.1814
vn 0.8548 -0.2728 0.4415
vn 0.6751 0.5781 0.4584
vn 0.4784 0.8701 0.1187
vn 0.8563 -0.3171 0.4077
vn 0.6994 -0.6239 0.3488
vn 0.2515 0.8141 0.5234
vn 0.4666 0.5841 0.6642
vn 0.5806 -0.6537 0.4853
vn 0.6240 -0.3291 0.7088
vn 0.2570 0.3355 0.9063
vn 0.3887 -0.4802 0.7863
vn 0.4149 -0.7480 0.5180
vn 0.5738 -0.7088 0.4102
vn -0.1584 0.6423 0.7499
vn -0.0240 0.2548 0.9667
vn 0.2387 0.4555 0.8576
vn 0.0906 0.7037 0.7047
vn -0.3739 0.3044 0.8761
vn -0.4075 0.5809 0.7047
vn 0.0107 -0.8482 0.5296
vn -0.3666 -0.6665 0.6492
vn -0.1784 -0.8944 0.4102
vn -0.2418 -0.3780 0.8937
vn -0.6659 -0.5780 0.4717
vn -0.8402 0.2841 0.4619
vn -0.6306 0.5960 0.4972
vn -0.3821 0.3971 0.8344
vn -0.4380 0.6435 0.6278
vn -0.7682 0.5620 0.3066
vn 0.1468 -0.4921 0.8581
vn -0.4233 0.7168 0.5541
vn -0.8324 0.2552 0.4919
vn -0.3944 -0.6255 0.6732
vn -0.7148 0.6449 0.2706
vn -0.9395 0.2933 0.1768
vn -0.7675 0.6324 0.1047
vn -0.7730 0.6305 -0.0698
vn -0.7148 0.6449 -0.2706
vn -0.9643 0.2233 -0.1427
vn -0.7582 -0.6299 -0.1683
vn -0.7622 -0.6309 0.1452
vn -0.8652 0.2477 -0.4360
vn -0.8342 0.5457 0.0790
vn -0.6845 -0.7192 0.1189
vn -0.9617 0.1738 0.2119
vn -0.8982 0.1188 -0.4232
vn -0.8672 0.4668 -0.1735
vn -0.9893 0.0964 -0.1091
vn -0.8820 0.4632 0.0867
vn -0.3410 -0.9349 0.0979
vn -0.6988 -0.6867 -0.2003
vn -0.5830 -0.6581 -0.4765
vn -0.0184 -0.9916 -0.1281
vn -0.1051 -0.9937 -0.0396
vn -0.7083 -0.6897 0.1504
vn 0.0155 -0.9991 0.0395
vn 0.3942 -0.9141 0.0946
vn 0.5379 -0.8411 0.0566
vn 0.3764 -0.9134 0.1554
vn 0.6544 -0.2876 0.6993
vn 0.7141 0.5171 0.4718
vn 0.9797 -0.1170 0.1628
vn 0.8230 0.5439 0.1639
vn 0.5096 0.4666 0.7229
vn 0.3096 0.7577 0.5745
vn 0.6717 -0.6851 0.2818
vn 0.3568 -0.8797 0.3143
vn 0.3604 -0.4254 0.8301
vn 0.2139 -0.8672 0.4497
vn 0.0601 -0.4069 0.9115
vn -0.1811 -0.5596 0.8087
vn 0.1195 -0.9576 0.2622
vn -0.4028 -0.6772 0.6158
vn 0.0515 -0.9745 0.2185
vn -0.0968 -0.9771 0.1894
vn -0.6084 -0.6651 0.4330
vn -0.8642 0.0706 0.4982
vn -0.9657 0.1803 0.1866
vn -0.8096 0.4810 0.3365
vn -0.2920 -0.9224 0.2530
vn 0.0692 -0.9816 -0.1778
vn 0.5484 -0.8325 -0.0791
vn 0.4246 -0.8982 -0.1138
vn -0.7260 -0.5320 0.4358
vn -0.6849 -0.5480 -0.4802
vn -0.6627 0.0768 -0.7449
vn -0.1054 0.3856 0.9166
vn -0.2137 0.6988 0.6827
vn 0.9848 -0.0495 0.1665
vn 0.6844 0.7186 0.1235
vn 0.3911 0.9177 -0.0697
vn -0.6994 0.6239 -0.3487
vn 0.0744 -0.3018 0.9505
vn -0.1378 0.4491 0.8828
vt 0.000000 0.000000
vt 0.050000 0.050000
vt 0.050000 0.000000
vt 0.050000 0.100000
vt 0.000000 0.050000
vt 0.050000 0.150000
vt 0.000000 0.100000
vt 0.050000 0.200000
vt 0.000000 0.150000
vt 0.050000 0.250000
vt 0.000000 0.200000
vt 0.050000 0.300000
vt 0.000000 0.250000
vt 0.050000 0.350000
vt 0.000000 0.300000
vt 0.050000 0.400000
vt 0.000000 0.350000
vt 0.050000 0.450000
vt 0.000000 0.400000
vt 0.050000 0.500000
vt 0.000000 0.450000
vt 0.050000 0.550000
vt 0.000000 0.500000
vt 0.050000 0.600000
vt 0.000000 0.550000
vt 0.050000 0.650000
vt 0.000000 0.600000
vt 0.050000 0.700000
vt 0.000000 0.650000
vt 0.050000 0.750000
vt 0.000000 0.700000
vt 0.050000 0.800000
vt 0.000000 0.750000
vt 0.050000 0.850000
vt 0.000000 0.800000
vt 0.050000 0.900000
vt 0.000000 0.850000
vt 0.050000 0.950000
vt 0.000000 0.900000
vt 0.050000 1.000000
vt 0.000000 0.950000
vt 0.100000 1.000000
vt 0.100000 0.950000
vt 0.150000 1.000000
vt 0.150000 0.950000
vt 0.200000 1.000000
vt 0.200000 0.950000
vt 0.250000 1.000000
vt 0.250000 0.950000
vt 0.300000 1.000000
vt 0.300000 0.950000
vt 0.350000 1.000000
vt 0.350000 0.950000
vt 0.400000 1.000000
vt 0.400000 0.950000
vt 0.450000 1.000000
vt 0.450000 0.950000
vt 0.500000 1.000000
vt 0.500000 0.950000
vt 0.550000 1.000000
vt 0.550000 0.950000
vt 0.600000 1.000000
vt 0.600000 0.950000
vt 0.650000 1.000000
vt 0.650000 0.950000
vt 0.700000 1.000000
vt 0.700000 0.950000
vt 0.750000 1.000000
vt 0.750000 0.950000
vt 0.800000 1.000000
vt 0.800000 0.950000
vt 0.850000 1.000000
vt 0.850000 0.950000
vt 0.900000 1.000000
vt 0.900000 0.950000
vt 0.950000 1.000000
vt 0.950000 0.950000
vt 1.000000 1.000000
vt 1.000000 0.950000
vt 0.950000 0.900000
vt 1.000000 0.900000
vt 0.950000 0.850000
vt 1.000000 0.850000
vt 0.900000 0.850000
vt 0.900000 0.900000
vt 0.850000 0.850000
vt 0.850000 0.900000
vt 0.800000 0.850000
vt 0.800000 0.900000
vt 0.750000 0.850000
vt 0.750000 0.900000
vt 0.700000 0.850000
vt 0.700000 0.900000
vt 0.650000 0.850000
vt 0.650000 0.900000
vt 0.600000 0.850000
vt 0.600000 0.900000
vt 0.550000 0.850000
vt 0.550000 0.900000
vt 0.500000 0.850000
vt 0.500000 0.900000
vt 0.450000 0.850000
vt 0.450000 0.900000
vt 0.400000 0.850000
vt 0.400000 0.900000
vt 0.350000 0.850000
vt 0.350000 0.900000
vt 0.300000 0.850000
vt 0.300000 0.900000
vt 0.250000 0.850000
vt 0.250000 0.900000
vt 0.200000 0.850000
vt 0.200000 0.900000
vt 0.150000 0.850000
vt 0.150000 0.900000
vt 0.100000 0.850000
vt 0.100000 0.900000
vt 0.100000 0.800000
vt 0.150000 0.800000
vt 0.100000 0.750000
vt 0.150000 0.750000
vt 0.200000 0.800000
vt 0.200000 0.750000
vt 0.250000 0.800000
vt 0.250000 0.750000
vt 0.300000 0.800000
vt 0.300000 0.750000
vt 0.350000 0.800000
vt 0.350000 0.750000
vt 0.400000 0.800000
vt 0.400000 0.750000
vt 0.450000 0.800000
vt 0.450000 0.750000
vt 0.500000 0.800000
vt 0.500000 0.750000
vt 0.550000 0.800000
vt 0.550000 0.750000
vt 0.600000 0.800000
vt 0.600000 0.750000
vt 0.650000 0.800000
vt 0.650000 0.750000
vt 0.700000 0.800000
vt 0.700000 0.750000
vt 0.750000 0.800000
vt 0.750000 0.750000
vt 0.800000 0.800000
vt 0.800000 0.750000
vt 0.850000 0.800000
vt 0.850000 0.750000
vt 0.900000 0.800000
vt 0.900000 0.750000
vt 0.950000 0.800000
vt 0.950000 0.750000
vt 1.000000 0.800000
vt 1.000000 0.750000
vt 0.950000 0.700000
vt 1.000000 0.700000
vt 0.950000 0.650000
vt 1.000000 0.650000
vt 0.900000 0.650000
vt 0.900000 0.700000
vt 0.850000 0.650000
vt 0.850000 0.700000
vt 0.800000 0.650000
vt 0.800000 0.700000
vt 0.750000 0.650000
vt 0.750000 0.700000
vt 0.700000 0.650000
vt 0.700000 0.700000
vt 0.650000 0.650000
vt 0.650000 0.700000
vt 0.600000 0.650000
vt 0.600000 0.700000
vt 0.550000 0.650000
vt 0.550000 0.700000
vt 0.500000 0.650000
vt 0.500000 0.700000
vt 0.450000 0.650000
vt 0.450000 0.700000
vt 0.400000 0.650000
vt 0.400000 0.700000
vt 0.350000 0.650000
vt 0.350000 0.700000
vt 0.300000 0.650000
vt 0.300000 0.700000
vt 0.250000 0.650000
vt 0.250000 0.700000
vt 0.200000 0.650000
vt 0.200000 0.700000
vt 0.150000 0.650000
vt 0.150000 0.700000
vt 0.100000 0.650000
vt 0.100000 0.700000
vt 0.100000 0.600000
vt 0.150000 0.600000
vt 0.100000 0.550000
vt 0.150000 0.550000
vt 0.200000 0.600000
vt 0.200000 0.550000
vt 0.250000 0.600000
vt 0.250000 0.550000
vt 0.300000 0.600000
vt 0.300000 0.550000
vt 0.350000 0.600000
vt 0.350000 0.550000
vt 0.400000 0.600000
vt 0.400000 0.550000
vt 0.450000 0.600000
vt 0.450000 0.550000
vt 0.500000 0.600000
vt 0.500000 0.550000
vt 0.550000 0.600000
vt 0.550000 0.550000
vt 0.600000 0.600000
vt 0.600000 0.550000
vt 0.650000 0.600000
vt 0.650000 0.550000
vt 0.700000 0.600000
vt 0.700000 0.550000
vt 0.750000 0.600000
vt 0.750000 0.550000
vt 0.800000 0.600000
vt 0.800000 0.550000
vt 0.850000 0.600000
vt 0.850000 0.550000
vt 0.900000 0.600000
vt 0.900000 0.550000
vt 0.950000 0.600000
vt 0.950000 0.550000
vt 1.000000 0.600000
vt 1.000000 0.550000
vt 0.950000 0.500000
vt 1.000000 0.500000
vt 0.950000 0.450000
vt 1.000000 0.450000
vt 0.900000 0.450000
vt 0.900000 0.500000
vt 0.850000 0.450000
vt 0.850000 0.500000
vt 0.800000 0.450000
vt 0.800000 0.500000
vt 0.750000 0.450000
vt 0.750000 0.500000
vt 0.700000 0.450000
vt 0.700000 0.500000
vt 0.650000 0.450000
vt 0.650000 0.500000
vt 0.600000 0.450000
vt 0.600000 0.500000
vt 0.550000 0.450000
vt 0.550000 0.500000
vt 0.500000 0.450000
vt 0.500000 0.500000
vt 0.450000 0.450000
vt 0.450000 0.500000
vt 0.400000 0.450000
vt 0.400000 0.500000
vt 0.350000 0.450000
vt 0.350000 0.500000
vt 0.300000 0.450000
vt 0.300000 0.500000
vt 0.250000 0.450000
vt 0.250000 0.500000
vt 0.200000 0.450000
vt 0.200000 0.500000
vt 0.150000 0.450000
vt 0.150000 0.500000
vt 0.100000 0.450000
vt 0.100000 0.500000
vt 0.100000 0.400000
vt 0.150000 0.400000
vt 0.100000 0.350000
vt 0.150000 0.350000
vt 0.200000 0.400000
vt 0.200000 0.350000
vt 0.250000 0.400000
vt 0.250000 0.350000
vt 0.300000 0.400000
vt 0.300000 0.350000
vt 0.350000 0.400000
vt 0.350000 0.350000
vt 0.400000 0.400000
vt 0.400000 0.350000
vt 0.450000 0.400000
vt 0.450000 0.350000
vt 0.500000 0.400000
vt 0.500000 0.350000
vt 0.550000 0.400000
vt 0.550000 0.350000
vt 0.600000 0.400000
vt 0.600000 0.350000
vt 0.650000 0.400000
vt 0.650000 0.350000
vt 0.700000 0.400000
vt 0.700000 0.350000
vt 0.750000 0.400000
vt 0.750000 0.350000
vt 0.800000 0.400000
vt 0.800000 0.350000
vt 0.850000 0.400000
vt 0.850000 0.350000
vt 0.900000 0.400000
vt 0.900000 0.350000
vt 0.950000 0.400000
vt 0.950000 0.350000
vt 1.000000 0.400000
vt 1.000000 0.350000
vt 0.950000 0.300000
vt 1.000000 0.300000
vt 0.950000 0.250000
vt 1.000000 0.250000
vt 0.900000 0.250000
vt 0.900000 0.300000
vt 0.850000 0.250000
vt 0.850000 0.300000
vt 0.800000 0.250000
vt 0.800000 0.300000
vt 0.750000 0.250000
vt 0.750000 0.300000
vt 0.700000 0.250000
vt 0.700000 0.300000
vt 0.650000 0.250000
vt 0.650000 0.300000
vt 0.600000 0.250000
vt 0.600000 0.300000
vt 0.550000 0.250000
vt 0.550000 0.300000
vt 0.500000 0.250000
vt 0.500000 0.300000
vt 0.450000 0.250000
vt 0.450000 0.300000
vt 0.400000 0.250000
vt 0.400000 0.300000
vt 0.350000 0.250000
vt 0.350000 0.300000
vt 0.300000 0.250000
vt 0.300000 0.300000
vt 0.250000 0.250000
vt 0.250000 0.300000
vt 0.200000 0.250000
vt 0.200000 0.300000
vt 0.150000 0.250000
vt 0.150000 0.300000
vt 0.100000 0.250000
vt 0.100000 0.300000
vt 0.100000 0.200000
vt 0.150000 0.200000
vt 0.100000 0.150000
vt 0.150000 0.150000
vt 0.200000 0.200000
vt 0.200000 0.150000
vt 0.250000 0.200000
vt 0.250000 0.150000
vt 0.300000 0.200000
vt 0.300000 0.150000
vt 0.350000 0.200000
vt 0.350000 0.150000
vt 0.400000 0.200000
vt 0.400000 0.150000
vt 0.450000 0.200000
vt 0.450000 0.150000
vt 0.500000 0.200000
vt 0.500000 0.150000
vt 0.550000 0.200000
vt 0.550000 0.150000
vt 0.600000 0.200000
vt 0.600000 0.150000
vt 0.650000 0.200000
vt 0.650000 0.150000
vt 0.700000 0.200000
vt 0.700000 0.150000
vt 0.750000 0.200000
vt 0.750000 0.150000
vt 0.800000 0.200000
vt 0.800000 0.150000
vt 0.850000 0.200000
vt 0.850000 0.150000
vt 0.900000 0.200000
vt 0.900000 0.150000
vt 0.950000 0.200000
vt 0.950000 0.150000
vt 1.000000 0.200000
vt 1.000000 0.150000
vt 0.950000 0.100000
vt 1.000000 0.100000
vt 0.950000 0.050000
vt 1.000000 0.050000
vt 0.900000 0.050000
vt 0.900000 0.100000
vt 0.850000 0.050000
vt 0.850000 0.100000
vt 0.800000 0.050000
vt 0.800000 0.100000
vt 0.750000 0.050000
vt 0.750000 0.100000
vt 0.700000 0.050000
vt 0.700000 0.100000
vt 0.650000 0.050000
vt 0.650000 0.100000
vt 0.600000 0.050000
vt 0.600000 0.100000
vt 0.550000 0.050000
vt 0.550000 0.100000
vt 0.500000 0.050000
vt 0.500000 0.100000
vt 0.450000 0.050000
vt 0.450000 0.100000
vt 0.400000 0.050000
vt 0.400000 0.100000
vt 0.350000 0.050000
vt 0.350000 0.100000
vt 0.300000 0.050000
vt 0.300000 0.100000
vt 0.250000 0.050000
vt 0.250000 0.100000
vt 0.200000 0.050000
vt 0.200000 0.100000
vt 0.150000 0.050000
vt 0.150000 0.100000
vt 0.100000 0.050000
vt 0.100000 0.100000
vt 0.100000 0.000000
vt 0.150000 0.000000
vt 0.200000 0.000000
vt 0.250000 0.000000
vt 0.300000 0.000000
vt 0.350000 0.000000
vt 0.400000 0.000000
vt 0.450000 0.000000
vt 0.500000 0.000000
vt 0.550000 0.000000
vt 0.600000 0.000000
vt 0.650000 0.000000
vt 0.700000 0.000000
vt 0.750000 0.000000
vt 0.800000 0.000000
vt 0.850000 0.000000
vt 0.900000 0.000000
vt 0.950000 0.000000
vt 1.000000 0.000000
vt 0.000000 1.000000
s 21
g off
g chasis_New
usemtl New
f 107/2/10 104/1/10 105/3/10
f 109/4/10 106/5/10 107/2/10
f 111/6/10 108/7/10 109/4/10
f 113/8/10 110/9/10 111/6/10
f 115/10/10 112/11/10 113/8/10
f 117/12/10 114/13/10 115/10/10
f 119/14/10 116/15/10 117/12/10
f 121/16/10 118/17/10 119/14/10
f 123/18/10 120/19/10 121/16/10
f 125/20/10 122/21/10 123/18/10
f 127/22/10 124/23/10 125/20/10
f 129/24/10 126/25/10 127/22/10
f 131/26/10 128/27/10 129/24/10
f 133/28/10 130/29/10 131/26/10
f 135/30/10 132/31/10 133/28/10
f 137/32/10 134/33/10 135/30/10
f 139/34/10 136/35/10 137/32/10
f 141/36/10 138/37/10 139/34/10
f 143/38/10 140/39/10 141/36/10
f 145/40/10 142/41/10 143/38/10
f 146/42/10 143/38/10 147/43/10
f 148/44/10 147/43/10 149/45/10
f 150/46/10 149/45/10 151/47/10
f 152/48/10 151/47/10 153/49/10
f 154/50/10 153/49/10 155/51/10
f 156/52/10 155/51/10 157/53/10
f 158/54/10 157/53/10 159/55/10
f 160/56/10 159/55/10 161/57/10
f 162/58/10 161/57/10 163/59/10
f 164/60/10 163/59/10 165/61/10
f 166/62/10 165/61/10 167/63/10
f 168/64/10 167/63/10 169/65/10
f 170/66/10 169/65/10 171/67/10
f 172/68/10 171/67/10 173/69/10
f 174/70/10 173/69/10 175/71/10
f 176/72/10 175/71/10 177/73/10
f 178/74/10 177/73/10 179/75/10
f 180/76/10 179/75/10 181/77/10
f 182/78/10 181/77/10 183/79/10
f 183/79/10 186/80/10 184/81/10
f 184/81/10 187/82/10 185/83/10
f 186/80/10 189/84/10 187/82/10
f 181/77/10 188/85/10 186/80/10
f 188/85/10 191/86/10 189/84/10
f 179/75/10 190/87/10 188/85/10
f 190/87/10 193/88/10 191/86/10
f 177/73/10 192/89/10 190/87/10
f 192/89/10 195/90/10 193/88/10
f 175/71/10 194/91/10 192/89/10
f 194/91/10 197/92/10 195/90/10
f 173/69/10 196/93/10 194/91/10
f 196/93/10 199/94/10 197/92/10
f 171/67/10 198/95/10 196/93/10
f 198/95/10 201/96/10 199/94/10
f 169/65/10 200/97/10 198/95/10
f 200/97/10 203/98/10 201/96/10
f 167/63/10 202/99/10 200/97/10
f 202/99/10 205/100/10 203/98/10
f 165/61/10 204/101/10 202/99/10
f 204/101/10 207/102/10 205/100/10
f 163/59/10 206/103/10 204/101/10
f 206/103/10 209/104/10 207/102/10
f 161/57/10 208/105/10 206/103/10
f 208/105/10 211/106/10 209/104/10
f 159/55/10 210/107/10 208/105/10
f 210/107/10 213/108/10 211/106/10
f 157/53/10 212/109/10 210/107/10
f 212/109/10 215/110/10 213/108/10
f 155/51/10 214/111/10 212/109/10
f 214/111/10 217/112/10 215/110/10
f 153/49/10 216/113/10 214/111/10
f 216/113/10 219/114/10 217/112/10
f 151/47/10 218/115/10 216/113/10
f 218/115/10 221/116/10 219/114/10
f 149/45/10 220/117/10 218/115/10
f 220/117/10 139/34/10 221/116/10
f 147/43/10 141/36/10 220/117/10
f 219/114/10 222/118/10 224/119/10
f 221/116/10 137/32/10 222/118/10
f 224/119/10 223/120/10 225/121/10
f 222/118/10 135/30/10 223/120/10
f 226/122/10 225/121/10 227/123/10
f 217/112/10 224/119/10 226/122/10
f 228/124/10 227/123/10 229/125/10
f 215/110/10 226/122/10 228/124/10
f 230/126/10 229/125/10 231/127/10
f 213/108/10 228/124/10 230/126/10
f 232/128/10 231/127/10 233/129/10
f 211/106/10 230/126/10 232/128/10
f 234/130/10 233/129/10 235/131/10
f 209/104/10 232/128/10 234/130/10
f 236/132/10 235/131/10 237/133/10
f 207/102/10 234/130/10 236/132/10
f 238/134/10 237/133/10 239/135/10
f 205/100/10 236/132/10 238/134/10
f 240/136/10 239/135/10 241/137/10
f 203/98/10 238/134/10 240/136/10
f 242/138/10 241/137/10 243/139/10
f 201/96/10 240/136/10 242/138/10
f 244/140/10 243/139/10 245/141/10
f 199/94/10 242/138/10 244/140/10
f 246/142/10 245/141/10 247/143/10
f 197/92/10 244/140/10 246/142/10
f 248/144/10 247/143/10 249/145/10
f 195/90/10 246/142/10 248/144/10
f 250/146/10 249/145/10 251/147/10
f 193/88/10 248/144/10 250/146/10
f 252/148/10 251/147/10 253/149/10
f 191/86/10 250/146/10 252/148/10
f 254/150/10 253/149/10 255/151/10
f 189/84/10 252/148/10 254/150/10
f 256/152/10 255/151/10 257/153/10
f 187/82/10 254/150/10 256/152/10
f 258/154/10 257/153/10 259/155/10
f 185/83/10 256/152/10 258/154/10
f 259/155/10 262/156/10 260/157/10
f 260/157/10 263/158/10 261/159/10
f 262/156/10 265/160/10 263/158/10
f 257/153/10 264/161/10 262/156/10
f 264/161/10 267/162/10 265/160/10
f 255/151/10 266/163/10 264/161/10
f 266/163/10 269/164/10 267/162/10
f 253/149/10 268/165/10 266/163/10
f 268/165/10 271/166/10 269/164/10
f 251/147/10 270/167/10 268/165/10
f 270/167/10 273/168/10 271/166/10
f 249/145/10 272/169/10 270/167/10
f 272/169/10 275/170/10 273/168/10
f 247/143/10 274/171/10 272/169/10
f 274/171/10 277/172/10 275/170/10
f 245/141/10 276/173/10 274/171/10
f 276/173/10 279/174/10 277/172/10
f 243/139/10 278/175/10 276/173/10
f 278/175/10 281/176/10 279/174/10
f 241/137/10 280/177/10 278/175/10
f 280/177/10 283/178/10 281/176/10
f 239/135/10 282/179/10 280/177/10
f 282/179/10 285/180/10 283/178/10
f 237/133/10 284/181/10 282/179/10
f 284/181/10 287/182/10 285/180/10
f 235/131/10 286/183/10 284/181/10
f 286/183/10 289/184/10 287/182/10
f 233/129/10 288/185/10 286/183/10
f 288/185/10 291/186/10 289/184/10
f 231/127/10 290/187/10 288/185/10
f 290/187/10 293/188/10 291/186/10
f 229/125/10 292/189/10 290/187/10
f 292/189/10 295/190/10 293/188/10
f 227/123/10 294/191/10 292/189/10
f 294/191/10 297/192/10 295/190/10
f 225/121/10 296/193/10 294/191/10
f 296/193/10 131/26/10 297/192/10
f 223/120/10 133/28/10 296/193/10
f 295/190/10 298/194/10 300/195/10
f 297/192/10 129/24/10 298/194/10
f 300/195/10 299/196/10 301/197/10
f 298/194/10 127/22/10 299/196/10
f 302/198/10 301/197/10 303/199/10
f 293/188/10 300/195/10 302/198/10
f 304/200/10 303/199/10 305/201/10
f 291/186/10 302/198/10 304/200/10
f 306/202/10 305/201/10 307/203/10
f 289/184/10 304/200/10 306/202/10
f 308/204/10 307/203/10 309/205/10
f 287/182/10 306/202/10 308/204/10
f 310/206/10 309/205/10 311/207/10
f 285/180/10 308/204/10 310/206/10
f 312/208/10 311/207/10 313/209/10
f 283/178/10 310/206/10 312/208/10
f 314/210/10 313/209/10 315/211/10
f 281/176/10 312/208/10 314/210/10
f 316/212/10 315/211/10 317/213/10
f 279/174/10 314/210/10 316/212/10
f 318/214/10 317/213/10 319/215/10
f 277/172/10 316/212/10 318/214/10
f 320/216/10 319/215/10 321/217/10
f 275/170/10 318/214/10 320/216/10
f 322/218/10 321/217/10 323/219/10
f 273/168/10 320/216/10 322/218/10
f 324/220/10 323/219/10 325/221/10
f 271/166/10 322/218/10 324/220/10
f 326/222/10 325/221/10 327/223/10
f 269/164/10 324/220/10 326/222/10
f 328/224/10 327/223/10 329/225/10
f 267/162/10 326/222/10 328/224/10
f 330/226/10 329/225/10 331/227/10
f 265/160/10 328/224/10 330/226/10
f 332/228/10 331/227/10 333/229/10
f 263/158/10 330/226/10 332/228/10
f 334/230/10 333/229/10 335/231/10
f 261/159/10 332/228/10 334/230/10
f 335/231/10 338/232/10 336/233/10
f 336/233/10 339/234/10 337/235/10
f 338/232/10 341/236/10 339/234/10
f 333/229/10 340/237/10 338/232/10
f 340/237/10 343/238/10 341/236/10
f 331/227/10 342/239/10 340/237/10
f 342/239/10 345/240/10 343/238/10
f 329/225/10 344/241/10 342/239/10
f 344/241/10 347/242/10 345/240/10
f 327/223/10 346/243/10 344/241/10
f 346/243/10 349/244/10 347/242/10
f 325/221/10 348/245/10 346/243/10
f 348/245/10 351/246/10 349/244/10
f 323/219/10 350/247/10 348/245/10
f 350/247/10 353/248/10 351/246/10
f 321/217/10 352/249/10 350/247/10
f 352/249/10 355/250/10 353/248/10
f 319/215/10 354/251/10 352/249/10
f 354/251/10 357/252/10 355/250/10
f 317/213/10 356/253/10 354/251/10
f 356/253/10 359/254/10 357/252/10
f 315/211/10 358/255/10 356/253/10
f 358/255/10 361/256/10 359/254/10
f 313/209/10 360/257/10 358/255/10
f 360/257/10 363/258/10 361/256/10
f 311/207/10 362/259/10 360/257/10
f 362/259/10 365/260/10 363/258/10
f 309/205/10 364/261/10 362/259/10
f 364/261/10 367/262/10 365/260/10
f 307/203/10 366/263/10 364/261/10
f 366/263/10 369/264/10 367/262/10
f 305/201/10 368/265/10 366/263/10
f 368/265/10 371/266/10 369/264/10
f 303/199/10 370/267/10 368/265/10
f 370/267/10 373/268/10 371/266/10
f 301/197/10 372/269/10 370/267/10
f 372/269/10 123/18/10 373/268/10
f 299/196/10 125/20/10 372/269/10
f 371/266/10 374/270/10 376/271/10
f 373/268/10 121/16/10 374/270/10
f 376/271/10 375/272/10 377/273/10
f 374/270/10 119/14/10 375/272/10
f 378/274/10 377/273/10 379/275/10
f 369/264/10 376/271/10 378/274/10
f 380/276/10 379/275/10 381/277/10
f 367/262/10 378/274/10 380/276/10
f 382/278/10 381/277/10 383/279/10
f 365/260/10 380/276/10 382/278/10
f 384/280/10 383/279/10 385/281/10
f 363/258/10 382/278/10 384/280/10
f 386/282/10 385/281/10 387/283/10
f 361/256/10 384/280/10 386/282/10
f 388/284/10 387/283/10 389/285/10
f 359/254/10 386/282/10 388/284/10
f 390/286/10 389/285/10 391/287/10
f 357/252/10 388/284/10 390/286/10
f 392/288/10 391/287/10 393/289/10
f 355/250/10 390/286/10 392/288/10
f 394/290/10 393/289/10 395/291/10
f 353/248/10 392/288/10 394/290/10
f 396/292/10 395/291/10 397/293/10
f 351/246/10 394/290/10 396/292/10
f 398/294/10 397/293/10 399/295/10
f 349/244/10 396/292/10 398/294/10
f 400/296/10 399/295/10 401/297/10
f 347/242/10 398/294/10 400/296/10
f 402/298/10 401/297/10 403/299/10
f 345/240/10 400/296/10 402/298/10
f 404/300/10 403/299/10 405/301/10
f 343/238/10 402/298/10 404/300/10
f 406/302/10 405/301/10 407/303/10
f 341/236/10 404/300/10 406/302/10
f 408/304/10 407/303/10 409/305/10
f 339/234/10 406/302/10 408/304/10
f 410/306/10 409/305/10 411/307/10
f 337/235/10 408/304/10 410/306/10
f 411/307/10 414/308/10 412/309/10
f 412/309/10 415/310/10 413/311/10
f 414/308/10 417/312/10 415/310/10
f 409/305/10 416/313/10 414/308/10
f 416/313/10 419/314/10 417/312/10
f 407/303/10 418/315/10 416/313/10
f 418/315/10 421/316/10 419/314/10
f 405/301/10 420/317/10 418/315/10
f 420/317/10 423/318/10 421/316/10
f 403/299/10 422/319/10 420/317/10
f 422/319/10 425/320/10 423/318/10
f 401/297/10 424/321/10 422/319/10
f 424/321/10 427/322/10 425/320/10
f 399/295/10 426/323/10 424/321/10
f 426/323/10 429/324/10 427/322/10
f 397/293/10 428/325/10 426/323/10
f 428/325/10 431/326/10 429/324/10
f 395/291/10 430/327/10 428/325/10
f 430/327/10 433/328/10 431/326/10
f 393/289/10 432/329/10 430/327/10
f 432/329/10 435/330/10 433/328/10
f 391/287/10 434/331/10 432/329/10
f 434/331/10 437/332/10 435/330/10
f 389/285/10 436/333/10 434/331/10
f 436/333/10 439/334/10 437/332/10
f 387/283/10 438/335/10 436/333/10
f 438/335/10 441/336/10 439/334/10
f 385/281/10 440/337/10 438/335/10
f 440/337/10 443/338/10 441/336/10
f 383/279/10 442/339/10 440/337/10
f 442/339/10 445/340/10 443/338/10
f 381/277/10 444/341/10 442/339/10
f 444/341/10 447/342/10 445/340/10
f 379/275/10 446/343/10 444/341/10
f 446/343/10 449/344/10 447/342/10
f 377/273/10 448/345/10 446/343/10
f 448/345/10 115/10/10 449/344/10
f 375/272/10 117/12/10 448/345/10
f 447/342/10 450/346/10 452/347/10
f 449/344/10 113/8/10 450/346/10
f 452/347/10 451/348/10 453/349/10
f 450/346/10 111/6/10 451/348/10
f 454/350/10 453/349/10 455/351/10
f 445/340/10 452/347/10 454/350/10
f 456/352/10 455/351/10 457/353/10
f 443/338/10 454/350/10 456/352/10
f 458/354/10 457/353/10 459/355/10
f 441/336/10 456/352/10 458/354/10
f 460/356/10 459/355/10 461/357/10
f 439/334/10 458/354/10 460/356/10
f 462/358/10 461/357/10 463/359/10
f 437/332/10 460/356/10 462/358/10
f 464/360/10 463/359/10 465/361/10
f 435/330/10 462/358/10 464/360/10
f 466/362/10 465/361/10 467/363/10
f 433/328/10 464/360/10 466/362/10
f 468/364/10 467/363/10 469/365/10
f 431/326/10 466/362/10 468/364/10
f 470/366/10 469/365/10 471/367/10
f 429/324/10 468/364/10 470/366/10
f 472/368/10 471/367/10 473/369/10
f 427/322/10 470/366/10 472/368/10
f 474/370/10 473/369/10 475/371/10
f 425/320/10 472/368/10 474/370/10
f 476/372/10 475/371/10 477/373/10
f 423/318/10 474/370/10 476/372/10
f 478/374/10 477/373/10 479/375/10
f 421/316/10 476/372/10 478/374/10
f 480/376/10 479/375/10 481/377/10
f 419/314/10 478/374/10 480/376/10
f 482/378/10 481/377/10 483/379/10
f 417/312/10 480/376/10 482/378/10
f 484/380/10 483/379/10 485/381/10
f 415/310/10 482/378/10 484/380/10
f 486/382/10 485/381/10 487/383/10
f 413/311/10 484/380/10 486/382/10
f 487/383/10 490/384/10 488/385/10
f 488/385/10 491/386/10 489/387/10
f 490/384/10 493/388/10 491/386/10
f 485/381/10 492/389/10 490/384/10
f 492/389/10 495/390/10 493/388/10
f 483/379/10 494/391/10 492/389/10
f 494/391/10 497/392/10 495/390/10
f 481/377/10 496/393/10 494/391/10
f 496/393/10 499/394/10 497/392/10
f 479/375/10 498/395/10 496/393/10
f 498/395/10 501/396/10 499/394/10
f 477/373/10 500/397/10 498/395/10
f 500/397/10 503/398/10 501/396/10
f 475/371/10 502/399/10 500/397/10
f 502/399/10 505/400/10 503/398/10
f 473/369/10 504/401/10 502/399/10
f 504/401/10 507/402/10 505/400/10
f 471/367/10 506/403/10 504/401/10
f 506/403/10 509/404/10 507/402/10
f 469/365/10 508/405/10 506/403/10
f 508/405/10 511/406/10 509/404/10
f 467/363/10 510/407/10 508/405/10
f 510/407/10 513/408/10 511/406/10
f 465/361/10 512/409/10 510/407/10
f 512/409/10 515/410/10 513/408/10
f 463/359/10 514/411/10 512/409/10
f 514/411/10 517/412/10 515/410/10
f 461/357/10 516/413/10 514/411/10
f 516/413/10 519/414/10 517/412/10
f 459/355/10 518/415/10 516/413/10
f 518/415/10 521/416/10 519/414/10
f 457/353/10 520/417/10 518/415/10
f 520/417/10 523/418/10 521/416/10
f 455/351/10 522/419/10 520/417/10
f 522/419/10 525/420/10 523/418/10
f 453/349/10 524/421/10 522/419/10
f 524/421/10 107/2/10 525/420/10
f 451/348/10 109/4/10 524/421/10
f 523/418/10 526/422/10 527/423/10
f 525/420/10 105/3/10 526/422/10
f 521/416/10 527/423/10 528/424/10
f 519/414/10 528/424/10 529/425/10
f 517/412/10 529/425/10 530/426/10
f 515/410/10 530/426/10 531/427/10
f 513/408/10 531/427/10 532/428/10
f 511/406/10 532/428/10 533/429/10
f 509/404/10 533/429/10 534/430/10
f 507/402/10 534/430/10 535/431/10
f 505/400/10 535/431/10 536/432/10
f 503/398/10 536/432/10 537/433/10
f 501/396/10 537/433/10 538/434/10
f 499/394/10 538/434/10 539/435/10
f 497/392/10 539/435/10 540/436/10
f 495/390/10 540/436/10 541/437/10
f 493/388/10 541/437/10 542/438/10
f 491/386/10 542/438/10 543/439/10
f 489/387/10 543/439/10 544/440/10
s 22
f 548/2/24 545/1/24 546/3/24
f 550/4/24 547/5/24 548/2/24
f 552/6/24 549/7/24 550/4/24
f 554/8/24 551/9/24 552/6/24
f 556/10/24 553/11/24 554/8/24
f 558/12/24 555/13/24 556/10/24
f 558/12/24 559/17/24 557/15/24
f 562/16/24 559/17/24 560/14/24
f 562/16/24 563/21/24 561/19/24
f 566/20/24 563/21/24 564/18/24
f 568/22/24 565/23/24 566/20/24
f 570/24/24 567/25/24 568/22/24
f 572/26/24 569/27/24 570/24/24
f 574/28/24 571/29/24 572/26/24
f 576/30/24 573/31/24 574/28/24
f 578/32/24 575/33/24 576/30/24
f 580/34/24 577/35/24 578/32/24
f 582/36/24 579/37/24 580/34/24
f 584/38/24 581/39/24 582/36/24
f 586/40/24 583/41/24 584/38/24
f 587/42/24 584/38/24 588/43/24
f 589/44/24 588/43/24 590/45/24
f 591/46/24 590/45/24 592/47/24
f 593/48/24 592/47/24 594/49/24
f 595/50/24 594/49/24 596/51/24
f 597/52/24 596/51/24 598/53/24
f 599/54/24 598/53/24 600/55/24
f 601/56/24 600/55/24 602/57/24
f 603/58/24 602/57/24 604/59/24
f 605/60/24 604/59/24 606/61/24
f 607/62/24 606/61/24 608/63/24
f 609/64/24 608/63/24 610/65/24
f 611/66/24 610/65/24 612/67/24
f 613/68/24 612/67/24 614/69/24
f 615/70/24 614/69/24 616/71/24
f 617/72/24 616/71/24 618/73/24
f 619/74/24 618/73/24 620/75/24
f 621/76/24 620/75/24 622/77/24
f 623/78/24 622/77/24 624/79/24
f 624/79/24 627/80/24 625/81/24
f 625/81/24 628/82/24 626/83/24
f 627/80/24 630/84/24 628/82/24
f 622/77/24 629/85/24 627/80/24
f 629/85/24 632/86/24 630/84/24
f 620/75/24 631/87/24 629/85/24
f 631/87/24 634/88/24 632/86/24
f 618/73/24 633/89/24 631/87/24
f 633/89/24 636/90/24 634/88/24
f 616/71/24 635/91/24 633/89/24
f 635/91/24 638/92/24 636/90/24
f 614/69/24 637/93/24 635/91/24
f 637/93/24 640/94/24 638/92/24
f 612/67/24 639/95/24 637/93/24
f 639/95/24 642/96/24 640/94/24
f 610/65/24 641/97/24 639/95/24
f 641/97/24 644/98/24 642/96/24
f 608/63/24 643/99/24 641/97/24
f 643/99/24 646/100/24 644/98/24
f 606/61/24 645/101/24 643/99/24
f 645/101/24 648/102/24 646/100/24
f 645/101/24 602/57/24 647/103/24
f 647/103/24 650/104/24 648/102/24
f 647/103/24 600/55/24 649/105/24
f 649/105/24 652/106/24 650/104/24
f 600/55/24 651/107/24 649/105/24
f 651/107/24 654/108/24 652/106/24
f 598/53/24 653/109/24 651/107/24
f 653/109/24 656/110/24 654/108/24
f 596/51/24 655/111/24 653/109/24
f 655/111/24 658/112/24 656/110/24
f 594/49/24 657/113/24 655/111/24
f 657/113/24 660/114/24 658/112/24
f 592/47/24 659/115/24 657/113/24
f 659/115/24 662/116/24 660/114/24
f 590/45/24 661/117/24 659/115/24
f 661/117/24 580/34/24 662/116/24
f 588/43/24 582/36/24 661/117/24
f 660/114/24 663/118/24 665/119/24
f 662/116/24 578/32/24 663/118/24
f 665/119/24 664/120/24 666/121/24
f 663/118/24 576/30/24 664/120/24
f 667/122/24 666/121/24 668/123/24
f 658/112/24 665/119/24 667/122/24
f 669/124/24 668/123/24 670/125/24
f 669/124/24 658/112/24 667/122/24
f 671/126/24 670/125/24 672/127/24
f 671/126/24 656/110/24 669/124/24
f 673/128/24 672/127/24 674/129/24
f 652/106/24 671/126/24 673/128/24
f 675/130/24 674/129/24 676/131/24
f 650/104/24 673/128/24 675/130/24
f 677/132/24 676/131/24 678/133/24
f 648/102/24 675/130/24 677/132/24
f 679/134/24 678/133/24 680/135/24
f 646/100/24 677/132/24 679/134/24
f 681/136/24 680/135/24 682/137/24
f 644/98/24 679/134/24 681/136/24
f 683/138/24 682/137/24 684/139/24
f 642/96/24 681/136/24 683/138/24
f 685/140/24 684/139/24 686/141/24
f 685/140/24 642/96/24 683/138/24
f 687/142/24 686/141/24 688/143/24
f 687/142/24 640/94/24 685/140/24
f 689/144/24 688/143/24 690/145/24
f 636/90/24 687/142/24 689/144/24
f 691/146/24 690/145/24 692/147/24
f 634/88/24 689/144/24 691/146/24
f 693/148/24 692/147/24 694/149/24
f 632/86/24 691/146/24 693/148/24
f 695/150/24 694/149/24 696/151/24
f 630/84/24 693/148/24 695/150/24
f 697/152/24 696/151/24 698/153/24
f 628/82/24 695/150/24 697/152/24
f 699/154/24 698/153/24 700/155/24
f 626/83/24 697/152/24 699/154/24
f 700/155/24 703/156/24 701/157/24
f 701/157/24 704/158/24 702/159/24
f 703/156/24 706/160/24 704/158/24
f 698/153/24 705/161/24 703/156/24
f 705/161/24 708/162/24 706/160/24
f 696/151/24 707/163/24 705/161/24
f 707/163/24 710/164/24 708/162/24
f 694/149/24 709/165/24 707/163/24
f 709/165/24 712/166/24 710/164/24
f 692/147/24 711/167/24 709/165/24
f 711/167/24 714/168/24 712/166/24
f 690/145/24 713/169/24 711/167/24
f 713/169/24 716/170/24 714/168/24
f 688/143/24 715/171/24 713/169/24
f 715/171/24 718/172/24 716/170/24
f 686/141/24 717/173/24 715/171/24
f 717/173/24 720/174/24 718/172/24
f 684/139/24 719/175/24 717/173/24
f 719/175/24 722/176/24 720/174/24
f 682/137/24 721/177/24 719/175/24
f 721/177/24 724/178/24 722/176/24
f 680/135/24 723/179/24 721/177/24
f 723/179/24 726/180/24 724/178/24
f 678/133/24 725/181/24 723/179/24
f 725/181/24 728/182/24 726/180/24
f 676/131/24 727/183/24 725/181/24
f 727/183/24 730/184/24 728/182/24
f 674/129/24 729/185/24 727/183/24
f 729/185/24 732/186/24 730/184/24
f 672/127/24 731/187/24 729/185/24
f 731/187/24 734/188/24 732/186/24
f 670/125/24 733/189/24 731/187/24
f 733/189/24 736/190/24 734/188/24
f 668/123/24 735/191/24 733/189/24
f 735/191/24 738/192/24 736/190/24
f 666/121/24 737/193/24 735/191/24
f 737/193/24 572/26/24 738/192/24
f 664/120/24 574/28/24 737/193/24
f 736/190/24 739/194/24 741/195/24
f 738/192/24 570/24/24 739/194/24
f 741/195/24 740/196/24 742/197/24
f 739/194/24 568/22/24 740/196/24
f 743/198/24 742/197/24 744/199/24
f 734/188/24 741/195/24 743/198/24
f 745/200/24 744/199/24 746/201/24
f 732/186/24 743/198/24 745/200/24
f 747/202/24 746/201/24 748/203/24
f 730/184/24 745/200/24 747/202/24
f 749/204/24 748/203/24 750/205/24
f 728/182/24 747/202/24 749/204/24
f 751/206/24 750/205/24 752/207/24
f 726/180/24 749/204/24 751/206/24
f 753/208/24 752/207/24 754/209/24
f 724/178/24 751/206/24 753/208/24
f 755/210/24 754/209/24 756/211/24
f 722/176/24 753/208/24 755/210/24
f 757/212/24 756/211/24 758/213/24
f 720/174/24 755/210/24 757/212/24
f 759/214/24 758/213/24 760/215/24
f 718/172/24 757/212/24 759/214/24
f 761/216/24 760/215/24 762/217/24
f 716/170/24 759/214/24 761/216/24
f 763/218/24 762/217/24 764/219/24
f 714/168/24 761/216/24 763/218/24
f 765/220/24 764/219/24 766/221/24
f 712/166/24 763/218/24 765/220/24
f 767/222/24 766/221/24 768/223/24
f 710/164/24 765/220/24 767/222/24
f 769/224/24 768/223/24 770/225/24
f 708/162/24 767/222/24 769/224/24
f 771/226/24 770/225/24 772/227/24
f 706/160/24 769/224/24 771/226/24
f 773/228/24 772/227/24 774/229/24
f 704/158/24 771/226/24 773/228/24
f 775/230/24 774/229/24 776/231/24
f 702/159/24 773/228/24 775/230/24
f 776/231/24 779/232/24 777/233/24
f 777/233/24 780/234/24 778/235/24
f 779/232/24 782/236/24 780/234/24
f 774/229/24 781/237/24 779/232/24
f 781/237/24 784/238/24 782/236/24
f 772/227/24 783/239/24 781/237/24
f 783/239/24 786/240/24 784/238/24
f 770/225/24 785/241/24 783/239/24
f 785/241/24 788/242/24 786/240/24
f 768/223/24 787/243/24 785/241/24
f 787/243/24 790/244/24 788/242/24
f 766/221/24 789/245/24 787/243/24
f 789/245/24 792/246/24 790/244/24
f 764/219/24 791/247/24 789/245/24
f 791/247/24 794/248/24 792/246/24
f 791/247/24 760/215/24 793/249/24
f 793/249/24 796/250/24 794/248/24
f 793/249/24 758/213/24 795/251/24
f 795/251/24 798/252/24 796/250/24
f 758/213/24 797/253/24 795/251/24
f 797/253/24 800/254/24 798/252/24
f 756/211/24 799/255/24 797/253/24
f 799/255/24 802/256/24 800/254/24
f 754/209/24 801/257/24 799/255/24
f 802/256/24 803/259/24 804/258/24
f 752/207/24 803/259/24 801/257/24
f 804/258/24 805/261/24 806/260/24
f 750/205/24 805/261/24 803/259/24
f 805/261/24 808/262/24 806/260/24
f 748/203/24 807/263/24 805/261/24
f 807/263/24 810/264/24 808/262/24
f 746/201/24 809/265/24 807/263/24
f 809/265/24 812/266/24 810/264/24
f 744/199/24 811/267/24 809/265/24
f 811/267/24 814/268/24 812/266/24
f 742/197/24 813/269/24 811/267/24
f 813/269/24 564/18/24 814/268/24
f 740/196/24 566/20/24 813/269/24
f 812/266/24 815/270/24 817/271/24
f 815/270/24 564/18/24 562/16/24
f 817/271/24 816/272/24 818/273/24
f 815/270/24 560/14/24 816/272/24
f 819/274/24 818/273/24 820/275/24
f 810/264/24 817/271/24 819/274/24
f 821/276/24 820/275/24 822/277/24
f 808/262/24 819/274/24 821/276/24
f 823/278/24 822/277/24 824/279/24
f 806/260/24 821/276/24 823/278/24
f 825/280/24 824/279/24 826/281/24
f 804/258/24 823/278/24 825/280/24
f 827/282/24 826/281/24 828/283/24
f 802/256/24 825/280/24 827/282/24
f 829/284/24 828/283/24 830/285/24
f 800/254/24 827/282/24 829/284/24
f 831/286/24 830/285/24 832/287/24
f 798/252/24 829/284/24 831/286/24
f 833/288/24 832/287/24 834/289/24
f 796/250/24 831/286/24 833/288/24
f 835/290/24 834/289/24 836/291/24
f 794/248/24 833/288/24 835/290/24
f 837/292/24 836/291/24 838/293/24
f 792/246/24 835/290/24 837/292/24
f 840/295/24 837/292/24 838/293/24
f 790/244/24 837/292/24 839/294/24
f 842/297/24 839/294/24 840/295/24
f 788/242/24 839/294/24 841/296/24
f 843/298/24 842/297/24 844/299/24
f 786/240/24 841/296/24 843/298/24
f 845/300/24 844/299/24 846/301/24
f 784/238/24 843/298/24 845/300/24
f 847/302/24 846/301/24 848/303/24
f 782/236/24 845/300/24 847/302/24
f 849/304/24 848/303/24 850/305/24
f 780/234/24 847/302/24 849/304/24
f 851/306/24 850/305/24 852/307/24
f 778/235/24 849/304/24 851/306/24
f 852/307/24 855/308/24 853/309/24
f 853/309/24 856/310/24 854/311/24
f 855/308/24 858/312/24 856/310/24
f 850/305/24 857/313/24 855/308/24
f 857/313/24 860/314/24 858/312/24
f 848/303/24 859/315/24 857/313/24
f 859/315/24 862/316/24 860/314/24
f 859/315/24 844/299/24 861/317/24
f 861/317/24 864/318/24 862/316/24
f 861/317/24 842/297/24 863/319/24
f 863/319/24 866/320/24 864/318/24
f 842/297/24 865/321/24 863/319/24
f 865/321/24 868/322/24 866/320/24
f 840/295/24 867/323/24 865/321/24
f 867/323/24 870/324/24 868/322/24
f 838/293/24 869/325/24 867/323/24
f 869/325/24 872/326/24 870/324/24
f 836/291/24 871/327/24 869/325/24
f 871/327/24 874/328/24 872/326/24
f 834/289/24 873/329/24 871/327/24
f 873/329/24 876/330/24 874/328/24
f 832/287/24 875/331/24 873/329/24
f 875/331/24 878/332/24 876/330/24
f 830/285/24 877/333/24 875/331/24
f 877/333/24 880/334/24 878/332/24
f 828/283/24 879/335/24 877/333/24
f 879/335/24 882/336/24 880/334/24
f 826/281/24 881/337/24 879/335/24
f 881/337/24 884/338/24 882/336/24
f 824/279/24 883/339/24 881/337/24
f 883/339/24 886/340/24 884/338/24
f 822/277/24 885/341/24 883/339/24
f 885/341/24 888/342/24 886/340/24
f 820/275/24 887/343/24 885/341/24
f 887/343/24 890/344/24 888/342/24
f 818/273/24 889/345/24 887/343/24
f 889/345/24 556/10/24 890/344/24
f 816/272/24 558/12/24 889/345/24
f 888/342/24 891/346/24 893/347/24
f 890/344/24 554/8/24 891/346/24
f 893/347/24 892/348/24 894/349/24
f 891/346/24 552/6/24 892/348/24
f 895/350/24 894/349/24 896/351/24
f 886/340/24 893/347/24 895/350/24
f 897/352/24 896/351/24 898/353/24
f 884/338/24 895/350/24 897/352/24
f 899/354/24 898/353/24 900/355/24
f 882/336/24 897/352/24 899/354/24
f 901/356/24 900/355/24 902/357/24
f 880/334/24 899/354/24 901/356/24
f 903/358/24 902/357/24 904/359/24
f 878/332/24 901/356/24 903/358/24
f 905/360/24 904/359/24 906/361/24
f 876/330/24 903/358/24 905/360/24
f 907/362/24 906/361/24 908/363/24
f 874/328/24 905/360/24 907/362/24
f 909/364/24 908/363/24 910/365/24
f 872/326/24 907/362/24 909/364/24
f 911/366/24 910/365/24 912/367/24
f 870/324/24 909/364/24 911/366/24
f 913/368/24 912/367/24 914/369/24
f 868/322/24 911/366/24 913/368/24
f 915/370/24 914/369/24 916/371/24
f 866/320/24 913/368/24 915/370/24
f 917/372/24 916/371/24 918/373/24
f 864/318/24 915/370/24 917/372/24
f 919/374/24 918/373/24 920/375/24
f 862/316/24 917/372/24 919/374/24
f 921/376/24 920/375/24 922/377/24
f 860/314/24 919/374/24 921/376/24
f 923/378/24 922/377/24 924/379/24
f 858/312/24 921/376/24 923/378/24
f 925/380/24 924/379/24 926/381/24
f 856/310/24 923/378/24 925/380/24
f 927/382/24 926/381/24 928/383/24
f 854/311/24 925/380/24 927/382/24
f 928/383/24 931/384/24 929/385/24
f 930/387/24 931/384/24 932/386/24
f 932/386/24 933/389/24 934/388/24
f 926/381/24 933/389/24 931/384/24
f 933/389/24 936/390/24 934/388/24
f 924/379/24 935/391/24 933/389/24
f 935/391/24 938/392/24 936/390/24
f 922/377/24 937/393/24 935/391/24
f 937/393/24 940/394/24 938/392/24
f 920/375/24 939/395/24 937/393/24
f 939/395/24 942/396/24 940/394/24
f 918/373/24 941/397/24 939/395/24
f 941/397/24 944/398/24 942/396/24
f 916/371/24 943/399/24 941/397/24
f 943/399/24 946/400/24 944/398/24
f 914/369/24 945/401/24 943/399/24
f 945/401/24 948/402/24 946/400/24
f 912/367/24 947/403/24 945/401/24
f 947/403/24 950/404/24 948/402/24
f 910/365/24 949/405/24 947/403/24
f 949/405/24 952/406/24 950/404/24
f 908/363/24 951/407/24 949/405/24
f 951/407/24 954/408/24 952/406/24
f 906/361/24 953/409/24 951/407/24
f 953/409/24 956/410/24 954/408/24
f 904/359/24 955/411/24 953/409/24
f 955/411/24 958/412/24 956/410/24
f 902/357/24 957/413/24 955/411/24
f 957/413/24 960/414/24 958/412/24
f 900/355/24 959/415/24 957/413/24
f 959/415/24 962/416/24 960/414/24
f 898/353/24 961/417/24 959/415/24
f 961/417/24 964/418/24 962/416/24
f 896/351/24 963/419/24 961/417/24
f 963/419/24 966/420/24 964/418/24
f 894/349/24 965/421/24 963/419/24
f 965/421/24 548/2/24 966/420/24
f 892/348/24 550/4/24 965/421/24
f 964/418/24 967/422/24 968/423/24
f 966/420/24 546/3/24 967/422/24
f 962/416/24 968/423/24 969/424/24
f 960/414/24 969/424/24 970/425/24
f 958/412/24 970/425/24 971/426/24
f 956/410/24 971/426/24 972/427/24
f 954/408/24 972/427/24 973/428/24
f 952/406/24 973/428/24 974/429/24
f 950/404/24 974/429/24 975/430/24
f 948/402/24 975/430/24 976/431/24
f 946/400/24 976/431/24 977/432/24
f 944/398/24 977/432/24 978/433/24
f 942/396/24 978/433/24 979/434/24
f 940/394/24 979/434/24 980/435/24
f 938/392/24 980/435/24 981/436/24
f 936/390/24 981/436/24 982/437/24
f 934/388/24 982/437/24 983/438/24
f 932/386/24 983/438/24 984/439/24
f 930/387/24 984/439/24 985/440/24
s 368
f 4368/2/24 4365/1/24 4366/3/24
f 4368/2/24 4369/7/24 4367/5/24
f 4372/6/24 4369/7/24 4370/4/24
f 4374/8/24 4371/9/24 4372/6/24
f 4376/10/24 4373/11/24 4374/8/24
f 4378/12/24 4375/13/24 4376/10/24
f 4380/14/24 4377/15/24 4378/12/24
f 4382/16/24 4379/17/24 4380/14/24
f 4384/18/24 4381/19/24 4382/16/24
f 4386/20/24 4383/21/24 4384/18/24
f 4388/22/24 4385/23/24 4386/20/24
f 4390/24/24 4387/25/24 4388/22/24
f 4392/26/24 4389/27/24 4390/24/24
f 4394/28/24 4391/29/24 4392/26/24
f 4396/30/24 4393/31/24 4394/28/24
f 4398/32/24 4395/33/24 4396/30/24
f 4400/34/24 4397/35/24 4398/32/24
f 4402/36/24 4399/37/24 4400/34/24
f 4404/38/24 4401/39/24 4402/36/24
f 4406/40/24 4403/41/24 4404/38/24
f 4407/42/24 4404/38/24 4408/43/24
f 4409/44/24 4408/43/24 4410/45/24
f 4411/46/24 4410/45/24 4412/47/24
f 4413/48/24 4412/47/24 4414/49/24
f 4415/50/24 4414/49/24 4416/51/24
f 4417/52/24 4416/51/24 4418/53/24
f 4419/54/24 4418/53/24 4420/55/24
f 4421/56/24 4420/55/24 4422/57/24
f 4423/58/24 4422/57/24 4424/59/24
f 4425/60/24 4424/59/24 4426/61/24
f 4427/62/24 4426/61/24 4428/63/24
f 4429/64/24 4428/63/24 4430/65/24
f 4431/66/24 4430/65/24 4432/67/24
f 4433/68/24 4432/67/24 4434/69/24
f 4435/70/24 4434/69/24 4436/71/24
f 4437/72/24 4436/71/24 4438/73/24
f 4439/74/24 4438/73/24 4440/75/24
f 4441/76/24 4440/75/24 4442/77/24
f 4443/78/24 4442/77/24 4444/79/24
f 4444/79/24 4447/80/24 4445/81/24
f 4445/81/24 4448/82/24 4446/83/24
f 4447/80/24 4450/84/24 4448/82/24
f 4442/77/24 4449/85/24 4447/80/24
f 4449/85/24 4452/86/24 4450/84/24
f 4440/75/24 4451/87/24 4449/85/24
f 4451/87/24 4454/88/24 4452/86/24
f 4438/73/24 4453/89/24 4451/87/24
f 4454/88/24 4455/91/24 4456/90/24
f 4436/71/24 4455/91/24 4453/89/24
f 4456/90/24 4457/93/24 4458/92/24
f 4434/69/24 4457/93/24 4455/91/24
f 4457/93/24 4460/94/24 4458/92/24
f 4432/67/24 4459/95/24 4457/93/24
f 4459/95/24 4462/96/24 4460/94/24
f 4430/65/24 4461/97/24 4459/95/24
f 4461/97/24 4464/98/24 4462/96/24
f 4428/63/24 4463/99/24 4461/97/24
f 4463/99/24 4466/100/24 4464/98/24
f 4426/61/24 4465/101/24 4463/99/24
f 4465/101/24 4468/102/24 4466/100/24
f 4424/59/24 4467/103/24 4465/101/24
f 4467/103/24 4470/104/24 4468/102/24
f 4422/57/24 4469/105/24 4467/103/24
f 4469/105/24 4472/106/24 4470/104/24
f 4420/55/24 4471/107/24 4469/105/24
f 4471/107/24 4474/108/24 4472/106/24
f 4418/53/24 4473/109/24 4471/107/24
f 4473/109/24 4476/110/24 4474/108/24
f 4416/51/24 4475/111/24 4473/109/24
f 4475/111/24 4478/112/24 4476/110/24
f 4414/49/24 4477/113/24 4475/111/24
f 4477/113/24 4480/114/24 4478/112/24
f 4412/47/24 4479/115/24 4477/113/24
f 4479/115/24 4482/116/24 4480/114/24
f 4410/45/24 4481/117/24 4479/115/24
f 4481/117/24 4400/34/24 4482/116/24
f 4408/43/24 4402/36/24 4481/117/24
f 4482/116/24 4398/32/24 4483/118/24
f 4480/114/24 4483/118/24 4485/119/24
f 4483/118/24 4396/30/24 4484/120/24
f 4485/119/24 4484/120/24 4486/121/24
f 4487/122/24 4486/121/24 4488/123/24
f 4478/112/24 4485/119/24 4487/122/24
f 4489/124/24 4488/123/24 4490/125/24
f 4476/110/24 4487/122/24 4489/124/24
f 4491/126/24 4490/125/24 4492/127/24
f 4474/108/24 4489/124/24 4491/126/24
f 4493/128/24 4492/127/24 4494/129/24
f 4472/106/24 4491/126/24 4493/128/24
f 4495/130/24 4494/129/24 4496/131/24
f 4470/104/24 4493/128/24 4495/130/24
f 4497/132/24 4496/131/24 4498/133/24
f 4468/102/24 4495/130/24 4497/132/24
f 4499/134/24 4498/133/24 4500/135/24
f 4466/100/24 4497/132/24 4499/134/24
f 4501/136/24 4500/135/24 4502/137/24
f 4464/98/24 4499/134/24 4501/136/24
f 4503/138/24 4502/137/24 4504/139/24
f 4462/96/24 4501/136/24 4503/138/24
f 4505/140/24 4504/139/24 4506/141/24
f 4460/94/24 4503/138/24 4505/140/24
f 4507/142/24 4506/141/24 4508/143/24
f 4458/92/24 4505/140/24 4507/142/24
f 4509/144/24 4508/143/24 4510/145/24
f 4456/90/24 4507/142/24 4509/144/24
f 4511/146/24 4510/145/24 4512/147/24
f 4454/88/24 4509/144/24 4511/146/24
f 4513/148/24 4512/147/24 4514/149/24
f 4452/86/24 4511/146/24 4513/148/24
f 4515/150/24 4514/149/24 4516/151/24
f 4450/84/24 4513/148/24 4515/150/24
f 4517/152/24 4516/151/24 4518/153/24
f 4448/82/24 4515/150/24 4517/152/24
f 4519/154/24 4518/153/24 4520/155/24
f 4519/154/24 4448/82/24 4517/152/24
f 4520/155/24 4523/156/24 4521/157/24
f 4521/157/24 4524/158/24 4522/159/24
f 4523/156/24 4526/160/24 4524/158/24
f 4518/153/24 4525/161/24 4523/156/24
f 4525/161/24 4528/162/24 4526/160/24
f 4516/151/24 4527/163/24 4525/161/24
f 4527/163/24 4530/164/24 4528/162/24
f 4514/149/24 4529/165/24 4527/163/24
f 4529/165/24 4532/166/24 4530/164/24
f 4512/147/24 4531/167/24 4529/165/24
f 4531/167/24 4534/168/24 4532/166/24
f 4510/145/24 4533/169/24 4531/167/24
f 4533/169/24 4536/170/24 4534/168/24
f 4508/143/24 4535/171/24 4533/169/24
f 4535/171/24 4538/172/24 4536/170/24
f 4506/141/24 4537/173/24 4535/171/24
f 4537/173/24 4540/174/24 4538/172/24
f 4504/139/24 4539/175/24 4537/173/24
f 4539/175/24 4542/176/24 4540/174/24
f 4502/137/24 4541/177/24 4539/175/24
f 4541/177/24 4544/178/24 4542/176/24
f 4500/135/24 4543/179/24 4541/177/24
f 4543/179/24 4546/180/24 4544/178/24
f 4498/133/24 4545/181/24 4543/179/24
f 4545/181/24 4548/182/24 4546/180/24
f 4496/131/24 4547/183/24 4545/181/24
f 4547/183/24 4550/184/24 4548/182/24
f 4494/129/24 4549/185/24 4547/183/24
f 4549/185/24 4552/186/24 4550/184/24
f 4492/127/24 4551/187/24 4549/185/24
f 4551/187/24 4554/188/24 4552/186/24
f 4490/125/24 4553/189/24 4551/187/24
f 4553/189/24 4556/190/24 4554/188/24
f 4488/123/24 4555/191/24 4553/189/24
f 4555/191/24 4558/192/24 4556/190/24
f 4486/121/24 4557/193/24 4555/191/24
f 4557/193/24 4392/26/24 4558/192/24
f 4484/120/24 4394/28/24 4557/193/24
f 4558/192/24 4390/24/24 4559/194/24
f 4556/190/24 4559/194/24 4561/195/24
f 4559/194/24 4388/22/24 4560/196/24
f 4561/195/24 4560/196/24 4562/197/24
f 4563/198/24 4562/197/24 4564/199/24
f 4554/188/24 4561/195/24 4563/198/24
f 4565/200/24 4564/199/24 4566/201/24
f 4552/186/24 4563/198/24 4565/200/24
f 4567/202/24 4566/201/24 4568/203/24
f 4550/184/24 4565/200/24 4567/202/24
f 4569/204/24 4568/203/24 4570/205/24
f 4548/182/24 4567/202/24 4569/204/24
f 4571/206/24 4570/205/24 4572/207/24
f 4546/180/24 4569/204/24 4571/206/24
f 4574/209/24 4571/206/24 4572/207/24
f 4544/178/24 4571/206/24 4573/208/24
f 4576/211/24 4573/208/24 4574/209/24
f 4542/176/24 4573/208/24 4575/210/24
f 4577/212/24 4576/211/24 4578/213/24
f 4540/174/24 4575/210/24 4577/212/24
f 4579/214/24 4578/213/24 4580/215/24
f 4538/172/24 4577/212/24 4579/214/24
f 4581/216/24 4580/215/24 4582/217/24
f 4536/170/24 4579/214/24 4581/216/24
f 4583/218/24 4582/217/24 4584/219/24
f 4534/168/24 4581/216/24 4583/218/24
f 4585/220/24 4584/219/24 4586/221/24
f 4532/166/24 4583/218/24 4585/220/24
f 4587/222/24 4586/221/24 4588/223/24
f 4530/164/24 4585/220/24 4587/222/24
f 4589/224/24 4588/223/24 4590/225/24
f 4528/162/24 4587/222/24 4589/224/24
f 4591/226/24 4590/225/24 4592/227/24
f 4526/160/24 4589/224/24 4591/226/24
f 4593/228/24 4592/227/24 4594/229/24
f 4524/158/24 4591/226/24 4593/228/24
f 4595/230/24 4594/229/24 4596/231/24
f 4522/159/24 4593/228/24 4595/230/24
f 4596/231/24 4599/232/24 4597/233/24
f 4597/233/24 4600/234/24 4598/235/24
f 4599/232/24 4602/236/24 4600/234/24
f 4594/229/24 4601/237/24 4599/232/24
f 4601/237/24 4604/238/24 4602/236/24
f 4592/227/24 4603/239/24 4601/237/24
f 4603/239/24 4606/240/24 4604/238/24
f 4590/225/24 4605/241/24 4603/239/24
f 4605/241/24 4608/242/24 4606/240/24
f 4588/223/24 4607/243/24 4605/241/24
f 4607/243/24 4610/244/24 4608/242/24
f 4586/221/24 4609/245/24 4607/243/24
f 4609/245/24 4612/246/24 4610/244/24
f 4584/219/24 4611/247/24 4609/245/24
f 4611/247/24 4614/248/24 4612/246/24
f 4582/217/24 4613/249/24 4611/247/24
f 4613/249/24 4616/250/24 4614/248/24
f 4580/215/24 4615/251/24 4613/249/24
f 4615/251/24 4618/252/24 4616/250/24
f 4578/213/24 4617/253/24 4615/251/24
f 4617/253/24 4620/254/24 4618/252/24
f 4576/211/24 4619/255/24 4617/253/24
f 4619/255/24 4622/256/24 4620/254/24
f 4574/209/24 4621/257/24 4619/255/24
f 4621/257/24 4624/258/24 4622/256/24
f 4572/207/24 4623/259/24 4621/257/24
f 4623/259/24 4626/260/24 4624/258/24
f 4570/205/24 4625/261/24 4623/259/24
f 4625/261/24 4628/262/24 4626/260/24
f 4568/203/24 4627/263/24 4625/261/24
f 4627/263/24 4630/264/24 4628/262/24
f 4566/201/24 4629/265/24 4627/263/24
f 4629/265/24 4632/266/24 4630/264/24
f 4564/199/24 4631/267/24 4629/265/24
f 4631/267/24 4634/268/24 4632/266/24
f 4562/197/24 4633/269/24 4631/267/24
f 4633/269/24 4384/18/24 4634/268/24
f 4560/196/24 4386/20/24 4633/269/24
f 4634/268/24 4382/16/24 4635/270/24
f 4632/266/24 4635/270/24 4637/271/24
f 4635/270/24 4380/14/24 4636/272/24
f 4637/271/24 4636/272/24 4638/273/24
f 4639/274/24 4638/273/24 4640/275/24
f 4630/264/24 4637/271/24 4639/274/24
f 4641/276/24 4640/275/24 4642/277/24
f 4641/276/24 4630/264/24 4639/274/24
f 4643/278/24 4642/277/24 4644/279/24
f 4643/278/24 4628/262/24 4641/276/24
f 4645/280/24 4644/279/24 4646/281/24
f 4624/258/24 4643/278/24 4645/280/24
f 4647/282/24 4646/281/24 4648/283/24
f 4622/256/24 4645/280/24 4647/282/24
f 4649/284/24 4648/283/24 4650/285/24
f 4620/254/24 4647/282/24 4649/284/24
f 4651/286/24 4650/285/24 4652/287/24
f 4618/252/24 4649/284/24 4651/286/24
f 4653/288/24 4652/287/24 4654/289/24
f 4616/250/24 4651/286/24 4653/288/24
f 4655/290/24 4654/289/24 4656/291/24
f 4614/248/24 4653/288/24 4655/290/24
f 4657/292/24 4656/291/24 4658/293/24
f 4612/246/24 4655/290/24 4657/292/24
f 4659/294/24 4658/293/24 4660/295/24
f 4610/244/24 4657/292/24 4659/294/24
f 4661/296/24 4660/295/24 4662/297/24
f 4608/242/24 4659/294/24 4661/296/24
f 4663/298/24 4662/297/24 4664/299/24
f 4606/240/24 4661/296/24 4663/298/24
f 4665/300/24 4664/299/24 4666/301/24
f 4604/238/24 4663/298/24 4665/300/24
f 4667/302/24 4666/301/24 4668/303/24
f 4602/236/24 4665/300/24 4667/302/24
f 4669/304/24 4668/303/24 4670/305/24
f 4600/234/24 4667/302/24 4669/304/24
f 4671/306/24 4670/305/24 4672/307/24
f 4598/235/24 4669/304/24 4671/306/24
f 4672/307/24 4675/308/24 4673/309/24
f 4673/309/24 4676/310/24 4674/311/24
f 4675/308/24 4678/312/24 4676/310/24
f 4670/305/24 4677/313/24 4675/308/24
f 4677/313/24 4680/314/24 4678/312/24
f 4668/303/24 4679/315/24 4677/313/24
f 4679/315/24 4682/316/24 4680/314/24
f 4666/301/24 4681/317/24 4679/315/24
f 4681/317/24 4684/318/24 4682/316/24
f 4664/299/24 4683/319/24 4681/317/24
f 4683/319/24 4686/320/24 4684/318/24
f 4662/297/24 4685/321/24 4683/319/24
f 4685/321/24 4688/322/24 4686/320/24
f 4660/295/24 4687/323/24 4685/321/24
f 4687/323/24 4690/324/24 4688/322/24
f 4658/293/24 4689/325/24 4687/323/24
f 4689/325/24 4692/326/24 4690/324/24
f 4656/291/24 4691/327/24 4689/325/24
f 4691/327/24 4694/328/24 4692/326/24
f 4654/289/24 4693/329/24 4691/327/24
f 4693/329/24 4696/330/24 4694/328/24
f 4652/287/24 4695/331/24 4693/329/24
f 4695/331/24 4698/332/24 4696/330/24
f 4650/285/24 4697/333/24 4695/331/24
f 4697/333/24 4700/334/24 4698/332/24
f 4648/283/24 4699/335/24 4697/333/24
f 4699/335/24 4702/336/24 4700/334/24
f 4646/281/24 4701/337/24 4699/335/24
f 4701/337/24 4704/338/24 4702/336/24
f 4644/279/24 4703/339/24 4701/337/24
f 4703/339/24 4706/340/24 4704/338/24
f 4642/277/24 4705/341/24 4703/339/24
f 4705/341/24 4708/342/24 4706/340/24
f 4640/275/24 4707/343/24 4705/341/24
f 4707/343/24 4710/344/24 4708/342/24
f 4638/273/24 4709/345/24 4707/343/24
f 4709/345/24 4376/10/24 4710/344/24
f 4636/272/24 4378/12/24 4709/345/24
f 4710/344/24 4374/8/24 4711/346/24
f 4708/342/24 4711/346/24 4713/347/24
f 4711/346/24 4372/6/24 4712/348/24
f 4713/347/24 4712/348/24 4714/349/24
f 4715/350/24 4714/349/24 4716/351/24
f 4706/340/24 4713/347/24 4715/350/24
f 4717/352/24 4716/351/24 4718/353/24
f 4704/338/24 4715/350/24 4717/352/24
f 4719/354/24 4718/353/24 4720/355/24
f 4702/336/24 4717/352/24 4719/354/24
f 4721/356/24 4720/355/24 4722/357/24
f 4700/334/24 4719/354/24 4721/356/24
f 4723/358/24 4722/357/24 4724/359/24
f 4698/332/24 4721/356/24 4723/358/24
f 4725/360/24 4724/359/24 4726/361/24
f 4696/330/24 4723/358/24 4725/360/24
f 4727/362/24 4726/361/24 4728/363/24
f 4694/328/24 4725/360/24 4727/362/24
f 4729/364/24 4728/363/24 4730/365/24
f 4692/326/24 4727/362/24 4729/364/24
f 4731/366/24 4730/365/24 4732/367/24
f 4690/324/24 4729/364/24 4731/366/24
f 4733/368/24 4732/367/24 4734/369/24
f 4688/322/24 4731/366/24 4733/368/24
f 4735/370/24 4734/369/24 4736/371/24
f 4686/320/24 4733/368/24 4735/370/24
f 4737/372/24 4736/371/24 4738/373/24
f 4684/318/24 4735/370/24 4737/372/24
f 4739/374/24 4738/373/24 4740/375/24
f 4682/316/24 4737/372/24 4739/374/24
f 4741/376/24 4740/375/24 4742/377/24
f 4680/314/24 4739/374/24 4741/376/24
f 4743/378/24 4742/377/24 4744/379/24
f 4678/312/24 4741/376/24 4743/378/24
f 4745/380/24 4744/379/24 4746/381/24
f 4676/310/24 4743/378/24 4745/380/24
f 4747/382/24 4746/381/24 4748/383/24
f 4674/311/24 4745/380/24 4747/382/24
f 4748/383/24 4751/384/24 4749/385/24
f 4749/385/24 4752/386/24 4750/387/24
f 4751/384/24 4754/388/24 4752/386/24
f 4746/381/24 4753/389/24 4751/384/24
f 4753/389/24 4756/390/24 4754/388/24
f 4744/379/24 4755/391/24 4753/389/24
f 4755/391/24 4758/392/24 4756/390/24
f 4742/377/24 4757/393/24 4755/391/24
f 4757/393/24 4760/394/24 4758/392/24
f 4740/375/24 4759/395/24 4757/393/24
f 4759/395/24 4762/396/24 4760/394/24
f 4738/373/24 4761/397/24 4759/395/24
f 4761/397/24 4764/398/24 4762/396/24
f 4736/371/24 4763/399/24 4761/397/24
f 4763/399/24 4766/400/24 4764/398/24
f 4734/369/24 4765/401/24 4763/399/24
f 4765/401/24 4768/402/24 4766/400/24
f 4732/367/24 4767/403/24 4765/401/24
f 4767/403/24 4770/404/24 4768/402/24
f 4730/365/24 4769/405/24 4767/403/24
f 4769/405/24 4772/406/24 4770/404/24
f 4728/363/24 4771/407/24 4769/405/24
f 4771/407/24 4774/408/24 4772/406/24
f 4726/361/24 4773/409/24 4771/407/24
f 4773/409/24 4776/410/24 4774/408/24
f 4773/409/24 4722/357/24 4775/411/24
f 4775/411/24 4778/412/24 4776/410/24
f 4775/411/24 4720/355/24 4777/413/24
f 4777/413/24 4780/414/24 4778/412/24
f 4720/355/24 4779/415/24 4777/413/24
f 4779/415/24 4782/416/24 4780/414/24
f 4718/353/24 4781/417/24 4779/415/24
f 4781/417/24 4784/418/24 4782/416/24
f 4716/351/24 4783/419/24 4781/417/24
f 4783/419/24 4786/420/24 4784/418/24
f 4714/349/24 4785/421/24 4783/419/24
f 4786/420/24 4370/4/24 4368/2/24
f 4712/348/24 4370/4/24 4785/421/24
f 4786/420/24 4366/3/24 4787/422/24
f 4784/418/24 4787/422/24 4788/423/24
f 4782/416/24 4788/423/24 4789/424/24
f 4780/414/24 4789/424/24 4790/425/24
f 4778/412/24 4790/425/24 4791/426/24
f 4776/410/24 4791/426/24 4792/427/24
f 4774/408/24 4792/427/24 4793/428/24
f 4772/406/24 4793/428/24 4794/429/24
f 4770/404/24 4794/429/24 4795/430/24
f 4768/402/24 4795/430/24 4796/431/24
f 4766/400/24 4796/431/24 4797/432/24
f 4764/398/24 4797/432/24 4798/433/24
f 4762/396/24 4798/433/24 4799/434/24
f 4760/394/24 4799/434/24 4800/435/24
f 4758/392/24 4800/435/24 4801/436/24
f 4756/390/24 4801/436/24 4802/437/24
f 4754/388/24 4802/437/24 4803/438/24
f 4752/386/24 4803/438/24 4804/439/24
f 4750/387/24 4804/439/24 4805/440/24
s 21
f 107/2/10 106/5/10 104/1/10
f 109/4/10 108/7/10 106/5/10
f 111/6/10 110/9/10 108/7/10
f 113/8/10 112/11/10 110/9/10
f 115/10/10 114/13/10 112/11/10
f 117/12/10 116/15/10 114/13/10
f 119/14/10 118/17/10 116/15/10
f 121/16/10 120/19/10 118/17/10
f 123/18/10 122/21/10 120/19/10
f 125/20/10 124/23/10 122/21/10
f 127/22/10 126/25/10 124/23/10
f 129/24/10 128/27/10 126/25/10
f 131/26/10 130/29/10 128/27/10
f 133/28/10 132/31/10 130/29/10
f 135/30/10 134/33/10 132/31/10
f 137/32/10 136/35/10 134/33/10
f 139/34/10 138/37/10 136/35/10
f 141/36/10 140/39/10 138/37/10
f 143/38/10 142/41/10 140/39/10
f 145/40/10 144/441/10 142/41/10
f 146/42/10 145/40/10 143/38/10
f 148/44/10 146/42/10 147/43/10
f 150/46/10 148/44/10 149/45/10
f 152/48/10 150/46/10 151/47/10
f 154/50/10 152/48/10 153/49/10
f 156/52/10 154/50/10 155/51/10
f 158/54/10 156/52/10 157/53/10
f 160/56/10 158/54/10 159/55/10
f 162/58/10 160/56/10 161/57/10
f 164/60/10 162/58/10 163/59/10
f 166/62/10 164/60/10 165/61/10
f 168/64/10 166/62/10 167/63/10
f 170/66/10 168/64/10 169/65/10
f 172/68/10 170/66/10 171/67/10
f 174/70/10 172/68/10 173/69/10
f 176/72/10 174/70/10 175/71/10
f 178/74/10 176/72/10 177/73/10
f 180/76/10 178/74/10 179/75/10
f 182/78/10 180/76/10 181/77/10
f 183/79/10 181/77/10 186/80/10
f 184/81/10 186/80/10 187/82/10
f 186/80/10 188/85/10 189/84/10
f 181/77/10 179/75/10 188/85/10
f 188/85/10 190/87/10 191/86/10
f 179/75/10 177/73/10 190/87/10
f 190/87/10 192/89/10 193/88/10
f 177/73/10 175/71/10 192/89/10
f 192/89/10 194/91/10 195/90/10
f 175/71/10 173/69/10 194/91/10
f 194/91/10 196/93/10 197/92/10
f 173/69/10 171/67/10 196/93/10
f 196/93/10 198/95/10 199/94/10
f 171/67/10 169/65/10 198/95/10
f 198/95/10 200/97/10 201/96/10
f 169/65/10 167/63/10 200/97/10
f 200/97/10 202/99/10 203/98/10
f 167/63/10 165/61/10 202/99/10
f 202/99/10 204/101/10 205/100/10
f 165/61/10 163/59/10 204/101/10
f 204/101/10 206/103/10 207/102/10
f 163/59/10 161/57/10 206/103/10
f 206/103/10 208/105/10 209/104/10
f 161/57/10 159/55/10 208/105/10
f 208/105/10 210/107/10 211/106/10
f 159/55/10 157/53/10 210/107/10
f 210/107/10 212/109/10 213/108/10
f 157/53/10 155/51/10 212/109/10
f 212/109/10 214/111/10 215/110/10
f 155/51/10 153/49/10 214/111/10
f 214/111/10 216/113/10 217/112/10
f 153/49/10 151/47/10 216/113/10
f 216/113/10 218/115/10 219/114/10
f 151/47/10 149/45/10 218/115/10
f 218/115/10 220/117/10 221/116/10
f 149/45/10 147/43/10 220/117/10
f 220/117/10 141/36/10 139/34/10
f 147/43/10 143/38/10 141/36/10
f 219/114/10 221/116/10 222/118/10
f 221/116/10 139/34/10 137/32/10
f 224/119/10 222/118/10 223/120/10
f 222/118/10 137/32/10 135/30/10
f 226/122/10 224/119/10 225/121/10
f 217/112/10 219/114/10 224/119/10
f 228/124/10 226/122/10 227/123/10
f 215/110/10 217/112/10 226/122/10
f 230/126/10 228/124/10 229/125/10
f 213/108/10 215/110/10 228/124/10
f 232/128/10 230/126/10 231/127/10
f 211/106/10 213/108/10 230/126/10
f 234/130/10 232/128/10 233/129/10
f 209/104/10 211/106/10 232/128/10
f 236/132/10 234/130/10 235/131/10
f 207/102/10 209/104/10 234/130/10
f 238/134/10 236/132/10 237/133/10
f 205/100/10 207/102/10 236/132/10
f 240/136/10 238/134/10 239/135/10
f 203/98/10 205/100/10 238/134/10
f 242/138/10 240/136/10 241/137/10
f 201/96/10 203/98/10 240/136/10
f 244/140/10 242/138/10 243/139/10
f 199/94/10 201/96/10 242/138/10
f 246/142/10 244/140/10 245/141/10
f 197/92/10 199/94/10 244/140/10
f 248/144/10 246/142/10 247/143/10
f 195/90/10 197/92/10 246/142/10
f 250/146/10 248/144/10 249/145/10
f 193/88/10 195/90/10 248/144/10
f 252/148/10 250/146/10 251/147/10
f 191/86/10 193/88/10 250/146/10
f 254/150/10 252/148/10 253/149/10
f 189/84/10 191/86/10 252/148/10
f 256/152/10 254/150/10 255/151/10
f 187/82/10 189/84/10 254/150/10
f 258/154/10 256/152/10 257/153/10
f 185/83/10 187/82/10 256/152/10
f 259/155/10 257/153/10 262/156/10
f 260/157/10 262/156/10 263/158/10
f 262/156/10 264/161/10 265/160/10
f 257/153/10 255/151/10 264/161/10
f 264/161/10 266/163/10 267/162/10
f 255/151/10 253/149/10 266/163/10
f 266/163/10 268/165/10 269/164/10
f 253/149/10 251/147/10 268/165/10
f 268/165/10 270/167/10 271/166/10
f 251/147/10 249/145/10 270/167/10
f 270/167/10 272/169/10 273/168/10
f 249/145/10 247/143/10 272/169/10
f 272/169/10 274/171/10 275/170/10
f 247/143/10 245/141/10 274/171/10
f 274/171/10 276/173/10 277/172/10
f 245/141/10 243/139/10 276/173/10
f 276/173/10 278/175/10 279/174/10
f 243/139/10 241/137/10 278/175/10
f 278/175/10 280/177/10 281/176/10
f 241/137/10 239/135/10 280/177/10
f 280/177/10 282/179/10 283/178/10
f 239/135/10 237/133/10 282/179/10
f 282/179/10 284/181/10 285/180/10
f 237/133/10 235/131/10 284/181/10
f 284/181/10 286/183/10 287/182/10
f 235/131/10 233/129/10 286/183/10
f 286/183/10 288/185/10 289/184/10
f 233/129/10 231/127/10 288/185/10
f 288/185/10 290/187/10 291/186/10
f 231/127/10 229/125/10 290/187/10
f 290/187/10 292/189/10 293/188/10
f 229/125/10 227/123/10 292/189/10
f 292/189/10 294/191/10 295/190/10
f 227/123/10 225/121/10 294/191/10
f 294/191/10 296/193/10 297/192/10
f 225/121/10 223/120/10 296/193/10
f 296/193/10 133/28/10 131/26/10
f 223/120/10 135/30/10 133/28/10
f 295/190/10 297/192/10 298/194/10
f 297/192/10 131/26/10 129/24/10
f 300/195/10 298/194/10 299/196/10
f 298/194/10 129/24/10 127/22/10
f 302/198/10 300/195/10 301/197/10
f 293/188/10 295/190/10 300/195/10
f 304/200/10 302/198/10 303/199/10
f 291/186/10 293/188/10 302/198/10
f 306/202/10 304/200/10 305/201/10
f 289/184/10 291/186/10 304/200/10
f 308/204/10 306/202/10 307/203/10
f 287/182/10 289/184/10 306/202/10
f 310/206/10 308/204/10 309/205/10
f 285/180/10 287/182/10 308/204/10
f 312/208/10 310/206/10 311/207/10
f 283/178/10 285/180/10 310/206/10
f 314/210/10 312/208/10 313/209/10
f 281/176/10 283/178/10 312/208/10
f 316/212/10 314/210/10 315/211/10
f 279/174/10 281/176/10 314/210/10
f 318/214/10 316/212/10 317/213/10
f 277/172/10 279/174/10 316/212/10
f 320/216/10 318/214/10 319/215/10
f 275/170/10 277/172/10 318/214/10
f 322/218/10 320/216/10 321/217/10
f 273/168/10 275/170/10 320/216/10
f 324/220/10 322/218/10 323/219/10
f 271/166/10 273/168/10 322/218/10
f 326/222/10 324/220/10 325/221/10
f 269/164/10 271/166/10 324/220/10
f 328/224/10 326/222/10 327/223/10
f 267/162/10 269/164/10 326/222/10
f 330/226/10 328/224/10 329/225/10
f 265/160/10 267/162/10 328/224/10
f 332/228/10 330/226/10 331/227/10
f 263/158/10 265/160/10 330/226/10
f 334/230/10 332/228/10 333/229/10
f 261/159/10 263/158/10 332/228/10
f 335/231/10 333/229/10 338/232/10
f 336/233/10 338/232/10 339/234/10
f 338/232/10 340/237/10 341/236/10
f 333/229/10 331/227/10 340/237/10
f 340/237/10 342/239/10 343/238/10
f 331/227/10 329/225/10 342/239/10
f 342/239/10 344/241/10 345/240/10
f 329/225/10 327/223/10 344/241/10
f 344/241/10 346/243/10 347/242/10
f 327/223/10 325/221/10 346/243/10
f 346/243/10 348/245/10 349/244/10
f 325/221/10 323/219/10 348/245/10
f 348/245/10 350/247/10 351/246/10
f 323/219/10 321/217/10 350/247/10
f 350/247/10 352/249/10 353/248/10
f 321/217/10 319/215/10 352/249/10
f 352/249/10 354/251/10 355/250/10
f 319/215/10 317/213/10 354/251/10
f 354/251/10 356/253/10 357/252/10
f 317/213/10 315/211/10 356/253/10
f 356/253/10 358/255/10 359/254/10
f 315/211/10 313/209/10 358/255/10
f 358/255/10 360/257/10 361/256/10
f 313/209/10 311/207/10 360/257/10
f 360/257/10 362/259/10 363/258/10
f 311/207/10 309/205/10 362/259/10
f 362/259/10 364/261/10 365/260/10
f 309/205/10 307/203/10 364/261/10
f 364/261/10 366/263/10 367/262/10
f 307/203/10 305/201/10 366/263/10
f 366/263/10 368/265/10 369/264/10
f 305/201/10 303/199/10 368/265/10
f 368/265/10 370/267/10 371/266/10
f 303/199/10 301/197/10 370/267/10
f 370/267/10 372/269/10 373/268/10
f 301/197/10 299/196/10 372/269/10
f 372/269/10 125/20/10 123/18/10
f 299/196/10 127/22/10 125/20/10
f 371/266/10 373/268/10 374/270/10
f 373/268/10 123/18/10 121/16/10
f 376/271/10 374/270/10 375/272/10
f 374/270/10 121/16/10 119/14/10
f 378/274/10 376/271/10 377/273/10
f 369/264/10 371/266/10 376/271/10
f 380/276/10 378/274/10 379/275/10
f 367/262/10 369/264/10 378/274/10
f 382/278/10 380/276/10 381/277/10
f 365/260/10 367/262/10 380/276/10
f 384/280/10 382/278/10 383/279/10
f 363/258/10 365/260/10 382/278/10
f 386/282/10 384/280/10 385/281/10
f 361/256/10 363/258/10 384/280/10
f 388/284/10 386/282/10 387/283/10
f 359/254/10 361/256/10 386/282/10
f 390/286/10 388/284/10 389/285/10
f 357/252/10 359/254/10 388/284/10
f 392/288/10 390/286/10 391/287/10
f 355/250/10 357/252/10 390/286/10
f 394/290/10 392/288/10 393/289/10
f 353/248/10 355/250/10 392/288/10
f 396/292/10 394/290/10 395/291/10
f 351/246/10 353/248/10 394/290/10
f 398/294/10 396/292/10 397/293/10
f 349/244/10 351/246/10 396/292/10
f 400/296/10 398/294/10 399/295/10
f 347/242/10 349/244/10 398/294/10
f 402/298/10 400/296/10 401/297/10
f 345/240/10 347/242/10 400/296/10
f 404/300/10 402/298/10 403/299/10
f 343/238/10 345/240/10 402/298/10
f 406/302/10 404/300/10 405/301/10
f 341/236/10 343/238/10 404/300/10
f 408/304/10 406/302/10 407/303/10
f 339/234/10 341/236/10 406/302/10
f 410/306/10 408/304/10 409/305/10
f 337/235/10 339/234/10 408/304/10
f 411/307/10 409/305/10 414/308/10
f 412/309/10 414/308/10 415/310/10
f 414/308/10 416/313/10 417/312/10
f 409/305/10 407/303/10 416/313/10
f 416/313/10 418/315/10 419/314/10
f 407/303/10 405/301/10 418/315/10
f 418/315/10 420/317/10 421/316/10
f 405/301/10 403/299/10 420/317/10
f 420/317/10 422/319/10 423/318/10
f 403/299/10 401/297/10 422/319/10
f 422/319/10 424/321/10 425/320/10
f 401/297/10 399/295/10 424/321/10
f 424/321/10 426/323/10 427/322/10
f 399/295/10 397/293/10 426/323/10
f 426/323/10 428/325/10 429/324/10
f 397/293/10 395/291/10 428/325/10
f 428/325/10 430/327/10 431/326/10
f 395/291/10 393/289/10 430/327/10
f 430/327/10 432/329/10 433/328/10
f 393/289/10 391/287/10 432/329/10
f 432/329/10 434/331/10 435/330/10
f 391/287/10 389/285/10 434/331/10
f 434/331/10 436/333/10 437/332/10
f 389/285/10 387/283/10 436/333/10
f 436/333/10 438/335/10 439/334/10
f 387/283/10 385/281/10 438/335/10
f 438/335/10 440/337/10 441/336/10
f 385/281/10 383/279/10 440/337/10
f 440/337/10 442/339/10 443/338/10
f 383/279/10 381/277/10 442/339/10
f 442/339/10 444/341/10 445/340/10
f 381/277/10 379/275/10 444/341/10
f 444/341/10 446/343/10 447/342/10
f 379/275/10 377/273/10 446/343/10
f 446/343/10 448/345/10 449/344/10
f 377/273/10 375/272/10 448/345/10
f 448/345/10 117/12/10 115/10/10
f 375/272/10 119/14/10 117/12/10
f 447/342/10 449/344/10 450/346/10
f 449/344/10 115/10/10 113/8/10
f 452/347/10 450/346/10 451/348/10
f 450/346/10 113/8/10 111/6/10
f 454/350/10 452/347/10 453/349/10
f 445/340/10 447/342/10 452/347/10
f 456/352/10 454/350/10 455/351/10
f 443/338/10 445/340/10 454/350/10
f 458/354/10 456/352/10 457/353/10
f 441/336/10 443/338/10 456/352/10
f 460/356/10 458/354/10 459/355/10
f 439/334/10 441/336/10 458/354/10
f 462/358/10 460/356/10 461/357/10
f 437/332/10 439/334/10 460/356/10
f 464/360/10 462/358/10 463/359/10
f 435/330/10 437/332/10 462/358/10
f 466/362/10 464/360/10 465/361/10
f 433/328/10 435/330/10 464/360/10
f 468/364/10 466/362/10 467/363/10
f 431/326/10 433/328/10 466/362/10
f 470/366/10 468/364/10 469/365/10
f 429/324/10 431/326/10 468/364/10
f 472/368/10 470/366/10 471/367/10
f 427/322/10 429/324/10 470/366/10
f 474/370/10 472/368/10 473/369/10
f 425/320/10 427/322/10 472/368/10
f 476/372/10 474/370/10 475/371/10
f 423/318/10 425/320/10 474/370/10
f 478/374/10 476/372/10 477/373/10
f 421/316/10 423/318/10 476/372/10
f 480/376/10 478/374/10 479/375/10
f 419/314/10 421/316/10 478/374/10
f 482/378/10 480/376/10 481/377/10
f 417/312/10 419/314/10 480/376/10
f 484/380/10 482/378/10 483/379/10
f 415/310/10 417/312/10 482/378/10
f 486/382/10 484/380/10 485/381/10
f 413/311/10 415/310/10 484/380/10
f 487/383/10 485/381/10 490/384/10
f 488/385/10 490/384/10 491/386/10
f 490/384/10 492/389/10 493/388/10
f 485/381/10 483/379/10 492/389/10
f 492/389/10 494/391/10 495/390/10
f 483/379/10 481/377/10 494/391/10
f 494/391/10 496/393/10 497/392/10
f 481/377/10 479/375/10 496/393/10
f 496/393/10 498/395/10 499/394/10
f 479/375/10 477/373/10 498/395/10
f 498/395/10 500/397/10 501/396/10
f 477/373/10 475/371/10 500/397/10
f 500/397/10 502/399/10 503/398/10
f 475/371/10 473/369/10 502/399/10
f 502/399/10 504/401/10 505/400/10
f 473/369/10 471/367/10 504/401/10
f 504/401/10 506/403/10 507/402/10
f 471/367/10 469/365/10 506/403/10
f 506/403/10 508/405/10 509/404/10
f 469/365/10 467/363/10 508/405/10
f 508/405/10 510/407/10 511/406/10
f 467/363/10 465/361/10 510/407/10
f 510/407/10 512/409/10 513/408/10
f 465/361/10 463/359/10 512/409/10
f 512/409/10 514/411/10 515/410/10
f 463/359/10 461/357/10 514/411/10
f 514/411/10 516/413/10 517/412/10
f 461/357/10 459/355/10 516/413/10
f 516/413/10 518/415/10 519/414/10
f 459/355/10 457/353/10 518/415/10
f 518/415/10 520/417/10 521/416/10
f 457/353/10 455/351/10 520/417/10
f 520/417/10 522/419/10 523/418/10
f 455/351/10 453/349/10 522/419/10
f 522/419/10 524/421/10 525/420/10
f 453/349/10 451/348/10 524/421/10
f 524/421/10 109/4/10 107/2/10
f 451/348/10 111/6/10 109/4/10
f 523/418/10 525/420/10 526/422/10
f 525/420/10 107/2/10 105/3/10
f 521/416/10 523/418/10 527/423/10
f 519/414/10 521/416/10 528/424/10
f 517/412/10 519/414/10 529/425/10
f 515/410/10 517/412/10 530/426/10
f 513/408/10 515/410/10 531/427/10
f 511/406/10 513/408/10 532/428/10
f 509/404/10 511/406/10 533/429/10
f 507/402/10 509/404/10 534/430/10
f 505/400/10 507/402/10 535/431/10
f 503/398/10 505/400/10 536/432/10
f 501/396/10 503/398/10 537/433/10
f 499/394/10 501/396/10 538/434/10
f 497/392/10 499/394/10 539/435/10
f 495/390/10 497/392/10 540/436/10
f 493/388/10 495/390/10 541/437/10
f 491/386/10 493/388/10 542/438/10
f 489/387/10 491/386/10 543/439/10
s 22
f 548/2/24 547/5/24 545/1/24
f 550/4/24 549/7/24 547/5/24
f 552/6/24 551/9/24 549/7/24
f 554/8/24 553/11/24 551/9/24
f 556/10/24 555/13/24 553/11/24
f 558/12/24 557/15/24 555/13/24
f 558/12/24 560/14/24 559/17/24
f 562/16/24 561/19/24 559/17/24
f 562/16/24 564/18/24 563/21/24
f 566/20/24 565/23/24 563/21/24
f 568/22/24 567/25/24 565/23/24
f 570/24/24 569/27/24 567/25/24
f 572/26/24 571/29/24 569/27/24
f 574/28/24 573/31/24 571/29/24
f 576/30/24 575/33/24 573/31/24
f 578/32/24 577/35/24 575/33/24
f 580/34/24 579/37/24 577/35/24
f 582/36/24 581/39/24 579/37/24
f 584/38/24 583/41/24 581/39/24
f 586/40/24 585/441/24 583/41/24
f 587/42/24 586/40/24 584/38/24
f 589/44/24 587/42/24 588/43/24
f 591/46/24 589/44/24 590/45/24
f 593/48/24 591/46/24 592/47/24
f 595/50/24 593/48/24 594/49/24
f 597/52/24 595/50/24 596/51/24
f 599/54/24 597/52/24 598/53/24
f 601/56/24 599/54/24 600/55/24
f 603/58/24 601/56/24 602/57/24
f 605/60/24 603/58/24 604/59/24
f 607/62/24 605/60/24 606/61/24
f 609/64/24 607/62/24 608/63/24
f 611/66/24 609/64/24 610/65/24
f 613/68/24 611/66/24 612/67/24
f 615/70/24 613/68/24 614/69/24
f 617/72/24 615/70/24 616/71/24
f 619/74/24 617/72/24 618/73/24
f 621/76/24 619/74/24 620/75/24
f 623/78/24 621/76/24 622/77/24
f 624/79/24 622/77/24 627/80/24
f 625/81/24 627/80/24 628/82/24
f 627/80/24 629/85/24 630/84/24
f 622/77/24 620/75/24 629/85/24
f 629/85/24 631/87/24 632/86/24
f 620/75/24 618/73/24 631/87/24
f 631/87/24 633/89/24 634/88/24
f 618/73/24 616/71/24 633/89/24
f 633/89/24 635/91/24 636/90/24
f 616/71/24 614/69/24 635/91/24
f 635/91/24 637/93/24 638/92/24
f 614/69/24 612/67/24 637/93/24
f 637/93/24 639/95/24 640/94/24
f 612/67/24 610/65/24 639/95/24
f 639/95/24 641/97/24 642/96/24
f 610/65/24 608/63/24 641/97/24
f 641/97/24 643/99/24 644/98/24
f 608/63/24 606/61/24 643/99/24
f 643/99/24 645/101/24 646/100/24
f 606/61/24 604/59/24 645/101/24
f 645/101/24 647/103/24 648/102/24
f 645/101/24 604/59/24 602/57/24
f 647/103/24 649/105/24 650/104/24
f 647/103/24 602/57/24 600/55/24
f 649/105/24 651/107/24 652/106/24
f 600/55/24 598/53/24 651/107/24
f 651/107/24 653/109/24 654/108/24
f 598/53/24 596/51/24 653/109/24
f 653/109/24 655/111/24 656/110/24
f 596/51/24 594/49/24 655/111/24
f 655/111/24 657/113/24 658/112/24
f 594/49/24 592/47/24 657/113/24
f 657/113/24 659/115/24 660/114/24
f 592/47/24 590/45/24 659/115/24
f 659/115/24 661/117/24 662/116/24
f 590/45/24 588/43/24 661/117/24
f 661/117/24 582/36/24 580/34/24
f 588/43/24 584/38/24 582/36/24
f 660/114/24 662/116/24 663/118/24
f 662/116/24 580/34/24 578/32/24
f 665/119/24 663/118/24 664/120/24
f 663/118/24 578/32/24 576/30/24
f 667/122/24 665/119/24 666/121/24
f 658/112/24 660/114/24 665/119/24
f 669/124/24 667/122/24 668/123/24
f 669/124/24 656/110/24 658/112/24
f 671/126/24 669/124/24 670/125/24
f 671/126/24 654/108/24 656/110/24
f 673/128/24 671/126/24 672/127/24
f 652/106/24 654/108/24 671/126/24
f 675/130/24 673/128/24 674/129/24
f 650/104/24 652/106/24 673/128/24
f 677/132/24 675/130/24 676/131/24
f 648/102/24 650/104/24 675/130/24
f 679/134/24 677/132/24 678/133/24
f 646/100/24 648/102/24 677/132/24
f 681/136/24 679/134/24 680/135/24
f 644/98/24 646/100/24 679/134/24
f 683/138/24 681/136/24 682/137/24
f 642/96/24 644/98/24 681/136/24
f 685/140/24 683/138/24 684/139/24
f 685/140/24 640/94/24 642/96/24
f 687/142/24 685/140/24 686/141/24
f 687/142/24 638/92/24 640/94/24
f 689/144/24 687/142/24 688/143/24
f 636/90/24 638/92/24 687/142/24
f 691/146/24 689/144/24 690/145/24
f 634/88/24 636/90/24 689/144/24
f 693/148/24 691/146/24 692/147/24
f 632/86/24 634/88/24 691/146/24
f 695/150/24 693/148/24 694/149/24
f 630/84/24 632/86/24 693/148/24
f 697/152/24 695/150/24 696/151/24
f 628/82/24 630/84/24 695/150/24
f 699/154/24 697/152/24 698/153/24
f 626/83/24 628/82/24 697/152/24
f 700/155/24 698/153/24 703/156/24
f 701/157/24 703/156/24 704/158/24
f 703/156/24 705/161/24 706/160/24
f 698/153/24 696/151/24 705/161/24
f 705/161/24 707/163/24 708/162/24
f 696/151/24 694/149/24 707/163/24
f 707/163/24 709/165/24 710/164/24
f 694/149/24 692/147/24 709/165/24
f 709/165/24 711/167/24 712/166/24
f 692/147/24 690/145/24 711/167/24
f 711/167/24 713/169/24 714/168/24
f 690/145/24 688/143/24 713/169/24
f 713/169/24 715/171/24 716/170/24
f 688/143/24 686/141/24 715/171/24
f 715/171/24 717/173/24 718/172/24
f 686/141/24 684/139/24 717/173/24
f 717/173/24 719/175/24 720/174/24
f 684/139/24 682/137/24 719/175/24
f 719/175/24 721/177/24 722/176/24
f 682/137/24 680/135/24 721/177/24
f 721/177/24 723/179/24 724/178/24
f 680/135/24 678/133/24 723/179/24
f 723/179/24 725/181/24 726/180/24
f 678/133/24 676/131/24 725/181/24
f 725/181/24 727/183/24 728/182/24
f 676/131/24 674/129/24 727/183/24
f 727/183/24 729/185/24 730/184/24
f 674/129/24 672/127/24 729/185/24
f 729/185/24 731/187/24 732/186/24
f 672/127/24 670/125/24 731/187/24
f 731/187/24 733/189/24 734/188/24
f 670/125/24 668/123/24 733/189/24
f 733/189/24 735/191/24 736/190/24
f 668/123/24 666/121/24 735/191/24
f 735/191/24 737/193/24 738/192/24
f 666/121/24 664/120/24 737/193/24
f 737/193/24 574/28/24 572/26/24
f 664/120/24 576/30/24 574/28/24
f 736/190/24 738/192/24 739/194/24
f 738/192/24 572/26/24 570/24/24
f 741/195/24 739/194/24 740/196/24
f 739/194/24 570/24/24 568/22/24
f 743/198/24 741/195/24 742/197/24
f 734/188/24 736/190/24 741/195/24
f 745/200/24 743/198/24 744/199/24
f 732/186/24 734/188/24 743/198/24
f 747/202/24 745/200/24 746/201/24
f 730/184/24 732/186/24 745/200/24
f 749/204/24 747/202/24 748/203/24
f 728/182/24 730/184/24 747/202/24
f 751/206/24 749/204/24 750/205/24
f 726/180/24 728/182/24 749/204/24
f 753/208/24 751/206/24 752/207/24
f 724/178/24 726/180/24 751/206/24
f 755/210/24 753/208/24 754/209/24
f 722/176/24 724/178/24 753/208/24
f 757/212/24 755/210/24 756/211/24
f 720/174/24 722/176/24 755/210/24
f 759/214/24 757/212/24 758/213/24
f 718/172/24 720/174/24 757/212/24
f 761/216/24 759/214/24 760/215/24
f 716/170/24 718/172/24 759/214/24
f 763/218/24 761/216/24 762/217/24
f 714/168/24 716/170/24 761/216/24
f 765/220/24 763/218/24 764/219/24
f 712/166/24 714/168/24 763/218/24
f 767/222/24 765/220/24 766/221/24
f 710/164/24 712/166/24 765/220/24
f 769/224/24 767/222/24 768/223/24
f 708/162/24 710/164/24 767/222/24
f 771/226/24 769/224/24 770/225/24
f 706/160/24 708/162/24 769/224/24
f 773/228/24 771/226/24 772/227/24
f 704/158/24 706/160/24 771/226/24
f 775/230/24 773/228/24 774/229/24
f 702/159/24 704/158/24 773/228/24
f 776/231/24 774/229/24 779/232/24
f 777/233/24 779/232/24 780/234/24
f 779/232/24 781/237/24 782/236/24
f 774/229/24 772/227/24 781/237/24
f 781/237/24 783/239/24 784/238/24
f 772/227/24 770/225/24 783/239/24
f 783/239/24 785/241/24 786/240/24
f 770/225/24 768/223/24 785/241/24
f 785/241/24 787/243/24 788/242/24
f 768/223/24 766/221/24 787/243/24
f 787/243/24 789/245/24 790/244/24
f 766/221/24 764/219/24 789/245/24
f 789/245/24 791/247/24 792/246/24
f 764/219/24 762/217/24 791/247/24
f 791/247/24 793/249/24 794/248/24
f 791/247/24 762/217/24 760/215/24
f 793/249/24 795/251/24 796/250/24
f 793/249/24 760/215/24 758/213/24
f 795/251/24 797/253/24 798/252/24
f 758/213/24 756/211/24 797/253/24
f 797/253/24 799/255/24 800/254/24
f 756/211/24 754/209/24 799/255/24
f 799/255/24 801/257/24 802/256/24
f 754/209/24 752/207/24 801/257/24
f 802/256/24 801/257/24 803/259/24
f 752/207/24 750/205/24 803/259/24
f 804/258/24 803/259/24 805/261/24
f 750/205/24 748/203/24 805/261/24
f 805/261/24 807/263/24 808/262/24
f 748/203/24 746/201/24 807/263/24
f 807/263/24 809/265/24 810/264/24
f 746/201/24 744/199/24 809/265/24
f 809/265/24 811/267/24 812/266/24
f 744/199/24 742/197/24 811/267/24
f 811/267/24 813/269/24 814/268/24
f 742/197/24 740/196/24 813/269/24
f 813/269/24 566/20/24 564/18/24
f 740/196/24 568/22/24 566/20/24
f 812/266/24 814/268/24 815/270/24
f 815/270/24 814/268/24 564/18/24
f 817/271/24 815/270/24 816/272/24
f 815/270/24 562/16/24 560/14/24
f 819/274/24 817/271/24 818/273/24
f 810/264/24 812/266/24 817/271/24
f 821/276/24 819/274/24 820/275/24
f 808/262/24 810/264/24 819/274/24
f 823/278/24 821/276/24 822/277/24
f 806/260/24 808/262/24 821/276/24
f 825/280/24 823/278/24 824/279/24
f 804/258/24 806/260/24 823/278/24
f 827/282/24 825/280/24 826/281/24
f 802/256/24 804/258/24 825/280/24
f 829/284/24 827/282/24 828/283/24
f 800/254/24 802/256/24 827/282/24
f 831/286/24 829/284/24 830/285/24
f 798/252/24 800/254/24 829/284/24
f 833/288/24 831/286/24 832/287/24
f 796/250/24 798/252/24 831/286/24
f 835/290/24 833/288/24 834/289/24
f 794/248/24 796/250/24 833/288/24
f 837/292/24 835/290/24 836/291/24
f 792/246/24 794/248/24 835/290/24
f 840/295/24 839/294/24 837/292/24
f 790/244/24 792/246/24 837/292/24
f 842/297/24 841/296/24 839/294/24
f 788/242/24 790/244/24 839/294/24
f 843/298/24 841/296/24 842/297/24
f 786/240/24 788/242/24 841/296/24
f 845/300/24 843/298/24 844/299/24
f 784/238/24 786/240/24 843/298/24
f 847/302/24 845/300/24 846/301/24
f 782/236/24 784/238/24 845/300/24
f 849/304/24 847/302/24 848/303/24
f 780/234/24 782/236/24 847/302/24
f 851/306/24 849/304/24 850/305/24
f 778/235/24 780/234/24 849/304/24
f 852/307/24 850/305/24 855/308/24
f 853/309/24 855/308/24 856/310/24
f 855/308/24 857/313/24 858/312/24
f 850/305/24 848/303/24 857/313/24
f 857/313/24 859/315/24 860/314/24
f 848/303/24 846/301/24 859/315/24
f 859/315/24 861/317/24 862/316/24
f 859/315/24 846/301/24 844/299/24
f 861/317/24 863/319/24 864/318/24
f 861/317/24 844/299/24 842/297/24
f 863/319/24 865/321/24 866/320/24
f 842/297/24 840/295/24 865/321/24
f 865/321/24 867/323/24 868/322/24
f 840/295/24 838/293/24 867/323/24
f 867/323/24 869/325/24 870/324/24
f 838/293/24 836/291/24 869/325/24
f 869/325/24 871/327/24 872/326/24
f 836/291/24 834/289/24 871/327/24
f 871/327/24 873/329/24 874/328/24
f 834/289/24 832/287/24 873/329/24
f 873/329/24 875/331/24 876/330/24
f 832/287/24 830/285/24 875/331/24
f 875/331/24 877/333/24 878/332/24
f 830/285/24 828/283/24 877/333/24
f 877/333/24 879/335/24 880/334/24
f 828/283/24 826/281/24 879/335/24
f 879/335/24 881/337/24 882/336/24
f 826/281/24 824/279/24 881/337/24
f 881/337/24 883/339/24 884/338/24
f 824/279/24 822/277/24 883/339/24
f 883/339/24 885/341/24 886/340/24
f 822/277/24 820/275/24 885/341/24
f 885/341/24 887/343/24 888/342/24
f 820/275/24 818/273/24 887/343/24
f 887/343/24 889/345/24 890/344/24
f 818/273/24 816/272/24 889/345/24
f 889/345/24 558/12/24 556/10/24
f 816/272/24 560/14/24 558/12/24
f 888/342/24 890/344/24 891/346/24
f 890/344/24 556/10/24 554/8/24
f 893/347/24 891/346/24 892/348/24
f 891/346/24 554/8/24 552/6/24
f 895/350/24 893/347/24 894/349/24
f 886/340/24 888/342/24 893/347/24
f 897/352/24 895/350/24 896/351/24
f 884/338/24 886/340/24 895/350/24
f 899/354/24 897/352/24 898/353/24
f 882/336/24 884/338/24 897/352/24
f 901/356/24 899/354/24 900/355/24
f 880/334/24 882/336/24 899/354/24
f 903/358/24 901/356/24 902/357/24
f 878/332/24 880/334/24 901/356/24
f 905/360/24 903/358/24 904/359/24
f 876/330/24 878/332/24 903/358/24
f 907/362/24 905/360/24 906/361/24
f 874/328/24 876/330/24 905/360/24
f 909/364/24 907/362/24 908/363/24
f 872/326/24 874/328/24 907/362/24
f 911/366/24 909/364/24 910/365/24
f 870/324/24 872/326/24 909/364/24
f 913/368/24 911/366/24 912/367/24
f 868/322/24 870/324/24 911/366/24
f 915/370/24 913/368/24 914/369/24
f 866/320/24 868/322/24 913/368/24
f 917/372/24 915/370/24 916/371/24
f 864/318/24 866/320/24 915/370/24
f 919/374/24 917/372/24 918/373/24
f 862/316/24 864/318/24 917/372/24
f 921/376/24 919/374/24 920/375/24
f 860/314/24 862/316/24 919/374/24
f 923/378/24 921/376/24 922/377/24
f 858/312/24 860/314/24 921/376/24
f 925/380/24 923/378/24 924/379/24
f 856/310/24 858/312/24 923/378/24
f 927/382/24 925/380/24 926/381/24
f 854/311/24 856/310/24 925/380/24
f 928/383/24 926/381/24 931/384/24
f 930/387/24 929/385/24 931/384/24
f 932/386/24 931/384/24 933/389/24
f 926/381/24 924/379/24 933/389/24
f 933/389/24 935/391/24 936/390/24
f 924/379/24 922/377/24 935/391/24
f 935/391/24 937/393/24 938/392/24
f 922/377/24 920/375/24 937/393/24
f 937/393/24 939/395/24 940/394/24
f 920/375/24 918/373/24 939/395/24
f 939/395/24 941/397/24 942/396/24
f 918/373/24 916/371/24 941/397/24
f 941/397/24 943/399/24 944/398/24
f 916/371/24 914/369/24 943/399/24
f 943/399/24 945/401/24 946/400/24
f 914/369/24 912/367/24 945/401/24
f 945/401/24 947/403/24 948/402/24
f 912/367/24 910/365/24 947/403/24
f 947/403/24 949/405/24 950/404/24
f 910/365/24 908/363/24 949/405/24
f 949/405/24 951/407/24 952/406/24
f 908/363/24 906/361/24 951/407/24
f 951/407/24 953/409/24 954/408/24
f 906/361/24 904/359/24 953/409/24
f 953/409/24 955/411/24 956/410/24
f 904/359/24 902/357/24 955/411/24
f 955/411/24 957/413/24 958/412/24
f 902/357/24 900/355/24 957/413/24
f 957/413/24 959/415/24 960/414/24
f 900/355/24 898/353/24 959/415/24
f 959/415/24 961/417/24 962/416/24
f 898/353/24 896/351/24 961/417/24
f 961/417/24 963/419/24 964/418/24
f 896/351/24 894/349/24 963/419/24
f 963/419/24 965/421/24 966/420/24
f 894/349/24 892/348/24 965/421/24
f 965/421/24 550/4/24 548/2/24
f 892/348/24 552/6/24 550/4/24
f 964/418/24 966/420/24 967/422/24
f 966/420/24 548/2/24 546/3/24
f 962/416/24 964/418/24 968/423/24
f 960/414/24 962/416/24 969/424/24
f 958/412/24 960/414/24 970/425/24
f 956/410/24 958/412/24 971/426/24
f 954/408/24 956/410/24 972/427/24
f 952/406/24 954/408/24 973/428/24
f 950/404/24 952/406/24 974/429/24
f 948/402/24 950/404/24 975/430/24
f 946/400/24 948/402/24 976/431/24
f 944/398/24 946/400/24 977/432/24
f 942/396/24 944/398/24 978/433/24
f 940/394/24 942/396/24 979/434/24
f 938/392/24 940/394/24 980/435/24
f 936/390/24 938/392/24 981/436/24
f 934/388/24 936/390/24 982/437/24
f 932/386/24 934/388/24 983/438/24
f 930/387/24 932/386/24 984/439/24
s 368
f 4368/2/24 4367/5/24 4365/1/24
f 4368/2/24 4370/4/24 4369/7/24
f 4372/6/24 4371/9/24 4369/7/24
f 4374/8/24 4373/11/24 4371/9/24
f 4376/10/24 4375/13/24 4373/11/24
f 4378/12/24 4377/15/24 4375/13/24
f 4380/14/24 4379/17/24 4377/15/24
f 4382/16/24 4381/19/24 4379/17/24
f 4384/18/24 4383/21/24 4381/19/24
f 4386/20/24 4385/23/24 4383/21/24
f 4388/22/24 4387/25/24 4385/23/24
f 4390/24/24 4389/27/24 4387/25/24
f 4392/26/24 4391/29/24 4389/27/24
f 4394/28/24 4393/31/24 4391/29/24
f 4396/30/24 4395/33/24 4393/31/24
f 4398/32/24 4397/35/24 4395/33/24
f 4400/34/24 4399/37/24 4397/35/24
f 4402/36/24 4401/39/24 4399/37/24
f 4404/38/24 4403/41/24 4401/39/24
f 4406/40/24 4405/441/24 4403/41/24
f 4407/42/24 4406/40/24 4404/38/24
f 4409/44/24 4407/42/24 4408/43/24
f 4411/46/24 4409/44/24 4410/45/24
f 4413/48/24 4411/46/24 4412/47/24
f 4415/50/24 4413/48/24 4414/49/24
f 4417/52/24 4415/50/24 4416/51/24
f 4419/54/24 4417/52/24 4418/53/24
f 4421/56/24 4419/54/24 4420/55/24
f 4423/58/24 4421/56/24 4422/57/24
f 4425/60/24 4423/58/24 4424/59/24
f 4427/62/24 4425/60/24 4426/61/24
f 4429/64/24 4427/62/24 4428/63/24
f 4431/66/24 4429/64/24 4430/65/24
f 4433/68/24 4431/66/24 4432/67/24
f 4435/70/24 4433/68/24 4434/69/24
f 4437/72/24 4435/70/24 4436/71/24
f 4439/74/24 4437/72/24 4438/73/24
f 4441/76/24 4439/74/24 4440/75/24
f 4443/78/24 4441/76/24 4442/77/24
f 4444/79/24 4442/77/24 4447/80/24
f 4445/81/24 4447/80/24 4448/82/24
f 4447/80/24 4449/85/24 4450/84/24
f 4442/77/24 4440/75/24 4449/85/24
f 4449/85/24 4451/87/24 4452/86/24
f 4440/75/24 4438/73/24 4451/87/24
f 4451/87/24 4453/89/24 4454/88/24
f 4438/73/24 4436/71/24 4453/89/24
f 4454/88/24 4453/89/24 4455/91/24
f 4436/71/24 4434/69/24 4455/91/24
f 4456/90/24 4455/91/24 4457/93/24
f 4434/69/24 4432/67/24 4457/93/24
f 4457/93/24 4459/95/24 4460/94/24
f 4432/67/24 4430/65/24 4459/95/24
f 4459/95/24 4461/97/24 4462/96/24
f 4430/65/24 4428/63/24 4461/97/24
f 4461/97/24 4463/99/24 4464/98/24
f 4428/63/24 4426/61/24 4463/99/24
f 4463/99/24 4465/101/24 4466/100/24
f 4426/61/24 4424/59/24 4465/101/24
f 4465/101/24 4467/103/24 4468/102/24
f 4424/59/24 4422/57/24 4467/103/24
f 4467/103/24 4469/105/24 4470/104/24
f 4422/57/24 4420/55/24 4469/105/24
f 4469/105/24 4471/107/24 4472/106/24
f 4420/55/24 4418/53/24 4471/107/24
f 4471/107/24 4473/109/24 4474/108/24
f 4418/53/24 4416/51/24 4473/109/24
f 4473/109/24 4475/111/24 4476/110/24
f 4416/51/24 4414/49/24 4475/111/24
f 4475/111/24 4477/113/24 4478/112/24
f 4414/49/24 4412/47/24 4477/113/24
f 4477/113/24 4479/115/24 4480/114/24
f 4412/47/24 4410/45/24 4479/115/24
f 4479/115/24 4481/117/24 4482/116/24
f 4410/45/24 4408/43/24 4481/117/24
f 4481/117/24 4402/36/24 4400/34/24
f 4408/43/24 4404/38/24 4402/36/24
f 4482/116/24 4400/34/24 4398/32/24
f 4480/114/24 4482/116/24 4483/118/24
f 4483/118/24 4398/32/24 4396/30/24
f 4485/119/24 4483/118/24 4484/120/24
f 4487/122/24 4485/119/24 4486/121/24
f 4478/112/24 4480/114/24 4485/119/24
f 4489/124/24 4487/122/24 4488/123/24
f 4476/110/24 4478/112/24 4487/122/24
f 4491/126/24 4489/124/24 4490/125/24
f 4474/108/24 4476/110/24 4489/124/24
f 4493/128/24 4491/126/24 4492/127/24
f 4472/106/24 4474/108/24 4491/126/24
f 4495/130/24 4493/128/24 4494/129/24
f 4470/104/24 4472/106/24 4493/128/24
f 4497/132/24 4495/130/24 4496/131/24
f 4468/102/24 4470/104/24 4495/130/24
f 4499/134/24 4497/132/24 4498/133/24
f 4466/100/24 4468/102/24 4497/132/24
f 4501/136/24 4499/134/24 4500/135/24
f 4464/98/24 4466/100/24 4499/134/24
f 4503/138/24 4501/136/24 4502/137/24
f 4462/96/24 4464/98/24 4501/136/24
f 4505/140/24 4503/138/24 4504/139/24
f 4460/94/24 4462/96/24 4503/138/24
f 4507/142/24 4505/140/24 4506/141/24
f 4458/92/24 4460/94/24 4505/140/24
f 4509/144/24 4507/142/24 4508/143/24
f 4456/90/24 4458/92/24 4507/142/24
f 4511/146/24 4509/144/24 4510/145/24
f 4454/88/24 4456/90/24 4509/144/24
f 4513/148/24 4511/146/24 4512/147/24
f 4452/86/24 4454/88/24 4511/146/24
f 4515/150/24 4513/148/24 4514/149/24
f 4450/84/24 4452/86/24 4513/148/24
f 4517/152/24 4515/150/24 4516/151/24
f 4448/82/24 4450/84/24 4515/150/24
f 4519/154/24 4517/152/24 4518/153/24
f 4519/154/24 4446/83/24 4448/82/24
f 4520/155/24 4518/153/24 4523/156/24
f 4521/157/24 4523/156/24 4524/158/24
f 4523/156/24 4525/161/24 4526/160/24
f 4518/153/24 4516/151/24 4525/161/24
f 4525/161/24 4527/163/24 4528/162/24
f 4516/151/24 4514/149/24 4527/163/24
f 4527/163/24 4529/165/24 4530/164/24
f 4514/149/24 4512/147/24 4529/165/24
f 4529/165/24 4531/167/24 4532/166/24
f 4512/147/24 4510/145/24 4531/167/24
f 4531/167/24 4533/169/24 4534/168/24
f 4510/145/24 4508/143/24 4533/169/24
f 4533/169/24 4535/171/24 4536/170/24
f 4508/143/24 4506/141/24 4535/171/24
f 4535/171/24 4537/173/24 4538/172/24
f 4506/141/24 4504/139/24 4537/173/24
f 4537/173/24 4539/175/24 4540/174/24
f 4504/139/24 4502/137/24 4539/175/24
f 4539/175/24 4541/177/24 4542/176/24
f 4502/137/24 4500/135/24 4541/177/24
f 4541/177/24 4543/179/24 4544/178/24
f 4500/135/24 4498/133/24 4543/179/24
f 4543/179/24 4545/181/24 4546/180/24
f 4498/133/24 4496/131/24 4545/181/24
f 4545/181/24 4547/183/24 4548/182/24
f 4496/131/24 4494/129/24 4547/183/24
f 4547/183/24 4549/185/24 4550/184/24
f 4494/129/24 4492/127/24 4549/185/24
f 4549/185/24 4551/187/24 4552/186/24
f 4492/127/24 4490/125/24 4551/187/24
f 4551/187/24 4553/189/24 4554/188/24
f 4490/125/24 4488/123/24 4553/189/24
f 4553/189/24 4555/191/24 4556/190/24
f 4488/123/24 4486/121/24 4555/191/24
f 4555/191/24 4557/193/24 4558/192/24
f 4486/121/24 4484/120/24 4557/193/24
f 4557/193/24 4394/28/24 4392/26/24
f 4484/120/24 4396/30/24 4394/28/24
f 4558/192/24 4392/26/24 4390/24/24
f 4556/190/24 4558/192/24 4559/194/24
f 4559/194/24 4390/24/24 4388/22/24
f 4561/195/24 4559/194/24 4560/196/24
f 4563/198/24 4561/195/24 4562/197/24
f 4554/188/24 4556/190/24 4561/195/24
f 4565/200/24 4563/198/24 4564/199/24
f 4552/186/24 4554/188/24 4563/198/24
f 4567/202/24 4565/200/24 4566/201/24
f 4550/184/24 4552/186/24 4565/200/24
f 4569/204/24 4567/202/24 4568/203/24
f 4548/182/24 4550/184/24 4567/202/24
f 4571/206/24 4569/204/24 4570/205/24
f 4546/180/24 4548/182/24 4569/204/24
f 4574/209/24 4573/208/24 4571/206/24
f 4544/178/24 4546/180/24 4571/206/24
f 4576/211/24 4575/210/24 4573/208/24
f 4542/176/24 4544/178/24 4573/208/24
f 4577/212/24 4575/210/24 4576/211/24
f 4540/174/24 4542/176/24 4575/210/24
f 4579/214/24 4577/212/24 4578/213/24
f 4538/172/24 4540/174/24 4577/212/24
f 4581/216/24 4579/214/24 4580/215/24
f 4536/170/24 4538/172/24 4579/214/24
f 4583/218/24 4581/216/24 4582/217/24
f 4534/168/24 4536/170/24 4581/216/24
f 4585/220/24 4583/218/24 4584/219/24
f 4532/166/24 4534/168/24 4583/218/24
f 4587/222/24 4585/220/24 4586/221/24
f 4530/164/24 4532/166/24 4585/220/24
f 4589/224/24 4587/222/24 4588/223/24
f 4528/162/24 4530/164/24 4587/222/24
f 4591/226/24 4589/224/24 4590/225/24
f 4526/160/24 4528/162/24 4589/224/24
f 4593/228/24 4591/226/24 4592/227/24
f 4524/158/24 4526/160/24 4591/226/24
f 4595/230/24 4593/228/24 4594/229/24
f 4522/159/24 4524/158/24 4593/228/24
f 4596/231/24 4594/229/24 4599/232/24
f 4597/233/24 4599/232/24 4600/234/24
f 4599/232/24 4601/237/24 4602/236/24
f 4594/229/24 4592/227/24 4601/237/24
f 4601/237/24 4603/239/24 4604/238/24
f 4592/227/24 4590/225/24 4603/239/24
f 4603/239/24 4605/241/24 4606/240/24
f 4590/225/24 4588/223/24 4605/241/24
f 4605/241/24 4607/243/24 4608/242/24
f 4588/223/24 4586/221/24 4607/243/24
f 4607/243/24 4609/245/24 4610/244/24
f 4586/221/24 4584/219/24 4609/245/24
f 4609/245/24 4611/247/24 4612/246/24
f 4584/219/24 4582/217/24 4611/247/24
f 4611/247/24 4613/249/24 4614/248/24
f 4582/217/24 4580/215/24 4613/249/24
f 4613/249/24 4615/251/24 4616/250/24
f 4580/215/24 4578/213/24 4615/251/24
f 4615/251/24 4617/253/24 4618/252/24
f 4578/213/24 4576/211/24 4617/253/24
f 4617/253/24 4619/255/24 4620/254/24
f 4576/211/24 4574/209/24 4619/255/24
f 4619/255/24 4621/257/24 4622/256/24
f 4574/209/24 4572/207/24 4621/257/24
f 4621/257/24 4623/259/24 4624/258/24
f 4572/207/24 4570/205/24 4623/259/24
f 4623/259/24 4625/261/24 4626/260/24
f 4570/205/24 4568/203/24 4625/261/24
f 4625/261/24 4627/263/24 4628/262/24
f 4568/203/24 4566/201/24 4627/263/24
f 4627/263/24 4629/265/24 4630/264/24
f 4566/201/24 4564/199/24 4629/265/24
f 4629/265/24 4631/267/24 4632/266/24
f 4564/199/24 4562/197/24 4631/267/24
f 4631/267/24 4633/269/24 4634/268/24
f 4562/197/24 4560/196/24 4633/269/24
f 4633/269/24 4386/20/24 4384/18/24
f 4560/196/24 4388/22/24 4386/20/24
f 4634/268/24 4384/18/24 4382/16/24
f 4632/266/24 4634/268/24 4635/270/24
f 4635/270/24 4382/16/24 4380/14/24
f 4637/271/24 4635/270/24 4636/272/24
f 4639/274/24 4637/271/24 4638/273/24
f 4630/264/24 4632/266/24 4637/271/24
f 4641/276/24 4639/274/24 4640/275/24
f 4641/276/24 4628/262/24 4630/264/24
f 4643/278/24 4641/276/24 4642/277/24
f 4643/278/24 4626/260/24 4628/262/24
f 4645/280/24 4643/278/24 4644/279/24
f 4624/258/24 4626/260/24 4643/278/24
f 4647/282/24 4645/280/24 4646/281/24
f 4622/256/24 4624/258/24 4645/280/24
f 4649/284/24 4647/282/24 4648/283/24
f 4620/254/24 4622/256/24 4647/282/24
f 4651/286/24 4649/284/24 4650/285/24
f 4618/252/24 4620/254/24 4649/284/24
f 4653/288/24 4651/286/24 4652/287/24
f 4616/250/24 4618/252/24 4651/286/24
f 4655/290/24 4653/288/24 4654/289/24
f 4614/248/24 4616/250/24 4653/288/24
f 4657/292/24 4655/290/24 4656/291/24
f 4612/246/24 4614/248/24 4655/290/24
f 4659/294/24 4657/292/24 4658/293/24
f 4610/244/24 4612/246/24 4657/292/24
f 4661/296/24 4659/294/24 4660/295/24
f 4608/242/24 4610/244/24 4659/294/24
f 4663/298/24 4661/296/24 4662/297/24
f 4606/240/24 4608/242/24 4661/296/24
f 4665/300/24 4663/298/24 4664/299/24
f 4604/238/24 4606/240/24 4663/298/24
f 4667/302/24 4665/300/24 4666/301/24
f 4602/236/24 4604/238/24 4665/300/24
f 4669/304/24 4667/302/24 4668/303/24
f 4600/234/24 4602/236/24 4667/302/24
f 4671/306/24 4669/304/24 4670/305/24
f 4598/235/24 4600/234/24 4669/304/24
f 4672/307/24 4670/305/24 4675/308/24
f 4673/309/24 4675/308/24 4676/310/24
f 4675/308/24 4677/313/24 4678/312/24
f 4670/305/24 4668/303/24 4677/313/24
f 4677/313/24 4679/315/24 4680/314/24
f 4668/303/24 4666/301/24 4679/315/24
f 4679/315/24 4681/317/24 4682/316/24
f 4666/301/24 4664/299/24 4681/317/24
f 4681/317/24 4683/319/24 4684/318/24
f 4664/299/24 4662/297/24 4683/319/24
f 4683/319/24 4685/321/24 4686/320/24
f 4662/297/24 4660/295/24 4685/321/24
f 4685/321/24 4687/323/24 4688/322/24
f 4660/295/24 4658/293/24 4687/323/24
f 4687/323/24 4689/325/24 4690/324/24
f 4658/293/24 4656/291/24 4689/325/24
f 4689/325/24 4691/327/24 4692/326/24
f 4656/291/24 4654/289/24 4691/327/24
f 4691/327/24 4693/329/24 4694/328/24
f 4654/289/24 4652/287/24 4693/329/24
f 4693/329/24 4695/331/24 4696/330/24
f 4652/287/24 4650/285/24 4695/331/24
f 4695/331/24 4697/333/24 4698/332/24
f 4650/285/24 4648/283/24 4697/333/24
f 4697/333/24 4699/335/24 4700/334/24
f 4648/283/24 4646/281/24 4699/335/24
f 4699/335/24 4701/337/24 4702/336/24
f 4646/281/24 4644/279/24 4701/337/24
f 4701/337/24 4703/339/24 4704/338/24
f 4644/279/24 4642/277/24 4703/339/24
f 4703/339/24 4705/341/24 4706/340/24
f 4642/277/24 4640/275/24 4705/341/24
f 4705/341/24 4707/343/24 4708/342/24
f 4640/275/24 4638/273/24 4707/343/24
f 4707/343/24 4709/345/24 4710/344/24
f 4638/273/24 4636/272/24 4709/345/24
f 4709/345/24 4378/12/24 4376/10/24
f 4636/272/24 4380/14/24 4378/12/24
f 4710/344/24 4376/10/24 4374/8/24
f 4708/342/24 4710/344/24 4711/346/24
f 4711/346/24 4374/8/24 4372/6/24
f 4713/347/24 4711/346/24 4712/348/24
f 4715/350/24 4713/347/24 4714/349/24
f 4706/340/24 4708/342/24 4713/347/24
f 4717/352/24 4715/350/24 4716/351/24
f 4704/338/24 4706/340/24 4715/350/24
f 4719/354/24 4717/352/24 4718/353/24
f 4702/336/24 4704/338/24 4717/352/24
f 4721/356/24 4719/354/24 4720/355/24
f 4700/334/24 4702/336/24 4719/354/24
f 4723/358/24 4721/356/24 4722/357/24
f 4698/332/24 4700/334/24 4721/356/24
f 4725/360/24 4723/358/24 4724/359/24
f 4696/330/24 4698/332/24 4723/358/24
f 4727/362/24 4725/360/24 4726/361/24
f 4694/328/24 4696/330/24 4725/360/24
f 4729/364/24 4727/362/24 4728/363/24
f 4692/326/24 4694/328/24 4727/362/24
f 4731/366/24 4729/364/24 4730/365/24
f 4690/324/24 4692/326/24 4729/364/24
f 4733/368/24 4731/366/24 4732/367/24
f 4688/322/24 4690/324/24 4731/366/24
f 4735/370/24 4733/368/24 4734/369/24
f 4686/320/24 4688/322/24 4733/368/24
f 4737/372/24 4735/370/24 4736/371/24
f 4684/318/24 4686/320/24 4735/370/24
f 4739/374/24 4737/372/24 4738/373/24
f 4682/316/24 4684/318/24 4737/372/24
f 4741/376/24 4739/374/24 4740/375/24
f 4680/314/24 4682/316/24 4739/374/24
f 4743/378/24 4741/376/24 4742/377/24
f 4678/312/24 4680/314/24 4741/376/24
f 4745/380/24 4743/378/24 4744/379/24
f 4676/310/24 4678/312/24 4743/378/24
f 4747/382/24 4745/380/24 4746/381/24
f 4674/311/24 4676/310/24 4745/380/24
f 4748/383/24 4746/381/24 4751/384/24
f 4749/385/24 4751/384/24 4752/386/24
f 4751/384/24 4753/389/24 4754/388/24
f 4746/381/24 4744/379/24 4753/389/24
f 4753/389/24 4755/391/24 4756/390/24
f 4744/379/24 4742/377/24 4755/391/24
f 4755/391/24 4757/393/24 4758/392/24
f 4742/377/24 4740/375/24 4757/393/24
f 4757/393/24 4759/395/24 4760/394/24
f 4740/375/24 4738/373/24 4759/395/24
f 4759/395/24 4761/397/24 4762/396/24
f 4738/373/24 4736/371/24 4761/397/24
f 4761/397/24 4763/399/24 4764/398/24
f 4736/371/24 4734/369/24 4763/399/24
f 4763/399/24 4765/401/24 4766/400/24
f 4734/369/24 4732/367/24 4765/401/24
f 4765/401/24 4767/403/24 4768/402/24
f 4732/367/24 4730/365/24 4767/403/24
f 4767/403/24 4769/405/24 4770/404/24
f 4730/365/24 4728/363/24 4769/405/24
f 4769/405/24 4771/407/24 4772/406/24
f 4728/363/24 4726/361/24 4771/407/24
f 4771/407/24 4773/409/24 4774/408/24
f 4726/361/24 4724/359/24 4773/409/24
f 4773/409/24 4775/411/24 4776/410/24
f 4773/409/24 4724/359/24 4722/357/24
f 4775/411/24 4777/413/24 4778/412/24
f 4775/411/24 4722/357/24 4720/355/24
f 4777/413/24 4779/415/24 4780/414/24
f 4720/355/24 4718/353/24 4779/415/24
f 4779/415/24 4781/417/24 4782/416/24
f 4718/353/24 4716/351/24 4781/417/24
f 4781/417/24 4783/419/24 4784/418/24
f 4716/351/24 4714/349/24 4783/419/24
f 4783/419/24 4785/421/24 4786/420/24
f 4714/349/24 4712/348/24 4785/421/24
f 4786/420/24 4785/421/24 4370/4/24
f 4712/348/24 4372/6/24 4370/4/24
f 4786/420/24 4368/2/24 4366/3/24
f 4784/418/24 4786/420/24 4787/422/24
f 4782/416/24 4784/418/24 4788/423/24
f 4780/414/24 4782/416/24 4789/424/24
f 4778/412/24 4780/414/24 4790/425/24
f 4776/410/24 4778/412/24 4791/426/24
f 4774/408/24 4776/410/24 4792/427/24
f 4772/406/24 4774/408/24 4793/428/24
f 4770/404/24 4772/406/24 4794/429/24
f 4768/402/24 4770/404/24 4795/430/24
f 4766/400/24 4768/402/24 4796/431/24
f 4764/398/24 4766/400/24 4797/432/24
f 4762/396/24 4764/398/24 4798/433/24
f 4760/394/24 4762/396/24 4799/434/24
f 4758/392/24 4760/394/24 4800/435/24
f 4756/390/24 4758/392/24 4801/436/24
f 4754/388/24 4756/390/24 4802/437/24
f 4752/386/24 4754/388/24 4803/438/24
f 4750/387/24 4752/386/24 4804/439/24
s 23
g chasis_dkgrey
usemtl dkgrey
f 987/1/96 986/1/97 988/1/98
f 990/1/99 986/1/97 987/1/96
f 988/1/98 986/1/97 989/1/100
f 989/1/100 986/1/97 990/1/99
f 990/1/99 991/1/101 989/1/100
s 24
f 991/1/102 990/1/103 994/1/104
s 23
f 987/1/96 992/1/105 990/1/99
s 24
f 990/1/103 992/1/106 993/1/107
f 994/1/104 990/1/103 993/1/107
f 995/1/108 991/1/102 994/1/104
f 996/1/109 994/1/104 993/1/107
f 995/1/108 994/1/104 996/1/109
f 996/1/109 997/1/110 995/1/108
s 25
f 997/1/111 996/1/112 1000/1/113
s 24
f 993/1/107 998/1/114 996/1/109
s 25
f 996/1/112 998/1/115 999/1/116
f 1000/1/113 996/1/112 999/1/116
f 1001/1/117 997/1/111 1000/1/113
f 1000/1/113 999/1/116 1004/1/118
f 1002/1/119 1001/1/117 1000/1/113
f 1000/1/113 1003/1/120 1002/1/119
f 1004/1/118 1003/1/120 1000/1/113
f 1003/1/120 1004/1/118 1005/1/121
f 1005/1/121 1004/1/118 1006/1/122
f 1004/1/118 999/1/116 1007/1/123
f 1007/1/123 1006/1/122 1004/1/118
f 999/1/116 1008/1/124 1007/1/123
f 1007/1/123 1008/1/124 1010/1/125
f 1007/1/123 1010/1/125 1009/1/126
f 1007/1/123 1009/1/126 1011/1/127
f 1011/1/127 1006/1/122 1007/1/123
f 1012/1/128 1013/1/129 1011/1/127
f 1011/1/127 1009/1/126 1012/1/128
f 1006/1/122 1011/1/127 1015/1/130
f 1011/1/127 1013/1/129 1014/1/131
f 1015/1/130 1011/1/127 1014/1/131
f 1018/1/132 1015/1/130 1014/1/131
f 1016/1/133 1006/1/122 1015/1/130
f 1017/1/134 1016/1/133 1015/1/130
f 1017/1/134 1015/1/130 1018/1/132
f 1019/1/135 1021/1/136 1018/1/132
f 1018/1/132 1020/1/137 1019/1/135
f 1018/1/132 1014/1/131 1020/1/137
f 1017/1/134 1018/1/132 1021/1/136
f 1021/1/136 1019/1/135 1024/1/138
f 1022/1/139 1021/1/136 1023/1/140
f 1021/1/136 1022/1/139 1017/1/134
f 1023/1/140 1021/1/136 1024/1/138
f 1024/1/138 1019/1/135 1029/1/141
f 1024/1/138 1029/1/141 1025/1/142
f 1024/1/143 1025/1/144 1026/1/143
f 1026/1/143 1027/1/143 1024/1/143
f 1024/1/143 1027/1/143 1028/1/144
f 1028/1/144 1023/1/144 1024/1/143
f 1031/1/145 1030/1/146 1029/1/141
f 1025/1/142 1029/1/141 1030/1/146
f 1029/1/141 1032/1/147 1031/1/145
f 1032/1/147 1029/1/141 1019/1/135
f 1014/1/131 1033/1/148 1032/1/147
f 1032/1/147 1033/1/148 1031/1/145
f 1020/1/137 1014/1/131 1032/1/147
f 1019/1/135 1020/1/137 1032/1/147
f 1033/1/148 1035/1/149 1034/1/150
f 1033/1/148 1034/1/150 1031/1/145
f 1014/1/131 1035/1/149 1033/1/148
f 1035/1/149 1013/1/129 1012/1/128
f 1014/1/131 1013/1/129 1035/1/149
f 1036/1/151 1037/1/152 1035/1/149
f 1035/1/149 1038/1/153 1036/1/151
f 1035/1/149 1037/1/152 1034/1/150
f 1012/1/128 1038/1/153 1035/1/149
f 1038/1/153 1039/1/154 1036/1/151
f 1012/1/128 1039/1/154 1038/1/153
s 24
f 1039/1/155 1040/1/156 1043/1/157
s 25
f 1012/1/128 1040/1/158 1039/1/154
s 24
f 1041/1/159 1039/1/155 1042/1/160
s 25
f 1039/1/154 1041/1/161 1036/1/151
s 24
f 1043/1/157 1042/1/160 1039/1/155
f 1043/1/157 1044/1/162 1045/1/163
f 1047/1/164 1044/1/162 1043/1/157
f 1043/1/157 1045/1/163 1042/1/160
f 1046/1/165 1047/1/164 1043/1/157
f 1046/1/165 1043/1/157 1040/1/156
s 23
f 1050/1/166 1048/1/167 1047/1/168
f 1044/1/169 1047/1/168 1048/1/167
f 1047/1/168 1049/1/170 1050/1/166
s 24
f 1051/1/171 1049/1/172 1047/1/164
f 1051/1/171 1047/1/164 1046/1/165
f 993/1/107 1049/1/172 1051/1/171
f 993/1/107 1051/1/171 1008/1/173
f 1051/1/171 1046/1/165 1010/1/174
f 1010/1/174 1008/1/173 1051/1/171
s 23
f 1052/1/175 1050/1/166 987/1/96
f 987/1/96 1050/1/166 1049/1/170
f 1048/1/167 1050/1/166 1052/1/175
f 987/1/96 1053/1/15 1052/1/175
s 26
f 1054/1/24 1052/1/24 1053/1/24
f 1054/1/24 1055/1/24 1052/1/24
s 23
f 1052/1/175 1055/1/176 1048/1/167
f 1048/1/167 1055/1/176 1054/1/14
f 1054/1/14 1057/1/177 1056/1/178
f 1058/1/179 1054/1/14 1056/1/178
s 26
f 1057/1/24 1054/1/24 1059/1/24
f 1054/1/24 1053/1/24 988/1/24
f 1054/1/24 988/1/24 1061/1/24
s 23
f 1048/1/167 1054/1/14 1058/1/179
s 26
f 1054/1/24 1060/1/24 1059/1/24
f 1054/1/24 1061/1/24 1060/1/24
s 23
f 989/1/100 1061/1/180 988/1/98
f 1060/1/9 1061/1/180 989/1/100
f 1062/1/181 1060/1/9 989/1/100
f 1063/1/182 1060/1/9 1062/1/181
f 1063/1/182 1059/1/183 1060/1/9
f 1059/1/183 1063/1/182 1064/1/184
f 1064/1/184 1063/1/182 1065/1/185
f 1065/1/185 1063/1/182 1062/1/181
f 1065/1/185 1067/1/186 1064/1/184
f 1062/1/181 1066/1/187 1065/1/185
s 24
f 1065/1/188 1066/1/189 1070/1/190
f 1068/1/191 1067/1/192 1065/1/188
f 1068/1/191 1065/1/188 1069/1/193
f 1069/1/193 1065/1/188 1070/1/190
f 1070/1/190 1066/1/189 991/1/102
f 1070/1/190 991/1/102 995/1/108
f 1072/1/194 1070/1/190 995/1/108
f 1071/1/195 1069/1/193 1070/1/190
f 1070/1/190 1072/1/194 1071/1/195
f 995/1/108 997/1/110 1072/1/194
s 25
f 1072/1/196 997/1/111 1001/1/117
f 1071/1/197 1072/1/196 1073/1/198
f 1073/1/198 1072/1/196 1001/1/117
f 1074/1/199 1071/1/197 1073/1/198
f 1073/1/198 1001/1/117 1002/1/119
f 1075/1/200 1074/1/199 1073/1/198
f 1073/1/198 1076/1/201 1075/1/200
f 1002/1/119 1076/1/201 1073/1/198
f 1077/1/202 1076/1/201 1002/1/119
f 1075/1/200 1076/1/201 1077/1/202
f 1077/1/202 1002/1/119 1078/1/203
f 1079/1/204 1075/1/200 1077/1/202
f 1080/1/205 1077/1/202 1078/1/203
f 1079/1/204 1077/1/202 1080/1/205
f 1084/1/206 1081/1/207 1080/1/205
f 1080/1/205 1081/1/207 1083/1/208
f 1082/1/209 1079/1/204 1080/1/205
f 1083/1/208 1082/1/209 1080/1/205
f 1080/1/205 1085/1/210 1084/1/206
f 1080/1/205 1078/1/203 1085/1/210
f 1086/1/211 1084/1/206 1085/1/210
f 1085/1/210 1087/1/212 1086/1/211
f 1085/1/210 1088/1/213 1087/1/212
f 1085/1/210 1078/1/203 1088/1/213
f 1088/1/213 1003/1/120 1005/1/121
f 1078/1/203 1003/1/120 1088/1/213
f 1087/1/212 1088/1/213 1005/1/121
f 1089/1/214 1086/1/211 1087/1/212
f 1087/1/212 1090/1/215 1089/1/214
f 1087/1/212 1005/1/121 1090/1/215
f 1022/1/139 1089/1/214 1090/1/215
f 1090/1/215 1016/1/133 1017/1/134
f 1090/1/215 1017/1/134 1022/1/139
f 1090/1/215 1005/1/121 1016/1/133
f 1086/1/211 1089/1/214 1092/1/216
f 1089/1/214 1022/1/139 1091/1/217
f 1092/1/216 1089/1/214 1091/1/217
f 1094/1/218 1086/1/211 1092/1/216
f 1094/1/218 1092/1/143 1093/1/219
f 1093/1/219 1092/1/143 1091/1/220
f 1084/1/206 1086/1/211 1094/1/218
f 1095/1/221 1084/1/206 1094/1/218
f 1095/1/221 1094/1/218 1096/1/222
f 1093/1/219 1096/1/222 1094/1/218
f 1096/1/222 1093/1/219 1099/1/223
f 1096/1/222 1097/1/224 1095/1/221
f 1097/1/224 1096/1/222 1098/1/225
f 1099/1/223 1098/1/225 1096/1/222
f 1098/1/225 1099/1/223 1100/1/226
f 1100/1/226 1099/1/223 1102/1/227
f 1101/1/228 1099/1/223 1093/1/219
f 1099/1/223 1101/1/228 1102/1/227
f 1104/1/229 1102/1/227 1101/1/228
f 1103/1/230 1102/1/227 1105/1/231
f 1100/1/226 1102/1/227 1103/1/230
f 1102/1/227 1104/1/229 1105/1/231
f 1103/1/230 1105/1/231 1106/1/232
f 1106/1/232 1105/1/231 1107/1/233
f 1105/1/231 1108/1/234 1107/1/233
f 1105/1/231 1104/1/229 1108/1/234
f 1107/1/233 1108/1/234 1109/1/235
f 1108/1/234 1110/1/236 1109/1/235
f 1108/1/234 1111/1/237 1110/1/236
f 1104/1/229 1111/1/237 1108/1/234
f 1112/1/238 1113/1/239 1111/1/237
f 1104/1/229 1112/1/238 1111/1/237
f 1111/1/237 1113/1/239 1114/1/240
f 1111/1/237 1114/1/240 1110/1/236
f 1026/1/241 1114/1/240 1113/1/239
f 1115/1/242 1116/1/243 1114/1/240
f 1114/1/240 1026/1/241 1115/1/242
f 1110/1/236 1114/1/240 1116/1/243
f 1117/1/244 1116/1/243 1119/1/245
f 1116/1/243 1117/1/244 1110/1/236
f 1116/1/243 1115/1/242 1118/1/246
f 1118/1/246 1119/1/245 1116/1/243
f 1120/1/247 1121/1/248 1119/1/245
f 1119/1/245 1118/1/246 1120/1/247
f 1117/1/244 1119/1/245 1122/1/249
f 1122/1/249 1119/1/245 1121/1/248
f 1125/1/250 1122/1/249 1123/1/251
f 1121/1/248 1123/1/251 1122/1/249
f 1124/1/252 1117/1/244 1122/1/249
f 1124/1/252 1122/1/249 1125/1/250
f 1128/1/253 1125/1/250 1126/1/254
f 1125/1/250 1123/1/251 1126/1/254
f 1125/1/250 1128/1/253 1127/1/255
f 1127/1/255 1124/1/252 1125/1/250
f 1128/1/253 1129/1/256 1130/1/257
f 1128/1/253 1126/1/254 1129/1/256
f 1132/1/258 1127/1/255 1128/1/253
f 1130/1/257 1131/1/259 1128/1/253
f 1128/1/253 1131/1/259 1132/1/258
f 1132/1/258 1134/1/260 1133/1/261
f 1133/1/261 1127/1/255 1132/1/258
f 1134/1/260 1132/1/258 1136/1/262
f 1135/1/263 1136/1/262 1132/1/258
f 1132/1/258 1131/1/259 1135/1/263
f 1137/1/264 1134/1/260 1136/1/262
f 1137/1/264 1136/1/262 1138/1/265
f 1136/1/262 1135/1/263 1139/1/266
f 1139/1/266 1138/1/265 1136/1/262
f 1138/1/265 1139/1/266 1141/1/267
f 1140/1/268 1139/1/266 1135/1/263
f 1139/1/266 1140/1/268 1142/1/269
f 1141/1/267 1139/1/266 1142/1/269
f 1142/1/269 1144/1/270 1143/1/271
f 1145/1/272 1142/1/269 1143/1/271
f 1141/1/267 1142/1/269 1145/1/272
f 1144/1/270 1142/1/269 1140/1/268
f 1146/1/273 1145/1/272 1147/1/274
f 1146/1/273 1141/1/267 1145/1/272
f 1147/1/274 1145/1/272 1148/1/275
f 1145/1/272 1143/1/271 1148/1/275
f 1148/1/275 1143/1/271 1149/1/276
f 1148/1/275 1149/1/276 1150/1/277
f 1150/1/277 1151/1/278 1148/1/275
f 1147/1/274 1148/1/275 1151/1/278
f 1152/1/279 1151/1/278 1153/1/280
f 1151/1/278 1152/1/279 1147/1/274
f 1153/1/280 1151/1/278 1154/1/281
f 1151/1/278 1150/1/277 1154/1/281
f 1155/1/282 1153/1/280 1154/1/281
f 1154/1/281 1156/1/283 1155/1/282
f 1157/1/284 1156/1/283 1154/1/281
f 1154/1/281 1158/1/285 1157/1/284
f 1154/1/281 1159/1/286 1158/1/285
f 1154/1/281 1150/1/277 1159/1/286
f 1158/1/285 1159/1/286 1161/1/287
f 1160/1/288 1159/1/286 1150/1/277
f 1159/1/286 1160/1/288 1162/1/289
f 1162/1/289 1161/1/287 1159/1/286
f 1160/1/288 1165/1/290 1162/1/289
f 1162/1/289 1164/1/291 1163/1/292
f 1161/1/287 1162/1/289 1163/1/293
f 1162/1/289 1165/1/290 1164/1/291
f 1165/1/290 1167/1/294 1164/1/291
f 1166/1/295 1168/1/296 1165/1/290
f 1160/1/288 1166/1/295 1165/1/290
f 1165/1/290 1168/1/296 1167/1/294
f 1171/1/297 1169/1/298 1168/1/296
f 1168/1/296 1169/1/298 1170/1/299
f 1170/1/299 1167/1/294 1168/1/296
f 1166/1/295 1171/1/297 1168/1/296
f 1171/1/297 1174/1/300 1169/1/298
f 1172/1/301 1173/1/302 1171/1/297
f 1172/1/301 1171/1/297 1166/1/295
f 1174/1/300 1171/1/297 1173/1/302
f 1175/1/303 1174/1/300 1177/1/304
f 1174/1/300 1175/1/303 1176/1/305
f 1176/1/305 1169/1/298 1174/1/300
f 1173/1/302 1177/1/304 1174/1/300
f 1177/1/304 1180/1/306 1178/1/307
f 1178/1/307 1179/1/308 1177/1/304
f 1177/1/304 1179/1/308 1175/1/303
f 1180/1/306 1177/1/304 1173/1/302
f 1181/1/309 1178/1/307 1180/1/306
f 1140/1/268 1180/1/306 1144/1/270
f 1173/1/302 1144/1/270 1180/1/306
f 1180/1/306 1140/1/268 1181/1/309
f 1181/1/309 1130/1/257 1178/1/307
f 1131/1/259 1130/1/257 1181/1/309
f 1181/1/309 1135/1/263 1131/1/259
f 1135/1/263 1181/1/309 1140/1/268
f 1178/1/307 1184/1/310 1179/1/308
f 1179/1/308 1182/1/311 1175/1/303
f 1179/1/308 1183/1/312 1182/1/311
f 1184/1/310 1183/1/312 1179/1/308
f 1183/1/312 1184/1/310 1185/1/313
f 1185/1/313 1184/1/310 1130/1/257
f 1130/1/257 1184/1/310 1178/1/307
f 1129/1/256 1186/1/314 1185/1/313
f 1130/1/257 1129/1/256 1185/1/313
f 1185/1/313 1186/1/314 1188/1/315
f 1185/1/313 1187/1/316 1183/1/312
f 1185/1/313 1188/1/315 1187/1/316
f 1189/1/317 1187/1/316 1188/1/315
f 1188/1/315 1190/1/318 1189/1/317
f 1188/1/315 1191/1/319 1190/1/318
f 1186/1/314 1191/1/319 1188/1/315
f 1186/1/314 1194/1/320 1191/1/319
f 1192/1/321 1191/1/319 1193/1/322
f 1191/1/319 1192/1/321 1190/1/318
f 1194/1/320 1193/1/322 1191/1/319
f 1126/1/254 1123/1/251 1194/1/320
f 1126/1/254 1194/1/320 1186/1/314
f 1123/1/251 1195/1/323 1194/1/320
f 1194/1/320 1195/1/323 1193/1/322
f 1195/1/323 1196/1/324 1197/1/325
f 1196/1/324 1195/1/323 1121/1/248
f 1123/1/251 1121/1/248 1195/1/323
f 1197/1/325 1193/1/322 1195/1/323
f 1097/1/224 1197/1/325 1198/1/326
f 1198/1/326 1197/1/325 1196/1/324
f 1197/1/325 1097/1/224 1199/1/327
f 1199/1/327 1193/1/322 1197/1/325
f 1199/1/327 1098/1/225 1200/1/328
f 1192/1/321 1199/1/327 1200/1/328
f 1098/1/225 1199/1/327 1097/1/224
f 1193/1/322 1199/1/327 1192/1/321
f 1100/1/226 1200/1/328 1098/1/225
f 1200/1/328 1100/1/226 1202/1/329
f 1192/1/321 1200/1/328 1201/1/330
f 1201/1/330 1200/1/328 1202/1/329
f 1201/1/330 1202/1/329 1203/1/331
f 1204/1/332 1203/1/331 1202/1/329
f 1202/1/329 1103/1/230 1204/1/332
f 1202/1/329 1100/1/226 1103/1/230
f 1106/1/232 1204/1/332 1103/1/230
f 1203/1/331 1204/1/332 1205/1/333
f 1204/1/332 1206/1/334 1205/1/333
f 1204/1/332 1106/1/232 1206/1/334
f 1106/1/232 1207/1/335 1206/1/334
f 1209/1/336 1206/1/334 1207/1/335
f 1208/1/337 1205/1/333 1206/1/334
f 1208/1/337 1206/1/334 1209/1/336
f 1212/1/338 1208/1/337 1209/1/336
f 1209/1/336 1207/1/335 1210/1/339
f 1211/1/340 1209/1/336 1210/1/339
f 1209/1/336 1211/1/340 1212/1/338
f 1208/1/337 1212/1/338 1170/1/299
f 1167/1/294 1170/1/299 1212/1/338
f 1213/1/341 1212/1/338 1211/1/340
f 1212/1/338 1213/1/341 1167/1/294
f 1213/1/341 1211/1/340 1215/1/342
f 1164/1/291 1167/1/294 1213/1/341
f 1164/1/291 1213/1/341 1214/1/343
f 1214/1/343 1213/1/341 1215/1/342
f 1214/1/343 1215/1/342 1216/1/344
f 1216/1/344 1215/1/342 1217/1/345
f 1218/1/346 1217/1/345 1215/1/342
f 1215/1/342 1211/1/340 1218/1/346
f 1219/1/347 1218/1/346 1210/1/339
f 1218/1/346 1219/1/347 1220/1/348
f 1210/1/339 1218/1/346 1211/1/340
f 1217/1/345 1218/1/346 1220/1/348
f 1220/1/348 1221/1/349 1222/1/350
f 1220/1/348 1219/1/347 1221/1/349
f 1217/1/345 1220/1/348 1223/1/351
f 1223/1/351 1220/1/348 1222/1/350
f 1224/1/352 1223/1/352 1222/1/350
f 1225/1/352 1223/1/352 1224/1/352
f 1225/1/352 1226/1/352 1223/1/352
f 1226/1/353 1217/1/345 1223/1/351
f 1216/1/292 1226/1/352 1225/1/352
f 1216/1/344 1217/1/345 1226/1/353
f 1225/1/354 1228/1/355 1227/1/356
f 1227/1/356 1230/1/357 1225/1/354
f 1229/1/358 1228/1/355 1225/1/354
f 1225/1/354 1224/1/359 1229/1/358
f 1230/1/292 1216/1/292 1225/1/352
f 1231/1/292 1214/1/343 1230/1/292
f 1232/1/360 1231/1/361 1230/1/357
f 1230/1/357 1227/1/356 1232/1/360
f 1214/1/343 1216/1/292 1230/1/292
f 1231/1/361 1232/1/360 1235/1/362
f 1233/1/363 1235/1/362 1232/1/360
f 1233/1/363 1232/1/360 1234/1/364
f 1234/1/364 1232/1/360 1227/1/356
f 1235/1/362 1163/1/293 1231/1/361
f 1236/1/365 1235/1/362 1233/1/363
f 1163/1/293 1235/1/362 1161/1/287
f 1236/1/365 1161/1/287 1235/1/362
f 1158/1/285 1161/1/287 1236/1/365
f 1158/1/285 1236/1/365 1238/1/366
f 1237/1/367 1238/1/366 1236/1/365
f 1236/1/365 1233/1/363 1237/1/367
f 1238/1/366 1157/1/284 1158/1/285
f 1157/1/284 1238/1/366 1239/1/368
f 1239/1/368 1238/1/366 1237/1/367
f 1239/1/368 1240/1/369 1157/1/284
f 1237/1/367 1241/1/370 1239/1/368
f 1240/1/369 1239/1/368 1242/1/371
f 1242/1/371 1239/1/368 1241/1/370
f 1242/1/371 1241/1/370 1243/1/372
f 1246/1/373 1242/1/371 1243/1/372
f 1244/1/374 1240/1/369 1242/1/371
f 1245/1/375 1244/1/374 1242/1/371
f 1242/1/371 1246/1/373 1245/1/375
f 1243/1/372 1247/1/376 1246/1/373
s 27
f 1245/1/377 1246/1/378 1249/1/379
f 1246/1/378 1247/1/380 1248/1/381
f 1249/1/379 1246/1/378 1248/1/381
f 1252/1/382 1249/1/379 1248/1/381
f 1250/1/383 1245/1/377 1249/1/379
f 1251/1/384 1250/1/383 1249/1/379
f 1249/1/379 1252/1/382 1251/1/384
f 1248/1/381 1256/1/385 1252/1/382
s 28
f 1253/1/386 1251/1/387 1252/1/388
f 1253/1/386 1252/1/388 1254/1/389
f 1254/1/389 1252/1/388 1255/1/390
f 1252/1/388 1256/1/391 1255/1/390
s 27
f 1257/1/392 1256/1/385 1248/1/381
s 28
f 1255/1/390 1256/1/391 1257/1/393
s 27
f 1248/1/381 1258/1/394 1257/1/392
f 1260/1/395 1257/1/392 1258/1/394
s 28
f 1255/1/390 1257/1/393 1259/1/396
f 1259/1/396 1257/1/393 1260/1/397
s 27
f 1258/1/394 1261/1/398 1260/1/395
f 1263/1/399 1260/1/395 1261/1/398
s 28
f 1259/1/396 1260/1/397 1262/1/400
f 1262/1/400 1260/1/397 1264/1/401
f 1260/1/397 1263/1/402 1264/1/401
f 1265/1/176 1262/1/400 1264/1/401
f 1265/1/176 1264/1/401 1266/1/403
f 1266/1/403 1264/1/401 1267/1/404
f 1264/1/401 1263/1/402 1267/1/404
f 1267/1/404 1268/1/405 1266/1/403
f 1268/1/405 1267/1/404 1269/1/406
f 1267/1/404 1270/1/407 1269/1/406
f 1267/1/404 1271/1/408 1270/1/407
f 1263/1/402 1271/1/408 1267/1/404
s 27
f 1275/1/409 1272/1/410 1271/1/411
s 28
f 1271/1/408 1272/1/412 1270/1/407
s 27
f 1271/1/411 1263/1/399 1273/1/413
f 1273/1/413 1274/1/414 1271/1/411
f 1271/1/411 1274/1/414 1275/1/409
f 1274/1/414 1276/1/415 1275/1/409
f 1275/1/409 1276/1/415 1277/1/416
f 1275/1/409 1277/1/416 1278/1/417
f 1278/1/417 1272/1/410 1275/1/409
s 28
f 1272/1/412 1278/1/418 1280/1/419
s 27
f 1279/1/420 1278/1/417 1277/1/416
s 28
f 1280/1/419 1278/1/418 1279/1/421
f 1269/1/406 1270/1/407 1280/1/419
f 1269/1/406 1280/1/419 1281/1/10
f 1282/1/422 1281/1/10 1280/1/419
f 1270/1/407 1272/1/412 1280/1/419
f 1280/1/419 1283/1/423 1282/1/422
f 1280/1/419 1279/1/421 1283/1/423
f 1282/1/422 1283/1/423 1284/1/424
f 1283/1/423 1285/1/425 1284/1/424
f 1283/1/423 1279/1/421 1285/1/425
f 1284/1/424 1285/1/425 1288/1/426
s 27
f 1286/1/427 1285/1/428 1279/1/420
f 1285/1/428 1286/1/427 1287/1/429
f 1287/1/429 1288/1/430 1285/1/428
s 28
f 1284/1/424 1288/1/426 1289/1/431
s 27
f 1288/1/430 1287/1/429 1250/1/383
f 1250/1/383 1251/1/384 1288/1/430
s 28
f 1289/1/431 1288/1/426 1251/1/387
f 1290/1/432 1289/1/431 1291/1/180
f 1284/1/424 1289/1/431 1290/1/432
f 1289/1/431 1253/1/386 1291/1/180
f 1289/1/431 1251/1/387 1253/1/386
s 29
f 1291/1/5 1293/1/5 1292/1/5
f 1290/1/5 1291/1/5 1292/1/5
s 28
f 1291/1/180 1254/1/389 1293/1/98
f 1291/1/180 1253/1/386 1254/1/389
s 29
f 1293/1/5 1294/1/5 1292/1/5
s 28
f 1293/1/98 1254/1/389 1294/1/15
f 1294/1/15 1259/1/396 1292/1/175
f 1254/1/389 1255/1/390 1294/1/15
f 1294/1/15 1255/1/390 1259/1/396
s 29
f 1295/1/5 1290/1/5 1292/1/5
f 1282/1/5 1295/1/5 1292/1/5
f 1281/1/5 1282/1/5 1292/1/5
f 1269/1/5 1281/1/5 1292/1/5
f 1269/1/5 1292/1/5 1265/1/5
s 28
f 1292/1/175 1259/1/396 1265/1/176
f 1282/1/422 1284/1/424 1295/1/433
f 1290/1/432 1295/1/433 1284/1/424
s 27
f 1286/1/427 1296/1/434 1287/1/429
f 1296/1/434 1297/1/435 1287/1/429
f 1287/1/429 1297/1/435 1250/1/383
s 25
f 1297/1/436 1298/1/437 1244/1/374
f 1298/1/437 1297/1/436 1296/1/438
f 1244/1/374 1245/1/375 1297/1/436
s 27
f 1297/1/435 1245/1/377 1250/1/383
s 25
f 1299/1/439 1300/1/440 1298/1/437
f 1296/1/438 1299/1/439 1298/1/437
f 1300/1/440 1301/1/441 1298/1/437
f 1298/1/437 1240/1/369 1244/1/374
f 1298/1/437 1301/1/441 1240/1/369
f 1157/1/284 1240/1/369 1301/1/441
f 1301/1/441 1156/1/283 1157/1/284
f 1156/1/283 1301/1/441 1300/1/440
f 1155/1/282 1300/1/440 1302/1/442
f 1303/1/443 1302/1/442 1300/1/440
f 1303/1/443 1300/1/440 1299/1/439
f 1300/1/440 1155/1/282 1156/1/283
f 1304/1/444 1305/1/445 1303/1/443
f 1304/1/444 1303/1/443 1306/1/446
f 1305/1/445 1302/1/442 1303/1/443
f 1306/1/446 1303/1/443 1299/1/439
f 1306/1/446 1307/1/447 1304/1/444
s 27
f 1277/1/416 1307/1/448 1306/1/449
s 25
f 1299/1/439 1296/1/438 1306/1/446
s 27
f 1306/1/449 1296/1/434 1286/1/427
f 1277/1/416 1306/1/449 1308/1/450
f 1308/1/450 1306/1/449 1286/1/427
f 1277/1/416 1308/1/450 1279/1/420
f 1279/1/420 1308/1/450 1286/1/427
s 25
f 1304/1/444 1307/1/447 1276/1/451
s 27
f 1276/1/415 1307/1/448 1277/1/416
s 25
f 1312/1/452 1305/1/445 1309/1/453
f 1311/1/454 1309/1/453 1305/1/445
f 1310/1/455 1302/1/442 1305/1/445
f 1305/1/445 1312/1/452 1310/1/455
f 1311/1/454 1305/1/445 1304/1/444
f 1314/1/456 1312/1/452 1313/1/457
f 1309/1/453 1313/1/457 1312/1/452
f 1312/1/452 1314/1/456 1315/1/458
f 1315/1/458 1310/1/455 1312/1/452
f 1316/1/459 1152/1/279 1315/1/458
f 1314/1/456 1316/1/459 1315/1/458
f 1310/1/455 1315/1/458 1153/1/280
f 1315/1/458 1152/1/279 1153/1/280
f 1316/1/459 1318/1/460 1317/1/461
f 1317/1/461 1319/1/462 1316/1/459
f 1318/1/460 1316/1/459 1314/1/456
f 1152/1/279 1316/1/459 1319/1/462
f 1317/1/292 1146/1/273 1319/1/292
f 1319/1/292 1146/1/273 1147/1/274
f 1319/1/462 1147/1/274 1152/1/279
f 1318/1/460 1229/1/358 1224/1/359
f 1229/1/358 1318/1/460 1320/1/463
f 1320/1/463 1318/1/460 1314/1/456
f 1224/1/359 1317/1/461 1318/1/460
f 1321/1/464 1229/1/358 1320/1/463
f 1320/1/463 1313/1/457 1322/1/465
f 1313/1/457 1320/1/463 1314/1/456
f 1322/1/465 1321/1/464 1320/1/463
f 1321/1/464 1322/1/465 1323/1/466
f 1323/1/466 1322/1/465 1324/1/467
f 1322/1/465 1313/1/457 1309/1/453
f 1309/1/453 1324/1/467 1322/1/465
f 1324/1/467 1309/1/453 1311/1/454
f 1324/1/467 1325/1/468 1323/1/466
f 1326/1/469 1325/1/468 1324/1/467
f 1326/1/469 1324/1/467 1327/1/470
f 1327/1/470 1324/1/467 1311/1/454
f 1326/1/469 1327/1/470 1328/1/471
f 1327/1/470 1311/1/454 1276/1/451
f 1276/1/451 1328/1/471 1327/1/470
s 27
f 1274/1/414 1328/1/472 1276/1/415
s 25
f 1328/1/471 1329/1/473 1326/1/469
s 27
f 1273/1/413 1329/1/474 1328/1/472
f 1273/1/413 1328/1/472 1274/1/414
f 1261/1/398 1331/1/475 1329/1/474
f 1261/1/398 1329/1/474 1273/1/413
s 25
f 1329/1/473 1331/1/476 1330/1/477
f 1330/1/477 1326/1/469 1329/1/473
f 1331/1/476 1333/1/478 1332/1/479
f 1332/1/479 1330/1/477 1331/1/476
s 27
f 1258/1/394 1333/1/480 1331/1/475
f 1258/1/394 1331/1/475 1261/1/398
s 25
f 1333/1/478 1247/1/376 1243/1/372
f 1243/1/372 1332/1/479 1333/1/478
s 27
f 1248/1/381 1247/1/380 1333/1/480
f 1248/1/381 1333/1/480 1258/1/394
s 25
f 1243/1/372 1241/1/370 1332/1/479
f 1332/1/479 1335/1/481 1330/1/477
f 1241/1/370 1334/1/482 1332/1/479
f 1332/1/479 1334/1/482 1335/1/481
f 1337/1/483 1336/1/484 1335/1/481
f 1325/1/468 1335/1/481 1336/1/484
f 1335/1/481 1334/1/482 1337/1/483
f 1335/1/481 1325/1/468 1326/1/469
f 1330/1/477 1335/1/481 1326/1/469
f 1337/1/483 1237/1/367 1233/1/363
f 1237/1/367 1337/1/483 1334/1/482
f 1233/1/363 1234/1/364 1337/1/483
f 1336/1/484 1337/1/483 1234/1/364
f 1323/1/466 1336/1/484 1338/1/485
f 1234/1/364 1338/1/485 1336/1/484
f 1336/1/484 1323/1/466 1325/1/468
f 1234/1/364 1227/1/356 1338/1/485
f 1338/1/485 1227/1/356 1228/1/355
f 1338/1/485 1339/1/486 1323/1/466
f 1338/1/485 1228/1/355 1339/1/486
f 1323/1/466 1339/1/486 1321/1/464
f 1339/1/486 1228/1/355 1321/1/464
f 1334/1/482 1241/1/370 1237/1/367
f 1228/1/355 1229/1/358 1321/1/464
f 1317/1/292 1222/1/350 1146/1/273
f 1224/1/352 1222/1/350 1317/1/292
f 1276/1/451 1311/1/454 1304/1/444
f 1153/1/280 1155/1/282 1310/1/455
f 1302/1/442 1310/1/455 1155/1/282
s 27
f 1261/1/398 1273/1/413 1263/1/399
s 29
f 1269/1/5 1265/1/5 1266/1/5
f 1266/1/5 1268/1/5 1269/1/5
s 28
f 1259/1/396 1262/1/400 1265/1/176
s 25
f 1163/1/292 1164/1/291 1231/1/292
f 1164/1/291 1214/1/343 1231/1/292
f 1222/1/350 1221/1/349 1146/1/273
f 1219/1/347 1138/1/265 1221/1/349
f 1141/1/267 1221/1/349 1138/1/265
f 1221/1/349 1141/1/267 1146/1/273
f 1138/1/265 1219/1/347 1137/1/264
f 1210/1/339 1137/1/264 1219/1/347
f 1210/1/339 1207/1/335 1137/1/264
f 1205/1/333 1208/1/337 1340/1/487
f 1170/1/299 1340/1/487 1208/1/337
f 1341/1/488 1340/1/487 1176/1/305
f 1340/1/487 1341/1/488 1205/1/333
f 1169/1/298 1176/1/305 1340/1/487
f 1340/1/487 1170/1/299 1169/1/298
f 1176/1/305 1343/1/489 1341/1/488
f 1342/1/490 1203/1/331 1341/1/488
f 1342/1/490 1341/1/488 1343/1/489
f 1203/1/331 1205/1/333 1341/1/488
f 1342/1/490 1343/1/489 1182/1/311
f 1175/1/303 1182/1/311 1343/1/489
f 1343/1/489 1176/1/305 1175/1/303
f 1342/1/490 1201/1/330 1203/1/331
f 1190/1/318 1201/1/330 1342/1/490
f 1189/1/317 1342/1/490 1182/1/311
f 1189/1/317 1190/1/318 1342/1/490
f 1207/1/335 1107/1/233 1133/1/261
f 1133/1/261 1134/1/260 1207/1/335
f 1207/1/335 1134/1/260 1137/1/264
f 1106/1/232 1107/1/233 1207/1/335
f 1190/1/318 1192/1/321 1201/1/330
f 1344/1/491 1081/1/207 1198/1/326
f 1198/1/326 1081/1/207 1095/1/221
f 1196/1/324 1344/1/491 1198/1/326
f 1198/1/326 1095/1/221 1097/1/224
f 1344/1/491 1083/1/208 1081/1/207
f 1345/1/492 1083/1/208 1344/1/491
f 1120/1/247 1345/1/492 1344/1/491
f 1344/1/491 1196/1/324 1120/1/247
f 1346/1/493 1347/1/494 1345/1/492
f 1118/1/246 1346/1/143 1345/1/492
f 1345/1/492 1120/1/247 1118/1/246
f 1345/1/492 1347/1/494 1083/1/208
f 1082/1/209 1083/1/208 1347/1/494
f 1347/1/494 1348/1/495 1082/1/209
f 1348/1/495 1347/1/494 1349/1/496
f 1346/1/493 1349/1/496 1347/1/494
f 1351/1/497 1349/1/496 1346/1/493
f 1350/1/498 1349/1/496 1030/1/146
f 1349/1/496 1350/1/498 1348/1/495
f 1351/1/497 1030/1/146 1349/1/496
f 1351/1/143 1346/1/143 1118/1/246
f 1025/1/142 1030/1/146 1351/1/497
f 1025/1/144 1351/1/143 1115/1/242
f 1118/1/246 1115/1/242 1351/1/143
f 1034/1/150 1352/1/499 1350/1/498
f 1031/1/145 1034/1/150 1350/1/498
f 1350/1/498 1352/1/499 1348/1/495
f 1030/1/146 1031/1/145 1350/1/498
f 1352/1/499 1354/1/500 1353/1/501
f 1352/1/499 1353/1/501 1348/1/495
f 1034/1/150 1354/1/500 1352/1/499
f 1355/1/502 1357/1/503 1354/1/500
f 1354/1/500 1356/1/504 1355/1/502
f 1354/1/500 1037/1/152 1036/1/151
f 1036/1/151 1356/1/504 1354/1/500
f 1354/1/500 1357/1/503 1353/1/501
f 1034/1/150 1037/1/152 1354/1/500
f 1075/1/200 1357/1/503 1355/1/502
f 1357/1/503 1075/1/200 1079/1/204
f 1353/1/501 1357/1/503 1079/1/204
f 1356/1/504 1359/1/505 1355/1/502
f 1036/1/151 1358/1/506 1356/1/504
f 1356/1/504 1358/1/506 1359/1/505
s 24
f 1360/1/507 1068/1/191 1359/1/508
f 1359/1/508 1068/1/191 1069/1/193
f 1069/1/193 1071/1/195 1359/1/508
s 25
f 1355/1/502 1359/1/505 1071/1/197
s 24
f 1359/1/508 1358/1/509 1360/1/507
f 1360/1/507 1067/1/192 1068/1/191
f 1361/1/510 1362/1/511 1360/1/507
f 1041/1/159 1361/1/510 1360/1/507
f 1360/1/507 1358/1/509 1041/1/159
f 1360/1/507 1362/1/511 1067/1/192
s 23
f 1067/1/186 1362/1/512 1364/1/513
f 1364/1/513 1362/1/512 1363/1/514
s 24
f 1361/1/510 1363/1/515 1362/1/511
s 23
f 1064/1/184 1364/1/513 1366/1/10
f 1364/1/513 1064/1/184 1067/1/186
f 1365/1/516 1366/1/10 1364/1/513
f 1363/1/514 1365/1/516 1364/1/513
f 1366/1/10 1367/1/422 1064/1/184
s 26
f 1367/1/24 1366/1/24 1368/1/24
s 23
f 1365/1/516 1368/1/406 1366/1/10
s 26
f 1368/1/24 1057/1/24 1367/1/24
s 23
f 1057/1/177 1368/1/406 1365/1/516
f 1064/1/184 1367/1/422 1059/1/183
s 26
f 1057/1/24 1059/1/24 1367/1/24
s 23
f 1365/1/516 1056/1/178 1057/1/177
f 1045/1/517 1056/1/178 1365/1/516
f 1365/1/516 1363/1/514 1045/1/517
s 24
f 1045/1/163 1363/1/515 1361/1/510
f 1042/1/160 1045/1/163 1361/1/510
f 1042/1/160 1361/1/510 1041/1/159
s 25
f 1036/1/151 1041/1/161 1358/1/506
f 1355/1/502 1071/1/197 1074/1/199
f 1355/1/502 1074/1/199 1075/1/200
f 1353/1/501 1079/1/204 1082/1/209
f 1348/1/495 1353/1/501 1082/1/209
f 1121/1/248 1120/1/247 1196/1/324
f 1187/1/316 1189/1/317 1183/1/312
f 1189/1/317 1182/1/311 1183/1/312
f 1129/1/256 1126/1/254 1186/1/314
f 1144/1/270 1173/1/302 1172/1/301
f 1149/1/276 1172/1/301 1166/1/295
f 1143/1/271 1172/1/301 1149/1/276
f 1143/1/271 1144/1/270 1172/1/301
f 1149/1/276 1166/1/295 1160/1/288
f 1150/1/277 1149/1/276 1160/1/288
f 1107/1/233 1109/1/235 1133/1/261
f 1133/1/261 1109/1/235 1124/1/252
f 1133/1/261 1124/1/252 1127/1/255
f 1109/1/235 1117/1/244 1124/1/252
f 1109/1/235 1110/1/236 1117/1/244
f 1115/1/242 1026/1/143 1025/1/144
f 1113/1/239 1112/1/238 1028/1/518
f 1113/1/239 1027/1/519 1026/1/241
f 1028/1/518 1027/1/519 1113/1/239
f 1112/1/238 1101/1/228 1369/1/520
f 1101/1/228 1112/1/238 1104/1/229
f 1369/1/520 1028/1/518 1112/1/238
f 1091/1/220 1369/1/520 1093/1/219
f 1369/1/520 1091/1/220 1023/1/144
f 1093/1/219 1369/1/520 1101/1/228
f 1023/1/144 1028/1/144 1369/1/520
f 1081/1/207 1084/1/206 1095/1/221
f 1091/1/217 1022/1/139 1023/1/140
f 1078/1/203 1002/1/119 1003/1/120
s 23
f 989/1/100 991/1/101 1066/1/187
f 1066/1/187 1062/1/181 989/1/100
f 1058/1/179 1056/1/178 1045/1/517
f 1048/1/167 1058/1/179 1044/1/169
f 1045/1/517 1044/1/169 1058/1/179
f 988/1/98 1053/1/15 987/1/96
f 1049/1/170 992/1/105 987/1/96
s 24
f 993/1/107 992/1/106 1049/1/172
f 1040/1/156 1010/1/174 1046/1/165
s 25
f 1009/1/126 1040/1/158 1012/1/128
f 1009/1/126 1010/1/125 1040/1/158
f 1005/1/121 1006/1/122 1016/1/133
s 24
f 1008/1/173 998/1/114 993/1/107
s 25
f 999/1/116 998/1/115 1008/1/124
s 30
f 1371/1/521 1370/1/522 1372/1/523
f 1376/1/524 1370/1/522 1371/1/521
f 1373/1/9 1372/1/523 1370/1/522
f 1374/1/181 1373/1/9 1370/1/522
f 1375/1/187 1374/1/181 1370/1/522
f 1370/1/522 1376/1/524 1375/1/187
f 1371/1/521 1377/1/525 1376/1/524
s 31
f 1376/1/526 1377/1/103 1378/1/527
f 1375/1/528 1376/1/526 1379/1/529
f 1379/1/529 1376/1/526 1378/1/527
f 1380/1/530 1375/1/528 1379/1/529
f 1382/1/531 1379/1/529 1378/1/527
f 1381/1/194 1380/1/530 1379/1/529
f 1379/1/529 1382/1/531 1381/1/194
f 1378/1/527 1383/1/532 1382/1/531
s 32
f 1382/1/111 1383/1/112 1384/1/533
f 1381/1/196 1382/1/111 1385/1/117
f 1385/1/117 1382/1/111 1384/1/533
f 1386/1/534 1381/1/196 1385/1/117
f 1387/1/535 1385/1/117 1384/1/533
f 1386/1/534 1385/1/117 1387/1/535
f 1384/1/533 1388/1/536 1387/1/535
f 1390/1/203 1387/1/535 1388/1/536
f 1387/1/535 1389/1/537 1386/1/534
f 1391/1/202 1389/1/537 1387/1/535
f 1391/1/202 1387/1/535 1390/1/203
f 1392/1/538 1389/1/537 1391/1/202
f 1394/1/539 1391/1/202 1390/1/203
f 1393/1/204 1392/1/538 1391/1/202
f 1393/1/204 1391/1/202 1394/1/539
f 1394/1/539 1395/1/207 1396/1/208
f 1398/1/206 1395/1/207 1394/1/539
f 1396/1/208 1397/1/540 1394/1/539
f 1397/1/540 1393/1/204 1394/1/539
f 1394/1/539 1390/1/203 1399/1/210
f 1394/1/539 1399/1/210 1398/1/206
f 1400/1/211 1398/1/206 1399/1/210
f 1399/1/210 1401/1/212 1400/1/211
f 1399/1/210 1402/1/541 1401/1/212
f 1399/1/210 1390/1/203 1402/1/541
f 1390/1/203 1388/1/536 1402/1/541
f 1402/1/541 1388/1/536 1403/1/542
f 1402/1/541 1403/1/542 1404/1/543
f 1401/1/212 1402/1/541 1404/1/543
f 1404/1/543 1403/1/542 1405/1/544
f 1406/1/545 1404/1/543 1405/1/544
f 1401/1/212 1404/1/543 1406/1/545
f 1408/1/139 1407/1/214 1406/1/545
f 1401/1/212 1406/1/545 1407/1/214
f 1406/1/545 1405/1/544 1409/1/134
f 1406/1/545 1409/1/134 1408/1/139
f 1409/1/134 1410/1/132 1412/1/136
f 1409/1/134 1411/1/546 1410/1/132
f 1412/1/136 1408/1/139 1409/1/134
f 1409/1/134 1405/1/544 1411/1/546
f 1412/1/136 1414/1/135 1413/1/138
f 1415/1/140 1412/1/136 1413/1/138
f 1414/1/135 1412/1/136 1410/1/132
f 1408/1/139 1412/1/136 1415/1/140
f 1418/1/144 1415/1/144 1413/1/143
f 1416/1/217 1408/1/139 1415/1/140
f 1417/1/547 1416/1/143 1415/1/144
f 1415/1/144 1418/1/144 1417/1/547
f 1417/1/547 1418/1/548 1420/1/238
f 1413/1/143 1419/1/143 1418/1/144
f 1418/1/548 1419/1/519 1421/1/239
f 1421/1/239 1420/1/238 1418/1/548
f 1420/1/238 1421/1/239 1422/1/237
f 1422/1/237 1421/1/239 1423/1/240
f 1424/1/241 1423/1/240 1421/1/239
f 1421/1/239 1419/1/519 1424/1/241
f 1413/1/143 1425/1/143 1424/1/143
f 1426/1/242 1424/1/143 1425/1/143
f 1424/1/143 1419/1/143 1413/1/143
f 1423/1/240 1424/1/241 1426/1/242
f 1425/1/143 1428/1/143 1426/1/242
f 1427/1/246 1426/1/242 1428/1/143
f 1429/1/549 1426/1/242 1427/1/246
f 1426/1/242 1429/1/549 1423/1/240
f 1427/1/246 1431/1/550 1429/1/549
f 1429/1/549 1432/1/244 1430/1/236
f 1430/1/236 1423/1/240 1429/1/549
f 1432/1/244 1429/1/549 1431/1/550
f 1433/1/235 1430/1/236 1432/1/244
f 1433/1/235 1432/1/244 1434/1/252
f 1434/1/252 1432/1/244 1435/1/249
f 1432/1/244 1431/1/550 1435/1/249
f 1434/1/252 1435/1/249 1436/1/250
f 1436/1/250 1435/1/249 1437/1/251
f 1438/1/248 1437/1/251 1435/1/249
f 1435/1/249 1431/1/550 1438/1/248
f 1438/1/248 1439/1/247 1441/1/324
f 1439/1/247 1438/1/248 1431/1/550
f 1441/1/324 1440/1/323 1438/1/248
f 1437/1/251 1438/1/248 1440/1/323
f 1442/1/326 1444/1/551 1441/1/324
f 1441/1/324 1443/1/491 1442/1/326
f 1443/1/491 1441/1/324 1439/1/247
f 1440/1/323 1441/1/324 1444/1/551
f 1445/1/224 1444/1/551 1442/1/326
f 1444/1/551 1445/1/224 1446/1/327
f 1446/1/327 1447/1/322 1444/1/551
f 1444/1/551 1447/1/322 1440/1/323
f 1448/1/321 1449/1/319 1447/1/322
f 1447/1/322 1446/1/327 1448/1/321
f 1450/1/320 1447/1/322 1449/1/319
f 1450/1/320 1440/1/323 1447/1/322
f 1451/1/254 1437/1/251 1450/1/320
f 1451/1/254 1450/1/320 1452/1/314
f 1452/1/314 1450/1/320 1449/1/319
f 1440/1/323 1450/1/320 1437/1/251
f 1453/1/552 1452/1/314 1454/1/315
f 1455/1/553 1452/1/314 1453/1/552
f 1452/1/314 1449/1/319 1454/1/315
f 1455/1/553 1451/1/254 1452/1/314
f 1456/1/554 1451/1/254 1455/1/553
f 1459/1/555 1456/1/554 1455/1/553
f 1457/1/556 1458/1/557 1455/1/553
f 1455/1/553 1453/1/552 1457/1/556
f 1455/1/553 1458/1/557 1459/1/555
f 1456/1/554 1459/1/555 1460/1/258
f 1459/1/555 1458/1/557 1461/1/309
f 1460/1/258 1459/1/555 1462/1/263
f 1461/1/309 1462/1/263 1459/1/555
f 1462/1/263 1463/1/262 1460/1/258
f 1463/1/262 1462/1/263 1464/1/266
f 1462/1/263 1461/1/309 1465/1/268
f 1465/1/268 1464/1/266 1462/1/263
f 1466/1/306 1465/1/268 1461/1/309
f 1464/1/266 1465/1/268 1467/1/269
f 1465/1/268 1466/1/306 1468/1/270
f 1468/1/270 1467/1/269 1465/1/268
f 1468/1/270 1466/1/306 1469/1/302
f 1468/1/270 1469/1/302 1471/1/301
f 1467/1/269 1468/1/270 1470/1/271
f 1470/1/271 1468/1/270 1471/1/301
f 1471/1/301 1469/1/302 1472/1/558
f 1471/1/301 1472/1/558 1473/1/295
f 1474/1/559 1471/1/301 1473/1/295
f 1470/1/271 1471/1/301 1474/1/559
f 1474/1/559 1473/1/295 1476/1/560
f 1475/1/275 1470/1/271 1474/1/559
f 1475/1/275 1474/1/559 1477/1/277
f 1477/1/277 1474/1/559 1476/1/560
f 1476/1/560 1480/1/286 1477/1/277
f 1478/1/278 1477/1/277 1479/1/281
f 1477/1/277 1478/1/278 1475/1/275
f 1479/1/281 1477/1/277 1480/1/286
f 1480/1/286 1476/1/560 1481/1/289
f 1481/1/289 1483/1/287 1480/1/286
f 1479/1/281 1480/1/286 1482/1/285
f 1482/1/285 1480/1/286 1483/1/287
f 1484/1/293 1485/1/362 1483/1/287
f 1483/1/287 1481/1/289 1484/1/293
f 1486/1/561 1483/1/287 1485/1/362
f 1482/1/285 1483/1/287 1486/1/561
f 1486/1/561 1487/1/562 1489/1/367
f 1486/1/561 1485/1/362 1487/1/562
f 1482/1/285 1486/1/561 1488/1/563
f 1489/1/367 1488/1/563 1486/1/561
f 1492/1/564 1488/1/563 1489/1/367
f 1493/1/565 1489/1/367 1487/1/562
f 1490/1/566 1491/1/567 1489/1/367
f 1489/1/367 1493/1/565 1490/1/566
f 1489/1/367 1491/1/567 1492/1/564
f 1487/1/562 1494/1/364 1493/1/565
f 1495/1/568 1493/1/565 1494/1/364
f 1493/1/565 1495/1/568 1496/1/569
f 1496/1/569 1490/1/566 1493/1/565
f 1500/1/570 1497/1/571 1496/1/569
f 1499/1/572 1496/1/569 1497/1/571
f 1496/1/569 1495/1/568 1500/1/570
f 1498/1/573 1490/1/566 1496/1/569
f 1498/1/573 1496/1/569 1499/1/572
f 1500/1/570 1495/1/568 1505/1/574
f 1500/1/570 1501/1/575 1503/1/464
f 1505/1/574 1501/1/575 1500/1/570
f 1503/1/464 1502/1/465 1500/1/570
f 1500/1/570 1502/1/465 1504/1/576
f 1504/1/576 1497/1/571 1500/1/570
f 1494/1/364 1505/1/574 1495/1/568
f 1494/1/364 1507/1/577 1505/1/574
f 1505/1/574 1507/1/577 1506/1/355
f 1505/1/574 1506/1/355 1501/1/575
f 1510/1/354 1506/1/355 1507/1/577
f 1508/1/357 1507/1/577 1509/1/578
f 1507/1/577 1508/1/357 1510/1/354
f 1494/1/364 1509/1/578 1507/1/577
f 1511/1/292 1512/1/352 1510/1/352
f 1508/1/292 1511/1/292 1510/1/352
f 1510/1/352 1512/1/352 1513/1/352
f 1510/1/352 1513/1/352 1514/1/352
f 1510/1/354 1514/1/359 1515/1/358
f 1515/1/358 1506/1/355 1510/1/354
f 1506/1/355 1515/1/358 1503/1/464
f 1503/1/464 1515/1/358 1516/1/463
f 1515/1/358 1517/1/460 1516/1/463
f 1517/1/460 1515/1/358 1514/1/359
f 1519/1/459 1517/1/460 1518/1/461
f 1514/1/359 1518/1/461 1517/1/460
f 1516/1/463 1517/1/460 1520/1/579
f 1517/1/460 1519/1/459 1520/1/579
f 1520/1/579 1522/1/580 1521/1/581
f 1521/1/581 1516/1/463 1520/1/579
f 1522/1/580 1520/1/579 1523/1/582
f 1520/1/579 1519/1/459 1523/1/582
f 1523/1/582 1525/1/455 1522/1/580
f 1519/1/459 1524/1/583 1523/1/582
f 1523/1/582 1524/1/583 1526/1/280
f 1525/1/455 1523/1/582 1526/1/280
f 1524/1/583 1478/1/278 1526/1/280
f 1526/1/280 1527/1/282 1525/1/455
f 1527/1/282 1526/1/280 1479/1/281
f 1526/1/280 1478/1/278 1479/1/281
f 1479/1/281 1528/1/584 1527/1/282
f 1529/1/585 1527/1/282 1528/1/584
f 1527/1/282 1529/1/585 1530/1/586
f 1530/1/586 1525/1/455 1527/1/282
f 1525/1/455 1530/1/586 1531/1/587
f 1534/1/588 1531/1/587 1530/1/586
f 1530/1/586 1529/1/585 1532/1/589
f 1533/1/590 1530/1/586 1532/1/589
f 1534/1/588 1530/1/586 1533/1/590
f 1535/1/591 1531/1/587 1534/1/588
f 1536/1/592 1535/1/591 1534/1/588
f 1536/1/592 1534/1/588 1538/1/593
f 1534/1/588 1533/1/590 1537/1/594
f 1537/1/594 1538/1/593 1534/1/588
f 1538/1/593 1539/1/595 1536/1/592
s 33
f 1540/1/596 1539/1/597 1538/1/448
f 1538/1/448 1537/1/598 1542/1/599
f 1540/1/596 1538/1/448 1541/1/600
f 1541/1/600 1538/1/448 1542/1/599
f 1542/1/599 1537/1/598 1543/1/427
f 1541/1/600 1542/1/599 1544/1/420
f 1544/1/420 1542/1/599 1543/1/427
f 1544/1/420 1545/1/601 1541/1/600
s 34
f 1547/1/602 1545/1/603 1544/1/604
s 33
f 1543/1/427 1546/1/428 1544/1/420
s 34
f 1548/1/605 1544/1/604 1546/1/425
f 1547/1/602 1544/1/604 1548/1/605
f 1549/1/10 1547/1/602 1548/1/605
f 1549/1/10 1548/1/605 1550/1/422
f 1551/1/433 1550/1/422 1548/1/605
f 1548/1/605 1552/1/606 1551/1/433
f 1548/1/605 1546/1/425 1552/1/606
f 1551/1/433 1552/1/606 1553/1/607
f 1552/1/606 1554/1/426 1553/1/607
f 1552/1/606 1546/1/425 1554/1/426
s 33
f 1555/1/383 1557/1/608 1554/1/609
f 1554/1/609 1556/1/429 1555/1/383
s 34
f 1553/1/607 1554/1/426 1557/1/610
s 33
f 1556/1/429 1554/1/609 1546/1/428
f 1557/1/608 1555/1/383 1559/1/379
f 1559/1/379 1558/1/382 1557/1/608
s 34
f 1557/1/610 1558/1/611 1561/1/612
f 1553/1/607 1557/1/610 1560/1/613
f 1560/1/613 1557/1/610 1561/1/612
f 1562/1/15 1564/1/614 1561/1/612
f 1561/1/612 1563/1/615 1562/1/15
f 1561/1/612 1558/1/611 1563/1/615
f 1560/1/613 1561/1/612 1564/1/614
s 35
f 1565/1/5 1564/1/5 1562/1/5
f 1565/1/5 1566/1/5 1564/1/5
s 34
f 1564/1/614 1566/1/180 1560/1/613
f 1567/1/616 1560/1/613 1566/1/180
s 35
f 1565/1/5 1567/1/5 1566/1/5
s 34
f 1553/1/607 1567/1/616 1551/1/433
s 35
f 1565/1/5 1551/1/5 1567/1/5
s 34
f 1567/1/616 1553/1/607 1560/1/613
s 35
f 1565/1/5 1562/1/5 1570/1/5
s 34
f 1568/1/405 1569/1/617 1565/1/406
s 35
f 1572/1/5 1568/1/5 1565/1/5
s 34
f 1565/1/406 1569/1/617 1549/1/10
s 35
f 1565/1/5 1549/1/618 1550/1/5
f 1565/1/5 1550/1/5 1551/1/5
f 1565/1/5 1570/1/5 1571/1/5
f 1565/1/5 1571/1/5 1572/1/5
s 34
f 1571/1/176 1573/1/619 1572/1/620
f 1573/1/619 1574/1/621 1572/1/620
f 1568/1/405 1572/1/620 1574/1/621
f 1573/1/619 1577/1/622 1574/1/621
f 1574/1/621 1575/1/623 1568/1/405
f 1574/1/621 1576/1/402 1575/1/623
f 1577/1/622 1576/1/402 1574/1/621
s 33
f 1576/1/399 1577/1/395 1580/1/398
f 1577/1/395 1581/1/392 1578/1/394
f 1578/1/394 1580/1/398 1577/1/395
s 34
f 1579/1/624 1581/1/625 1577/1/622
f 1579/1/624 1577/1/622 1573/1/619
s 33
f 1581/1/392 1583/1/385 1582/1/626
f 1582/1/626 1578/1/394 1581/1/392
s 34
f 1583/1/627 1581/1/625 1579/1/624
f 1558/1/611 1583/1/627 1563/1/615
f 1563/1/615 1583/1/627 1579/1/624
s 33
f 1582/1/626 1583/1/385 1558/1/382
f 1584/1/378 1585/1/380 1582/1/626
f 1559/1/379 1584/1/378 1582/1/626
f 1558/1/382 1559/1/379 1582/1/626
f 1582/1/626 1586/1/480 1578/1/394
f 1582/1/626 1585/1/380 1586/1/480
s 32
f 1586/1/478 1585/1/376 1587/1/372
f 1587/1/372 1498/1/573 1586/1/478
f 1588/1/476 1586/1/478 1498/1/573
s 33
f 1578/1/394 1586/1/480 1588/1/475
s 32
f 1589/1/473 1588/1/476 1499/1/572
s 33
f 1580/1/398 1588/1/475 1589/1/474
f 1578/1/394 1588/1/475 1580/1/398
s 32
f 1498/1/573 1499/1/572 1588/1/476
f 1590/1/471 1589/1/473 1592/1/628
s 33
f 1591/1/413 1589/1/474 1590/1/472
f 1580/1/398 1589/1/474 1591/1/413
s 32
f 1499/1/572 1592/1/628 1589/1/473
f 1592/1/628 1497/1/571 1504/1/576
f 1499/1/572 1497/1/571 1592/1/628
f 1592/1/628 1504/1/576 1593/1/629
f 1592/1/628 1593/1/629 1590/1/471
f 1593/1/629 1504/1/576 1535/1/591
f 1593/1/629 1535/1/591 1536/1/592
f 1593/1/629 1536/1/592 1539/1/595
f 1539/1/595 1590/1/471 1593/1/629
s 33
f 1591/1/413 1590/1/472 1594/1/630
f 1580/1/398 1591/1/413 1576/1/399
f 1591/1/413 1594/1/630 1595/1/631
f 1595/1/631 1576/1/399 1591/1/413
s 34
f 1575/1/623 1595/1/632 1569/1/617
f 1576/1/402 1595/1/632 1575/1/623
s 33
f 1596/1/633 1595/1/631 1594/1/630
s 34
f 1595/1/632 1596/1/634 1569/1/617
f 1569/1/617 1596/1/634 1545/1/603
s 33
f 1545/1/601 1596/1/633 1540/1/596
f 1594/1/630 1540/1/596 1596/1/633
f 1594/1/630 1590/1/472 1539/1/597
f 1594/1/630 1539/1/597 1540/1/596
s 32
f 1597/1/371 1491/1/567 1587/1/372
f 1584/1/373 1597/1/371 1587/1/372
f 1587/1/372 1491/1/567 1498/1/573
f 1587/1/372 1585/1/376 1584/1/373
f 1598/1/635 1492/1/564 1597/1/371
f 1599/1/636 1598/1/635 1597/1/371
f 1600/1/375 1599/1/636 1597/1/371
f 1597/1/371 1492/1/564 1491/1/567
f 1597/1/371 1584/1/373 1600/1/375
f 1599/1/636 1600/1/375 1601/1/436
s 33
f 1600/1/377 1584/1/378 1559/1/379
f 1555/1/383 1600/1/377 1559/1/379
f 1601/1/435 1600/1/377 1555/1/383
s 32
f 1601/1/436 1602/1/637 1599/1/636
f 1602/1/637 1601/1/436 1603/1/438
s 33
f 1603/1/434 1601/1/435 1556/1/429
f 1556/1/429 1601/1/435 1555/1/383
s 32
f 1603/1/438 1532/1/589 1602/1/637
f 1532/1/589 1603/1/438 1537/1/594
s 33
f 1537/1/598 1603/1/434 1543/1/427
f 1543/1/427 1603/1/434 1556/1/429
s 32
f 1602/1/637 1604/1/638 1599/1/636
f 1529/1/585 1604/1/638 1602/1/637
f 1532/1/589 1529/1/585 1602/1/637
f 1528/1/584 1604/1/638 1529/1/585
f 1598/1/635 1604/1/638 1528/1/584
f 1604/1/638 1598/1/635 1599/1/636
f 1488/1/563 1492/1/564 1598/1/635
f 1598/1/635 1605/1/639 1488/1/563
f 1528/1/584 1605/1/639 1598/1/635
f 1605/1/639 1528/1/584 1479/1/281
f 1479/1/281 1482/1/285 1605/1/639
f 1488/1/563 1605/1/639 1482/1/285
s 34
f 1579/1/624 1570/1/640 1562/1/15
f 1562/1/15 1563/1/615 1579/1/624
f 1570/1/640 1579/1/624 1573/1/619
f 1568/1/405 1575/1/623 1569/1/617
f 1570/1/640 1573/1/619 1571/1/176
f 1569/1/617 1547/1/602 1549/1/10
f 1569/1/617 1545/1/603 1547/1/602
s 33
f 1546/1/428 1543/1/427 1556/1/429
f 1540/1/596 1541/1/600 1545/1/601
s 32
f 1537/1/594 1533/1/590 1532/1/589
f 1502/1/465 1521/1/581 1535/1/591
f 1531/1/587 1535/1/591 1521/1/581
f 1535/1/591 1504/1/576 1502/1/465
f 1521/1/581 1522/1/580 1531/1/587
f 1531/1/587 1522/1/580 1525/1/455
f 1524/1/583 1519/1/459 1606/1/462
f 1606/1/462 1607/1/274 1524/1/583
f 1478/1/278 1524/1/583 1607/1/274
f 1606/1/292 1608/1/641 1607/1/274
f 1608/1/641 1609/1/272 1607/1/274
f 1607/1/274 1609/1/272 1475/1/275
f 1607/1/274 1475/1/275 1478/1/278
f 1608/1/641 1610/1/267 1609/1/272
f 1609/1/272 1470/1/271 1475/1/275
f 1609/1/272 1467/1/269 1470/1/271
f 1610/1/267 1467/1/269 1609/1/272
f 1611/1/349 1610/1/267 1608/1/641
f 1610/1/267 1611/1/349 1612/1/265
f 1467/1/269 1610/1/267 1464/1/266
f 1612/1/265 1464/1/266 1610/1/267
f 1612/1/265 1613/1/642 1614/1/264
f 1613/1/642 1612/1/265 1611/1/349
f 1464/1/266 1612/1/265 1463/1/262
f 1614/1/264 1463/1/262 1612/1/265
f 1614/1/264 1615/1/643 1463/1/262
f 1616/1/644 1615/1/643 1614/1/264
f 1617/1/339 1616/1/644 1614/1/264
f 1617/1/339 1614/1/264 1613/1/642
f 1618/1/336 1616/1/644 1617/1/339
f 1619/1/340 1618/1/336 1617/1/339
f 1617/1/339 1620/1/346 1619/1/340
f 1613/1/642 1620/1/346 1617/1/339
f 1623/1/342 1619/1/340 1620/1/346
f 1620/1/346 1613/1/642 1621/1/348
f 1622/1/345 1620/1/346 1621/1/348
f 1620/1/346 1622/1/345 1623/1/342
f 1624/1/341 1619/1/340 1623/1/342
f 1625/1/343 1624/1/341 1623/1/342
f 1625/1/343 1623/1/342 1511/1/344
f 1511/1/344 1623/1/342 1622/1/345
f 1626/1/291 1624/1/341 1625/1/343
f 1625/1/343 1511/1/292 1508/1/292
f 1626/1/291 1625/1/343 1627/1/292
f 1627/1/292 1625/1/343 1508/1/292
f 1484/1/292 1626/1/291 1627/1/292
f 1485/1/362 1484/1/293 1627/1/361
f 1509/1/578 1627/1/361 1508/1/357
f 1627/1/361 1509/1/578 1485/1/362
f 1629/1/645 1628/1/294 1626/1/291
f 1626/1/291 1628/1/294 1624/1/341
f 1481/1/289 1629/1/645 1626/1/291
f 1481/1/289 1626/1/291 1484/1/292
f 1473/1/295 1630/1/296 1629/1/645
f 1476/1/560 1473/1/295 1629/1/645
f 1629/1/645 1630/1/296 1628/1/294
f 1476/1/560 1629/1/645 1481/1/289
f 1630/1/296 1631/1/646 1632/1/647
f 1631/1/646 1630/1/296 1472/1/558
f 1473/1/295 1472/1/558 1630/1/296
f 1630/1/296 1632/1/647 1628/1/294
f 1632/1/647 1636/1/648 1633/1/649
f 1628/1/294 1632/1/647 1633/1/649
s 36
f 1632/1/650 1631/1/651 1634/1/652
f 1634/1/652 1635/1/653 1632/1/650
f 1632/1/650 1635/1/653 1636/1/654
s 32
f 1636/1/648 1635/1/655 1637/1/656
f 1637/1/656 1639/1/657 1636/1/648
f 1636/1/648 1638/1/658 1618/1/336
f 1633/1/649 1636/1/648 1618/1/336
f 1636/1/648 1639/1/657 1638/1/658
f 1640/1/659 1638/1/658 1639/1/657
f 1641/1/660 1640/1/659 1639/1/657
f 1642/1/661 1641/1/660 1639/1/657
f 1639/1/657 1637/1/656 1642/1/661
f 1642/1/661 1637/1/656 1643/1/662
f 1646/1/663 1642/1/661 1643/1/662
f 1641/1/660 1642/1/661 1644/1/329
f 1645/1/330 1644/1/329 1642/1/661
f 1646/1/663 1645/1/330 1642/1/661
f 1647/1/664 1648/1/318 1646/1/663
f 1647/1/664 1646/1/663 1649/1/665
f 1648/1/318 1645/1/330 1646/1/663
f 1646/1/663 1643/1/662 1649/1/665
f 1647/1/664 1649/1/665 1650/1/666
f 1651/1/308 1650/1/666 1649/1/665
f 1651/1/308 1649/1/665 1652/1/667
f 1652/1/667 1649/1/665 1643/1/662
f 1654/1/304 1651/1/308 1652/1/667
f 1643/1/662 1634/1/668 1652/1/667
s 36
f 1652/1/669 1634/1/652 1631/1/651
s 32
f 1652/1/667 1631/1/646 1653/1/670
f 1652/1/667 1653/1/670 1654/1/304
f 1469/1/302 1654/1/304 1653/1/670
f 1466/1/306 1654/1/304 1469/1/302
f 1655/1/307 1651/1/308 1654/1/304
f 1654/1/304 1466/1/306 1655/1/307
f 1655/1/307 1457/1/556 1651/1/308
f 1458/1/557 1457/1/556 1655/1/307
f 1461/1/309 1458/1/557 1655/1/307
f 1461/1/309 1655/1/307 1466/1/306
f 1472/1/558 1653/1/670 1631/1/646
f 1653/1/670 1472/1/558 1469/1/302
f 1457/1/556 1650/1/666 1651/1/308
f 1656/1/671 1647/1/664 1650/1/666
f 1656/1/671 1650/1/666 1457/1/556
f 1647/1/664 1656/1/671 1454/1/315
f 1453/1/552 1454/1/315 1656/1/671
f 1457/1/556 1453/1/552 1656/1/671
f 1454/1/315 1648/1/318 1647/1/664
f 1648/1/318 1448/1/321 1645/1/330
f 1454/1/315 1449/1/319 1648/1/318
f 1449/1/319 1448/1/321 1648/1/318
f 1645/1/330 1657/1/328 1644/1/329
f 1448/1/321 1657/1/328 1645/1/330
f 1446/1/327 1658/1/225 1657/1/328
f 1659/1/226 1657/1/328 1658/1/225
f 1448/1/321 1446/1/327 1657/1/328
f 1657/1/328 1659/1/226 1644/1/329
f 1658/1/225 1660/1/223 1659/1/226
f 1659/1/226 1660/1/223 1662/1/227
f 1659/1/226 1662/1/227 1661/1/672
f 1644/1/329 1659/1/226 1661/1/672
f 1660/1/223 1665/1/228 1662/1/227
f 1662/1/227 1664/1/229 1663/1/231
f 1661/1/672 1662/1/227 1663/1/231
f 1664/1/229 1662/1/227 1665/1/228
f 1665/1/228 1660/1/223 1666/1/219
f 1666/1/219 1417/1/547 1665/1/228
f 1420/1/238 1665/1/228 1417/1/547
f 1665/1/228 1420/1/238 1664/1/229
f 1666/1/219 1669/1/673 1667/1/218
f 1667/1/218 1668/1/143 1666/1/219
f 1416/1/143 1417/1/547 1666/1/219
f 1666/1/219 1668/1/143 1416/1/143
f 1669/1/673 1666/1/219 1660/1/223
f 1670/1/221 1667/1/218 1669/1/673
f 1669/1/673 1445/1/224 1670/1/221
f 1445/1/224 1669/1/673 1658/1/225
f 1660/1/223 1658/1/225 1669/1/673
f 1442/1/326 1395/1/207 1670/1/221
f 1442/1/326 1670/1/221 1445/1/224
f 1670/1/221 1398/1/206 1667/1/218
f 1395/1/207 1398/1/206 1670/1/221
f 1667/1/218 1400/1/211 1668/1/216
f 1400/1/211 1407/1/214 1668/1/216
f 1668/1/216 1407/1/214 1416/1/217
f 1398/1/206 1400/1/211 1667/1/218
f 1664/1/229 1420/1/238 1422/1/237
f 1664/1/229 1422/1/237 1671/1/234
f 1663/1/231 1664/1/229 1671/1/234
f 1672/1/674 1671/1/234 1433/1/235
f 1663/1/231 1671/1/234 1672/1/674
f 1671/1/234 1422/1/237 1430/1/236
f 1671/1/234 1430/1/236 1433/1/235
f 1640/1/659 1663/1/231 1672/1/674
f 1640/1/659 1672/1/674 1616/1/644
f 1615/1/643 1616/1/644 1672/1/674
f 1672/1/674 1673/1/675 1615/1/643
f 1672/1/674 1433/1/235 1673/1/675
f 1673/1/675 1433/1/235 1434/1/252
f 1673/1/675 1434/1/252 1674/1/255
f 1673/1/675 1674/1/255 1460/1/258
f 1460/1/258 1615/1/643 1673/1/675
f 1460/1/258 1674/1/255 1456/1/554
f 1436/1/250 1456/1/554 1674/1/255
f 1674/1/255 1434/1/252 1436/1/250
f 1661/1/672 1663/1/231 1640/1/659
f 1640/1/659 1641/1/660 1661/1/672
f 1644/1/329 1661/1/672 1641/1/660
f 1658/1/225 1446/1/327 1445/1/224
f 1634/1/668 1643/1/662 1637/1/656
f 1640/1/659 1616/1/644 1638/1/658
f 1618/1/336 1638/1/658 1616/1/644
f 1634/1/668 1637/1/656 1635/1/655
f 1618/1/336 1619/1/340 1633/1/649
f 1624/1/341 1633/1/649 1619/1/340
f 1633/1/649 1624/1/341 1628/1/294
f 1511/1/344 1622/1/345 1512/1/353
f 1622/1/345 1621/1/348 1513/1/676
f 1512/1/353 1622/1/345 1513/1/676
f 1621/1/348 1613/1/642 1611/1/349
f 1621/1/348 1611/1/349 1675/1/350
f 1513/1/676 1621/1/348 1675/1/350
f 1514/1/352 1513/1/352 1675/1/350
f 1514/1/352 1675/1/350 1518/1/352
f 1518/1/352 1675/1/350 1608/1/641
f 1675/1/350 1611/1/349 1608/1/641
f 1615/1/643 1460/1/258 1463/1/262
f 1518/1/352 1608/1/641 1606/1/292
f 1518/1/461 1606/1/462 1519/1/459
f 1516/1/463 1521/1/581 1502/1/465
f 1502/1/465 1503/1/464 1516/1/463
f 1487/1/562 1485/1/362 1509/1/578
f 1487/1/562 1509/1/578 1494/1/364
f 1501/1/575 1506/1/355 1503/1/464
f 1491/1/567 1490/1/566 1498/1/573
f 1456/1/554 1436/1/250 1451/1/254
f 1436/1/250 1437/1/251 1451/1/254
f 1443/1/491 1395/1/207 1442/1/326
f 1439/1/247 1676/1/492 1443/1/491
f 1443/1/491 1396/1/208 1395/1/207
f 1676/1/492 1396/1/208 1443/1/491
f 1676/1/492 1677/1/677 1396/1/208
f 1678/1/493 1677/1/677 1676/1/492
f 1427/1/246 1678/1/143 1676/1/492
f 1676/1/492 1439/1/247 1427/1/246
f 1428/1/497 1679/1/496 1678/1/493
f 1678/1/493 1679/1/496 1677/1/677
f 1428/1/143 1678/1/143 1427/1/246
f 1680/1/678 1677/1/677 1679/1/496
f 1679/1/496 1681/1/679 1680/1/678
f 1681/1/679 1679/1/496 1682/1/680
f 1428/1/497 1682/1/680 1679/1/496
f 1682/1/680 1684/1/145 1681/1/679
f 1425/1/142 1682/1/680 1428/1/497
f 1425/1/142 1683/1/141 1682/1/680
f 1684/1/145 1682/1/680 1683/1/141
f 1684/1/145 1686/1/681 1681/1/679
f 1685/1/682 1686/1/681 1684/1/145
f 1687/1/683 1685/1/682 1684/1/145
f 1683/1/141 1687/1/683 1684/1/145
f 1687/1/683 1683/1/141 1414/1/135
f 1688/1/684 1689/1/131 1687/1/683
f 1414/1/135 1688/1/684 1687/1/683
f 1689/1/131 1685/1/682 1687/1/683
f 1689/1/131 1691/1/129 1690/1/685
f 1689/1/131 1690/1/685 1685/1/682
f 1692/1/686 1691/1/129 1689/1/131
f 1411/1/546 1692/1/686 1689/1/131
f 1410/1/132 1411/1/546 1689/1/131
f 1410/1/132 1689/1/131 1688/1/684
f 1696/1/128 1691/1/129 1692/1/686
f 1692/1/686 1694/1/687 1693/1/688
f 1693/1/688 1695/1/126 1692/1/686
f 1405/1/544 1694/1/687 1692/1/686
f 1405/1/544 1692/1/686 1411/1/546
f 1692/1/686 1695/1/126 1696/1/128
f 1696/1/128 1698/1/158 1697/1/689
f 1696/1/128 1697/1/689 1699/1/690
f 1695/1/126 1698/1/158 1696/1/128
f 1696/1/128 1699/1/690 1690/1/685
f 1690/1/685 1691/1/129 1696/1/128
f 1699/1/690 1697/1/689 1700/1/691
f 1699/1/690 1700/1/691 1701/1/692
f 1699/1/690 1701/1/692 1702/1/693
f 1702/1/693 1690/1/685 1699/1/690
f 1703/1/500 1702/1/693 1701/1/692
f 1686/1/681 1702/1/693 1703/1/500
f 1685/1/682 1690/1/685 1702/1/693
f 1685/1/682 1702/1/693 1686/1/681
f 1701/1/692 1704/1/504 1703/1/500
f 1703/1/500 1704/1/504 1705/1/694
f 1705/1/694 1706/1/695 1703/1/500
f 1703/1/500 1706/1/695 1707/1/696
f 1708/1/499 1703/1/500 1707/1/696
f 1686/1/681 1703/1/500 1708/1/499
f 1708/1/499 1707/1/696 1680/1/678
f 1686/1/681 1708/1/499 1681/1/679
f 1681/1/679 1708/1/499 1680/1/678
f 1707/1/696 1393/1/204 1397/1/540
f 1680/1/678 1707/1/696 1397/1/540
f 1707/1/696 1706/1/695 1393/1/204
f 1706/1/695 1705/1/694 1709/1/697
f 1709/1/697 1392/1/538 1706/1/695
f 1706/1/695 1392/1/538 1393/1/204
f 1710/1/698 1711/1/699 1709/1/697
f 1705/1/694 1710/1/698 1709/1/697
f 1709/1/697 1711/1/699 1386/1/534
f 1709/1/697 1386/1/534 1389/1/537
f 1389/1/537 1392/1/538 1709/1/697
s 31
f 1380/1/530 1381/1/194 1711/1/195
s 32
f 1711/1/699 1381/1/196 1386/1/534
s 31
f 1712/1/193 1711/1/195 1710/1/508
f 1711/1/195 1712/1/193 1380/1/530
f 1712/1/193 1713/1/188 1380/1/530
f 1714/1/191 1713/1/188 1712/1/193
f 1710/1/508 1714/1/191 1712/1/193
f 1715/1/700 1716/1/192 1714/1/191
f 1715/1/700 1714/1/191 1710/1/508
f 1714/1/191 1716/1/192 1713/1/188
s 30
f 1713/1/185 1716/1/186 1719/1/701
f 1716/1/186 1718/1/702 1717/1/703
f 1717/1/703 1719/1/701 1716/1/186
s 31
f 1715/1/700 1718/1/704 1716/1/192
s 30
f 1719/1/701 1721/1/183 1720/1/182
f 1719/1/701 1720/1/182 1713/1/185
f 1719/1/701 1722/1/705 1721/1/183
f 1722/1/705 1719/1/701 1717/1/703
s 37
f 1724/1/24 1721/1/24 1722/1/24
s 30
f 1717/1/703 1723/1/10 1722/1/705
s 37
f 1722/1/24 1723/1/706 1725/1/24
f 1725/1/24 1724/1/24 1722/1/24
s 30
f 1724/1/177 1725/1/707 1726/1/708
f 1717/1/703 1726/1/708 1725/1/707
f 1725/1/707 1723/1/10 1717/1/703
f 1726/1/708 1727/1/178 1724/1/177
f 1729/1/517 1727/1/178 1726/1/708
f 1718/1/702 1728/1/709 1726/1/708
f 1726/1/708 1717/1/703 1718/1/702
f 1726/1/708 1728/1/709 1729/1/517
f 1729/1/517 1730/1/169 1734/1/179
s 31
f 1731/1/710 1730/1/711 1729/1/163
f 1731/1/710 1729/1/163 1732/1/160
f 1732/1/160 1729/1/163 1733/1/712
f 1729/1/163 1728/1/713 1733/1/712
s 30
f 1734/1/179 1727/1/178 1729/1/517
f 1734/1/179 1736/1/14 1727/1/178
f 1735/1/714 1734/1/179 1730/1/169
f 1735/1/714 1736/1/14 1734/1/179
s 37
f 1736/1/24 1738/1/24 1737/1/24
f 1736/1/24 1737/1/24 1739/1/24
f 1736/1/24 1373/1/24 1721/1/24
f 1724/1/24 1736/1/24 1721/1/24
s 30
f 1735/1/714 1738/1/715 1736/1/14
s 37
f 1736/1/24 1372/1/24 1373/1/24
f 1736/1/24 1740/1/24 1372/1/24
s 30
f 1736/1/14 1724/1/177 1727/1/178
s 37
f 1736/1/24 1739/1/24 1740/1/24
s 30
f 1372/1/523 1740/1/98 1371/1/521
f 1371/1/521 1740/1/98 1739/1/15
f 1739/1/15 1737/1/175 1741/1/716
f 1742/1/717 1739/1/15 1741/1/716
f 1371/1/521 1739/1/15 1742/1/717
f 1742/1/717 1741/1/716 1744/1/718
f 1742/1/717 1743/1/719 1377/1/525
f 1377/1/525 1371/1/521 1742/1/717
f 1744/1/718 1743/1/719 1742/1/717
f 1745/1/168 1744/1/718 1741/1/716
s 31
f 1747/1/720 1743/1/106 1744/1/172
f 1746/1/721 1744/1/172 1745/1/164
f 1747/1/720 1744/1/172 1746/1/721
f 1377/1/103 1743/1/106 1747/1/720
f 1378/1/527 1377/1/103 1747/1/720
f 1748/1/722 1747/1/720 1746/1/721
f 1747/1/720 1748/1/722 1383/1/532
f 1383/1/532 1378/1/527 1747/1/720
s 32
f 1383/1/112 1748/1/115 1750/1/723
s 31
f 1746/1/721 1749/1/724 1748/1/722
s 32
f 1750/1/723 1748/1/115 1749/1/725
f 1384/1/533 1383/1/112 1750/1/723
f 1750/1/723 1749/1/725 1693/1/688
f 1750/1/723 1693/1/688 1694/1/687
f 1750/1/723 1403/1/542 1388/1/536
f 1388/1/536 1384/1/533 1750/1/723
f 1694/1/687 1403/1/542 1750/1/723
s 31
f 1751/1/174 1749/1/724 1746/1/721
s 32
f 1693/1/688 1749/1/725 1751/1/125
s 31
f 1698/1/156 1751/1/174 1752/1/726
s 32
f 1695/1/126 1751/1/125 1698/1/158
s 31
f 1746/1/721 1752/1/726 1751/1/174
s 32
f 1693/1/688 1751/1/125 1695/1/126
s 31
f 1746/1/721 1745/1/164 1752/1/726
f 1752/1/726 1745/1/164 1731/1/710
f 1752/1/726 1731/1/710 1698/1/156
s 30
f 1741/1/716 1735/1/714 1745/1/168
f 1730/1/169 1745/1/168 1735/1/714
s 31
f 1745/1/164 1730/1/711 1731/1/710
s 30
f 1738/1/715 1735/1/714 1741/1/716
f 1741/1/716 1737/1/175 1738/1/715
s 31
f 1733/1/712 1728/1/713 1715/1/700
f 1733/1/712 1715/1/700 1753/1/727
f 1732/1/160 1733/1/712 1700/1/728
f 1753/1/727 1700/1/728 1733/1/712
f 1710/1/508 1753/1/727 1715/1/700
s 32
f 1704/1/504 1753/1/506 1710/1/698
f 1701/1/692 1700/1/691 1753/1/506
f 1701/1/692 1753/1/506 1704/1/504
s 31
f 1731/1/710 1732/1/160 1697/1/155
f 1700/1/728 1697/1/155 1732/1/160
f 1697/1/155 1698/1/156 1731/1/710
f 1728/1/713 1718/1/704 1715/1/700
s 30
f 1720/1/182 1721/1/183 1373/1/9
f 1720/1/182 1373/1/9 1374/1/181
f 1713/1/185 1720/1/182 1374/1/181
f 1374/1/181 1375/1/187 1713/1/185
s 31
f 1713/1/188 1375/1/528 1380/1/530
s 32
f 1704/1/504 1710/1/698 1705/1/694
f 1403/1/542 1694/1/687 1405/1/544
f 1410/1/132 1688/1/684 1414/1/135
f 1413/1/138 1683/1/141 1425/1/142
f 1413/1/138 1414/1/135 1683/1/141
f 1677/1/677 1680/1/678 1397/1/540
f 1397/1/540 1396/1/208 1677/1/677
f 1431/1/550 1427/1/246 1439/1/247
f 1422/1/237 1423/1/240 1430/1/236
f 1407/1/214 1408/1/139 1416/1/217
f 1407/1/214 1400/1/211 1401/1/212
s 38
f 1755/1/14 1754/1/14 1756/1/14
s 39
f 1754/1/10 1755/1/729 1758/1/729
s 40
f 1756/1/5 1754/1/5 1757/1/5
s 39
f 1758/1/729 1757/1/10 1754/1/10
s 41
f 1759/1/9 1757/1/9 1758/1/9
f 1759/1/9 1758/1/9 1761/1/9
s 39
f 1758/1/729 1755/1/729 1760/1/730
f 1760/1/730 1763/1/731 1758/1/729
s 41
f 1765/1/9 1761/1/9 1758/1/9
f 1758/1/9 1763/1/9 1762/1/9
f 1762/1/9 1764/1/9 1758/1/9
f 1758/1/9 1764/1/9 1765/1/9
s 42
f 1768/1/732 1765/1/733 1764/1/734
s 41
f 1765/1/9 1767/1/9 1761/1/9
s 42
f 1765/1/733 1768/1/732 1766/1/735
f 1766/1/735 1767/1/736 1765/1/733
s 38
f 1766/1/14 1768/1/14 1769/1/14
f 1755/1/14 1769/1/14 1768/1/14
f 1768/1/14 1770/1/14 1755/1/14
s 42
f 1764/1/734 1770/1/737 1768/1/732
s 38
f 1771/1/14 1755/1/14 1770/1/14
s 42
f 1762/1/738 1771/1/739 1770/1/737
f 1770/1/737 1764/1/734 1762/1/738
f 1772/1/15 1771/1/739 1773/1/15
s 39
f 1771/1/740 1772/1/741 1775/1/742
s 38
f 1771/1/14 1760/1/14 1755/1/14
s 39
f 1775/1/742 1760/1/730 1771/1/740
s 42
f 1771/1/739 1762/1/738 1774/1/15
f 1774/1/15 1773/1/15 1771/1/739
s 39
f 1776/1/743 1760/1/730 1775/1/742
f 1775/1/742 1777/1/744 1776/1/743
f 1778/1/745 1777/1/744 1775/1/742
f 1778/1/745 1775/1/742 1772/1/741
s 42
f 1778/1/15 1772/1/15 1773/1/15
f 1778/1/15 1773/1/15 1779/1/15
f 1779/1/15 1780/1/15 1778/1/15
s 39
f 1778/1/745 1780/1/746 1777/1/744
f 1776/1/747 1780/1/746 1779/1/748
f 1780/1/746 1776/1/747 1777/1/744
f 1781/1/24 1782/1/748 1779/1/748
f 1779/1/748 1773/1/24 1781/1/24
f 1779/1/748 1782/1/748 1776/1/747
f 1776/1/743 1782/1/743 1760/1/730
f 1782/1/743 1781/1/743 1760/1/730
f 1763/1/731 1760/1/730 1781/1/743
f 1783/1/24 1781/1/24 1773/1/24
f 1781/1/743 1783/1/743 1763/1/731
f 1773/1/24 1774/1/24 1783/1/24
s 41
f 1763/1/9 1783/1/9 1774/1/9
f 1774/1/9 1762/1/9 1763/1/9
s 38
f 1756/1/14 1769/1/14 1755/1/14
s 43
f 1769/1/749 1756/1/15 1759/1/15
s 38
f 1766/1/14 1769/1/14 1784/1/14
s 43
f 1785/1/750 1784/1/750 1769/1/749
f 1769/1/749 1761/1/749 1785/1/750
f 1759/1/15 1761/1/749 1769/1/749
s 41
f 1787/1/9 1786/1/9 1785/1/9
f 1789/1/9 1785/1/9 1786/1/9
f 1787/1/9 1785/1/9 1788/1/9
f 1785/1/9 1761/1/9 1767/1/9
f 1767/1/9 1788/1/9 1785/1/9
s 42
f 1784/1/5 1785/1/5 1789/1/5
f 1790/1/15 1789/1/15 1786/1/751
f 1789/1/5 1790/1/5 1784/1/5
f 1786/1/751 1791/1/752 1790/1/15
f 1792/1/15 1790/1/15 1791/1/752
f 1790/1/5 1792/1/753 1793/1/754
f 1793/1/754 1784/1/5 1790/1/5
f 1793/1/754 1795/1/755 1794/1/756
f 1794/1/756 1796/1/757 1793/1/754
f 1795/1/755 1793/1/754 1792/1/753
f 1784/1/5 1793/1/754 1796/1/757
f 1798/1/758 1796/1/757 1797/1/759
f 1794/1/756 1797/1/759 1796/1/757
f 1796/1/757 1798/1/758 1784/1/5
f 1797/1/759 1799/1/5 1798/1/758
s 38
f 1784/1/14 1798/1/14 1766/1/14
s 42
f 1767/1/736 1766/1/735 1798/1/758
f 1788/1/760 1798/1/758 1799/1/5
f 1798/1/758 1788/1/760 1767/1/736
f 1800/1/10 1799/1/10 1797/1/759
f 1800/1/10 1801/1/10 1799/1/10
f 1801/1/10 1802/1/10 1799/1/10
f 1803/1/10 1799/1/10 1802/1/10
f 1799/1/5 1803/1/5 1788/1/760
s 41
f 1803/1/9 1787/1/9 1788/1/9
s 42
f 1802/1/10 1787/1/10 1803/1/10
f 1802/1/761 1801/1/762 1804/1/763
f 1787/1/761 1802/1/761 1791/1/752
f 1804/1/763 1791/1/752 1802/1/761
f 1806/1/15 1791/1/752 1804/1/763
f 1804/1/763 1801/1/762 1800/1/764
f 1800/1/764 1805/1/765 1804/1/763
f 1804/1/763 1805/1/765 1806/1/15
f 1806/1/15 1792/1/15 1791/1/752
f 1806/1/766 1805/1/765 1795/1/755
f 1792/1/753 1806/1/766 1795/1/755
f 1795/1/755 1805/1/765 1800/1/764
f 1797/1/759 1807/1/767 1800/1/10
f 1800/1/764 1807/1/767 1794/1/756
f 1794/1/756 1795/1/755 1800/1/764
f 1794/1/756 1807/1/767 1797/1/759
f 1791/1/752 1786/1/751 1787/1/761
s 40
f 1757/1/5 1759/1/5 1756/1/5
s 44
f 1808/1/9 1810/1/9 1809/1/9
s 45
f 1811/1/768 1808/1/769 1809/1/770
s 44
f 1813/1/9 1810/1/9 1808/1/9
s 45
f 1808/1/769 1811/1/768 1812/1/771
f 1812/1/771 1813/1/772 1808/1/769
s 44
f 1813/1/9 1814/1/9 1810/1/9
s 45
f 1813/1/772 1812/1/771 1816/1/15
s 44
f 1815/1/9 1814/1/9 1813/1/9
s 45
f 1816/1/15 1815/1/15 1813/1/772
s 46
f 1816/1/5 1817/1/773 1819/1/774
s 45
f 1817/1/15 1816/1/15 1812/1/771
s 46
f 1819/1/774 1818/1/5 1816/1/5
f 1815/1/5 1816/1/5 1818/1/5
f 1820/1/775 1819/1/774 1817/1/773
f 1819/1/776 1820/1/776 1821/1/777
f 1821/1/777 1818/1/776 1819/1/776
f 1822/1/778 1821/1/777 1824/1/779
f 1821/1/777 1822/1/778 1818/1/776
f 1821/1/777 1820/1/775 1823/1/780
f 1823/1/780 1824/1/779 1821/1/777
f 1824/1/779 1825/1/781 1822/1/778
s 45
f 1825/1/15 1824/1/15 1823/1/15
s 46
f 1826/1/782 1822/1/778 1825/1/781
f 1825/1/781 1812/1/783 1826/1/782
s 45
f 1823/1/15 1812/1/771 1825/1/15
s 46
f 1822/1/778 1826/1/782 1818/1/776
s 47
f 1827/1/14 1826/1/14 1812/1/14
s 46
f 1814/1/784 1826/1/782 1827/1/785
f 1826/1/782 1814/1/784 1828/1/776
f 1828/1/776 1818/1/776 1826/1/782
s 44
f 1815/1/9 1828/1/9 1814/1/9
s 46
f 1818/1/5 1828/1/5 1815/1/5
f 1832/1/10 1810/1/785 1827/1/785
f 1827/1/785 1810/1/785 1814/1/784
s 47
f 1829/1/14 1830/1/14 1827/1/14
f 1829/1/14 1827/1/14 1831/1/14
s 46
f 1827/1/785 1830/1/10 1832/1/10
s 47
f 1833/1/14 1831/1/14 1827/1/14
f 1833/1/14 1827/1/14 1811/1/14
f 1812/1/14 1811/1/14 1827/1/14
s 45
f 1835/1/786 1834/1/787 1833/1/788
s 47
f 1834/1/14 1831/1/14 1833/1/14
s 45
f 1833/1/788 1809/1/770 1835/1/786
f 1809/1/770 1833/1/788 1811/1/768
f 1834/1/787 1835/1/786 1836/1/789
s 44
f 1835/1/9 1837/1/9 1836/1/9
f 1835/1/9 1838/1/9 1837/1/9
f 1809/1/9 1838/1/9 1835/1/9
f 1810/1/9 1838/1/9 1809/1/9
f 1839/1/9 1838/1/9 1810/1/9
s 48
f 1838/1/790 1839/1/15 1829/1/15
f 1829/1/15 1831/1/790 1838/1/790
f 1838/1/790 1831/1/790 1840/1/791
f 1840/1/791 1837/1/791 1838/1/790
s 45
f 1840/1/24 1841/1/792 1842/1/793
f 1841/1/792 1840/1/24 1844/1/794
f 1842/1/793 1843/1/24 1840/1/24
f 1837/1/24 1840/1/24 1843/1/24
s 47
f 1840/1/14 1831/1/14 1834/1/14
f 1844/1/14 1840/1/14 1834/1/14
s 45
f 1844/1/794 1845/1/795 1841/1/792
f 1836/1/789 1844/1/794 1834/1/787
f 1844/1/794 1836/1/789 1846/1/24
f 1845/1/795 1844/1/794 1847/1/24
f 1846/1/24 1847/1/24 1844/1/794
f 1848/1/10 1850/1/10 1847/1/10
f 1847/1/10 1846/1/10 1848/1/10
f 1847/1/24 1849/1/796 1845/1/795
f 1849/1/796 1847/1/10 1850/1/10
f 1850/1/797 1848/1/797 1854/1/798
f 1851/1/799 1849/1/796 1850/1/10
f 1851/1/799 1850/1/10 1852/1/10
f 1852/1/800 1850/1/797 1853/1/801
f 1854/1/798 1853/1/801 1850/1/797
s 44
f 1855/1/9 1854/1/9 1837/1/9
s 45
f 1853/1/801 1854/1/798 1855/1/15
s 44
f 1837/1/9 1854/1/9 1848/1/9
s 45
f 1843/1/24 1855/1/24 1837/1/24
f 1855/1/15 1843/1/15 1853/1/801
f 1853/1/801 1856/1/802 1852/1/800
f 1856/1/802 1853/1/801 1843/1/15
f 1856/1/802 1857/1/803 1858/1/804
f 1857/1/803 1856/1/802 1843/1/15
f 1858/1/804 1852/1/800 1856/1/802
f 1858/1/804 1857/1/803 1859/1/805
f 1852/1/10 1858/1/10 1851/1/799
f 1860/1/806 1851/1/799 1858/1/804
f 1858/1/804 1859/1/805 1860/1/806
f 1849/1/796 1851/1/799 1860/1/806
f 1860/1/806 1859/1/805 1841/1/792
f 1860/1/806 1841/1/792 1845/1/795
f 1860/1/806 1845/1/795 1849/1/796
f 1861/1/807 1859/1/805 1857/1/803
f 1841/1/792 1859/1/805 1861/1/807
f 1842/1/15 1861/1/808 1857/1/803
f 1861/1/807 1842/1/793 1841/1/792
f 1857/1/803 1843/1/15 1842/1/15
s 44
f 1836/1/9 1837/1/9 1848/1/9
f 1848/1/9 1846/1/9 1836/1/9
s 49
f 1830/1/24 1829/1/24 1839/1/24
f 1839/1/24 1832/1/24 1830/1/24
s 44
f 1810/1/9 1832/1/9 1839/1/9
s 46
f 1823/1/780 1820/1/775 1817/1/773
s 45
f 1823/1/15 1817/1/15 1812/1/771
s 50
f 1863/1/809 1862/1/15 1864/1/15
s 51
f 1862/1/9 1863/1/9 1867/1/9
s 52
f 1865/1/24 1864/1/24 1862/1/24
f 1862/1/24 1866/1/24 1865/1/24
s 51
f 1866/1/9 1862/1/9 1867/1/9
f 1870/1/9 1868/1/9 1867/1/9
f 1871/1/9 1867/1/9 1868/1/9
s 53
f 1866/1/10 1867/1/810 1869/1/810
f 1869/1/810 1867/1/810 1871/1/811
s 51
f 1870/1/9 1867/1/9 1863/1/9
f 1868/1/9 1876/1/9 1871/1/9
s 53
f 1871/1/811 1872/1/811 1869/1/810
s 54
f 1872/1/24 1871/1/24 1873/1/24
s 51
f 1873/1/9 1871/1/9 1874/1/9
f 1875/1/9 1874/1/9 1871/1/9
f 1875/1/9 1871/1/9 1876/1/9
s 54
f 1877/1/812 1876/1/813 1868/1/814
f 1876/1/813 1877/1/812 1879/1/24
s 51
f 1878/1/9 1875/1/9 1876/1/9
s 54
f 1879/1/24 1878/1/24 1876/1/813
f 1880/1/15 1881/1/15 1879/1/15
f 1880/1/15 1879/1/15 1882/1/815
f 1881/1/15 1883/1/15 1879/1/15
f 1882/1/815 1879/1/24 1877/1/812
f 1878/1/15 1879/1/15 1883/1/15
f 1875/1/816 1883/1/816 1884/1/817
f 1885/1/818 1884/1/817 1883/1/816
f 1883/1/816 1881/1/819 1885/1/818
f 1883/1/15 1875/1/15 1878/1/15
f 1880/1/820 1886/1/821 1885/1/818
f 1880/1/820 1885/1/818 1881/1/819
f 1885/1/818 1886/1/821 1887/1/10
f 1887/1/10 1884/1/817 1885/1/818
f 1887/1/822 1886/1/821 1888/1/823
f 1887/1/10 1889/1/10 1884/1/817
f 1889/1/824 1887/1/822 1888/1/823
f 1891/1/24 1889/1/824 1890/1/825
f 1888/1/823 1890/1/825 1889/1/824
f 1889/1/10 1891/1/10 1884/1/817
f 1873/1/24 1891/1/24 1872/1/24
f 1890/1/825 1872/1/24 1891/1/24
f 1891/1/10 1873/1/10 1874/1/826
f 1874/1/826 1884/1/817 1891/1/10
f 1872/1/24 1890/1/825 1892/1/795
f 1893/1/827 1892/1/795 1890/1/825
f 1890/1/825 1888/1/823 1893/1/827
f 1893/1/827 1888/1/823 1880/1/820
f 1880/1/820 1894/1/828 1893/1/827
f 1893/1/827 1894/1/828 1882/1/815
f 1893/1/827 1882/1/815 1892/1/795
f 1882/1/815 1894/1/828 1880/1/15
f 1892/1/795 1877/1/812 1872/1/24
f 1877/1/812 1892/1/795 1882/1/815
f 1888/1/823 1886/1/821 1880/1/820
f 1884/1/817 1874/1/826 1875/1/816
f 1868/1/814 1895/1/829 1877/1/812
s 55
f 1872/1/14 1877/1/14 1895/1/14
s 54
f 1895/1/829 1868/1/814 1870/1/830
f 1870/1/830 1896/1/831 1895/1/829
s 55
f 1895/1/14 1896/1/14 1869/1/14
f 1895/1/14 1869/1/14 1872/1/14
s 54
f 1899/1/832 1897/1/833 1896/1/831
s 55
f 1896/1/14 1897/1/14 1898/1/14
f 1898/1/14 1869/1/14 1896/1/14
s 54
f 1896/1/831 1870/1/830 1899/1/832
f 1897/1/833 1899/1/832 1900/1/834
s 51
f 1863/1/9 1899/1/9 1870/1/9
f 1900/1/9 1899/1/9 1863/1/9
f 1901/1/9 1900/1/9 1903/1/9
s 54
f 1902/1/835 1900/1/834 1901/1/10
f 1900/1/834 1902/1/835 1897/1/833
s 51
f 1863/1/9 1903/1/9 1900/1/9
s 50
f 1904/1/836 1903/1/837 1863/1/809
f 1903/1/837 1904/1/836 1906/1/838
s 51
f 1903/1/9 1905/1/9 1901/1/9
s 50
f 1906/1/838 1905/1/838 1903/1/837
f 1905/1/5 1906/1/5 1907/1/5
f 1908/1/839 1907/1/5 1906/1/5
f 1909/1/838 1906/1/838 1904/1/836
f 1906/1/5 1909/1/839 1908/1/839
f 1908/1/839 1909/1/839 1910/1/775
f 1910/1/838 1909/1/838 1904/1/836
f 1910/1/775 1911/1/780 1908/1/839
f 1911/1/780 1910/1/775 1912/1/840
f 1913/1/841 1912/1/840 1910/1/838
f 1910/1/838 1904/1/836 1913/1/841
f 1902/1/842 1915/1/843 1913/1/841
f 1913/1/841 1904/1/836 1902/1/842
f 1914/1/844 1912/1/840 1913/1/841
f 1914/1/844 1913/1/841 1915/1/843
s 54
f 1915/1/10 1902/1/835 1907/1/10
f 1914/1/10 1915/1/10 1907/1/10
s 50
f 1914/1/844 1911/1/780 1912/1/840
s 54
f 1914/1/10 1907/1/10 1908/1/10
f 1908/1/10 1911/1/10 1914/1/10
s 50
f 1907/1/5 1901/1/5 1905/1/5
s 54
f 1901/1/10 1907/1/10 1902/1/835
s 55
f 1902/1/14 1904/1/14 1898/1/14
s 50
f 1863/1/809 1898/1/809 1904/1/836
s 55
f 1902/1/14 1898/1/14 1897/1/14
s 50
f 1864/1/15 1898/1/809 1863/1/809
s 55
f 1869/1/14 1898/1/14 1864/1/14
f 1864/1/14 1865/1/14 1869/1/14
s 53
f 1869/1/810 1865/1/10 1866/1/10
s 56
f 1916/1/845 1918/1/846 1917/1/847
f 1916/1/845 1917/1/847 1919/1/10
f 1918/1/846 1916/1/845 1922/1/848
f 1916/1/845 1919/1/10 1920/1/10
f 1920/1/10 1921/1/849 1916/1/845
f 1921/1/850 1922/1/848 1916/1/845
f 1922/1/848 1921/1/850 1923/1/851
f 1924/1/852 1922/1/848 1923/1/851
f 1918/1/846 1922/1/848 1924/1/852
f 1925/1/853 1926/1/854 1924/1/852
f 1924/1/852 1927/1/855 1925/1/853
f 1924/1/852 1926/1/854 1918/1/846
f 1924/1/852 1923/1/851 1927/1/855
f 1927/1/855 1928/1/856 1929/1/5
f 1928/1/856 1927/1/855 1923/1/851
f 1929/1/5 1925/1/853 1927/1/855
f 1930/1/5 1929/1/5 1928/1/856
f 1929/1/15 1930/1/15 1932/1/15
f 1925/1/853 1929/1/15 1931/1/15
f 1932/1/15 1931/1/15 1929/1/15
s 57
f 1933/1/9 1934/1/9 1932/1/9
f 1932/1/9 1930/1/9 1933/1/9
f 1934/1/9 1935/1/9 1932/1/9
s 56
f 1931/1/857 1932/1/857 1935/1/858
s 57
f 1936/1/9 1935/1/9 1934/1/9
s 56
f 1937/1/859 1935/1/858 1936/1/10
f 1935/1/858 1937/1/859 1931/1/857
f 1937/1/859 1917/1/847 1938/1/860
f 1938/1/860 1931/1/857 1937/1/859
f 1917/1/847 1937/1/859 1919/1/10
f 1936/1/10 1919/1/10 1937/1/859
f 1918/1/846 1938/1/860 1917/1/847
f 1926/1/854 1931/1/15 1938/1/15
f 1938/1/15 1918/1/15 1926/1/854
f 1919/1/5 1936/1/5 1934/1/5
s 57
f 1939/1/9 1941/1/9 1934/1/9
f 1939/1/9 1934/1/9 1933/1/9
s 56
f 1934/1/5 1940/1/5 1919/1/5
s 58
f 1940/1/861 1934/1/861 1941/1/862
s 57
f 1942/1/9 1941/1/9 1939/1/9
f 1944/1/9 1941/1/9 1942/1/9
s 58
f 1941/1/862 1943/1/862 1940/1/861
f 1945/1/10 1943/1/862 1941/1/862
s 57
f 1946/1/9 1941/1/9 1944/1/9
s 58
f 1941/1/862 1946/1/10 1945/1/10
s 59
f 1947/1/5 1945/1/5 1946/1/5
f 1946/1/5 1948/1/5 1947/1/5
s 57
f 1944/1/9 1948/1/9 1946/1/9
s 60
f 1949/1/863 1947/1/15 1948/1/15
f 1948/1/15 1944/1/863 1949/1/863
s 61
f 1945/1/14 1947/1/14 1949/1/14
f 1951/1/14 1950/1/14 1949/1/14
f 1954/1/14 1949/1/14 1950/1/14
f 1949/1/14 1952/1/14 1951/1/14
s 60
f 1953/1/864 1952/1/865 1949/1/863
f 1949/1/863 1944/1/863 1953/1/864
s 61
f 1945/1/14 1949/1/14 1943/1/14
f 1954/1/14 1943/1/14 1949/1/14
s 56
f 1939/1/866 1955/1/867 1954/1/868
s 61
f 1955/1/14 1943/1/14 1954/1/14
s 56
f 1954/1/868 1942/1/869 1939/1/866
f 1942/1/869 1954/1/868 1950/1/870
f 1955/1/867 1939/1/866 1933/1/871
f 1933/1/871 1928/1/856 1955/1/867
s 61
f 1928/1/14 1940/1/14 1955/1/14
f 1940/1/14 1943/1/14 1955/1/14
s 60
f 1952/1/865 1953/1/864 1958/1/872
s 57
f 1957/1/9 1953/1/9 1956/1/9
f 1956/1/9 1953/1/9 1944/1/9
f 1957/1/9 1958/1/9 1953/1/9
s 60
f 1959/1/24 1958/1/24 1957/1/24
f 1958/1/872 1959/1/872 1952/1/865
f 1957/1/24 1960/1/24 1959/1/24
f 1962/1/793 1959/1/24 1960/1/24
f 1961/1/873 1963/1/874 1959/1/872
f 1961/1/873 1959/1/872 1962/1/872
f 1963/1/874 1952/1/865 1959/1/872
f 1963/1/874 1961/1/873 1964/1/875
f 1964/1/875 1965/1/876 1963/1/874
f 1952/1/865 1963/1/874 1965/1/876
s 56
f 1965/1/10 1964/1/10 1966/1/10
s 60
f 1965/1/876 1951/1/877 1952/1/865
s 56
f 1966/1/10 1951/1/878 1965/1/10
s 60
f 1961/1/873 1967/1/747 1966/1/746
f 1966/1/746 1964/1/875 1961/1/873
f 1966/1/746 1967/1/747 1968/1/879
s 56
f 1966/1/10 1968/1/10 1951/1/878
s 60
f 1967/1/747 1962/1/793 1968/1/879
s 56
f 1968/1/10 1960/1/10 1951/1/878
s 60
f 1960/1/24 1968/1/879 1962/1/793
f 1962/1/872 1967/1/880 1961/1/873
s 56
f 1956/1/881 1951/1/878 1960/1/10
f 1960/1/10 1957/1/10 1956/1/881
f 1951/1/878 1956/1/881 1969/1/882
s 57
f 1956/1/9 1944/1/9 1969/1/9
s 56
f 1950/1/870 1969/1/882 1942/1/869
s 57
f 1969/1/9 1944/1/9 1942/1/9
s 56
f 1969/1/882 1950/1/870 1951/1/878
f 1923/1/851 1940/1/5 1928/1/856
f 1940/1/5 1923/1/851 1920/1/774
f 1920/1/774 1919/1/5 1940/1/5
f 1928/1/856 1933/1/871 1930/1/5
f 1926/1/854 1925/1/853 1931/1/15
f 1921/1/850 1920/1/774 1923/1/851
s 62
f 1971/1/883 1970/1/884 1972/1/14
f 1976/1/14 1970/1/884 1971/1/883
f 1975/1/885 1972/1/14 1970/1/884
f 1970/1/884 1974/1/886 1973/1/887
f 1973/1/887 1975/1/885 1970/1/884
f 1974/1/886 1970/1/884 1979/1/888
f 1970/1/884 1976/1/15 1977/1/15
f 1977/1/15 1978/1/889 1970/1/884
f 1970/1/884 1978/1/889 1979/1/888
s 63
f 1980/1/9 1979/1/890 1982/1/9
s 62
f 1974/1/886 1979/1/888 1980/1/5
s 63
f 1981/1/9 1982/1/9 1979/1/890
f 1981/1/9 1979/1/890 1983/1/891
f 1983/1/891 1979/1/890 1978/1/892
f 1984/1/9 1981/1/9 1983/1/891
s 62
f 1985/1/5 1984/1/5 1983/1/5
f 1983/1/5 1973/1/887 1985/1/5
f 1975/1/885 1973/1/887 1983/1/893
f 1983/1/893 1986/1/894 1975/1/885
s 63
f 1978/1/892 1986/1/895 1983/1/891
f 1987/1/9 1986/1/895 1978/1/892
s 62
f 1975/1/885 1986/1/894 1987/1/896
f 1972/1/732 1987/1/896 1989/1/897
f 1987/1/896 1972/1/732 1975/1/885
s 63
f 1987/1/9 1978/1/892 1988/1/898
f 1988/1/898 1989/1/899 1987/1/9
s 62
f 1989/1/897 1990/1/900 1972/1/732
f 1990/1/900 1989/1/897 1991/1/901
s 63
f 1991/1/902 1989/1/899 1988/1/898
s 62
f 1992/1/903 1990/1/900 1991/1/901
f 1992/1/903 1991/1/901 1993/1/15
s 63
f 1993/1/9 1991/1/902 1994/1/904
f 1988/1/898 1994/1/904 1991/1/902
s 62
f 1994/1/905 1988/1/906 1971/1/883
f 1971/1/883 1995/1/907 1994/1/905
f 1994/1/905 1995/1/907 1996/1/908
f 1996/1/908 1997/1/908 1994/1/905
s 63
f 1994/1/904 1997/1/9 1993/1/9
s 62
f 1997/1/24 1996/1/24 1998/1/24
f 1998/1/24 1993/1/24 1997/1/24
f 1999/1/909 1998/1/24 1996/1/24
f 2001/1/15 1998/1/15 1999/1/15
f 1993/1/15 1998/1/15 1992/1/903
f 2000/1/15 1992/1/903 1998/1/15
f 2001/1/15 2000/1/15 1998/1/15
f 2001/1/910 2003/1/911 2002/1/912
f 2001/1/910 2002/1/912 2004/1/913
f 1999/1/15 2003/1/15 2001/1/15
f 2001/1/910 2004/1/913 2000/1/914
f 2005/1/908 1995/1/907 2004/1/913
f 2005/1/908 2004/1/913 2002/1/912
f 1992/1/903 2000/1/914 2004/1/913
f 2004/1/913 1995/1/907 1992/1/903
f 1996/1/24 2005/1/909 1999/1/909
f 1999/1/909 2005/1/909 2006/1/915
f 2002/1/912 2006/1/916 2005/1/908
f 2005/1/908 1996/1/908 1995/1/907
f 2006/1/915 2003/1/911 1999/1/909
f 2003/1/911 2006/1/915 2002/1/912
f 1992/1/903 1995/1/907 1971/1/883
f 1992/1/903 1971/1/883 1990/1/900
f 1972/1/14 1990/1/900 1971/1/883
s 63
f 1988/1/898 1978/1/892 1977/1/9
f 1977/1/9 2007/1/9 1988/1/898
s 62
f 1988/1/906 2007/1/10 2008/1/10
f 2008/1/10 1971/1/883 1988/1/906
f 2008/1/14 1976/1/14 1971/1/883
s 64
f 1976/1/5 2008/1/5 2007/1/5
f 2007/1/5 1977/1/5 1976/1/5
s 62
f 1984/1/10 1985/1/10 2009/1/10
f 2011/1/10 2009/1/10 1985/1/10
f 2010/1/917 1985/1/5 1973/1/887
f 2011/1/10 1985/1/10 2010/1/917
f 2009/1/918 2011/1/919 2012/1/920
f 2012/1/920 2011/1/919 2013/1/921
f 2013/1/10 2011/1/10 2010/1/917
f 2014/1/922 2017/1/923 2013/1/921
f 2013/1/921 2015/1/924 2014/1/922
f 2010/1/917 2015/1/924 2013/1/10
f 2013/1/921 2016/1/925 2012/1/920
f 2017/1/923 2016/1/925 2013/1/921
f 2018/1/926 2016/1/925 2017/1/923
f 2018/1/926 2017/1/923 2020/1/927
f 2019/1/928 2017/1/923 2014/1/922
f 2017/1/923 2019/1/928 2020/1/927
f 2021/1/5 2020/1/927 2019/1/928
f 2020/1/15 2021/1/15 2022/1/929
f 2020/1/15 2022/1/929 2012/1/920
f 2020/1/15 2012/1/920 2016/1/925
f 2016/1/925 2018/1/15 2020/1/15
f 1981/1/918 2009/1/918 2022/1/929
f 2022/1/929 1982/1/930 1981/1/918
f 2012/1/920 2022/1/929 2009/1/918
f 1982/1/930 2022/1/929 2021/1/15
f 1980/1/5 2021/1/5 1974/1/886
f 2021/1/15 1980/1/15 1982/1/930
f 2019/1/928 1974/1/886 2021/1/5
f 2014/1/922 2023/1/931 2019/1/928
f 1974/1/886 2019/1/928 2023/1/931
f 2014/1/922 2010/1/917 2023/1/931
f 2023/1/931 1973/1/887 1974/1/886
f 1973/1/887 2023/1/931 2010/1/917
f 2014/1/922 2015/1/924 2010/1/917
f 2009/1/10 1981/1/10 1984/1/10
s 65
f 2024/1/932 2026/1/933 2025/1/934
s 66
f 2028/1/935 2024/1/936 2025/1/937
s 65
f 2029/1/9 2026/1/933 2024/1/932
s 66
f 2024/1/936 2028/1/935 2027/1/788
f 2027/1/788 2029/1/938 2024/1/936
f 2029/1/938 2027/1/788 2030/1/939
f 2030/1/939 2031/1/940 2029/1/938
s 65
f 2031/1/941 2032/1/942 2029/1/9
f 2032/1/942 2026/1/933 2029/1/9
f 2032/1/942 2034/1/9 2033/1/9
f 2033/1/9 2026/1/933 2032/1/942
s 66
f 2034/1/10 2032/1/587 2035/1/943
f 2035/1/943 2032/1/587 2036/1/944
s 65
f 2037/1/945 2036/1/946 2032/1/942
f 2037/1/945 2032/1/942 2031/1/941
s 66
f 2037/1/947 2031/1/940 2030/1/939
f 2030/1/939 2038/1/948 2037/1/947
f 2037/1/947 2038/1/948 2040/1/15
s 65
f 2039/1/9 2036/1/946 2037/1/945
s 66
f 2040/1/15 2039/1/15 2037/1/947
f 2039/1/5 2040/1/5 2041/1/5
f 2042/1/949 2041/1/5 2040/1/5
f 2040/1/5 2043/1/950 2042/1/949
f 2043/1/15 2040/1/15 2038/1/948
f 2044/1/951 2045/1/952 2043/1/950
f 2044/1/15 2043/1/15 2038/1/948
f 2045/1/952 2042/1/949 2043/1/950
f 2046/1/953 2045/1/952 2044/1/951
f 2042/1/954 2045/1/954 2046/1/953
f 2047/1/955 2046/1/953 2048/1/956
f 2046/1/953 2047/1/955 2042/1/954
f 2044/1/951 2048/1/956 2046/1/953
f 2048/1/956 2049/1/957 2047/1/955
f 2049/1/15 2048/1/15 2044/1/15
f 2050/1/958 2047/1/955 2049/1/957
f 2049/1/957 2038/1/948 2050/1/958
f 2044/1/15 2038/1/948 2049/1/15
f 2047/1/955 2050/1/958 2041/1/954
f 2050/1/958 2035/1/943 2036/1/944
f 2050/1/958 2036/1/944 2051/1/954
f 2035/1/943 2050/1/958 2038/1/948
f 2051/1/954 2041/1/954 2050/1/958
s 65
f 2039/1/9 2051/1/9 2036/1/946
s 66
f 2041/1/5 2051/1/5 2039/1/5
f 2047/1/955 2041/1/954 2042/1/954
f 2038/1/948 2030/1/939 2035/1/943
f 2052/1/14 2054/1/14 2035/1/943
f 2052/1/14 2035/1/943 2053/1/959
f 2035/1/943 2054/1/10 2034/1/10
f 2027/1/14 2053/1/959 2035/1/943
f 2027/1/14 2035/1/943 2030/1/939
s 67
f 2054/1/24 2052/1/24 2033/1/24
f 2033/1/24 2034/1/24 2054/1/24
s 66
f 2052/1/15 2053/1/959 2026/1/960
f 2028/1/935 2053/1/959 2027/1/14
f 2055/1/961 2053/1/959 2028/1/935
f 2055/1/961 2057/1/962 2053/1/959
f 2056/1/963 2026/1/960 2053/1/959
f 2053/1/959 2057/1/962 2056/1/963
f 2056/1/963 2057/1/962 2058/1/24
f 2059/1/964 2058/1/24 2057/1/962
f 2060/1/965 2057/1/962 2055/1/961
f 2057/1/962 2060/1/965 2059/1/964
f 2055/1/961 2061/1/966 2060/1/965
f 2064/1/967 2060/1/965 2061/1/966
f 2062/1/915 2059/1/964 2060/1/965
f 2060/1/965 2063/1/968 2062/1/915
f 2064/1/967 2063/1/968 2060/1/965
f 2065/1/969 2063/1/968 2064/1/967
f 2064/1/967 2066/1/970 2065/1/969
f 2067/1/971 2066/1/970 2064/1/967
f 2064/1/967 2061/1/966 2067/1/971
f 2067/1/971 2070/1/10 2065/1/10
f 2065/1/10 2066/1/970 2067/1/971
f 2068/1/24 2067/1/971 2061/1/966
f 2067/1/971 2068/1/10 2069/1/10
f 2067/1/971 2069/1/10 2070/1/10
f 2065/1/969 2070/1/972 2071/1/973
f 2072/1/974 2071/1/973 2070/1/972
f 2070/1/972 2069/1/975 2072/1/974
f 2073/1/976 2072/1/974 2069/1/975
f 2072/1/974 2073/1/976 2074/1/15
f 2074/1/15 2058/1/15 2072/1/974
f 2071/1/973 2072/1/974 2058/1/15
f 2058/1/24 2074/1/24 2056/1/963
s 65
f 2074/1/9 2073/1/9 2056/1/977
f 2056/1/977 2073/1/9 2075/1/9
s 66
f 2069/1/975 2075/1/975 2073/1/976
s 65
f 2075/1/9 2076/1/9 2025/1/934
s 66
f 2068/1/10 2076/1/10 2075/1/10
f 2075/1/10 2069/1/10 2068/1/10
s 65
f 2025/1/934 2056/1/977 2075/1/9
s 66
f 2076/1/24 2068/1/24 2055/1/961
f 2055/1/961 2025/1/24 2076/1/24
f 2071/1/973 2058/1/15 2059/1/15
f 2071/1/973 2077/1/978 2065/1/969
f 2077/1/978 2071/1/973 2059/1/15
f 2065/1/969 2077/1/978 2063/1/968
f 2059/1/15 2062/1/808 2077/1/978
f 2062/1/915 2063/1/968 2077/1/978
f 2061/1/966 2055/1/961 2068/1/24
s 65
f 2026/1/933 2056/1/977 2025/1/934
s 66
f 2055/1/961 2028/1/935 2025/1/937
f 2026/1/960 2033/1/15 2052/1/15
s 68
f 2079/1/979 2080/1/980 2078/1/981
f 2078/1/981 2081/1/982 2079/1/979
f 2078/1/15 2080/1/15 2082/1/983
f 2084/1/984 2081/1/982 2078/1/981
f 2082/1/983 2083/1/985 2078/1/15
f 2078/1/981 2083/1/985 2085/1/986
f 2085/1/986 2084/1/984 2078/1/981
f 2085/1/986 2086/1/966 2087/1/987
f 2085/1/986 2082/1/983 2086/1/966
f 2085/1/986 2083/1/985 2082/1/983
f 2087/1/987 2084/1/984 2085/1/986
f 2087/1/987 2088/1/988 2090/1/24
f 2088/1/988 2087/1/987 2086/1/966
f 2090/1/24 2089/1/989 2087/1/987
f 2091/1/990 2087/1/987 2089/1/989
f 2091/1/990 2084/1/984 2087/1/987
f 2081/1/982 2091/1/10 2089/1/10
f 2091/1/990 2081/1/982 2084/1/984
f 2092/1/991 2094/1/992 2090/1/10
f 2090/1/10 2093/1/10 2092/1/991
f 2093/1/24 2090/1/24 2088/1/988
f 2089/1/10 2090/1/10 2094/1/992
f 2079/1/979 2094/1/992 2095/1/993
f 2089/1/10 2094/1/992 2079/1/979
f 2094/1/992 2092/1/991 2096/1/993
f 2096/1/993 2095/1/993 2094/1/992
s 69
f 2096/1/9 2098/1/977 2097/1/994
f 2099/1/9 2096/1/9 2097/1/994
f 2096/1/9 2092/1/9 2098/1/977
s 68
f 2095/1/15 2096/1/15 2099/1/15
f 2100/1/24 2099/1/24 2097/1/24
f 2099/1/15 2100/1/15 2095/1/15
f 2097/1/24 2101/1/995 2100/1/24
f 2080/1/15 2095/1/15 2100/1/15
f 2080/1/15 2100/1/15 2082/1/983
f 2082/1/983 2100/1/24 2101/1/995
f 2102/1/996 2101/1/995 2097/1/997
f 2101/1/995 2102/1/996 2103/1/998
f 2103/1/998 2088/1/988 2101/1/995
f 2086/1/966 2101/1/995 2088/1/988
f 2101/1/995 2086/1/966 2082/1/983
f 2104/1/14 2109/1/14 2103/1/998
f 2104/1/14 2103/1/998 2106/1/999
f 2088/1/988 2103/1/998 2098/1/1000
f 2103/1/998 2105/1/1001 2098/1/1000
f 2108/1/10 2105/1/1001 2103/1/998
f 2106/1/999 2103/1/998 2107/1/14
f 2102/1/996 2107/1/14 2103/1/998
f 2103/1/998 2109/1/10 2108/1/10
s 70
f 2110/1/24 2108/1/24 2109/1/24
f 2109/1/24 2104/1/24 2110/1/24
s 68
f 2111/1/1002 2110/1/15 2104/1/15
s 69
f 2110/1/9 2111/1/1003 2105/1/1004
f 2105/1/1004 2108/1/9 2110/1/9
s 68
f 2104/1/15 2106/1/999 2111/1/1002
s 69
f 2112/1/9 2105/1/1004 2111/1/1003
f 2111/1/1003 2113/1/1005 2112/1/9
s 68
f 2114/1/1006 2111/1/1002 2106/1/999
s 69
f 2115/1/1007 2113/1/1005 2111/1/1003
f 2111/1/1003 2114/1/1008 2115/1/1007
s 68
f 2116/1/1009 2117/1/1010 2115/1/1011
f 2116/1/1009 2115/1/1011 2118/1/10
f 2117/1/1010 2113/1/1012 2115/1/1011
s 69
f 2118/1/9 2115/1/1007 2114/1/1008
s 68
f 2118/1/10 2120/1/10 2116/1/1009
s 69
f 2114/1/1008 2119/1/9 2118/1/9
s 68
f 2120/1/5 2118/1/5 2119/1/5
f 2119/1/5 2121/1/5 2120/1/5
f 2123/1/1013 2120/1/5 2121/1/5
f 2124/1/10 2116/1/1009 2120/1/10
f 2122/1/10 2124/1/10 2120/1/10
f 2122/1/10 2120/1/10 2123/1/10
f 2122/1/1014 2125/1/1015 2124/1/1016
f 2116/1/1009 2124/1/1016 2125/1/1015
f 2122/1/1014 2126/1/1017 2125/1/1015
f 2128/1/1018 2125/1/1015 2126/1/1017
f 2125/1/1015 2127/1/1019 2116/1/1009
f 2128/1/1018 2127/1/1019 2125/1/1015
f 2123/1/1013 2128/1/1013 2129/1/952
f 2126/1/1017 2129/1/1018 2128/1/1018
f 2121/1/5 2128/1/1013 2123/1/1013
f 2128/1/1018 2121/1/1018 2127/1/1019
f 2130/1/1020 2129/1/952 2126/1/1017
f 2129/1/952 2130/1/1020 2123/1/1013
f 2123/1/10 2130/1/10 2122/1/10
f 2122/1/1014 2130/1/1020 2126/1/1017
f 2116/1/1009 2127/1/1019 2106/1/999
f 2106/1/999 2127/1/1019 2114/1/1006
f 2114/1/1006 2127/1/1019 2121/1/1018
f 2121/1/1018 2119/1/1018 2114/1/1006
f 2116/1/1009 2106/1/999 2117/1/1010
f 2113/1/1012 2117/1/1010 2107/1/831
f 2107/1/14 2117/1/1010 2106/1/999
f 2107/1/831 2112/1/830 2113/1/1012
f 2102/1/996 2131/1/1021 2112/1/830
s 69
f 2112/1/9 2131/1/1022 2105/1/1004
s 68
f 2112/1/830 2107/1/831 2102/1/996
f 2097/1/997 2131/1/1021 2102/1/996
s 69
f 2105/1/1004 2131/1/1022 2097/1/994
f 2097/1/994 2098/1/977 2105/1/1004
s 68
f 2088/1/988 2098/1/1000 2093/1/24
s 69
f 2093/1/9 2098/1/977 2092/1/9
s 68
f 2095/1/993 2080/1/980 2079/1/979
f 2089/1/10 2079/1/979 2081/1/982
s 71
f 2133/1/1023 2132/1/15 2134/1/15
f 2132/1/14 2133/1/1023 2137/1/1024
s 72
f 2135/1/5 2134/1/5 2132/1/5
f 2132/1/5 2136/1/5 2135/1/5
s 71
f 2137/1/1024 2136/1/14 2132/1/14
f 2138/1/1025 2139/1/1026 2137/1/1024
f 2138/1/1025 2137/1/1024 2142/1/1027
f 2137/1/1024 2139/1/1026 2141/1/1028
f 2136/1/10 2137/1/1024 2140/1/1029
f 2141/1/1028 2140/1/1029 2137/1/1024
f 2142/1/1027 2137/1/1024 2143/1/14
f 2143/1/14 2137/1/1024 2133/1/1023
f 2144/1/1030 2142/1/1027 2143/1/868
f 2143/1/868 2145/1/1031 2144/1/1030
f 2145/1/1031 2143/1/868 2146/1/1032
f 2143/1/14 2133/1/1023 2146/1/1032
f 2146/1/1032 2147/1/1033 2149/1/1034
f 2147/1/1033 2146/1/1032 2133/1/1023
f 2146/1/1032 2148/1/1035 2145/1/1031
f 2149/1/1034 2148/1/1035 2146/1/1032
s 73
f 2149/1/1036 2150/1/1037 2151/1/1038
f 2152/1/9 2150/1/1037 2149/1/1036
s 71
f 2149/1/1034 2147/1/1033 2153/1/10
s 73
f 2149/1/1036 2151/1/1038 2148/1/1039
s 71
f 2153/1/10 2152/1/10 2149/1/1034
f 2153/1/24 2156/1/1040 2154/1/1041
f 2154/1/1041 2155/1/24 2153/1/24
f 2152/1/24 2153/1/24 2155/1/24
f 2156/1/10 2153/1/10 2147/1/1033
f 2158/1/915 2154/1/1041 2156/1/1040
f 2157/1/10 2156/1/10 2147/1/1033
f 2157/1/911 2158/1/915 2156/1/1040
f 2159/1/1042 2158/1/915 2157/1/911
f 2154/1/1043 2158/1/1043 2159/1/1042
f 2159/1/1042 2160/1/1044 2154/1/1043
f 2160/1/1044 2159/1/1042 2161/1/1045
f 2157/1/911 2161/1/1045 2159/1/1042
f 2161/1/1045 2162/1/1046 2160/1/1044
f 2162/1/10 2161/1/10 2157/1/10
f 2163/1/1047 2160/1/1044 2162/1/1046
f 2162/1/1046 2147/1/1033 2163/1/1047
f 2157/1/10 2147/1/1033 2162/1/10
f 2160/1/1044 2163/1/1047 2155/1/1043
f 2133/1/1023 2163/1/1047 2147/1/1033
f 2163/1/1047 2133/1/1023 2150/1/1048
f 2163/1/1047 2150/1/1048 2164/1/1043
f 2164/1/1043 2155/1/1043 2163/1/1047
s 73
f 2152/1/9 2164/1/9 2150/1/1037
s 71
f 2155/1/24 2164/1/24 2152/1/24
f 2160/1/1044 2155/1/1043 2154/1/1043
f 2134/1/15 2151/1/1049 2133/1/1023
s 73
f 2134/1/9 2140/1/1050 2151/1/1038
s 71
f 2133/1/1023 2151/1/1049 2150/1/1048
s 73
f 2151/1/1038 2140/1/1050 2145/1/9
f 2148/1/1039 2151/1/1038 2145/1/9
f 2145/1/9 2140/1/1050 2144/1/1051
s 71
f 2142/1/1027 2144/1/1030 2165/1/1052
s 73
f 2144/1/1051 2140/1/1050 2165/1/1053
s 71
f 2138/1/1025 2142/1/1027 2165/1/1052
f 2138/1/1025 2165/1/5 2167/1/5
s 73
f 2165/1/1053 2141/1/890 2166/1/9
f 2166/1/9 2167/1/9 2165/1/1053
f 2140/1/1050 2141/1/890 2165/1/1053
s 71
f 2167/1/5 2168/1/5 2138/1/1025
f 2168/1/15 2167/1/15 2166/1/15
f 2169/1/931 2138/1/1025 2168/1/5
f 2168/1/5 2170/1/1054 2169/1/931
f 2170/1/1054 2168/1/15 2171/1/15
f 2166/1/15 2171/1/15 2168/1/15
f 2170/1/1054 2171/1/15 2172/1/15
f 2172/1/1055 2171/1/1056 2174/1/1057
f 2173/1/1058 2174/1/1057 2171/1/1056
f 2171/1/1056 2166/1/1056 2173/1/1058
f 2174/1/1057 2175/1/1059 2172/1/1055
f 2175/1/1059 2174/1/1057 2177/1/10
f 2176/1/10 2177/1/10 2174/1/1057
f 2174/1/1057 2173/1/1058 2176/1/10
f 2141/1/1028 2139/1/1026 2177/1/5
f 2178/1/949 2177/1/5 2139/1/1026
f 2177/1/5 2176/1/5 2141/1/1028
f 2175/1/1059 2177/1/10 2178/1/10
f 2139/1/1026 2179/1/1060 2178/1/949
f 2181/1/1061 2175/1/1059 2178/1/10
f 2180/1/952 2178/1/949 2179/1/1060
f 2178/1/10 2180/1/10 2181/1/1061
f 2181/1/1061 2182/1/1062 2175/1/1059
f 2182/1/1062 2181/1/1061 2183/1/1063
f 2180/1/952 2183/1/1063 2181/1/1061
f 2182/1/1062 2183/1/1063 2184/1/1064
f 2184/1/1064 2183/1/1063 2179/1/1060
f 2179/1/1060 2183/1/1063 2180/1/952
f 2184/1/1064 2185/1/1065 2182/1/1062
f 2170/1/1054 2185/1/1065 2184/1/1064
f 2184/1/1064 2169/1/931 2170/1/1054
f 2184/1/1064 2179/1/1060 2169/1/931
f 2182/1/15 2185/1/1065 2170/1/1054
f 2182/1/1062 2172/1/1055 2175/1/1059
f 2170/1/1054 2172/1/15 2182/1/15
f 2138/1/1025 2169/1/931 2179/1/1060
f 2179/1/1060 2139/1/1026 2138/1/1025
s 73
f 2176/1/9 2173/1/9 2141/1/890
f 2141/1/890 2173/1/9 2166/1/9
f 2134/1/9 2135/1/9 2140/1/1050
s 71
f 2140/1/1029 2135/1/10 2136/1/10
s 130
f 2495/1/1279 2497/1/1280 2496/1/1281
f 2499/1/1282 2495/1/1279 2496/1/1281
f 2497/1/1280 2495/1/1279 2498/1/1283
f 2500/1/1284 2498/1/1284 2495/1/1279
f 2500/1/1284 2495/1/1279 2499/1/1282
f 2502/1/1285 2500/1/1286 2501/1/1287
s 131
f 2501/1/1288 2500/1/1288 2499/1/1288
s 130
f 2498/1/1289 2500/1/1286 2502/1/1285
f 2498/1/1289 2502/1/1285 2503/1/1290
f 2503/1/1290 2502/1/1285 2504/1/1291
f 2501/1/1287 2504/1/1292 2502/1/1285
f 2501/1/1287 2505/1/1293 2504/1/1292
f 2505/1/1293 2506/1/1294 2504/1/1292
f 2507/1/1295 2504/1/1296 2506/1/1297
f 2508/1/1298 2504/1/1299 2507/1/1300
f 2504/1/1291 2508/1/1298 2497/1/1301
f 2497/1/1301 2503/1/1290 2504/1/1291
f 2509/1/1302 2499/1/1303 2508/1/1298
f 2508/1/1298 2507/1/1300 2509/1/1302
f 2508/1/1298 2499/1/1303 2511/1/1304
f 2512/1/1305 2508/1/1298 2510/1/1306
f 2511/1/1304 2510/1/1306 2508/1/1298
f 2512/1/1305 2497/1/1301 2508/1/1298
f 2497/1/1280 2512/1/1307 2496/1/1281
f 2496/1/1281 2512/1/1307 2513/1/24
f 2512/1/1307 2514/1/24 2513/1/24
f 2516/1/1308 2514/1/1309 2512/1/1305
f 2510/1/1306 2515/1/1310 2512/1/1305
f 2512/1/1305 2515/1/1310 2517/1/1311
f 2517/1/1311 2516/1/1308 2512/1/1305
f 2524/1/1312 2518/1/1313 2517/1/1314
f 2520/1/5 2517/1/1314 2518/1/1313
f 2519/1/1315 2517/1/1311 2521/1/1316
f 2519/1/1315 2516/1/1308 2517/1/1311
f 2515/1/1310 2510/1/1306 2517/1/1311
f 2523/1/1317 2517/1/1311 2510/1/1306
s 132
f 2522/1/1318 2517/1/1318 2520/1/1318
s 133
f 2521/1/1319 2517/1/1320 2522/1/1321
s 130
f 2523/1/1322 2524/1/1312 2517/1/1314
f 2526/1/1323 2525/1/1324 2524/1/1312
f 2527/1/1325 2524/1/1312 2525/1/1324
f 2526/1/1323 2524/1/1312 2523/1/1322
f 2524/1/1312 2511/1/1326 2518/1/1313
f 2524/1/1312 2527/1/1325 2511/1/1326
f 2510/1/1306 2511/1/1327 2527/1/1327
f 2527/1/1327 2528/1/1328 2510/1/1306
f 2507/1/1295 2528/1/1328 2527/1/1329
f 2507/1/1295 2527/1/1329 2509/1/1330
f 2509/1/1302 2527/1/1325 2505/1/1293
f 2529/1/1331 2505/1/1293 2527/1/1325
f 2529/1/1331 2527/1/1325 2530/1/1332
f 2525/1/1324 2530/1/1332 2527/1/1325
f 2530/1/1333 2531/1/1333 2533/1/1334
f 2531/1/1335 2530/1/1332 2525/1/1324
f 2532/1/1336 2530/1/1333 2533/1/1334
f 2530/1/1337 2532/1/1336 2534/1/1338
f 2534/1/1338 2535/1/1339 2530/1/1337
f 2530/1/1332 2535/1/1340 2529/1/1331
s 134
f 2537/1/1341 2536/1/1341 2535/1/1341
s 130
f 2535/1/1340 2536/1/1342 2529/1/1331
f 2539/1/1343 2535/1/1344 2534/1/1338
f 2537/1/1345 2535/1/1344 2538/1/1346
f 2539/1/1343 2538/1/1346 2535/1/1344
f 2539/1/1343 2541/1/1301 2540/1/1347
f 2533/1/1334 2539/1/1343 2540/1/1347
f 2542/1/1348 2541/1/1301 2539/1/1343
f 2543/1/1349 2542/1/1348 2539/1/1350
f 2538/1/1346 2539/1/1343 2531/1/1351
f 2539/1/1343 2533/1/1334 2531/1/1351
f 2539/1/1343 2534/1/1338 2543/1/1352
f 2543/1/1349 2544/1/1353 2529/1/1331
f 2544/1/1354 2543/1/1352 2534/1/1338
f 2542/1/1348 2543/1/1349 2536/1/1342
f 2529/1/1331 2536/1/1342 2543/1/1349
f 2529/1/1331 2544/1/1353 2506/1/1294
f 2506/1/1297 2544/1/1354 2532/1/1336
f 2544/1/1354 2534/1/1338 2532/1/1336
f 2537/1/1355 2542/1/1348 2536/1/1342
f 2542/1/1348 2545/1/1356 2541/1/1301
f 2537/1/1355 2545/1/1356 2542/1/1348
f 2537/1/1355 2546/1/1289 2545/1/1356
f 2545/1/1357 2546/1/1358 2541/1/1359
f 2546/1/1284 2537/1/1284 2547/1/1360
f 2546/1/1358 2547/1/1360 2541/1/1359
f 2541/1/1359 2547/1/1360 2548/1/1361
f 2548/1/1361 2547/1/1360 2538/1/1282
f 2537/1/1284 2538/1/1282 2547/1/1360
f 2549/1/1362 2550/1/1363 2548/1/1361
f 2548/1/1361 2551/1/1364 2549/1/1362
f 2540/1/1365 2548/1/1361 2550/1/5
f 2531/1/1335 2551/1/1364 2548/1/1361
f 2548/1/1361 2538/1/1282 2531/1/1335
f 2548/1/1361 2540/1/1365 2541/1/1359
f 2551/1/1364 2531/1/1335 2549/1/1362
f 2552/1/1366 2550/1/1363 2553/1/1367
f 2550/1/5 2552/1/5 2555/1/5
f 2549/1/1362 2553/1/1367 2550/1/1363
f 2550/1/5 2554/1/5 2540/1/1365
f 2554/1/5 2550/1/5 2555/1/5
f 2555/1/5 2552/1/5 2558/1/5
f 2556/1/1368 2554/1/1369 2555/1/1370
f 2556/1/1368 2555/1/1370 2557/1/1371
f 2557/1/1371 2555/1/1370 2558/1/1372
f 2552/1/5 2559/1/5 2558/1/5
f 2558/1/5 2559/1/5 2561/1/5
f 2560/1/1373 2558/1/1372 2561/1/1374
f 2557/1/1371 2558/1/1372 2560/1/1373
f 2561/1/1374 2563/1/1375 2562/1/1375
f 2564/1/1374 2561/1/1374 2562/1/1375
f 2561/1/5 2566/1/5 2563/1/5
f 2561/1/1374 2564/1/1374 2560/1/1373
f 2559/1/5 2565/1/5 2561/1/5
f 2561/1/5 2565/1/5 2566/1/5
f 2565/1/1376 2567/1/1377 2566/1/1378
f 2567/1/1377 2568/1/1379 2566/1/1378
f 2569/1/1380 2566/1/1378 2568/1/1379
f 2563/1/5 2566/1/5 2569/1/5
f 2570/1/5 2569/1/5 2574/1/5
f 2569/1/5 2570/1/5 2563/1/5
f 2569/1/1380 2568/1/1379 2573/1/1381
f 2573/1/1381 2571/1/1382 2569/1/1380
f 2569/1/1380 2571/1/1382 2572/1/1383
f 2572/1/1383 2574/1/1384 2569/1/1380
f 2574/1/5 2575/1/5 2570/1/5
f 2575/1/5 2574/1/5 2577/1/5
f 2572/1/1383 2576/1/1385 2574/1/1384
f 2577/1/9 2574/1/1384 2576/1/1385
f 2577/1/5 2579/1/5 2575/1/5
f 2576/1/1385 2578/1/9 2577/1/9
f 2580/1/1386 2577/1/9 2578/1/9
f 2581/1/5 2579/1/5 2577/1/5
f 2577/1/5 2580/1/5 2581/1/5
f 2582/1/1387 2579/1/1388 2581/1/1389
f 2582/1/1387 2581/1/1389 2583/1/1390
f 2583/1/1390 2581/1/1389 2584/1/1391
f 2584/1/5 2581/1/5 2580/1/5
f 2585/1/1392 2583/1/1390 2584/1/1391
f 2585/1/1392 2584/1/1391 2586/1/1391
f 2590/1/14 2586/1/1391 2584/1/1391
s 135
f 2587/1/10 2584/1/10 2588/1/10
s 130
f 2587/1/14 2589/1/14 2584/1/1391
f 2580/1/5 2588/1/5 2584/1/5
f 2584/1/1391 2589/1/14 2590/1/14
s 136
f 2586/1/24 2590/1/24 2591/1/24
s 137
f 2591/1/15 2590/1/15 2589/1/15
s 138
f 2592/1/14 2595/1/14 2591/1/14
f 2592/1/14 2591/1/14 2594/1/14
s 136
f 2591/1/24 2597/1/24 2586/1/24
f 2596/1/24 2593/1/24 2591/1/24
f 2591/1/24 2593/1/24 2597/1/24
s 137
f 2589/1/15 2594/1/15 2591/1/15
s 136
f 2591/1/24 2595/1/24 2596/1/24
f 2598/1/24 2586/1/24 2597/1/24
f 2593/1/24 2599/1/24 2597/1/24
f 2597/1/24 2599/1/24 2598/1/24
s 130
f 2593/1/9 2600/1/1393 2599/1/1394
f 2598/1/1395 2599/1/1394 2600/1/1393
f 2593/1/9 2601/1/9 2600/1/1393
f 2602/1/9 2600/1/1393 2601/1/9
f 2600/1/1393 2603/1/1396 2598/1/1395
s 135
f 2600/1/10 2602/1/10 2604/1/10
s 130
f 2600/1/1393 2580/1/1386 2603/1/1396
f 2580/1/5 2600/1/5 2588/1/5
s 135
f 2604/1/10 2588/1/10 2600/1/10
s 139
f 2605/1/5 2604/1/5 2602/1/5
s 135
f 2588/1/10 2604/1/10 2587/1/10
s 139
f 2605/1/5 2587/1/5 2604/1/5
s 137
f 2605/1/15 2594/1/15 2589/1/15
s 138
f 2594/1/14 2605/1/14 2608/1/14
s 139
f 2602/1/5 2607/1/5 2605/1/5
f 2605/1/5 2606/1/5 2587/1/5
s 137
f 2589/1/15 2606/1/15 2605/1/15
s 139
f 2608/1/5 2605/1/5 2607/1/5
s 140
f 2592/1/15 2608/1/15 2609/1/15
s 139
f 2607/1/5 2609/1/5 2608/1/5
s 138
f 2608/1/14 2592/1/14 2594/1/14
s 130
f 2609/1/9 2607/1/9 2601/1/9
f 2609/1/9 2601/1/9 2610/1/9
s 140
f 2609/1/15 2610/1/15 2592/1/15
s 130
f 2593/1/9 2596/1/9 2610/1/9
f 2610/1/9 2601/1/9 2593/1/9
s 140
f 2592/1/15 2610/1/15 2596/1/15
s 130
f 2601/1/9 2607/1/9 2602/1/9
f 2587/1/14 2606/1/14 2589/1/14
f 2603/1/1396 2611/1/1397 2598/1/1395
f 2611/1/1397 2603/1/1396 2580/1/1386
f 2598/1/1395 2611/1/1397 2613/1/5
s 141
f 2612/1/1398 2611/1/1399 2582/1/1400
s 142
f 2578/1/24 2582/1/24 2611/1/24
s 130
f 2580/1/1386 2578/1/9 2611/1/1397
s 141
f 2611/1/1399 2612/1/1398 2614/1/1401
f 2614/1/1401 2613/1/10 2611/1/1399
f 2614/1/1401 2615/1/1402 2616/1/9
f 2615/1/1402 2614/1/1401 2617/1/1403
f 2616/1/9 2613/1/9 2614/1/1401
f 2614/1/1401 2612/1/1398 2617/1/1403
s 130
f 2619/1/1404 2618/1/1405 2617/1/1406
f 2617/1/1406 2618/1/1405 2598/1/1407
f 2615/1/15 2617/1/1406 2598/1/1407
s 141
f 2620/1/1408 2617/1/1403 2612/1/1398
s 130
f 2617/1/1406 2620/1/1409 2619/1/1404
f 2619/1/1404 2620/1/1409 2621/1/1409
s 141
f 2623/1/1410 2621/1/1408 2620/1/1408
f 2622/1/1411 2620/1/1408 2612/1/1398
f 2620/1/1408 2622/1/1411 2623/1/1410
s 143
f 2624/1/5 2626/1/5 2623/1/5
s 141
f 2625/1/1400 2624/1/1400 2623/1/1410
f 2625/1/1400 2623/1/1410 2622/1/1411
f 2623/1/1410 2626/1/1412 2627/1/1413
f 2621/1/1408 2623/1/1410 2627/1/1413
f 2628/1/1400 2633/1/1399 2627/1/1413
f 2627/1/1413 2631/1/1400 2628/1/1400
f 2630/1/1414 2627/1/1413 2629/1/1415
f 2629/1/1415 2627/1/1413 2633/1/1399
f 2621/1/1408 2627/1/1413 2630/1/1414
s 144
f 2627/1/24 2632/1/24 2631/1/24
s 141
f 2626/1/1412 2632/1/1416 2627/1/1413
s 130
f 2633/1/1417 2634/1/9 2636/1/9
s 145
f 2634/1/5 2633/1/5 2628/1/5
s 130
f 2637/1/1418 2635/1/1419 2633/1/1417
f 2638/1/24 2633/1/1417 2635/1/1419
f 2633/1/1417 2636/1/9 2639/1/1420
f 2633/1/1417 2639/1/1420 2637/1/1418
s 141
f 2638/1/10 2629/1/1415 2633/1/1399
s 130
f 2636/1/24 2640/1/24 2639/1/24
f 2639/1/24 2640/1/24 2643/1/24
f 2641/1/24 2642/1/24 2639/1/24
f 2639/1/24 2643/1/24 2641/1/24
f 2639/1/1420 2642/1/1421 2644/1/1394
f 2639/1/1420 2644/1/1394 2635/1/1419
f 2635/1/1419 2637/1/1418 2639/1/1420
f 2645/1/9 2644/1/1394 2642/1/1421
f 2645/1/9 2646/1/9 2644/1/1394
s 146
f 2635/1/5 2644/1/5 2647/1/5
f 2647/1/5 2644/1/5 2646/1/5
f 2646/1/5 2648/1/5 2647/1/5
f 2648/1/5 2649/1/5 2647/1/5
f 2635/1/5 2647/1/5 2649/1/5
f 2648/1/5 2651/1/5 2649/1/5
s 130
f 2649/1/1391 2643/1/1422 2640/1/1423
f 2652/1/14 2643/1/1422 2649/1/1391
s 146
f 2649/1/5 2650/1/5 2635/1/5
s 130
f 2650/1/1424 2649/1/1391 2640/1/1423
f 2649/1/1391 2651/1/14 2652/1/14
s 147
f 2654/1/15 2652/1/15 2653/1/15
f 2653/1/15 2652/1/15 2651/1/15
s 130
f 2654/1/14 2643/1/1422 2652/1/14
f 2654/1/14 2656/1/14 2643/1/1422
s 147
f 2653/1/15 2655/1/15 2654/1/15
s 148
f 2656/1/24 2654/1/24 2655/1/24
s 149
f 2643/1/10 2656/1/10 2657/1/10
s 148
f 2655/1/24 2657/1/24 2656/1/24
s 149
f 2657/1/10 2641/1/10 2643/1/10
f 2641/1/10 2657/1/10 2659/1/10
s 148
f 2657/1/24 2655/1/24 2658/1/24
f 2658/1/24 2659/1/24 2657/1/24
s 130
f 2642/1/1421 2659/1/9 2658/1/9
s 149
f 2659/1/10 2642/1/10 2641/1/10
s 130
f 2658/1/9 2645/1/9 2642/1/1421
f 2658/1/9 2661/1/9 2660/1/9
f 2658/1/9 2660/1/9 2645/1/9
s 148
f 2661/1/24 2658/1/24 2655/1/24
s 150
f 2660/1/15 2661/1/15 2662/1/15
s 148
f 2655/1/24 2662/1/24 2661/1/24
s 150
f 2662/1/15 2663/1/15 2660/1/15
s 151
f 2663/1/14 2662/1/14 2655/1/14
f 2665/1/14 2663/1/14 2653/1/14
f 2655/1/14 2653/1/14 2663/1/14
s 150
f 2664/1/15 2660/1/15 2663/1/15
f 2664/1/15 2663/1/15 2665/1/15
s 146
f 2665/1/5 2648/1/5 2646/1/5
s 151
f 2665/1/14 2653/1/14 2648/1/14
s 146
f 2646/1/5 2664/1/5 2665/1/5
s 130
f 2645/1/9 2660/1/9 2664/1/9
f 2664/1/9 2646/1/9 2645/1/9
s 147
f 2651/1/15 2648/1/15 2653/1/15
s 130
f 2666/1/1425 2628/1/1426 2650/1/1424
f 2640/1/1423 2666/1/1425 2650/1/1424
f 2667/1/1427 2650/1/1424 2628/1/1426
f 2650/1/1424 2667/1/1427 2630/1/1428
f 2630/1/1428 2635/1/1429 2650/1/1424
f 2631/1/1430 2667/1/1427 2628/1/1426
f 2630/1/1428 2667/1/1427 2668/1/1431
f 2668/1/1431 2667/1/1427 2631/1/1430
f 2619/1/1404 2668/1/1431 2624/1/1432
f 2621/1/1409 2668/1/1431 2619/1/1404
f 2624/1/1432 2668/1/1431 2631/1/1430
f 2668/1/1431 2621/1/1409 2630/1/1428
f 2628/1/1426 2666/1/1425 2640/1/1423
f 2636/1/24 2669/1/24 2640/1/24
f 2640/1/1423 2669/1/1388 2670/1/1388
f 2640/1/1423 2670/1/1388 2628/1/1426
f 2672/1/1433 2671/1/1434 2670/1/1388
s 145
f 2634/1/5 2670/1/5 2671/1/5
f 2628/1/5 2670/1/5 2634/1/5
s 130
f 2672/1/1433 2670/1/1388 2669/1/1388
f 2673/1/24 2672/1/24 2636/1/24
f 2674/1/24 2672/1/24 2673/1/24
f 2672/1/24 2669/1/24 2636/1/24
f 2672/1/1433 2674/1/1435 2675/1/1436
f 2672/1/1433 2675/1/1436 2676/1/1437
f 2676/1/1437 2671/1/1434 2672/1/1433
s 145
f 2676/1/5 2677/1/5 2678/1/5
s 141
f 2680/1/1438 2677/1/1439 2676/1/1438
s 145
f 2678/1/5 2671/1/5 2676/1/5
s 130
f 2675/1/1436 2679/1/1440 2676/1/1437
f 2680/1/1441 2676/1/1437 2679/1/1440
s 141
f 2680/1/1438 2632/1/1416 2677/1/1439
s 130
f 2631/1/1430 2680/1/1441 2681/1/1442
f 2681/1/1442 2680/1/1441 2682/1/1443
s 144
f 2632/1/24 2680/1/24 2631/1/24
s 130
f 2679/1/1440 2682/1/1443 2680/1/1441
f 2682/1/1443 2684/1/1444 2683/1/1445
f 2683/1/1445 2685/1/1446 2682/1/1443
f 2684/1/1444 2682/1/1443 2679/1/1440
f 2685/1/1446 2681/1/1442 2682/1/1443
f 2685/1/1446 2687/1/1447 2686/1/1448
f 2686/1/1448 2681/1/1442 2685/1/1446
f 2687/1/1447 2685/1/1446 2683/1/1445
f 2686/1/1448 2687/1/1447 2688/1/1443
f 2687/1/1447 2689/1/1445 2688/1/1443
f 2687/1/1447 2683/1/1445 2689/1/1445
f 2689/1/1445 2690/1/1444 2688/1/1443
s 141
f 2691/1/1449 2690/1/1450 2689/1/1451
f 2689/1/1451 2692/1/1452 2691/1/1449
f 2692/1/1452 2689/1/1451 2683/1/1451
f 2692/1/1452 2686/1/1453 2625/1/1454
f 2625/1/1454 2622/1/1455 2692/1/1452
f 2686/1/1453 2692/1/1452 2626/1/1412
f 2691/1/1449 2692/1/1452 2622/1/1411
f 2683/1/1451 2626/1/1412 2692/1/1452
s 152
f 2693/1/5 2694/1/5 2691/1/5
f 2691/1/5 2612/1/5 2693/1/5
s 141
f 2622/1/1411 2612/1/1398 2691/1/1449
f 2690/1/1450 2691/1/1449 2695/1/1456
f 2695/1/1456 2691/1/1449 2572/1/1457
f 2691/1/1449 2696/1/1438 2572/1/1457
f 2691/1/1449 2694/1/1438 2696/1/1438
s 130
f 2696/1/1458 2697/1/1459 2575/1/1460
f 2696/1/1458 2575/1/1460 2698/1/1461
f 2697/1/1459 2696/1/1458 2699/1/1462
s 142
f 2696/1/24 2698/1/24 2576/1/24
s 130
f 2694/1/1442 2699/1/1462 2696/1/1458
s 142
f 2572/1/24 2696/1/24 2576/1/24
s 130
f 2699/1/1462 2562/1/1375 2570/1/1463
f 2699/1/1462 2570/1/1463 2697/1/1459
s 153
f 2562/1/24 2699/1/24 2573/1/24
s 130
f 2694/1/1442 2688/1/1443 2699/1/1462
f 2699/1/1462 2688/1/1443 2690/1/1444
f 2690/1/1444 2573/1/1464 2699/1/1462
f 2698/1/1461 2575/1/1460 2579/1/1388
f 2698/1/1461 2579/1/1388 2700/1/1388
s 142
f 2698/1/24 2700/1/24 2578/1/24
f 2576/1/24 2698/1/24 2578/1/24
s 130
f 2582/1/1387 2700/1/1388 2579/1/1388
s 142
f 2578/1/24 2700/1/24 2582/1/24
s 130
f 2697/1/1459 2570/1/1463 2575/1/1460
s 141
f 2701/1/1465 2695/1/1456 2702/1/9
f 2695/1/1456 2701/1/1465 2690/1/1450
f 2702/1/15 2695/1/1456 2572/1/1457
f 2702/1/9 2703/1/9 2701/1/1465
s 130
f 2703/1/5 2702/1/5 2573/1/1381
f 2702/1/5 2572/1/1383 2573/1/1381
f 2701/1/10 2703/1/10 2573/1/1464
f 2573/1/1464 2690/1/1444 2701/1/10
f 2625/1/1430 2686/1/1448 2694/1/1442
f 2694/1/1442 2693/1/1466 2625/1/1430
f 2688/1/1443 2694/1/1442 2686/1/1448
f 2618/1/1405 2693/1/1466 2582/1/1387
f 2625/1/1430 2693/1/1466 2618/1/1405
s 141
f 2693/1/1400 2612/1/1398 2582/1/1400
f 2626/1/1412 2681/1/1438 2686/1/1453
f 2704/1/1467 2705/1/1468 2684/1/1469
s 130
f 2704/1/10 2684/1/1444 2706/1/1464
s 141
f 2705/1/1468 2632/1/1416 2684/1/1469
f 2683/1/1451 2684/1/1469 2632/1/1416
s 130
f 2684/1/1444 2679/1/1440 2706/1/1464
f 2706/1/1470 2708/1/1471 2707/1/1471
f 2706/1/1470 2707/1/1471 2709/1/1472
s 133
f 2711/1/5 2708/1/5 2706/1/5
s 130
f 2706/1/1470 2709/1/1472 2710/1/1473
f 2710/1/1473 2677/1/1474 2706/1/1470
f 2706/1/1470 2677/1/1474 2712/1/24
s 133
f 2706/1/5 2679/1/5 2711/1/5
s 130
f 2712/1/24 2713/1/24 2706/1/1470
f 2713/1/10 2704/1/10 2706/1/1464
s 141
f 2705/1/1468 2704/1/1467 2713/1/9
f 2713/1/9 2712/1/9 2705/1/1468
f 2705/1/1468 2712/1/15 2677/1/1439
s 130
f 2715/1/1374 2711/1/1375 2714/1/1375
f 2714/1/1375 2711/1/1375 2679/1/1440
s 133
f 2715/1/5 2708/1/5 2711/1/5
s 130
f 2715/1/1374 2717/1/1374 2716/1/1373
f 2716/1/1373 2720/1/1372 2715/1/1374
f 2714/1/1375 2717/1/1374 2715/1/1374
s 133
f 2718/1/5 2719/1/5 2715/1/5
f 2720/1/5 2718/1/5 2715/1/5
f 2715/1/5 2719/1/5 2708/1/5
s 130
f 2723/1/1475 2720/1/1372 2716/1/1373
s 133
f 2721/1/5 2718/1/5 2720/1/5
f 2722/1/5 2721/1/5 2720/1/5
s 130
f 2723/1/1475 2722/1/1475 2720/1/1372
f 2724/1/24 2723/1/24 2716/1/24
f 2723/1/24 2724/1/24 2513/1/24
f 2513/1/24 2514/1/24 2723/1/24
f 2723/1/1475 2514/1/1309 2516/1/1308
f 2516/1/1308 2722/1/1475 2723/1/1475
f 2716/1/24 2725/1/24 2724/1/24
f 2513/1/1476 2724/1/1477 2721/1/1478
f 2718/1/1479 2721/1/1478 2724/1/1477
f 2724/1/1477 2725/1/1480 2718/1/1479
f 2717/1/24 2726/1/24 2725/1/24
f 2725/1/1480 2726/1/1481 2719/1/1481
f 2725/1/24 2716/1/24 2717/1/24
f 2719/1/1481 2718/1/1479 2725/1/1480
f 2707/1/24 2726/1/24 2717/1/24
f 2719/1/1481 2726/1/1481 2707/1/1471
s 133
f 2727/1/1482 2721/1/5 2722/1/5
f 2516/1/5 2727/1/1482 2722/1/5
s 130
f 2518/1/1313 2513/1/1476 2727/1/1483
f 2721/1/1478 2727/1/1483 2513/1/1476
s 133
f 2727/1/1482 2516/1/5 2519/1/5
f 2519/1/5 2728/1/1484 2727/1/1482
f 2729/1/1485 2727/1/1482 2728/1/1484
s 154
f 2731/1/1486 2518/1/1487 2727/1/1488
s 133
f 2730/1/1489 2727/1/1482 2729/1/1485
s 154
f 2731/1/1486 2727/1/1488 2730/1/1490
s 155
f 2732/1/1491 2520/1/1492 2731/1/1493
f 2734/1/10 2732/1/1491 2731/1/1493
s 154
f 2733/1/24 2731/1/1486 2730/1/1490
s 155
f 2733/1/10 2734/1/10 2731/1/1493
s 130
f 2518/1/1313 2731/1/5 2520/1/5
s 155
f 2735/1/1494 2732/1/1491 2734/1/1495
f 2734/1/1495 2736/1/1496 2735/1/1494
f 2737/1/9 2736/1/1496 2734/1/1495
f 2734/1/1495 2733/1/9 2737/1/9
s 154
f 2737/1/24 2733/1/24 2730/1/1490
s 156
f 2736/1/15 2737/1/15 2730/1/1497
f 2730/1/1497 2735/1/1498 2736/1/15
s 155
f 2732/1/1491 2735/1/1494 2739/1/1499
s 157
f 2738/1/24 2741/1/24 2735/1/24
s 156
f 2522/1/1500 2738/1/1501 2735/1/1498
f 2735/1/1498 2730/1/1497 2522/1/1500
s 155
f 2735/1/1494 2740/1/1499 2739/1/1499
f 2735/1/1494 2741/1/1502 2740/1/1499
f 2742/1/1503 2741/1/1502 2745/1/1504
f 2744/1/1505 2741/1/1502 2742/1/1503
s 157
f 2738/1/24 2743/1/24 2741/1/24
s 156
f 2741/1/1506 2743/1/1507 2729/1/1506
f 2745/1/10 2741/1/1506 2729/1/1506
s 155
f 2744/1/1505 2740/1/1499 2741/1/1502
f 2745/1/1504 2746/1/1508 2742/1/1503
f 2747/1/9 2746/1/1508 2745/1/1504
f 2747/1/9 2745/1/1504 2748/1/9
s 156
f 2748/1/10 2745/1/10 2729/1/1506
s 158
f 2748/1/24 2729/1/24 2728/1/24
f 2747/1/24 2748/1/24 2728/1/24
s 155
f 2746/1/15 2747/1/15 2728/1/1509
f 2728/1/1509 2742/1/1503 2746/1/15
f 2744/1/1505 2742/1/1503 2749/1/1510
f 2749/1/1510 2750/1/1510 2744/1/1505
f 2751/1/1511 2744/1/1505 2750/1/1510
f 2740/1/1499 2744/1/1505 2751/1/1511
f 2751/1/1511 2754/1/1510 2752/1/1512
f 2753/1/1499 2751/1/1511 2752/1/1512
f 2751/1/1511 2753/1/1499 2740/1/1499
f 2750/1/1510 2754/1/1510 2751/1/1511
s 156
f 2755/1/1513 2756/1/1514 2754/1/1514
f 2754/1/1514 2757/1/1507 2755/1/1513
s 155
f 2754/1/1510 2756/1/1510 2752/1/1512
s 156
f 2757/1/1507 2754/1/1514 2750/1/1514
f 2740/1/1515 2757/1/1507 2758/1/1516
f 2750/1/1514 2758/1/1516 2757/1/1507
s 159
f 2759/1/24 2757/1/24 2753/1/24
s 156
f 2740/1/1515 2753/1/1515 2757/1/1507
f 2755/1/1513 2757/1/1507 2759/1/1501
f 2761/1/1517 2760/1/1518 2759/1/1501
f 2762/1/1514 2759/1/1501 2760/1/1518
s 159
f 2753/1/24 2761/1/24 2759/1/24
s 156
f 2759/1/1501 2762/1/1514 2764/1/1514
f 2759/1/1501 2763/1/1519 2755/1/1513
f 2759/1/1501 2764/1/1514 2763/1/1519
s 155
f 2762/1/1492 2767/1/1520 2764/1/1492
s 156
f 2763/1/1519 2764/1/1514 2765/1/1514
s 155
f 2764/1/1492 2766/1/1521 2765/1/1492
f 2764/1/1492 2767/1/1520 2766/1/1521
f 2768/1/1522 2767/1/1520 2769/1/1523
f 2766/1/1521 2767/1/1520 2768/1/10
f 2761/1/1499 2769/1/1523 2767/1/1520
f 2762/1/1492 2770/1/1524 2767/1/1520
f 2770/1/1524 2761/1/1499 2767/1/1520
f 2770/1/1524 2762/1/1492 2772/1/1492
f 2772/1/1492 2771/1/1525 2770/1/1524
f 2770/1/1524 2771/1/1525 2739/1/1499
f 2770/1/1524 2739/1/1499 2761/1/1499
s 156
f 2760/1/1518 2772/1/1514 2762/1/1514
f 2772/1/1514 2760/1/1518 2738/1/1501
f 2738/1/1501 2773/1/1514 2772/1/1514
s 155
f 2771/1/1525 2772/1/1492 2773/1/1492
f 2732/1/1491 2773/1/1492 2520/1/1492
f 2773/1/1492 2732/1/1491 2771/1/1525
s 156
f 2773/1/1514 2738/1/1501 2522/1/1500
f 2522/1/1500 2520/1/1514 2773/1/1514
s 155
f 2739/1/1499 2771/1/1525 2732/1/1491
f 2774/1/1526 2768/1/1522 2769/1/1523
s 156
f 2774/1/15 2769/1/1527 2775/1/1528
f 2775/1/1528 2769/1/1527 2763/1/1519
s 160
f 2763/1/5 2769/1/5 2776/1/5
s 155
f 2753/1/1499 2776/1/1529 2769/1/1523
f 2769/1/1523 2761/1/1499 2753/1/1499
s 156
f 2777/1/1530 2755/1/1513 2776/1/1531
f 2776/1/1531 2779/1/1532 2777/1/1530
s 155
f 2778/1/1533 2776/1/1529 2752/1/1512
s 156
f 2779/1/1532 2776/1/1531 2778/1/10
s 155
f 2753/1/1499 2752/1/1512 2776/1/1529
s 160
f 2776/1/5 2755/1/5 2763/1/5
s 161
f 2779/1/1534 2549/1/1535 2775/1/1536
f 2780/1/1537 2549/1/1535 2779/1/1534
s 162
f 2779/1/24 2775/1/24 2781/1/24
s 161
f 2780/1/1537 2779/1/1534 2782/1/5
s 162
f 2781/1/24 2777/1/24 2779/1/24
s 156
f 2778/1/10 2782/1/10 2779/1/1532
s 161
f 2782/1/5 2783/1/5 2780/1/1537
s 155
f 2783/1/9 2782/1/9 2778/1/1533
f 2783/1/15 2784/1/15 2780/1/1538
f 2778/1/1533 2784/1/1539 2783/1/9
f 2784/1/1539 2778/1/1533 2752/1/1512
f 2784/1/15 2752/1/1512 2780/1/1538
s 163
f 2781/1/1540 2556/1/1541 2777/1/1542
s 156
f 2763/1/1519 2781/1/1500 2775/1/1528
f 2763/1/1519 2765/1/1514 2781/1/1500
s 164
f 2765/1/1543 2556/1/1544 2781/1/1545
s 153
f 2780/1/1546 2553/1/1547 2549/1/1548
s 155
f 2785/1/1510 2780/1/1538 2752/1/1512
s 153
f 2780/1/1546 2785/1/24 2553/1/1547
s 156
f 2777/1/1530 2785/1/1514 2756/1/1514
s 163
f 2777/1/1542 2556/1/1541 2785/1/1549
s 153
f 2785/1/24 2556/1/24 2553/1/1547
s 155
f 2752/1/1512 2756/1/1510 2785/1/1510
s 156
f 2756/1/1514 2755/1/1513 2777/1/1530
s 161
f 2775/1/1536 2549/1/1535 2766/1/1550
f 2775/1/1536 2766/1/1550 2786/1/5
f 2786/1/5 2787/1/5 2775/1/1536
s 156
f 2787/1/15 2774/1/15 2775/1/1528
s 155
f 2774/1/1526 2787/1/9 2786/1/9
f 2768/1/10 2786/1/10 2766/1/1521
f 2774/1/1526 2786/1/9 2768/1/1522
s 130
f 2549/1/1362 2765/1/24 2766/1/24
f 2549/1/1362 2788/1/1551 2765/1/24
f 2765/1/1552 2788/1/1553 2556/1/1368
f 2525/1/1324 2788/1/1551 2549/1/1362
f 2554/1/1369 2556/1/1368 2788/1/1553
f 2540/1/1347 2554/1/1369 2788/1/1553
f 2789/1/1554 2788/1/1553 2533/1/1334
f 2526/1/1555 2533/1/1334 2788/1/1553
f 2525/1/1324 2526/1/1323 2788/1/1551
f 2788/1/1553 2789/1/1554 2540/1/1347
f 2533/1/1334 2540/1/1347 2789/1/1554
s 156
f 2761/1/1517 2739/1/1517 2760/1/1518
s 165
f 2740/1/5 2758/1/5 2760/1/5
s 156
f 2738/1/1501 2760/1/1518 2758/1/1516
s 165
f 2739/1/5 2740/1/5 2760/1/5
s 156
f 2758/1/1516 2750/1/1514 2749/1/1514
f 2758/1/1516 2749/1/1514 2743/1/1507
f 2758/1/1516 2743/1/1507 2738/1/1501
f 2743/1/1507 2749/1/1514 2519/1/1514
s 155
f 2519/1/1510 2749/1/1510 2742/1/1503
s 156
f 2743/1/1507 2519/1/1514 2521/1/1530
f 2743/1/1507 2521/1/1530 2729/1/1506
s 155
f 2742/1/1503 2728/1/1509 2519/1/1510
s 133
f 2729/1/1485 2522/1/1321 2730/1/1489
f 2729/1/1485 2521/1/1319 2522/1/1321
s 130
f 2719/1/1481 2707/1/1471 2708/1/1471
f 2717/1/24 2714/1/24 2707/1/24
f 2707/1/24 2714/1/24 2709/1/24
f 2714/1/24 2674/1/24 2709/1/24
f 2674/1/1435 2714/1/1375 2679/1/1440
f 2710/1/1473 2709/1/1472 2673/1/1556
f 2677/1/1474 2710/1/1473 2673/1/1556
f 2709/1/24 2674/1/24 2673/1/24
s 141
f 2677/1/1439 2632/1/1416 2705/1/1468
f 2632/1/1416 2626/1/1412 2683/1/1451
s 130
f 2631/1/1430 2681/1/1442 2624/1/1432
s 143
f 2624/1/5 2681/1/5 2626/1/5
s 130
f 2679/1/1440 2675/1/1436 2674/1/1435
f 2677/1/1474 2673/1/1556 2678/1/1557
f 2678/1/1557 2673/1/1556 2634/1/9
s 145
f 2671/1/5 2678/1/5 2634/1/5
s 130
f 2673/1/1556 2636/1/9 2634/1/9
f 2790/1/24 2638/1/24 2635/1/1419
s 141
f 2629/1/1415 2638/1/9 2790/1/9
s 130
f 2791/1/15 2790/1/15 2635/1/1429
s 141
f 2790/1/9 2791/1/1558 2629/1/1415
f 2629/1/1415 2791/1/1558 2630/1/1414
s 130
f 2635/1/1429 2630/1/1428 2791/1/15
f 2619/1/1404 2624/1/1432 2625/1/1430
f 2619/1/1404 2625/1/1430 2618/1/1405
f 2582/1/1387 2585/1/1392 2618/1/1405
f 2618/1/1405 2585/1/1392 2598/1/1407
f 2616/1/15 2615/1/15 2598/1/1407
f 2613/1/5 2616/1/5 2598/1/1395
s 136
f 2598/1/24 2585/1/24 2586/1/24
s 140
f 2596/1/15 2595/1/15 2592/1/15
s 130
f 2583/1/1390 2585/1/1392 2582/1/1387
s 153
f 2568/1/24 2562/1/24 2573/1/24
s 130
f 2571/1/1382 2573/1/1381 2572/1/1383
f 2562/1/1375 2563/1/1375 2570/1/1463
s 153
f 2568/1/24 2567/1/24 2564/1/24
f 2564/1/24 2562/1/24 2568/1/24
s 130
f 2792/1/1559 2567/1/1377 2565/1/1376
s 153
f 2564/1/24 2567/1/24 2792/1/24
f 2560/1/24 2792/1/24 2793/1/24
s 130
f 2793/1/1560 2792/1/1559 2559/1/1479
f 2559/1/1479 2792/1/1559 2565/1/1376
s 153
f 2792/1/24 2560/1/24 2564/1/24
s 130
f 2553/1/1367 2793/1/1560 2552/1/1366
f 2559/1/1479 2552/1/1366 2793/1/1560
s 153
f 2793/1/24 2557/1/24 2560/1/24
f 2557/1/24 2793/1/24 2553/1/1547
f 2553/1/1547 2556/1/24 2557/1/24
s 130
f 2525/1/1324 2549/1/1362 2531/1/1335
f 2526/1/1555 2532/1/1336 2533/1/1334
f 2532/1/1336 2528/1/1328 2506/1/1297
f 2523/1/1317 2528/1/1328 2532/1/1336
f 2532/1/1336 2526/1/1555 2523/1/1317
f 2506/1/1294 2505/1/1293 2529/1/1331
f 2510/1/1306 2528/1/1328 2523/1/1317
f 2506/1/1297 2528/1/1328 2507/1/1295
f 2794/1/1561 2518/1/1313 2511/1/1326
f 2518/1/1313 2794/1/1561 2513/1/1476
f 2794/1/1561 2496/1/1281 2513/1/1476
f 2511/1/1326 2496/1/1281 2794/1/1561
f 2511/1/1326 2499/1/1282 2496/1/1281
f 2505/1/1293 2501/1/1287 2509/1/1302
f 2509/1/1302 2501/1/1287 2499/1/1303
f 2498/1/1283 2503/1/1562 2497/1/1280
s 180
f 3244/1/15 3243/1/15 3245/1/15
s 181
f 3246/1/9 3243/1/9 3244/1/9
s 182
f 3247/1/24 3245/1/24 3243/1/24
f 3243/1/24 3246/1/24 3247/1/24
s 183
f 3247/1/14 3248/1/14 3245/1/14
f 3247/1/14 3249/1/14 3248/1/14
s 184
f 3249/1/10 3247/1/10 3246/1/10
s 185
f 3248/1/5 3249/1/5 3250/1/5
s 184
f 3246/1/10 3250/1/10 3249/1/10
s 185
f 3250/1/5 3244/1/5 3248/1/5
s 181
f 3244/1/9 3250/1/9 3246/1/9
s 180
f 3245/1/15 3248/1/15 3244/1/15
s 186
f 3252/1/10 3251/1/10 3253/1/10
s 187
f 3251/1/9 3252/1/9 3255/1/9
s 188
f 3254/1/5 3253/1/5 3251/1/5
f 3251/1/5 3255/1/5 3254/1/5
s 187
f 3252/1/9 3257/1/9 3255/1/9
s 189
f 3256/1/15 3254/1/15 3255/1/15
f 3255/1/15 3257/1/15 3256/1/15
s 190
f 3257/1/24 3252/1/24 3258/1/24
f 3258/1/24 3256/1/24 3257/1/24
s 186
f 3253/1/10 3258/1/10 3252/1/10
s 191
f 3258/1/14 3253/1/14 3254/1/14
f 3254/1/14 3256/1/14 3258/1/14
s 369
f 4807/1/2920 4806/1/2921 4808/1/2922
f 4806/1/2921 4807/1/2920 4812/1/2923
f 4808/1/2922 4806/1/2921 4809/1/2924
f 4810/1/2925 4809/1/2924 4806/1/2921
f 4806/1/2921 4811/1/2926 4810/1/2925
f 4812/1/2923 4811/1/2926 4806/1/2921
f 4813/1/2927 4812/1/2923 4807/1/2920
f 4812/1/2923 4813/1/2927 4815/1/2928
f 4811/1/2926 4812/1/2923 4814/1/2929
f 4814/1/2929 4812/1/2923 4815/1/2928
f 4815/1/2928 4813/1/2927 4816/1/2930
f 4815/1/2928 4816/1/2930 4817/1/2931
s 370
f 4819/1/2932 4815/1/2933 4817/1/2934
f 4818/1/2935 4814/1/2936 4815/1/2933
f 4815/1/2933 4819/1/2932 4818/1/2935
f 4818/1/2935 4819/1/2932 4822/1/2937
f 4817/1/2934 4820/1/2938 4819/1/2932
f 4819/1/2932 4820/1/2938 4821/1/2939
f 4821/1/2939 4822/1/2937 4819/1/2932
f 4822/1/2937 4823/1/2940 4818/1/2935
f 4824/1/2941 4822/1/2937 4821/1/2939
f 4823/1/2940 4822/1/2937 4824/1/2941
f 4824/1/2941 4821/1/2939 4826/1/2942
f 4825/1/2943 4823/1/2940 4824/1/2941
s 371
f 4825/1/2944 4824/1/2945 4828/1/2946
f 4824/1/2945 4826/1/2947 4827/1/2948
f 4827/1/2948 4828/1/2946 4824/1/2945
f 4828/1/2946 4829/1/2949 4825/1/2944
f 4830/1/2950 4828/1/2946 4827/1/2948
f 4829/1/2949 4828/1/2946 4830/1/2950
f 4830/1/2950 4831/1/2951 4829/1/2949
f 4835/1/2952 4831/1/2951 4830/1/2950
f 4827/1/2948 4832/1/2953 4830/1/2950
f 4830/1/2950 4832/1/2953 4833/1/2954
f 4834/1/2955 4830/1/2950 4833/1/2954
f 4835/1/2952 4830/1/2950 4834/1/2955
f 4836/1/2956 4831/1/2951 4835/1/2952
s 372
f 4836/1/2957 4835/1/2958 4837/1/2959
f 4837/1/2959 4835/1/2958 4834/1/2960
f 4837/1/2959 4839/1/2961 4836/1/2957
f 4834/1/2960 4838/1/2962 4837/1/2959
f 4837/1/2959 4838/1/2962 4841/1/2963
f 4839/1/2961 4837/1/2959 4840/1/2964
f 4841/1/2963 4840/1/2964 4837/1/2959
f 4841/1/2963 4838/1/2962 4842/1/2965
f 4842/1/2965 4843/1/2966 4841/1/2963
f 4841/1/2963 4843/1/2966 4845/1/2967
f 4840/1/2964 4841/1/2963 4844/1/2968
f 4844/1/2968 4841/1/2963 4845/1/2967
f 4848/1/2969 4844/1/2968 4845/1/2967
f 4845/1/2967 4849/1/2970 4846/1/2971
f 4847/1/2972 4845/1/2967 4846/1/2971
f 4845/1/2967 4847/1/2972 4848/1/2969
f 4845/1/2967 4843/1/2966 4849/1/2970
f 4850/1/2973 4849/1/2970 4851/1/2974
f 4846/1/2971 4849/1/2970 4850/1/2973
f 4843/1/2966 4851/1/2974 4849/1/2970
f 4852/1/2975 4854/1/2976 4851/1/2974
f 4851/1/2974 4853/1/2977 4852/1/2975
f 4833/1/2978 4853/1/2977 4851/1/2974
f 4851/1/2974 4842/1/2965 4833/1/2978
f 4843/1/2966 4842/1/2965 4851/1/2974
f 4851/1/2974 4854/1/2976 4850/1/2973
f 4855/1/2979 4854/1/2976 4852/1/2975
f 4850/1/2973 4854/1/2976 4855/1/2979
f 4852/1/2975 4860/1/2980 4855/1/2979
f 4859/1/2981 4856/1/2982 4855/1/2979
f 4855/1/2979 4856/1/2982 4857/1/2983
f 4858/1/2984 4855/1/2979 4857/1/2983
f 4850/1/2973 4855/1/2979 4858/1/2984
f 4855/1/2979 4860/1/2980 4859/1/2981
s 371
f 4861/1/2985 4862/1/2986 4860/1/2987
f 4852/1/2988 4861/1/2985 4860/1/2987
f 4860/1/2987 4862/1/2986 4859/1/2989
f 4864/1/2990 4863/1/2991 4862/1/2986
f 4862/1/2986 4863/1/2991 4865/1/2992
f 4862/1/2986 4861/1/2985 4864/1/2990
f 4862/1/2986 4865/1/2992 4859/1/2989
f 4866/1/2993 4868/1/2994 4865/1/2992
f 4865/1/2992 4867/1/2995 4866/1/2993
f 4863/1/2991 4867/1/2995 4865/1/2992
f 4865/1/2992 4868/1/2994 4869/1/2996
f 4859/1/2989 4865/1/2992 4869/1/2996
f 4869/1/2996 4868/1/2994 4870/1/2997
s 372
f 4871/1/2998 4869/1/2999 4870/1/3000
f 4856/1/2982 4859/1/2981 4869/1/2999
f 4869/1/2999 4871/1/2998 4856/1/2982
f 4856/1/2982 4871/1/2998 4873/1/3001
f 4870/1/3000 4872/1/3002 4871/1/2998
f 4873/1/3001 4871/1/2998 4872/1/3002
f 4872/1/3002 4874/1/3003 4873/1/3001
f 4873/1/3001 4874/1/3003 4877/1/3004
f 4873/1/3001 4857/1/2983 4856/1/2982
f 4875/1/3005 4857/1/2983 4873/1/3001
f 4875/1/3005 4873/1/3001 4876/1/3006
f 4876/1/3006 4873/1/3001 4877/1/3004
f 4877/1/3004 4874/1/3003 4880/1/3007
f 4877/1/3004 4880/1/3007 4878/1/3008
f 4879/1/3009 4877/1/3004 4878/1/3008
f 4876/1/3006 4877/1/3004 4879/1/3009
f 4880/1/3007 4881/1/3010 4882/1/3011
f 4881/1/3010 4880/1/3007 4874/1/3003
f 4880/1/3007 4882/1/3011 4883/1/3012
f 4880/1/3007 4883/1/3012 4884/1/3013
f 4878/1/3008 4880/1/3007 4884/1/3013
f 4888/1/3014 4878/1/3008 4884/1/3013
f 4884/1/3013 4889/1/3015 4885/1/3016
f 4884/1/3013 4885/1/3016 4886/1/3017
f 4886/1/3017 4887/1/3018 4884/1/3013
f 4884/1/3013 4887/1/3018 4888/1/3014
f 4884/1/3013 4883/1/3012 4889/1/3015
f 4890/1/3019 4891/1/3020 4889/1/3015
f 4889/1/3015 4893/1/3021 4890/1/3019
f 4889/1/3015 4891/1/3020 4892/1/3022
f 4883/1/3012 4882/1/3011 4889/1/3015
f 4885/1/3016 4889/1/3015 4892/1/3022
f 4882/1/3011 4893/1/3021 4889/1/3015
f 4895/1/3023 4894/1/3024 4893/1/3021
f 4890/1/3019 4893/1/3021 4894/1/3024
f 4893/1/3021 4882/1/3011 4895/1/3023
s 371
f 4895/1/3025 4899/1/3026 4894/1/3027
f 4896/1/3028 4897/1/3029 4895/1/3025
f 4898/1/3030 4896/1/3028 4895/1/3025
f 4895/1/3025 4897/1/3029 4899/1/3026
s 372
f 4881/1/3010 4898/1/3031 4895/1/3023
f 4895/1/3023 4882/1/3011 4881/1/3010
s 371
f 4897/1/3029 4902/1/3032 4899/1/3026
f 4899/1/3026 4901/1/3033 4900/1/3034
f 4894/1/3027 4899/1/3026 4900/1/3034
f 4899/1/3026 4902/1/3032 4901/1/3033
f 4901/1/3033 4902/1/3032 4905/1/3024
f 4902/1/3032 4903/1/3035 4904/1/3023
f 4897/1/3029 4903/1/3035 4902/1/3032
f 4904/1/3023 4905/1/3024 4902/1/3032
s 370
f 4905/1/3036 4907/1/3037 4906/1/3038
f 4905/1/3036 4906/1/3038 4908/1/3039
f 4904/1/3040 4907/1/3037 4905/1/3036
s 371
f 4905/1/3024 4908/1/3041 4901/1/3033
s 370
f 4908/1/3039 4906/1/3038 4909/1/3042
s 371
f 4901/1/3033 4908/1/3041 4909/1/3043
s 370
f 4906/1/3038 4914/1/3044 4909/1/3042
f 4909/1/3042 4913/1/3045 4910/1/3046
s 371
f 4909/1/3043 4910/1/3047 4911/1/3048
f 4911/1/3048 4912/1/3049 4909/1/3043
f 4909/1/3043 4912/1/3049 4901/1/3033
s 370
f 4909/1/3042 4914/1/3044 4913/1/3045
f 4915/1/3050 4916/1/3051 4914/1/3044
f 4906/1/3038 4915/1/3050 4914/1/3044
f 4913/1/3045 4914/1/3044 4916/1/3051
f 4917/1/3052 4919/1/3053 4916/1/3051
f 4916/1/3051 4918/1/3054 4917/1/3052
f 4918/1/3054 4916/1/3051 4915/1/3050
f 4916/1/3051 4919/1/3053 4913/1/3045
f 4920/1/3055 4919/1/3053 4917/1/3052
f 4913/1/3045 4919/1/3053 4920/1/3055
f 4917/1/3052 4921/1/3056 4920/1/3055
f 4922/1/3057 4920/1/3055 4921/1/3056
f 4920/1/3055 4922/1/3057 4923/1/3058
f 4924/1/3059 4920/1/3055 4923/1/3058
f 4913/1/3045 4920/1/3055 4924/1/3059
f 4925/1/3060 4924/1/3059 4923/1/3058
f 4910/1/3046 4913/1/3045 4924/1/3059
f 4910/1/3046 4924/1/3059 4925/1/3060
s 371
f 4910/1/3047 4925/1/3061 4927/1/3062
s 370
f 4925/1/3060 4923/1/3058 4926/1/3063
s 371
f 4927/1/3062 4925/1/3061 4926/1/3064
f 4926/1/3064 4928/1/3065 4927/1/3062
f 4929/1/3066 4927/1/3062 4928/1/3065
f 4927/1/3062 4911/1/3048 4910/1/3047
f 4911/1/3048 4927/1/3062 4929/1/3066
f 4928/1/3065 4931/1/3067 4929/1/3066
f 4929/1/3066 4930/1/3068 4911/1/3048
f 4933/1/3069 4930/1/3068 4929/1/3066
f 4932/1/3070 4929/1/3066 4931/1/3067
f 4933/1/3069 4929/1/3066 4932/1/3070
s 372
f 4933/1/3071 4932/1/3072 4937/1/3062
s 371
f 4934/1/3073 4930/1/3068 4933/1/3069
s 372
f 4935/1/3074 4934/1/3075 4933/1/3071
f 4933/1/3071 4936/1/3076 4935/1/3074
f 4937/1/3062 4936/1/3076 4933/1/3071
f 4936/1/3076 4937/1/3062 4939/1/3077
f 4940/1/3064 4938/1/3065 4937/1/3062
f 4939/1/3077 4937/1/3062 4938/1/3065
f 4937/1/3062 4932/1/3072 4940/1/3064
s 371
f 4940/1/3078 4931/1/3067 4836/1/2956
f 4932/1/3070 4931/1/3067 4940/1/3078
s 372
f 4938/1/3065 4940/1/3064 4836/1/2957
f 4938/1/3065 4941/1/3079 4939/1/3077
f 4939/1/3077 4941/1/3079 4944/1/3080
f 4942/1/3081 4936/1/3076 4939/1/3077
f 4942/1/3081 4939/1/3077 4943/1/3082
f 4943/1/3082 4939/1/3077 4944/1/3080
f 4944/1/3080 4941/1/3079 4945/1/3083
f 4944/1/3080 4945/1/3083 4946/1/3084
f 4946/1/3084 4947/1/3085 4944/1/3080
f 4944/1/3080 4947/1/3085 4948/1/3086
f 4948/1/3086 4943/1/3082 4944/1/3080
f 4950/1/3087 4948/1/3086 4947/1/3085
f 4943/1/3082 4948/1/3086 4949/1/3088
f 4949/1/3088 4948/1/3086 4950/1/3087
f 4950/1/3087 4951/1/3089 4949/1/3088
f 4951/1/3089 4950/1/3087 4954/1/3090
f 4947/1/3085 4952/1/3091 4950/1/3087
f 4950/1/3087 4952/1/3091 4953/1/3092
f 4954/1/3090 4950/1/3087 4953/1/3092
s 373
f 4957/1/3093 4954/1/3094 4953/1/3064
s 372
f 4955/1/3095 4951/1/3089 4954/1/3090
s 373
f 4956/1/3096 4955/1/3097 4954/1/3094
f 4954/1/3094 4957/1/3093 4956/1/3096
f 4953/1/3064 4958/1/3098 4957/1/3093
f 4961/1/3099 4956/1/3096 4957/1/3093
f 4957/1/3093 4958/1/3098 4959/1/3100
f 4959/1/3100 4960/1/3101 4957/1/3093
f 4957/1/3093 4960/1/3101 4961/1/3099
f 4961/1/3099 4960/1/3101 4966/1/3102
f 4961/1/3099 4963/1/3103 4962/1/3104
f 4962/1/3104 4956/1/3096 4961/1/3099
f 4964/1/3105 4963/1/3103 4961/1/3099
f 4964/1/3105 4961/1/3099 4965/1/3106
f 4965/1/3106 4961/1/3099 4966/1/3102
f 4967/1/3107 4965/1/3106 4966/1/3102
f 4967/1/3107 4966/1/3102 4968/1/3108
f 4966/1/3102 4960/1/3101 4968/1/3108
f 4967/1/3107 4968/1/3108 4969/1/3109
f 4960/1/3101 4959/1/3100 4968/1/3108
f 4968/1/3108 4959/1/3100 4969/1/3109
f 4959/1/3100 4970/1/3110 4969/1/3109
f 4969/1/3109 4970/1/3110 4971/1/3111
f 4967/1/3107 4969/1/3109 4972/1/3112
f 4969/1/3109 4971/1/3111 4972/1/3112
f 4972/1/3112 4971/1/3111 4973/1/3113
f 4967/1/3107 4972/1/3112 4973/1/3113
f 4973/1/3113 4975/1/3114 4974/1/3115
f 4973/1/3113 4974/1/3115 4976/1/3116
f 4971/1/3111 4975/1/3114 4973/1/3113
f 4978/1/3117 4973/1/3113 4976/1/3116
f 4977/1/3118 4967/1/3107 4973/1/3113
f 4978/1/3117 4977/1/3118 4973/1/3113
f 4980/1/3119 4979/1/3120 4978/1/3117
f 4978/1/3117 4979/1/3120 4981/1/3121
f 4978/1/3117 4981/1/3121 4977/1/3118
f 4976/1/3116 4980/1/3119 4978/1/3117
f 4981/1/3121 4982/1/3122 4983/1/3123
f 4982/1/3122 4981/1/3121 4979/1/3120
f 4983/1/3123 4984/1/3124 4981/1/3121
f 4981/1/3121 4984/1/3124 4967/1/3107
f 4977/1/3118 4981/1/3121 4967/1/3107
f 4985/1/3125 4984/1/3124 4983/1/3123
f 4984/1/3124 4985/1/3125 4986/1/3126
f 4967/1/3107 4984/1/3124 4986/1/3126
f 4967/1/3107 4986/1/3126 4988/1/3127
f 4986/1/3126 4985/1/3125 4987/1/3128
f 4986/1/3126 4987/1/3128 4988/1/3127
f 4967/1/3107 4988/1/3127 4990/1/3129
f 4987/1/3128 4989/1/3130 4988/1/3127
f 4988/1/3127 4989/1/3130 4990/1/3129
f 4989/1/3130 4991/1/3131 4990/1/3129
f 4990/1/3129 4991/1/3131 4992/1/3132
f 4967/1/3107 4990/1/3129 4992/1/3132
f 4992/1/3132 4994/1/3133 4993/1/3134
f 4992/1/3132 4993/1/3134 4995/1/3135
f 4991/1/3131 4994/1/3133 4992/1/3132
f 4967/1/3107 4992/1/3132 4995/1/3135
f 4995/1/3135 4993/1/3134 4963/1/3103
f 4995/1/3135 4963/1/3103 4964/1/3105
f 4967/1/3107 4995/1/3135 4964/1/3105
f 4997/1/3136 4993/1/3134 4994/1/3133
f 4996/1/3137 4994/1/3133 4991/1/3131
f 4994/1/3133 4996/1/3137 4997/1/3136
f 4997/1/3136 4996/1/3137 5000/1/3024
f 4998/1/3075 4962/1/3104 4997/1/3136
f 4997/1/3136 4999/1/3138 4998/1/3075
f 5000/1/3024 4999/1/3138 4997/1/3136
f 4997/1/3136 4962/1/3104 4963/1/3103
f 4963/1/3103 4993/1/3134 4997/1/3136
s 372
f 5000/1/3139 5004/1/3140 5001/1/3141
f 5000/1/3139 5001/1/3141 4999/1/3142
f 5002/1/3143 5003/1/3144 5000/1/3139
s 373
f 5002/1/3023 5000/1/3024 4996/1/3137
s 372
f 5003/1/3144 5004/1/3140 5000/1/3139
f 5005/1/3145 5001/1/3141 5004/1/3140
f 5004/1/3140 4886/1/3017 5005/1/3145
f 4886/1/3017 5004/1/3140 5003/1/3144
f 5005/1/3145 4886/1/3017 4885/1/3016
f 5006/1/3146 5001/1/3141 5005/1/3145
f 5005/1/3145 5008/1/3147 5006/1/3146
f 4885/1/3016 4892/1/3022 5005/1/3145
f 5005/1/3145 4892/1/3022 5007/1/3148
f 5007/1/3148 5008/1/3147 5005/1/3145
f 5008/1/3147 5007/1/3148 5009/1/3149
f 5009/1/3149 4949/1/3088 5008/1/3147
f 5008/1/3147 4949/1/3088 4951/1/3089
f 4951/1/3089 5006/1/3146 5008/1/3147
f 5010/1/3150 4942/1/3081 5009/1/3149
f 5009/1/3149 4942/1/3081 4943/1/3082
f 5007/1/3148 5010/1/3150 5009/1/3149
f 4949/1/3088 5009/1/3149 4943/1/3082
f 5010/1/3150 4935/1/3074 4936/1/3076
f 4891/1/3020 4935/1/3074 5010/1/3150
f 5010/1/3150 4936/1/3076 4942/1/3081
f 4891/1/3020 5010/1/3150 5007/1/3148
f 4892/1/3022 4891/1/3020 5007/1/3148
f 5001/1/3141 5006/1/3146 4998/1/3151
f 5006/1/3146 4951/1/3089 4955/1/3095
f 4998/1/3151 5006/1/3146 4955/1/3095
f 5003/1/3144 4887/1/3018 4886/1/3017
f 4888/1/3014 4887/1/3018 5003/1/3144
f 5003/1/3144 5011/1/3152 4888/1/3014
f 5011/1/3152 5003/1/3144 5002/1/3143
f 4879/1/3009 4888/1/3014 5011/1/3152
f 5011/1/3152 5012/1/3153 4879/1/3009
f 5014/1/3154 5012/1/3153 5011/1/3152
f 5013/1/3155 5011/1/3152 5002/1/3143
f 5014/1/3154 5011/1/3152 5013/1/3155
f 5015/1/3156 5019/1/3157 5014/1/3154
s 373
f 5016/1/3158 5015/1/3159 5014/1/3000
f 5014/1/3000 5017/1/3160 5016/1/3158
f 5018/1/3161 5017/1/3160 5014/1/3000
f 5014/1/3000 5013/1/3031 5018/1/3161
s 372
f 5019/1/3157 5012/1/3153 5014/1/3154
f 5019/1/3157 5020/1/3162 5022/1/3163
f 5020/1/3162 5019/1/3157 5015/1/3156
f 4879/1/3009 5012/1/3153 5019/1/3157
f 5019/1/3157 5021/1/3164 4879/1/3009
f 5022/1/3163 5021/1/3164 5019/1/3157
f 5021/1/3164 5022/1/3163 4875/1/3005
f 5022/1/3163 5024/1/3165 5023/1/3166
f 5023/1/3166 4875/1/3005 5022/1/3163
f 5025/1/3167 5024/1/3165 5022/1/3163
f 5022/1/3163 5020/1/3162 5025/1/3167
f 5025/1/3167 5027/1/3168 5026/1/3169
f 5026/1/3169 5024/1/3165 5025/1/3167
f 5029/1/3170 5027/1/3168 5025/1/3167
f 5028/1/3171 5025/1/3167 5020/1/3162
f 5029/1/3170 5025/1/3167 5028/1/3171
f 5032/1/3172 5027/1/3168 5029/1/3170
s 373
f 5029/1/3173 5028/1/3174 4982/1/3122
s 372
f 5030/1/3175 5032/1/3172 5029/1/3170
s 373
f 5030/1/3176 5029/1/3173 5031/1/3177
f 4982/1/3122 5031/1/3177 5029/1/3173
s 372
f 4847/1/2972 5033/1/3178 5032/1/3172
f 5027/1/3168 5032/1/3172 5033/1/3178
f 5032/1/3172 5034/1/3179 4847/1/2972
f 5035/1/3180 5034/1/3179 5032/1/3172
f 5035/1/3180 5032/1/3172 5030/1/3175
s 373
f 5035/1/2978 5030/1/3176 5038/1/3181
s 372
f 5036/1/3182 5034/1/3179 5035/1/3180
s 373
f 5036/1/3183 5035/1/2978 5037/1/3184
f 5038/1/3181 5037/1/3184 5035/1/2978
f 4974/1/3115 5037/1/3184 5038/1/3181
f 5031/1/3177 5038/1/3181 5030/1/3176
f 5038/1/3181 5031/1/3177 4979/1/3120
f 4979/1/3120 5039/1/3185 5038/1/3181
f 5038/1/3181 5039/1/3185 4974/1/3115
f 4980/1/3119 5039/1/3185 4979/1/3120
f 4976/1/3116 4974/1/3115 5039/1/3185
f 4976/1/3116 5039/1/3185 4980/1/3119
f 5037/1/3184 5040/1/3186 5036/1/3183
f 5040/1/3186 5037/1/3184 4974/1/3115
f 5040/1/3186 5041/1/3187 5042/1/3188
f 5041/1/3187 5040/1/3186 4975/1/3114
f 4974/1/3115 4975/1/3114 5040/1/3186
f 5042/1/3188 5036/1/3183 5040/1/3186
s 372
f 5044/1/3189 5043/1/3190 5042/1/3191
f 5042/1/3191 5043/1/3190 5045/1/3192
f 5046/1/3193 5044/1/3189 5042/1/3191
f 5042/1/3191 5045/1/3192 5036/1/3182
s 373
f 5046/1/3194 5042/1/3188 5041/1/3187
s 372
f 4953/1/3092 5044/1/3189 5046/1/3193
s 373
f 4958/1/3098 4953/1/3064 5046/1/3194
f 5046/1/3194 5047/1/3195 4958/1/3098
f 5041/1/3187 5047/1/3195 5046/1/3194
f 4958/1/3098 5047/1/3195 4970/1/3110
f 4970/1/3110 5047/1/3195 5041/1/3187
s 372
f 4848/1/2969 5045/1/3192 5043/1/3190
f 5034/1/3179 5045/1/3192 4848/1/2969
f 5036/1/3182 5045/1/3192 5034/1/3179
f 4946/1/3084 5044/1/3189 4952/1/3091
f 5044/1/3189 4946/1/3084 5048/1/3196
f 5048/1/3196 5043/1/3190 5044/1/3189
f 4953/1/3092 4952/1/3091 5044/1/3189
f 4945/1/3083 5049/1/3197 5048/1/3196
f 5048/1/3196 5049/1/3197 4844/1/2968
f 5048/1/3196 4946/1/3084 4945/1/3083
f 4844/1/2968 4848/1/2969 5048/1/3196
f 5043/1/3190 5048/1/3196 4848/1/2969
f 5049/1/3197 4840/1/2964 4844/1/2968
f 4945/1/3083 4840/1/2964 5049/1/3197
s 373
f 5041/1/3187 4971/1/3111 4970/1/3110
f 4975/1/3114 4971/1/3111 5041/1/3187
s 372
f 4848/1/2969 4847/1/2972 5034/1/3179
f 5050/1/3198 5026/1/3169 5033/1/3178
f 5033/1/3178 5026/1/3169 5027/1/3168
f 4846/1/2971 5033/1/3178 4847/1/2972
f 5033/1/3178 4846/1/2971 5050/1/3198
f 4846/1/2971 4850/1/2973 5050/1/3198
f 5050/1/3198 4850/1/2973 4858/1/2984
f 5050/1/3198 4858/1/2984 5023/1/3166
f 5026/1/3169 5050/1/3198 5023/1/3166
s 373
f 4979/1/3120 5031/1/3177 4982/1/3122
s 372
f 5028/1/3171 5020/1/3162 5051/1/3199
s 373
f 4982/1/3122 5028/1/3174 5051/1/3200
s 372
f 5051/1/3199 5020/1/3162 5015/1/3156
s 373
f 4983/1/3123 5051/1/3200 5015/1/3159
f 5051/1/3200 4983/1/3123 4982/1/3122
s 372
f 5023/1/3166 5024/1/3165 5026/1/3169
f 5023/1/3166 4858/1/2984 4857/1/2983
f 5023/1/3166 4857/1/2983 4875/1/3005
f 4879/1/3009 5021/1/3164 4876/1/3006
f 4875/1/3005 4876/1/3006 5021/1/3164
s 373
f 5053/1/3201 5017/1/3160 5018/1/3161
f 5002/1/3023 5052/1/3202 5018/1/3161
f 5018/1/3161 5052/1/3202 4991/1/3131
f 4991/1/3131 4989/1/3130 5018/1/3161
f 5018/1/3161 4989/1/3130 5053/1/3201
f 5018/1/3161 5013/1/3031 5002/1/3023
f 5017/1/3160 5053/1/3201 4985/1/3125
f 4987/1/3128 5053/1/3201 4989/1/3130
f 4985/1/3125 5053/1/3201 4987/1/3128
f 4996/1/3137 5052/1/3202 5002/1/3023
f 4991/1/3131 5052/1/3202 4996/1/3137
f 4985/1/3125 5016/1/3158 5017/1/3160
f 5015/1/3159 5016/1/3158 4983/1/3123
f 4983/1/3123 5016/1/3158 4985/1/3125
s 372
f 4999/1/3142 5001/1/3141 4998/1/3151
s 373
f 4962/1/3104 4998/1/3075 4955/1/3097
f 4970/1/3110 4959/1/3100 4958/1/3098
f 4967/1/3107 4964/1/3105 4965/1/3106
f 4955/1/3097 4956/1/3096 4962/1/3104
s 372
f 4952/1/3091 4947/1/3085 4946/1/3084
f 4941/1/3079 5054/1/3203 4945/1/3083
f 4945/1/3083 5054/1/3203 4840/1/2964
f 5054/1/3203 4839/1/2961 4840/1/2964
f 4941/1/3079 4839/1/2961 5054/1/3203
f 4941/1/3079 4938/1/3065 4839/1/2961
f 4836/1/2957 4839/1/2961 4938/1/3065
f 4934/1/3075 4935/1/3074 4890/1/3019
f 4891/1/3020 4890/1/3019 4935/1/3074
s 371
f 4900/1/3034 5055/1/3204 4934/1/3073
f 5056/1/3205 4900/1/3034 4934/1/3073
f 4934/1/3073 5055/1/3204 4930/1/3068
s 372
f 4890/1/3019 5056/1/3138 4934/1/3075
s 371
f 4894/1/3027 4900/1/3034 5056/1/3205
s 372
f 4894/1/3024 5056/1/3138 4890/1/3019
s 371
f 4901/1/3033 4912/1/3049 5055/1/3204
f 4930/1/3068 5055/1/3204 4912/1/3049
f 4900/1/3034 4901/1/3033 5055/1/3204
f 4931/1/3067 4928/1/3065 5058/1/3206
f 5058/1/3206 5057/1/3207 4931/1/3067
f 4931/1/3067 5057/1/3207 4836/1/2956
f 4829/1/2949 5058/1/3206 5059/1/3194
f 5059/1/3194 5058/1/3206 4928/1/3065
f 5057/1/3207 5058/1/3206 4829/1/2949
s 370
f 4923/1/3058 5060/1/3208 5059/1/3209
f 5059/1/3209 5060/1/3208 4823/1/2940
f 5059/1/3209 4823/1/2940 4825/1/2943
f 4926/1/3063 4923/1/3058 5059/1/3209
s 371
f 4928/1/3065 4926/1/3064 5059/1/3194
f 5059/1/3194 4825/1/2944 4829/1/2949
s 370
f 4818/1/2935 4823/1/2940 5060/1/3208
f 5060/1/3208 5061/1/3210 4818/1/2935
f 5060/1/3208 4923/1/3058 4922/1/3057
f 4922/1/3057 5061/1/3210 5060/1/3208
f 5062/1/3211 5061/1/3210 4922/1/3057
f 4814/1/2936 4818/1/2935 5061/1/3210
f 5061/1/3210 5062/1/3211 4814/1/2936
s 369
f 4810/1/2925 4811/1/2926 5062/1/3212
f 5063/1/3213 4810/1/2925 5062/1/3212
f 5062/1/3212 4811/1/2926 4814/1/2929
s 370
f 4922/1/3057 5063/1/3214 5062/1/3211
s 369
f 4921/1/3215 5064/1/3216 5063/1/3213
s 370
f 4921/1/3056 5063/1/3214 4922/1/3057
s 369
f 5064/1/3216 4810/1/2925 5063/1/3213
f 5066/1/3217 5064/1/3216 5065/1/3218
f 5065/1/3218 5064/1/3216 4921/1/3215
f 4809/1/2924 4810/1/2925 5064/1/3216
f 5064/1/3216 5066/1/3217 4809/1/2924
f 4809/1/2924 5066/1/3217 5067/1/3219
f 5068/1/3220 5067/1/3219 5066/1/3217
f 5066/1/3217 5069/1/3221 5068/1/3220
f 5065/1/3218 5069/1/3221 5066/1/3217
f 5070/1/3222 5068/1/3220 5069/1/3221
f 5069/1/3221 5071/1/3223 5070/1/3222
f 5072/1/3224 5071/1/3223 5069/1/3221
f 5069/1/3221 5065/1/3218 5072/1/3224
f 5071/1/3223 5072/1/3224 5073/1/3225
f 5073/1/3225 5072/1/3224 4918/1/3226
f 5072/1/3224 5065/1/3218 4917/1/3227
f 4918/1/3226 5072/1/3224 4917/1/3227
f 5074/1/3228 5073/1/3225 4918/1/3226
f 5075/1/3229 5073/1/3225 5074/1/3228
f 5075/1/3229 5078/1/3230 5073/1/3225
f 5073/1/3225 5076/1/3231 5071/1/3223
f 5077/1/3232 5076/1/3231 5073/1/3225
f 5073/1/3225 5078/1/3230 5077/1/3232
f 5078/1/3230 5080/1/3233 5079/1/3234
f 5079/1/3234 5077/1/3232 5078/1/3230
f 5081/1/3235 5080/1/3233 5078/1/3230
f 5081/1/3235 5078/1/3230 5075/1/3229
s 370
f 5083/1/3236 5081/1/3237 5075/1/3238
s 369
f 5082/1/3239 5080/1/3233 5081/1/3235
s 370
f 5082/1/3240 5081/1/3237 5083/1/3236
f 5083/1/3236 5084/1/3241 5082/1/3240
f 5084/1/3241 5083/1/3236 5086/1/3242
f 5075/1/3238 5085/1/3243 5083/1/3236
f 5083/1/3236 5085/1/3243 4907/1/3037
f 5086/1/3242 5083/1/3236 4907/1/3037
f 4904/1/3040 5086/1/3242 4907/1/3037
f 5086/1/3242 5087/1/3244 5084/1/3241
f 5087/1/3244 5086/1/3242 4904/1/3040
f 5088/1/3245 5084/1/3241 5087/1/3244
f 5089/1/3246 5088/1/3245 5087/1/3244
f 5090/1/3247 5089/1/3246 5087/1/3244
f 5090/1/3247 5087/1/3244 5091/1/3248
f 5091/1/3248 5087/1/3244 4904/1/3040
s 371
f 5093/1/3249 5090/1/3000 5091/1/3250
f 5092/1/3251 5091/1/3250 4904/1/3023
f 5091/1/3250 5092/1/3251 5093/1/3249
f 5093/1/3249 4866/1/2993 5095/1/3252
f 4868/1/2994 4866/1/2993 5093/1/3249
f 4868/1/2994 5093/1/3249 5094/1/3253
f 4896/1/3028 5094/1/3253 5093/1/3249
f 5093/1/3249 5092/1/3251 4896/1/3028
f 5095/1/3252 5090/1/3000 5093/1/3249
s 370
f 5096/1/3254 5098/1/3255 5095/1/3256
s 371
f 5096/1/3257 5095/1/3252 4866/1/2993
s 370
f 5095/1/3256 5097/1/3258 5090/1/3247
f 5098/1/3255 5097/1/3258 5095/1/3256
f 5097/1/3258 5098/1/3255 5099/1/3259
f 5100/1/3260 5099/1/3259 5098/1/3255
f 5101/1/3261 5100/1/3260 5098/1/3255
f 5101/1/3261 5098/1/3255 5096/1/3254
f 5102/1/3262 5100/1/3260 5101/1/3261
f 5103/1/3263 5102/1/3262 5101/1/3261
s 371
f 4864/1/2990 5103/1/3264 5101/1/3265
f 4863/1/2991 5101/1/3265 5096/1/3257
f 5101/1/3265 4863/1/2991 4864/1/2990
s 370
f 5105/1/3266 5102/1/3262 5103/1/3263
s 371
f 5103/1/3264 4864/1/2990 5104/1/3267
f 5104/1/3267 5106/1/3268 5103/1/3264
s 370
f 5106/1/3269 5105/1/3266 5103/1/3263
f 4826/1/2942 5105/1/3266 5106/1/3269
s 371
f 4827/1/2948 4826/1/2947 5106/1/3268
f 5106/1/3268 5104/1/3267 4827/1/2948
s 370
f 5102/1/3262 5105/1/3266 5107/1/3270
f 4821/1/2939 4820/1/2938 5105/1/3266
f 4826/1/2942 4821/1/2939 5105/1/3266
f 4820/1/2938 5107/1/3270 5105/1/3266
f 5110/1/3271 5107/1/3270 4820/1/2938
f 5109/1/3272 5108/1/3273 5107/1/3270
f 5107/1/3270 5108/1/3273 5102/1/3262
f 5107/1/3270 5110/1/3271 5109/1/3272
s 369
f 5110/1/3274 5112/1/3275 5111/1/3276
f 5110/1/3274 5111/1/3276 5109/1/3277
f 4817/1/2931 4816/1/2930 5110/1/3274
s 370
f 4820/1/2938 4817/1/2934 5110/1/3271
s 369
f 4816/1/2930 5112/1/3275 5110/1/3274
f 5112/1/3275 4816/1/2930 5113/1/3278
f 5113/1/3278 5115/1/3279 5112/1/3275
f 5114/1/3280 5111/1/3276 5112/1/3275
f 5112/1/3275 5115/1/3279 5114/1/3280
f 5114/1/3280 5115/1/3279 5116/1/3281
f 5116/1/3281 5115/1/3279 5113/1/3278
f 5116/1/3281 5117/1/3282 5114/1/3280
f 5117/1/3282 5116/1/3281 5119/1/3283
f 5113/1/3278 5118/1/3284 5116/1/3281
f 5116/1/3281 5118/1/3284 5119/1/3283
f 5113/1/3278 5120/1/3285 5119/1/3283
f 5119/1/3283 5118/1/3284 5113/1/3278
f 5119/1/3283 5120/1/3285 4807/1/2920
f 4807/1/2920 5121/1/3286 5119/1/3283
f 5117/1/3282 5119/1/3283 5121/1/3286
f 4808/1/2922 5121/1/3286 4807/1/2920
f 5117/1/3282 5121/1/3286 4808/1/2922
f 5120/1/3285 5113/1/3278 4816/1/2930
f 4807/1/2920 5120/1/3285 4813/1/2927
f 4816/1/2930 4813/1/2927 5120/1/3285
f 5123/1/3287 5117/1/3282 4808/1/2922
f 5122/1/3288 5114/1/3280 5117/1/3282
f 5117/1/3282 5123/1/3287 5122/1/3288
f 5122/1/3288 5123/1/3287 5124/1/3289
f 5124/1/3289 5123/1/3287 4808/1/2922
f 5125/1/3290 5124/1/3289 5126/1/3291
f 5124/1/3289 5125/1/3290 5122/1/3288
f 5126/1/3291 5124/1/3289 4808/1/2922
f 5127/1/3292 5126/1/3291 4808/1/2922
f 5128/1/3293 5126/1/3291 5127/1/3292
f 5126/1/3291 5128/1/3293 5125/1/3290
f 5127/1/3292 5129/1/3294 5128/1/3293
f 5131/1/3295 5128/1/3293 5129/1/3294
f 5130/1/3296 5125/1/3290 5128/1/3293
f 5128/1/3293 5131/1/3295 5130/1/3296
f 5130/1/3296 5131/1/3295 5133/1/3297
f 5129/1/3294 5132/1/3298 5131/1/3295
f 5133/1/3297 5131/1/3295 5132/1/3298
f 5133/1/3297 5132/1/3298 5134/1/3299
s 370
f 5133/1/3300 5134/1/3301 5088/1/3245
s 369
f 5135/1/3302 5130/1/3296 5133/1/3297
s 370
f 5099/1/3259 5135/1/3303 5133/1/3300
f 5133/1/3300 5136/1/3304 5099/1/3259
f 5088/1/3245 5136/1/3304 5133/1/3300
f 5099/1/3259 5136/1/3304 5097/1/3258
f 5097/1/3258 5136/1/3304 5088/1/3245
s 369
f 5137/1/3305 5130/1/3296 5135/1/3302
f 5138/1/3306 5137/1/3305 5135/1/3302
s 370
f 5138/1/3307 5135/1/3303 5099/1/3259
s 369
f 5109/1/3277 5137/1/3305 5138/1/3306
s 370
f 5109/1/3272 5138/1/3307 5139/1/3308
f 5099/1/3259 5139/1/3308 5138/1/3307
f 5139/1/3308 5108/1/3273 5109/1/3272
f 5102/1/3262 5108/1/3273 5139/1/3308
f 5100/1/3260 5139/1/3308 5099/1/3259
f 5139/1/3308 5100/1/3260 5102/1/3262
s 369
f 5137/1/3305 5111/1/3276 5114/1/3280
f 5109/1/3277 5111/1/3276 5137/1/3305
f 5125/1/3290 5130/1/3296 5137/1/3305
f 5137/1/3305 5122/1/3288 5125/1/3290
f 5114/1/3280 5122/1/3288 5137/1/3305
s 370
f 5084/1/3241 5088/1/3245 5134/1/3301
f 5134/1/3301 5082/1/3240 5084/1/3241
s 369
f 5134/1/3299 5132/1/3298 5140/1/3309
f 5134/1/3299 5140/1/3309 5082/1/3239
f 5079/1/3234 5080/1/3233 5140/1/3309
f 5140/1/3309 5141/1/3310 5079/1/3234
f 5141/1/3310 5140/1/3309 5132/1/3298
f 5082/1/3239 5140/1/3309 5080/1/3233
f 5142/1/3311 5079/1/3234 5141/1/3310
f 5141/1/3310 5143/1/3312 5142/1/3311
f 5127/1/3292 5143/1/3312 5141/1/3310
f 5141/1/3310 5129/1/3294 5127/1/3292
f 5132/1/3298 5129/1/3294 5141/1/3310
f 5142/1/3311 5143/1/3312 4808/1/2922
f 5143/1/3312 5127/1/3292 4808/1/2922
f 5077/1/3232 5079/1/3234 5142/1/3311
f 5142/1/3311 4808/1/2922 5144/1/3313
f 5142/1/3311 5067/1/3219 5068/1/3220
f 5145/1/3314 5142/1/3311 5068/1/3220
f 5142/1/3311 5144/1/3313 5067/1/3219
f 5142/1/3311 5145/1/3314 5077/1/3232
f 5146/1/3315 5145/1/3314 5068/1/3220
f 5076/1/3231 5077/1/3232 5145/1/3314
f 5145/1/3314 5146/1/3315 5076/1/3231
f 5068/1/3220 5070/1/3222 5146/1/3315
f 5076/1/3231 5146/1/3315 5070/1/3222
f 4809/1/2924 5144/1/3313 4808/1/2922
f 5067/1/3219 5144/1/3313 4809/1/2924
s 371
f 5147/1/3316 5104/1/3267 4864/1/2990
f 4832/1/2953 4827/1/2948 5104/1/3267
f 4832/1/2953 5104/1/3267 5147/1/3316
f 4832/1/2953 5147/1/3316 4853/1/3317
f 5147/1/3316 4864/1/2990 4861/1/2985
f 5147/1/3316 4861/1/2985 4852/1/2988
f 4853/1/3317 5147/1/3316 4852/1/2988
s 370
f 5097/1/3258 5088/1/3245 5089/1/3246
f 5097/1/3258 5089/1/3246 5090/1/3247
s 371
f 4866/1/2993 4867/1/2995 5096/1/3257
f 5096/1/3257 4867/1/2995 4863/1/2991
f 5094/1/3253 4896/1/3028 4898/1/3030
f 4870/1/2997 5094/1/3253 4898/1/3030
f 4868/1/2994 5094/1/3253 4870/1/2997
f 4904/1/3023 4903/1/3035 5092/1/3251
f 4896/1/3028 5092/1/3251 4903/1/3035
s 370
f 4915/1/3050 5085/1/3243 5075/1/3238
f 5085/1/3243 4915/1/3050 4906/1/3038
f 4906/1/3038 4907/1/3037 5085/1/3243
s 369
f 5070/1/3222 5071/1/3223 5076/1/3231
s 370
f 5075/1/3238 5074/1/3318 4915/1/3050
f 4915/1/3050 5074/1/3318 4918/1/3054
s 369
f 4917/1/3227 5065/1/3218 4921/1/3215
s 371
f 4829/1/2949 4831/1/2951 5057/1/3207
f 4836/1/2956 5057/1/3207 4831/1/2951
f 4912/1/3049 4911/1/3048 4930/1/3068
f 4903/1/3035 4897/1/3029 4896/1/3028
s 372
f 4870/1/3000 4898/1/3031 4881/1/3010
f 4878/1/3008 4888/1/3014 4879/1/3009
f 4881/1/3010 4872/1/3002 4870/1/3000
f 4874/1/3003 4872/1/3002 4881/1/3010
s 371
f 4833/1/2954 4832/1/2953 4853/1/3317
s 372
f 4834/1/2960 4833/1/2978 4842/1/2965
f 4842/1/2965 4838/1/2962 4834/1/2960
s 374
f 5149/1/3319 5150/1/3320 5148/1/3321
f 5151/1/3322 5149/1/3319 5148/1/3321
f 5148/1/3321 5150/1/3320 5158/1/3323
f 5152/1/3324 5151/1/3322 5148/1/3321
f 5153/1/3325 5152/1/3324 5148/1/3321
f 5154/1/3326 5153/1/3325 5148/1/3321
f 5154/1/3326 5148/1/3321 5155/1/3327
f 5156/1/3328 5155/1/3327 5148/1/3321
f 5148/1/3321 5157/1/3329 5156/1/3328
f 5158/1/3323 5157/1/3329 5148/1/3321
f 5159/1/3330 5158/1/3323 5150/1/3320
f 5161/1/3331 5158/1/3323 5159/1/3330
f 5160/1/3332 5157/1/3329 5158/1/3323
f 5158/1/3323 5161/1/3331 5160/1/3332
f 5165/1/3333 5160/1/3332 5161/1/3331
f 5159/1/3330 5162/1/3334 5161/1/3331
f 5161/1/3331 5162/1/3334 5163/1/3335
f 5164/1/3336 5161/1/3331 5163/1/3335
f 5165/1/3333 5161/1/3331 5164/1/3336
f 5166/1/3337 5160/1/3332 5165/1/3333
s 375
f 5166/1/3338 5165/1/3339 5167/1/3340
f 5167/1/3340 5165/1/3339 5164/1/3341
f 5167/1/3340 5169/1/3342 5166/1/3338
f 5164/1/3341 5168/1/3343 5167/1/3340
f 5167/1/3340 5168/1/3343 5171/1/3344
f 5169/1/3342 5167/1/3340 5170/1/3345
f 5171/1/3344 5170/1/3345 5167/1/3340
f 5171/1/3344 5168/1/3343 5172/1/3346
f 5174/1/3347 5171/1/3344 5172/1/3346
f 5173/1/3348 5170/1/3345 5171/1/3344
f 5173/1/3348 5171/1/3344 5174/1/3347
s 376
f 5173/1/3349 5174/1/3350 5177/1/3351
s 375
f 5174/1/3347 5172/1/3346 5175/1/3352
s 376
f 5174/1/3350 5175/1/3353 5176/1/3354
f 5176/1/3354 5177/1/3351 5174/1/3350
f 5177/1/3351 5178/1/3355 5173/1/3349
f 5177/1/3351 5176/1/3354 5181/1/3356
f 5179/1/3357 5178/1/3355 5177/1/3351
f 5177/1/3351 5180/1/3358 5179/1/3357
f 5180/1/3358 5177/1/3351 5181/1/3356
f 5182/1/3359 5181/1/3356 5176/1/3354
f 5180/1/3358 5181/1/3356 5184/1/3360
f 5181/1/3356 5182/1/3359 5183/1/3361
f 5184/1/3360 5181/1/3356 5183/1/3361
s 377
f 5186/1/3362 5184/1/3363 5183/1/3364
s 376
f 5185/1/3365 5180/1/3358 5184/1/3360
s 377
f 5185/1/3366 5184/1/3363 5186/1/3362
f 5186/1/3362 5187/1/3367 5185/1/3366
f 5187/1/3367 5186/1/3362 5189/1/3368
f 5183/1/3364 5188/1/3369 5186/1/3362
f 5189/1/3368 5186/1/3362 5188/1/3369
f 5188/1/3369 5190/1/3370 5189/1/3368
f 5189/1/3368 5190/1/3370 5193/1/3371
f 5191/1/3372 5187/1/3367 5189/1/3368
f 5191/1/3372 5189/1/3368 5192/1/3373
f 5192/1/3373 5189/1/3368 5193/1/3371
f 5193/1/3371 5190/1/3370 5194/1/3374
f 5197/1/3375 5192/1/3373 5193/1/3371
f 5193/1/3371 5194/1/3374 5195/1/3376
f 5195/1/3376 5196/1/3377 5193/1/3371
f 5193/1/3371 5196/1/3377 5197/1/3375
f 5197/1/3375 5196/1/3377 5200/1/3378
f 5192/1/3373 5197/1/3375 5198/1/3379
f 5198/1/3379 5197/1/3375 5199/1/3380
f 5200/1/3378 5199/1/3380 5197/1/3375
f 5203/1/3381 5199/1/3380 5200/1/3378
f 5195/1/3376 5201/1/3382 5200/1/3378
f 5202/1/3383 5200/1/3378 5201/1/3382
f 5203/1/3381 5200/1/3378 5202/1/3383
f 5200/1/3378 5196/1/3377 5195/1/3376
s 378
f 5203/1/3353 5202/1/3384 5206/1/3385
s 377
f 5204/1/3386 5199/1/3380 5203/1/3381
s 378
f 5204/1/3350 5203/1/3353 5205/1/3387
f 5206/1/3385 5205/1/3387 5203/1/3353
f 5207/1/3388 5208/1/3389 5206/1/3385
f 5206/1/3385 5202/1/3384 5207/1/3388
f 5211/1/3390 5205/1/3387 5206/1/3385
f 5206/1/3385 5208/1/3389 5209/1/3391
f 5209/1/3391 5210/1/3392 5206/1/3385
f 5206/1/3385 5210/1/3392 5211/1/3390
f 5212/1/3393 5214/1/3394 5211/1/3390
f 5212/1/3393 5211/1/3390 5213/1/3395
f 5213/1/3395 5211/1/3390 5210/1/3392
f 5205/1/3387 5211/1/3390 5214/1/3394
f 5217/1/3396 5214/1/3394 5212/1/3393
f 5214/1/3394 5217/1/3396 5215/1/3397
f 5215/1/3397 5216/1/3398 5214/1/3394
f 5214/1/3394 5216/1/3398 5205/1/3387
f 5218/1/3399 5217/1/3396 5212/1/3393
f 5219/1/3400 5217/1/3396 5218/1/3399
f 5219/1/3400 5220/1/3401 5217/1/3396
f 5215/1/3397 5217/1/3396 5220/1/3401
f 5221/1/3402 5223/1/3403 5220/1/3401
f 5221/1/3402 5220/1/3401 5219/1/3400
f 5220/1/3401 5222/1/3404 5215/1/3397
f 5222/1/3404 5220/1/3401 5223/1/3403
f 5223/1/3403 5224/1/3405 5225/1/3406
f 5224/1/3405 5223/1/3403 5221/1/3402
f 5225/1/3406 5226/1/3407 5223/1/3403
f 5223/1/3403 5226/1/3407 5222/1/3404
f 5227/1/3408 5222/1/3404 5226/1/3407
f 5226/1/3407 5228/1/3409 5227/1/3408
f 5226/1/3407 5225/1/3406 5229/1/3410
f 5229/1/3410 5228/1/3409 5226/1/3407
s 377
f 5229/1/3411 5231/1/3412 5228/1/3413
f 5230/1/3414 5231/1/3412 5229/1/3411
s 378
f 5230/1/3415 5229/1/3410 5225/1/3406
s 377
f 5232/1/3416 5235/1/3417 5231/1/3412
f 5231/1/3412 5233/1/3418 5232/1/3416
f 5233/1/3418 5231/1/3412 5234/1/3419
f 5230/1/3414 5234/1/3419 5231/1/3412
f 5231/1/3412 5235/1/3417 5228/1/3413
f 5235/1/3417 5232/1/3416 5237/1/3420
f 5237/1/3420 5236/1/3421 5235/1/3417
f 5235/1/3417 5236/1/3421 5227/1/3422
f 5228/1/3413 5235/1/3417 5227/1/3422
f 5237/1/3420 5232/1/3416 5238/1/3423
f 5238/1/3423 5239/1/3424 5237/1/3420
f 5240/1/3425 5237/1/3420 5239/1/3424
f 5236/1/3421 5237/1/3420 5240/1/3425
f 5239/1/3424 5241/1/3426 5240/1/3425
f 5240/1/3425 5241/1/3426 5242/1/3427
f 5242/1/3427 5198/1/3379 5240/1/3425
f 5240/1/3425 5198/1/3379 5243/1/3428
f 5243/1/3428 5244/1/3429 5240/1/3425
f 5240/1/3425 5244/1/3429 5236/1/3421
f 5245/1/3430 5244/1/3429 5243/1/3428
f 5236/1/3421 5244/1/3429 5245/1/3430
f 5227/1/3422 5236/1/3421 5245/1/3430
f 5245/1/3430 5243/1/3428 5204/1/3386
s 378
f 5227/1/3408 5245/1/3349 5215/1/3397
f 5245/1/3349 5204/1/3350 5216/1/3398
f 5216/1/3398 5215/1/3397 5245/1/3349
s 377
f 5199/1/3380 5243/1/3428 5198/1/3379
f 5204/1/3386 5243/1/3428 5199/1/3380
f 5246/1/3431 5191/1/3372 5242/1/3427
f 5241/1/3426 5246/1/3431 5242/1/3427
f 5242/1/3427 5191/1/3372 5192/1/3373
f 5198/1/3379 5242/1/3427 5192/1/3373
f 5247/1/3432 5246/1/3431 5248/1/3433
f 5246/1/3431 5247/1/3432 5187/1/3367
f 5246/1/3431 5187/1/3367 5191/1/3372
f 5239/1/3424 5248/1/3433 5246/1/3431
f 5239/1/3424 5246/1/3431 5241/1/3426
f 5248/1/3433 5249/1/3434 5247/1/3432
f 5250/1/3435 5249/1/3434 5248/1/3433
f 5250/1/3435 5248/1/3433 5239/1/3424
f 5250/1/3435 5251/1/3436 5249/1/3434
f 5254/1/3437 5251/1/3436 5250/1/3435
f 5250/1/3435 5252/1/3438 5254/1/3437
f 5253/1/3439 5252/1/3438 5250/1/3435
f 5253/1/3439 5250/1/3435 5238/1/3423
f 5238/1/3423 5250/1/3435 5239/1/3424
f 5255/1/3440 5251/1/3436 5254/1/3437
f 5254/1/3437 5256/1/3441 5255/1/3440
f 5257/1/3442 5256/1/3441 5254/1/3437
f 5254/1/3437 5258/1/3443 5257/1/3442
f 5258/1/3443 5254/1/3437 5252/1/3438
f 5259/1/3444 5257/1/3442 5258/1/3443
f 5258/1/3443 5260/1/3445 5259/1/3444
f 5260/1/3445 5258/1/3443 5261/1/3446
f 5261/1/3446 5258/1/3443 5252/1/3438
f 5264/1/3447 5261/1/3446 5252/1/3438
f 5261/1/3446 5262/1/3448 5260/1/3445
f 5263/1/3449 5262/1/3448 5261/1/3446
f 5263/1/3449 5261/1/3446 5264/1/3447
f 5263/1/3449 5264/1/3447 5265/1/3450
f 5264/1/3447 5252/1/3438 5253/1/3439
f 5264/1/3447 5253/1/3439 5233/1/3418
f 5233/1/3418 5265/1/3450 5264/1/3447
f 5234/1/3419 5265/1/3450 5233/1/3418
f 5265/1/3450 5266/1/3451 5263/1/3449
f 5267/1/3452 5266/1/3451 5265/1/3450
f 5265/1/3450 5234/1/3419 5267/1/3452
f 5268/1/3453 5266/1/3451 5267/1/3452
f 5267/1/3452 5269/1/3454 5268/1/3453
f 5269/1/3454 5267/1/3452 5270/1/3455
f 5267/1/3452 5234/1/3419 5230/1/3414
f 5270/1/3455 5267/1/3452 5230/1/3414
f 5271/1/3456 5269/1/3454 5270/1/3455
s 378
f 5270/1/3444 5230/1/3415 5274/1/3457
f 5272/1/3458 5271/1/3459 5270/1/3444
f 5270/1/3444 5273/1/3460 5272/1/3458
f 5274/1/3457 5273/1/3460 5270/1/3444
f 5273/1/3460 5274/1/3457 5275/1/3461
f 5225/1/3406 5274/1/3457 5230/1/3415
f 5275/1/3461 5274/1/3457 5225/1/3406
f 5225/1/3406 5224/1/3405 5275/1/3461
f 5278/1/3462 5275/1/3461 5224/1/3405
f 5275/1/3461 5276/1/3463 5273/1/3460
f 5277/1/3464 5276/1/3463 5275/1/3461
f 5277/1/3464 5275/1/3461 5278/1/3462
f 5278/1/3462 5219/1/3400 5218/1/3399
f 5277/1/3464 5278/1/3462 5218/1/3399
f 5278/1/3462 5279/1/3465 5219/1/3400
f 5278/1/3462 5224/1/3405 5279/1/3465
f 5279/1/3465 5221/1/3402 5219/1/3400
f 5279/1/3465 5224/1/3405 5221/1/3402
f 5280/1/3466 5277/1/3464 5218/1/3399
f 5280/1/3466 5281/1/3467 5277/1/3464
f 5281/1/3467 5276/1/3463 5277/1/3464
f 5276/1/3463 5281/1/3467 5272/1/3458
f 5284/1/3468 5272/1/3458 5281/1/3467
f 5282/1/3469 5283/1/3470 5281/1/3467
f 5282/1/3469 5281/1/3467 5280/1/3466
f 5281/1/3467 5283/1/3470 5284/1/3468
f 5286/1/3471 5285/1/3472 5284/1/3468
f 5272/1/3458 5284/1/3468 5285/1/3472
f 5284/1/3468 5287/1/3473 5286/1/3471
f 5288/1/3474 5287/1/3473 5284/1/3468
f 5284/1/3468 5283/1/3470 5288/1/3474
f 5289/1/3475 5292/1/3476 5288/1/3474
f 5289/1/3475 5288/1/3474 5290/1/3477
f 5290/1/3477 5288/1/3474 5282/1/3469
f 5288/1/3474 5283/1/3470 5282/1/3469
f 5288/1/3474 5292/1/3476 5291/1/3478
f 5291/1/3478 5287/1/3473 5288/1/3474
f 5293/1/3479 5294/1/3480 5292/1/3476
f 5293/1/3479 5292/1/3476 5289/1/3475
f 5291/1/3478 5292/1/3476 5294/1/3480
f 5294/1/3480 5295/1/3481 5296/1/3482
f 5295/1/3481 5294/1/3480 5293/1/3479
f 5296/1/3482 5297/1/3483 5294/1/3480
f 5294/1/3480 5297/1/3483 5291/1/3478
f 5299/1/3484 5297/1/3483 5296/1/3482
f 5298/1/3485 5291/1/3478 5297/1/3483
f 5297/1/3483 5299/1/3484 5298/1/3485
s 377
f 5299/1/3486 5300/1/3487 5298/1/3488
f 5301/1/3489 5300/1/3487 5299/1/3486
s 378
f 5296/1/3482 5301/1/3490 5299/1/3484
s 377
f 5301/1/3489 5305/1/3491 5300/1/3487
f 5302/1/3492 5304/1/3493 5301/1/3489
s 378
f 5303/1/3494 5302/1/3495 5301/1/3490
f 5301/1/3490 5296/1/3482 5303/1/3494
s 377
f 5304/1/3493 5305/1/3491 5301/1/3489
f 5306/1/3496 5305/1/3491 5304/1/3493
f 5300/1/3487 5305/1/3491 5306/1/3496
f 5311/1/3497 5307/1/3498 5306/1/3496
f 5306/1/3496 5307/1/3498 5300/1/3487
f 5306/1/3496 5308/1/3499 5309/1/3500
f 5304/1/3493 5308/1/3499 5306/1/3496
f 5309/1/3500 5310/1/3501 5306/1/3496
f 5306/1/3496 5310/1/3501 5311/1/3497
f 5310/1/3501 5313/1/3502 5311/1/3497
f 5311/1/3497 5313/1/3502 5312/1/3503
f 5311/1/3497 5312/1/3503 5314/1/3504
f 5311/1/3497 5314/1/3504 5315/1/3505
f 5315/1/3505 5307/1/3498 5311/1/3497
f 5316/1/3506 5315/1/3505 5314/1/3504
f 5317/1/3507 5315/1/3505 5316/1/3506
f 5307/1/3498 5315/1/3505 5317/1/3507
f 5317/1/3507 5300/1/3487 5307/1/3498
f 5300/1/3487 5317/1/3507 5298/1/3488
f 5316/1/3506 5318/1/3508 5317/1/3507
f 5298/1/3488 5317/1/3507 5318/1/3508
f 5320/1/3509 5319/1/3510 5318/1/3508
f 5286/1/3511 5318/1/3508 5319/1/3510
f 5298/1/3488 5318/1/3508 5286/1/3511
f 5318/1/3508 5316/1/3506 5320/1/3509
f 5321/1/3512 5268/1/3453 5320/1/3509
f 5320/1/3509 5323/1/3513 5321/1/3512
f 5320/1/3509 5268/1/3453 5269/1/3454
f 5320/1/3509 5316/1/3506 5322/1/3514
f 5269/1/3454 5319/1/3510 5320/1/3509
f 5322/1/3514 5323/1/3513 5320/1/3509
f 5325/1/3515 5324/1/3516 5323/1/3513
f 5323/1/3513 5324/1/3516 5321/1/3512
f 5322/1/3514 5325/1/3515 5323/1/3513
f 5325/1/3515 5328/1/3517 5324/1/3516
f 5325/1/3515 5312/1/3503 5326/1/3518
f 5326/1/3518 5327/1/3519 5325/1/3515
f 5325/1/3515 5327/1/3519 5328/1/3517
f 5312/1/3503 5325/1/3515 5322/1/3514
f 5330/1/3520 5328/1/3517 5327/1/3519
f 5329/1/3521 5328/1/3517 5330/1/3520
f 5324/1/3516 5328/1/3517 5329/1/3521
s 376
f 5330/1/3522 5334/1/3523 5331/1/3524
s 377
f 5330/1/3520 5331/1/3459 5329/1/3521
s 376
f 5332/1/3525 5333/1/3526 5330/1/3522
s 377
f 5327/1/3519 5332/1/3527 5330/1/3520
s 376
f 5333/1/3526 5334/1/3523 5330/1/3522
f 5335/1/3528 5338/1/3529 5334/1/3523
f 5334/1/3523 5336/1/3530 5335/1/3528
f 5337/1/3531 5336/1/3530 5334/1/3523
f 5333/1/3526 5337/1/3531 5334/1/3523
f 5334/1/3523 5338/1/3529 5331/1/3524
f 5338/1/3529 5335/1/3528 5340/1/3532
f 5340/1/3532 5339/1/3533 5338/1/3529
f 5338/1/3529 5339/1/3533 5259/1/3534
f 5331/1/3524 5338/1/3529 5259/1/3534
f 5342/1/3535 5340/1/3532 5341/1/3444
f 5341/1/3444 5340/1/3532 5335/1/3528
f 5339/1/3533 5340/1/3532 5342/1/3535
f 5343/1/3437 5342/1/3535 5344/1/3442
f 5342/1/3535 5343/1/3437 5346/1/3536
f 5341/1/3444 5344/1/3442 5342/1/3535
f 5342/1/3535 5345/1/3537 5339/1/3533
f 5345/1/3537 5342/1/3535 5346/1/3536
f 5257/1/3538 5345/1/3537 5346/1/3536
f 5347/1/3539 5346/1/3536 5343/1/3437
f 5346/1/3536 5347/1/3539 5255/1/3540
f 5256/1/3541 5346/1/3536 5255/1/3540
f 5257/1/3538 5346/1/3536 5256/1/3541
f 5343/1/3437 5348/1/3542 5347/1/3539
f 5349/1/3543 5347/1/3539 5348/1/3542
f 5347/1/3539 5349/1/3543 5350/1/3544
f 5255/1/3540 5347/1/3539 5350/1/3544
f 5350/1/3544 5349/1/3543 5179/1/3357
f 5350/1/3544 5179/1/3357 5351/1/3545
s 377
f 5350/1/3408 5351/1/3546 5247/1/3432
f 5251/1/3436 5255/1/3440 5350/1/3408
f 5350/1/3408 5249/1/3434 5251/1/3436
f 5247/1/3432 5249/1/3434 5350/1/3408
s 376
f 5351/1/3545 5179/1/3357 5185/1/3365
s 377
f 5247/1/3432 5351/1/3546 5185/1/3366
s 376
f 5348/1/3542 5352/1/3547 5349/1/3543
f 5349/1/3543 5352/1/3547 5178/1/3355
f 5349/1/3543 5178/1/3355 5179/1/3357
f 5178/1/3355 5352/1/3547 5353/1/3408
f 5353/1/3408 5352/1/3547 5348/1/3542
s 375
f 5354/1/3548 5356/1/3549 5353/1/3550
f 5355/1/3551 5354/1/3548 5353/1/3550
s 376
f 5348/1/3542 5355/1/3440 5353/1/3408
s 375
f 5353/1/3550 5170/1/3345 5173/1/3348
s 376
f 5353/1/3408 5173/1/3349 5178/1/3355
s 375
f 5353/1/3550 5356/1/3549 5170/1/3345
f 5356/1/3549 5169/1/3342 5170/1/3345
f 5354/1/3548 5169/1/3342 5356/1/3549
f 5357/1/3552 5354/1/3548 5355/1/3551
s 376
f 5355/1/3440 5348/1/3542 5343/1/3437
f 5343/1/3437 5358/1/3441 5355/1/3440
s 375
f 5358/1/3553 5357/1/3552 5355/1/3551
f 5344/1/3554 5357/1/3552 5358/1/3553
s 376
f 5344/1/3442 5358/1/3441 5343/1/3437
s 375
f 5354/1/3548 5357/1/3552 5361/1/3555
f 5359/1/3556 5360/1/3557 5357/1/3552
f 5344/1/3554 5359/1/3556 5357/1/3552
f 5360/1/3557 5361/1/3555 5357/1/3552
f 5361/1/3555 5360/1/3557 5365/1/3558
f 5363/1/3559 5362/1/3560 5361/1/3555
f 5361/1/3555 5362/1/3560 5354/1/3548
f 5361/1/3555 5364/1/3561 5363/1/3559
f 5365/1/3558 5364/1/3561 5361/1/3555
s 374
f 5365/1/3562 5366/1/3563 5364/1/3564
f 5367/1/3565 5366/1/3563 5365/1/3562
s 375
f 5367/1/3566 5365/1/3558 5360/1/3557
s 374
f 5367/1/3565 5368/1/3567 5366/1/3563
f 5369/1/3568 5368/1/3567 5367/1/3565
s 375
f 5369/1/3569 5367/1/3566 5370/1/3570
f 5360/1/3557 5370/1/3570 5367/1/3566
f 5370/1/3570 5371/1/3571 5369/1/3569
f 5373/1/3572 5371/1/3571 5370/1/3570
f 5370/1/3570 5360/1/3557 5359/1/3556
f 5359/1/3556 5372/1/3573 5370/1/3570
f 5373/1/3572 5370/1/3570 5372/1/3573
f 5371/1/3571 5373/1/3572 5374/1/3574
f 5375/1/3575 5373/1/3572 5372/1/3573
f 5374/1/3574 5373/1/3572 5375/1/3575
f 5376/1/3576 5374/1/3574 5375/1/3575
s 376
f 5376/1/3472 5375/1/3459 5335/1/3528
s 375
f 5375/1/3575 5372/1/3573 5341/1/3577
s 376
f 5335/1/3528 5375/1/3459 5341/1/3444
s 375
f 5377/1/3578 5378/1/3579 5376/1/3576
s 376
f 5377/1/3580 5376/1/3472 5336/1/3530
f 5335/1/3528 5336/1/3530 5376/1/3472
s 375
f 5378/1/3579 5374/1/3574 5376/1/3576
f 5378/1/3579 5381/1/3581 5374/1/3574
f 5378/1/3579 5379/1/3582 5381/1/3581
f 5380/1/3583 5379/1/3582 5378/1/3579
f 5380/1/3583 5378/1/3579 5377/1/3578
f 5383/1/3584 5382/1/3585 5381/1/3581
f 5371/1/3571 5381/1/3581 5382/1/3585
f 5381/1/3581 5379/1/3582 5383/1/3584
f 5374/1/3574 5381/1/3581 5371/1/3571
s 374
f 5383/1/3586 5386/1/3587 5382/1/3588
f 5383/1/3586 5384/1/3589 5386/1/3587
f 5385/1/3590 5384/1/3589 5383/1/3586
s 375
f 5385/1/3591 5383/1/3584 5379/1/3582
s 374
f 5388/1/3592 5386/1/3587 5384/1/3589
f 5387/1/3593 5386/1/3587 5388/1/3592
f 5382/1/3588 5386/1/3587 5387/1/3593
f 5389/1/3594 5388/1/3592 5152/1/3324
f 5388/1/3592 5389/1/3594 5387/1/3593
f 5151/1/3322 5152/1/3324 5388/1/3592
f 5388/1/3592 5390/1/3595 5151/1/3322
f 5384/1/3589 5390/1/3595 5388/1/3592
f 5151/1/3322 5390/1/3595 5391/1/3596
f 5391/1/3596 5390/1/3595 5384/1/3589
f 5391/1/3596 5393/1/3597 5392/1/3598
f 5392/1/3598 5149/1/3319 5391/1/3596
f 5391/1/3596 5149/1/3319 5151/1/3322
f 5393/1/3597 5391/1/3596 5394/1/3599
f 5384/1/3589 5394/1/3599 5391/1/3596
f 5394/1/3599 5395/1/3600 5393/1/3597
f 5395/1/3600 5394/1/3599 5385/1/3590
f 5385/1/3590 5394/1/3599 5384/1/3589
f 5393/1/3597 5395/1/3600 5397/1/3601
f 5396/1/3602 5395/1/3600 5385/1/3590
f 5397/1/3601 5395/1/3600 5396/1/3602
f 5397/1/3601 5398/1/3603 5393/1/3597
f 5398/1/3603 5397/1/3601 5399/1/3604
f 5401/1/3605 5399/1/3604 5397/1/3601
f 5400/1/3606 5397/1/3601 5396/1/3602
f 5401/1/3605 5397/1/3601 5400/1/3606
s 375
f 5403/1/3607 5401/1/3608 5400/1/3609
s 374
f 5402/1/3610 5399/1/3604 5401/1/3605
s 375
f 5402/1/3611 5401/1/3608 5403/1/3607
f 5403/1/3607 5404/1/3612 5402/1/3611
f 5407/1/3613 5404/1/3612 5403/1/3607
f 5400/1/3609 5405/1/3614 5403/1/3607
f 5406/1/3615 5403/1/3607 5405/1/3614
f 5407/1/3613 5403/1/3607 5406/1/3615
f 5408/1/3616 5404/1/3612 5407/1/3613
f 5407/1/3613 5406/1/3615 5410/1/3617
f 5408/1/3616 5407/1/3613 5409/1/3618
f 5409/1/3618 5407/1/3613 5410/1/3617
f 5410/1/3617 5406/1/3615 5411/1/3619
s 376
f 5414/1/3620 5409/1/3621 5410/1/3622
f 5410/1/3622 5411/1/3623 5412/1/3624
f 5412/1/3624 5413/1/3625 5410/1/3622
f 5410/1/3622 5413/1/3625 5414/1/3620
f 5409/1/3621 5414/1/3620 5415/1/3626
f 5414/1/3620 5413/1/3625 5418/1/3627
f 5416/1/3628 5415/1/3626 5414/1/3620
f 5416/1/3628 5414/1/3620 5417/1/3629
f 5418/1/3627 5417/1/3629 5414/1/3620
f 5421/1/3630 5417/1/3629 5418/1/3627
f 5418/1/3627 5413/1/3625 5419/1/3631
f 5420/1/3632 5418/1/3627 5419/1/3631
f 5421/1/3630 5418/1/3627 5420/1/3632
f 5422/1/3633 5417/1/3629 5421/1/3630
s 377
f 5421/1/3634 5420/1/3635 5424/1/3636
f 5422/1/3637 5421/1/3634 5423/1/3638
f 5424/1/3636 5423/1/3638 5421/1/3634
f 5425/1/3639 5424/1/3636 5420/1/3635
f 5427/1/3640 5423/1/3638 5424/1/3636
f 5426/1/3641 5424/1/3636 5425/1/3639
f 5424/1/3636 5426/1/3641 5427/1/3640
f 5428/1/3642 5423/1/3638 5427/1/3640
f 5429/1/3643 5427/1/3640 5426/1/3641
f 5194/1/3374 5428/1/3642 5427/1/3640
f 5194/1/3374 5427/1/3640 5429/1/3643
f 5194/1/3374 5429/1/3643 5430/1/3644
f 5429/1/3643 5426/1/3641 5309/1/3500
f 5429/1/3643 5309/1/3500 5308/1/3499
f 5308/1/3499 5430/1/3644 5429/1/3643
f 5430/1/3644 5195/1/3376 5194/1/3374
f 5431/1/3645 5430/1/3644 5308/1/3499
f 5201/1/3382 5195/1/3376 5430/1/3644
f 5430/1/3644 5431/1/3645 5201/1/3382
f 5308/1/3499 5304/1/3493 5431/1/3645
f 5207/1/3646 5201/1/3382 5431/1/3645
f 5431/1/3645 5304/1/3493 5302/1/3492
f 5432/1/3647 5431/1/3645 5302/1/3492
f 5207/1/3646 5431/1/3645 5432/1/3647
s 378
f 5433/1/3648 5432/1/3621 5302/1/3495
f 5208/1/3389 5207/1/3388 5432/1/3621
f 5432/1/3621 5433/1/3648 5208/1/3389
f 5208/1/3389 5433/1/3648 5435/1/3649
f 5302/1/3495 5303/1/3494 5433/1/3648
f 5433/1/3648 5303/1/3494 5434/1/3650
f 5434/1/3650 5435/1/3649 5433/1/3648
f 5435/1/3649 5209/1/3391 5208/1/3389
f 5437/1/3651 5435/1/3649 5434/1/3650
f 5436/1/3652 5209/1/3391 5435/1/3649
f 5436/1/3652 5435/1/3649 5437/1/3651
f 5437/1/3651 5438/1/3653 5218/1/3399
f 5436/1/3652 5437/1/3651 5218/1/3399
f 5437/1/3651 5434/1/3650 5438/1/3653
f 5438/1/3653 5439/1/3654 5218/1/3399
f 5438/1/3653 5434/1/3650 5439/1/3654
f 5439/1/3654 5293/1/3479 5218/1/3399
f 5439/1/3654 5295/1/3481 5293/1/3479
f 5434/1/3650 5295/1/3481 5439/1/3654
f 5440/1/3655 5436/1/3652 5218/1/3399
f 5440/1/3655 5210/1/3392 5436/1/3652
f 5210/1/3392 5209/1/3391 5436/1/3652
f 5213/1/3395 5440/1/3655 5218/1/3399
f 5213/1/3395 5210/1/3392 5440/1/3655
f 5295/1/3481 5434/1/3650 5303/1/3494
s 377
f 5190/1/3370 5441/1/3656 5428/1/3642
f 5190/1/3370 5428/1/3642 5194/1/3374
f 5428/1/3642 5441/1/3656 5423/1/3638
f 5441/1/3656 5188/1/3369 5183/1/3364
f 5190/1/3370 5188/1/3369 5441/1/3656
f 5183/1/3364 5422/1/3637 5441/1/3656
f 5423/1/3638 5441/1/3656 5422/1/3637
f 5426/1/3641 5425/1/3639 5442/1/3657
f 5309/1/3500 5426/1/3641 5442/1/3657
f 5442/1/3657 5425/1/3639 5443/1/3658
f 5442/1/3657 5443/1/3658 5313/1/3502
f 5310/1/3501 5442/1/3657 5313/1/3502
f 5309/1/3500 5442/1/3657 5310/1/3501
f 5445/1/3659 5444/1/3660 5443/1/3658
f 5326/1/3518 5443/1/3658 5444/1/3660
f 5443/1/3658 5326/1/3518 5312/1/3503
f 5313/1/3502 5443/1/3658 5312/1/3503
f 5443/1/3658 5425/1/3639 5445/1/3659
s 376
f 5445/1/3661 5419/1/3631 5444/1/3662
f 5420/1/3632 5419/1/3631 5445/1/3661
s 377
f 5420/1/3635 5445/1/3659 5425/1/3639
f 5444/1/3660 5448/1/3663 5326/1/3518
s 376
f 5419/1/3631 5446/1/3664 5444/1/3662
f 5444/1/3662 5446/1/3664 5447/1/3665
f 5444/1/3662 5447/1/3665 5448/1/3666
f 5448/1/3666 5447/1/3665 5333/1/3526
f 5448/1/3666 5333/1/3526 5332/1/3525
s 377
f 5326/1/3518 5448/1/3663 5332/1/3527
s 376
f 5446/1/3664 5449/1/3667 5447/1/3665
f 5447/1/3665 5449/1/3667 5333/1/3526
f 5449/1/3667 5452/1/3668 5450/1/3669
f 5450/1/3669 5451/1/3670 5449/1/3667
f 5337/1/3531 5449/1/3667 5451/1/3670
f 5449/1/3667 5337/1/3531 5333/1/3526
f 5446/1/3664 5452/1/3668 5449/1/3667
f 5450/1/3669 5452/1/3668 5412/1/3624
f 5412/1/3624 5452/1/3668 5446/1/3664
s 375
f 5450/1/3671 5380/1/3583 5451/1/3672
f 5451/1/3672 5380/1/3583 5377/1/3578
s 376
f 5451/1/3670 5377/1/3580 5337/1/3531
s 375
f 5454/1/3673 5453/1/3674 5450/1/3671
f 5450/1/3671 5453/1/3674 5380/1/3583
s 376
f 5412/1/3624 5411/1/3623 5450/1/3669
s 375
f 5411/1/3619 5454/1/3673 5450/1/3671
f 5454/1/3673 5455/1/3675 5453/1/3674
f 5405/1/3614 5454/1/3673 5406/1/3615
f 5406/1/3615 5454/1/3673 5411/1/3619
f 5454/1/3673 5405/1/3614 5455/1/3675
f 5396/1/3676 5455/1/3675 5405/1/3614
f 5456/1/3677 5455/1/3675 5396/1/3676
f 5453/1/3674 5455/1/3675 5456/1/3677
f 5396/1/3676 5385/1/3591 5456/1/3677
f 5379/1/3582 5456/1/3677 5385/1/3591
f 5380/1/3583 5456/1/3677 5379/1/3582
f 5456/1/3677 5380/1/3583 5453/1/3674
s 376
f 5446/1/3664 5419/1/3631 5412/1/3624
f 5422/1/3633 5416/1/3628 5417/1/3629
f 5183/1/3361 5416/1/3628 5422/1/3633
f 5413/1/3625 5412/1/3624 5419/1/3631
f 5415/1/3626 5416/1/3628 5182/1/3359
f 5183/1/3361 5182/1/3359 5416/1/3628
f 5458/1/3388 5415/1/3626 5457/1/3678
f 5182/1/3359 5457/1/3678 5415/1/3626
f 5415/1/3626 5458/1/3388 5409/1/3621
s 375
f 5459/1/3679 5460/1/3680 5458/1/3681
s 376
f 5457/1/3678 5459/1/3384 5458/1/3388
s 375
f 5460/1/3680 5408/1/3616 5458/1/3681
f 5458/1/3681 5408/1/3616 5409/1/3618
f 5460/1/3680 5463/1/3682 5461/1/3683
f 5460/1/3680 5461/1/3683 5408/1/3616
f 5460/1/3680 5172/1/3346 5462/1/3684
f 5172/1/3346 5460/1/3680 5459/1/3679
f 5462/1/3684 5463/1/3682 5460/1/3680
f 5464/1/3685 5461/1/3683 5463/1/3682
f 5463/1/3682 5465/1/3686 5464/1/3685
f 5465/1/3686 5463/1/3682 5462/1/3684
s 374
f 5465/1/3687 5466/1/3688 5464/1/3689
f 5163/1/3335 5162/1/3334 5465/1/3687
s 375
f 5462/1/3684 5163/1/3690 5465/1/3686
s 374
f 5162/1/3334 5466/1/3688 5465/1/3687
f 5466/1/3688 5162/1/3334 5159/1/3330
f 5468/1/3691 5467/1/3692 5466/1/3688
f 5466/1/3688 5467/1/3692 5464/1/3689
f 5466/1/3688 5469/1/3693 5468/1/3691
f 5159/1/3330 5469/1/3693 5466/1/3688
f 5470/1/3694 5468/1/3691 5469/1/3693
f 5469/1/3693 5471/1/3695 5470/1/3694
f 5472/1/3696 5471/1/3695 5469/1/3693
f 5469/1/3693 5159/1/3330 5472/1/3696
f 5149/1/3319 5471/1/3695 5472/1/3696
f 5149/1/3319 5472/1/3696 5150/1/3320
f 5150/1/3320 5472/1/3696 5159/1/3330
f 5149/1/3319 5470/1/3694 5471/1/3695
f 5149/1/3319 5473/1/3697 5470/1/3694
f 5470/1/3694 5473/1/3697 5474/1/3698
f 5474/1/3698 5468/1/3691 5470/1/3694
f 5475/1/3699 5476/1/3700 5474/1/3698
f 5474/1/3698 5473/1/3697 5475/1/3699
f 5474/1/3698 5476/1/3700 5399/1/3604
f 5467/1/3692 5468/1/3691 5474/1/3698
f 5474/1/3698 5477/1/3701 5467/1/3692
f 5399/1/3604 5477/1/3701 5474/1/3698
f 5467/1/3692 5477/1/3701 5402/1/3610
f 5402/1/3610 5477/1/3701 5399/1/3604
f 5478/1/3702 5398/1/3603 5476/1/3700
f 5476/1/3700 5475/1/3699 5478/1/3702
f 5399/1/3604 5476/1/3700 5398/1/3603
f 5392/1/3598 5478/1/3702 5475/1/3699
f 5398/1/3603 5478/1/3702 5392/1/3598
f 5149/1/3319 5392/1/3598 5475/1/3699
f 5149/1/3319 5475/1/3699 5473/1/3697
f 5464/1/3689 5467/1/3692 5402/1/3610
s 375
f 5404/1/3612 5461/1/3683 5464/1/3685
f 5464/1/3685 5402/1/3611 5404/1/3612
f 5164/1/3341 5163/1/3690 5462/1/3684
f 5462/1/3684 5168/1/3343 5164/1/3341
f 5168/1/3343 5462/1/3684 5172/1/3346
f 5408/1/3616 5461/1/3683 5404/1/3612
f 5175/1/3352 5172/1/3346 5459/1/3679
s 376
f 5175/1/3353 5459/1/3384 5457/1/3678
f 5457/1/3678 5176/1/3354 5175/1/3353
f 5176/1/3354 5457/1/3678 5182/1/3359
s 375
f 5405/1/3614 5400/1/3609 5396/1/3676
s 374
f 5392/1/3598 5393/1/3597 5398/1/3603
f 5154/1/3326 5479/1/3703 5389/1/3594
f 5389/1/3594 5153/1/3325 5154/1/3326
f 5387/1/3593 5389/1/3594 5479/1/3703
f 5152/1/3324 5153/1/3325 5389/1/3594
f 5480/1/3704 5479/1/3703 5154/1/3326
f 5479/1/3703 5480/1/3704 5366/1/3563
f 5479/1/3703 5368/1/3567 5387/1/3593
f 5366/1/3563 5368/1/3567 5479/1/3703
f 5481/1/3705 5480/1/3704 5482/1/3706
f 5366/1/3563 5480/1/3704 5481/1/3705
f 5154/1/3326 5482/1/3706 5480/1/3704
f 5483/1/3707 5482/1/3706 5154/1/3326
f 5482/1/3706 5483/1/3707 5481/1/3705
f 5154/1/3326 5484/1/3708 5483/1/3707
f 5481/1/3705 5483/1/3707 5484/1/3708
f 5154/1/3326 5155/1/3327 5484/1/3708
f 5485/1/3709 5484/1/3708 5155/1/3327
f 5484/1/3708 5485/1/3709 5481/1/3705
f 5486/1/3710 5481/1/3705 5485/1/3709
f 5485/1/3709 5487/1/3711 5486/1/3710
f 5487/1/3711 5485/1/3709 5156/1/3328
f 5155/1/3327 5156/1/3328 5485/1/3709
f 5156/1/3328 5488/1/3712 5487/1/3711
f 5363/1/3713 5487/1/3711 5488/1/3712
f 5486/1/3710 5487/1/3711 5363/1/3713
f 5160/1/3332 5488/1/3712 5156/1/3328
f 5166/1/3337 5488/1/3712 5160/1/3332
f 5363/1/3713 5488/1/3712 5166/1/3337
f 5481/1/3705 5486/1/3710 5366/1/3563
f 5366/1/3563 5486/1/3710 5364/1/3564
f 5364/1/3564 5486/1/3710 5363/1/3713
f 5369/1/3568 5387/1/3593 5368/1/3567
f 5382/1/3588 5387/1/3593 5369/1/3568
s 375
f 5382/1/3585 5369/1/3569 5371/1/3571
s 376
f 5336/1/3530 5337/1/3531 5377/1/3580
s 375
f 5341/1/3577 5372/1/3573 5359/1/3556
f 5363/1/3559 5166/1/3338 5169/1/3342
f 5169/1/3342 5362/1/3560 5363/1/3559
f 5354/1/3548 5362/1/3560 5169/1/3342
f 5341/1/3577 5359/1/3556 5344/1/3554
s 376
f 5339/1/3533 5345/1/3537 5257/1/3538
f 5259/1/3534 5339/1/3533 5257/1/3538
s 377
f 5332/1/3527 5327/1/3519 5326/1/3518
f 5329/1/3521 5331/1/3459 5259/1/3444
f 5259/1/3444 5260/1/3445 5329/1/3521
f 5489/1/3714 5329/1/3521 5260/1/3445
f 5329/1/3521 5489/1/3714 5324/1/3516
f 5324/1/3516 5489/1/3714 5321/1/3512
f 5321/1/3512 5489/1/3714 5263/1/3449
f 5489/1/3714 5262/1/3448 5263/1/3449
f 5489/1/3714 5260/1/3445 5262/1/3448
f 5314/1/3504 5312/1/3503 5322/1/3514
f 5314/1/3504 5322/1/3514 5316/1/3506
f 5268/1/3453 5321/1/3512 5263/1/3449
f 5285/1/3715 5319/1/3510 5269/1/3454
f 5286/1/3511 5319/1/3510 5285/1/3715
s 378
f 5303/1/3494 5296/1/3482 5295/1/3481
f 5291/1/3478 5298/1/3485 5286/1/3471
f 5293/1/3479 5289/1/3475 5218/1/3399
f 5286/1/3471 5287/1/3473 5291/1/3478
f 5290/1/3477 5282/1/3469 5218/1/3399
f 5289/1/3475 5290/1/3477 5218/1/3399
s 377
f 5285/1/3715 5269/1/3454 5271/1/3456
s 378
f 5285/1/3472 5271/1/3459 5272/1/3458
f 5282/1/3469 5280/1/3466 5218/1/3399
f 5272/1/3458 5273/1/3460 5276/1/3463
s 377
f 5263/1/3449 5266/1/3451 5268/1/3453
f 5253/1/3439 5238/1/3423 5232/1/3416
f 5232/1/3416 5233/1/3418 5253/1/3439
f 5185/1/3366 5187/1/3367 5247/1/3432
s 378
f 5215/1/3397 5222/1/3404 5227/1/3408
f 5218/1/3399 5212/1/3393 5213/1/3395
f 5205/1/3387 5216/1/3398 5204/1/3350
s 377
f 5202/1/3383 5201/1/3382 5207/1/3646
s 376
f 5179/1/3357 5180/1/3358 5185/1/3365
s 374
f 5156/1/3328 5157/1/3329 5160/1/3332
s 379
f 5491/1/3716 5492/1/3717 5490/1/3718
f 5491/1/3716 5490/1/3718 5493/1/3719
f 5490/1/3718 5492/1/3717 5496/1/3720
f 5494/1/3721 5493/1/3719 5490/1/3718
f 5490/1/3718 5495/1/3722 5494/1/3721
f 5496/1/3720 5495/1/3722 5490/1/3718
f 5497/1/3723 5496/1/3720 5492/1/3717
f 5496/1/3720 5497/1/3723 5500/1/3724
f 5498/1/3725 5495/1/3722 5496/1/3720
f 5496/1/3720 5499/1/3726 5498/1/3725
f 5500/1/3724 5499/1/3726 5496/1/3720
f 5501/1/3727 5500/1/3724 5497/1/3723
f 5500/1/3724 5501/1/3727 5502/1/3728
f 5503/1/3729 5500/1/3724 5502/1/3728
f 5504/1/3730 5500/1/3724 5503/1/3729
f 5504/1/3730 5499/1/3726 5500/1/3724
s 380
f 5504/1/3341 5503/1/3690 5508/1/3684
s 379
f 5505/1/3731 5499/1/3726 5504/1/3730
s 380
f 5506/1/3732 5505/1/3339 5504/1/3341
f 5504/1/3341 5507/1/3343 5506/1/3732
f 5508/1/3684 5507/1/3343 5504/1/3341
f 5508/1/3684 5503/1/3690 5502/1/3686
f 5507/1/3343 5508/1/3684 5511/1/3346
f 5502/1/3686 5509/1/3733 5508/1/3684
f 5508/1/3684 5509/1/3733 5510/1/3734
f 5510/1/3734 5511/1/3346 5508/1/3684
f 5511/1/3346 5510/1/3734 5515/1/3679
f 5512/1/3344 5507/1/3343 5511/1/3346
f 5513/1/3347 5512/1/3344 5511/1/3346
f 5513/1/3347 5511/1/3346 5514/1/3352
f 5514/1/3352 5511/1/3346 5515/1/3679
s 381
f 5518/1/3735 5514/1/3363 5515/1/3736
s 380
f 5515/1/3679 5510/1/3734 5516/1/3681
s 381
f 5517/1/3737 5515/1/3736 5516/1/3388
f 5515/1/3736 5517/1/3737 5518/1/3735
f 5513/1/3350 5514/1/3363 5518/1/3735
f 5518/1/3735 5519/1/3738 5513/1/3350
f 5520/1/3739 5519/1/3738 5518/1/3735
f 5520/1/3739 5518/1/3735 5521/1/3740
f 5521/1/3740 5518/1/3735 5522/1/3741
f 5518/1/3735 5517/1/3737 5522/1/3741
f 5521/1/3740 5522/1/3741 5525/1/3742
f 5526/1/3743 5523/1/3744 5522/1/3741
f 5522/1/3741 5523/1/3744 5524/1/3745
f 5525/1/3742 5522/1/3741 5524/1/3745
f 5522/1/3741 5517/1/3737 5526/1/3743
f 5526/1/3743 5516/1/3388 5527/1/3621
f 5516/1/3388 5526/1/3743 5517/1/3737
f 5527/1/3621 5528/1/3746 5526/1/3743
f 5526/1/3743 5528/1/3746 5529/1/3747
f 5523/1/3744 5526/1/3743 5529/1/3747
f 5530/1/3748 5529/1/3747 5528/1/3746
f 5523/1/3744 5529/1/3747 5532/1/3749
f 5529/1/3747 5530/1/3748 5531/1/3750
f 5532/1/3749 5529/1/3747 5531/1/3750
s 382
f 5534/1/3746 5532/1/3621 5531/1/3622
s 381
f 5524/1/3745 5523/1/3744 5532/1/3749
s 382
f 5533/1/3743 5524/1/3388 5532/1/3621
f 5532/1/3621 5534/1/3746 5533/1/3743
f 5531/1/3622 5535/1/3751 5534/1/3746
f 5533/1/3743 5534/1/3746 5537/1/3752
f 5534/1/3746 5535/1/3751 5536/1/3753
f 5537/1/3752 5534/1/3746 5536/1/3753
f 5537/1/3752 5538/1/3754 5533/1/3743
f 5540/1/3643 5537/1/3752 5536/1/3753
f 5539/1/3755 5538/1/3754 5537/1/3752
f 5539/1/3755 5537/1/3752 5540/1/3643
f 5540/1/3643 5536/1/3753 5541/1/3756
f 5539/1/3755 5540/1/3643 5543/1/3757
f 5540/1/3643 5541/1/3756 5542/1/3758
f 5542/1/3758 5543/1/3757 5540/1/3643
f 5545/1/3759 5543/1/3757 5542/1/3758
f 5543/1/3757 5544/1/3760 5539/1/3755
f 5544/1/3760 5543/1/3757 5545/1/3759
f 5542/1/3758 5547/1/3761 5545/1/3759
f 5545/1/3759 5546/1/3762 5544/1/3760
f 5549/1/3763 5546/1/3762 5545/1/3759
f 5548/1/3764 5545/1/3759 5547/1/3761
f 5549/1/3763 5545/1/3759 5548/1/3764
f 5550/1/3765 5546/1/3762 5549/1/3763
f 5551/1/3766 5550/1/3765 5549/1/3763
s 383
f 5549/1/3767 5548/1/3634 5554/1/3768
f 5552/1/3385 5551/1/3384 5549/1/3767
f 5549/1/3767 5553/1/3769 5552/1/3385
f 5554/1/3768 5553/1/3769 5549/1/3767
f 5555/1/3770 5554/1/3768 5548/1/3634
f 5553/1/3769 5554/1/3768 5556/1/3771
f 5556/1/3771 5554/1/3768 5555/1/3770
f 5555/1/3770 5557/1/3772 5556/1/3771
f 5556/1/3771 5557/1/3772 5561/1/3773
f 5556/1/3771 5558/1/3774 5553/1/3769
f 5559/1/3775 5558/1/3774 5556/1/3771
f 5559/1/3775 5556/1/3771 5560/1/3776
f 5560/1/3776 5556/1/3771 5561/1/3773
f 5562/1/3777 5560/1/3776 5561/1/3773
f 5562/1/3777 5561/1/3773 5563/1/3654
f 5561/1/3773 5557/1/3772 5563/1/3654
f 5562/1/3777 5563/1/3654 5564/1/3479
f 5563/1/3654 5565/1/3778 5564/1/3479
f 5557/1/3772 5565/1/3778 5563/1/3654
f 5567/1/3480 5565/1/3778 5566/1/3779
f 5566/1/3779 5565/1/3778 5557/1/3772
f 5565/1/3778 5567/1/3480 5564/1/3479
f 5566/1/3779 5568/1/3780 5567/1/3480
f 5567/1/3480 5568/1/3780 5569/1/3781
f 5569/1/3781 5570/1/3782 5567/1/3480
f 5564/1/3479 5567/1/3480 5570/1/3782
f 5571/1/3783 5570/1/3782 5569/1/3781
f 5572/1/3784 5570/1/3782 5571/1/3783
f 5564/1/3479 5570/1/3782 5572/1/3784
f 5562/1/3777 5564/1/3479 5572/1/3784
f 5562/1/3777 5572/1/3784 5573/1/3477
f 5572/1/3784 5571/1/3783 5573/1/3477
f 5562/1/3777 5573/1/3477 5574/1/3785
f 5573/1/3477 5571/1/3783 5574/1/3785
f 5562/1/3777 5574/1/3785 5575/1/3786
f 5574/1/3785 5577/1/3787 5575/1/3786
f 5571/1/3783 5576/1/3470 5574/1/3785
f 5574/1/3785 5576/1/3470 5577/1/3787
f 5578/1/3788 5577/1/3787 5580/1/3458
f 5575/1/3786 5577/1/3787 5578/1/3788
f 5577/1/3787 5576/1/3470 5579/1/3468
f 5579/1/3468 5580/1/3458 5577/1/3787
f 5580/1/3458 5579/1/3468 5584/1/3472
f 5581/1/3444 5583/1/3460 5580/1/3458
f 5580/1/3458 5582/1/3459 5581/1/3444
f 5584/1/3472 5582/1/3459 5580/1/3458
f 5580/1/3458 5583/1/3460 5578/1/3788
s 382
f 5584/1/3715 5585/1/3510 5586/1/3454
f 5587/1/3789 5585/1/3510 5584/1/3715
f 5584/1/3715 5586/1/3454 5582/1/3790
s 383
f 5587/1/3471 5584/1/3472 5579/1/3468
s 382
f 5587/1/3789 5588/1/3791 5585/1/3510
f 5591/1/3792 5588/1/3791 5587/1/3789
f 5589/1/3793 5591/1/3792 5587/1/3789
s 383
f 5569/1/3781 5589/1/3663 5587/1/3471
f 5587/1/3471 5590/1/3473 5569/1/3781
f 5579/1/3468 5590/1/3473 5587/1/3471
s 382
f 5593/1/3794 5592/1/3795 5591/1/3792
f 5588/1/3791 5591/1/3792 5592/1/3795
f 5591/1/3792 5594/1/3796 5593/1/3794
f 5595/1/3797 5594/1/3796 5591/1/3792
f 5595/1/3797 5591/1/3792 5589/1/3793
s 383
f 5595/1/3798 5589/1/3663 5569/1/3781
s 382
f 5596/1/3489 5594/1/3796 5595/1/3797
s 383
f 5566/1/3779 5596/1/3799 5595/1/3798
f 5595/1/3798 5568/1/3780 5566/1/3779
f 5569/1/3781 5568/1/3780 5595/1/3798
s 382
f 5597/1/3800 5547/1/3761 5596/1/3489
s 383
f 5597/1/3635 5596/1/3799 5566/1/3779
s 382
f 5547/1/3761 5598/1/3801 5596/1/3489
f 5596/1/3489 5598/1/3801 5594/1/3796
f 5598/1/3801 5547/1/3761 5542/1/3758
f 5542/1/3758 5599/1/3802 5598/1/3801
f 5594/1/3796 5598/1/3801 5599/1/3802
f 5599/1/3802 5600/1/3803 5601/1/3804
f 5600/1/3803 5599/1/3802 5542/1/3758
f 5601/1/3804 5593/1/3794 5599/1/3802
f 5599/1/3802 5593/1/3794 5594/1/3796
f 5600/1/3803 5605/1/3805 5601/1/3804
f 5601/1/3804 5603/1/3806 5602/1/3503
f 5601/1/3804 5602/1/3503 5604/1/3504
f 5605/1/3805 5603/1/3806 5601/1/3804
f 5601/1/3804 5604/1/3504 5592/1/3795
f 5592/1/3795 5593/1/3794 5601/1/3804
f 5605/1/3805 5607/1/3807 5603/1/3806
f 5606/1/3808 5605/1/3805 5536/1/3753
f 5541/1/3756 5536/1/3753 5605/1/3805
f 5541/1/3756 5605/1/3805 5600/1/3803
f 5605/1/3805 5606/1/3808 5607/1/3807
f 5608/1/3669 5607/1/3807 5606/1/3808
f 5609/1/3518 5607/1/3807 5608/1/3669
f 5607/1/3807 5609/1/3518 5602/1/3503
f 5603/1/3806 5607/1/3807 5602/1/3503
f 5610/1/3471 5612/1/3809 5609/1/3518
f 5609/1/3518 5611/1/3663 5610/1/3471
f 5608/1/3669 5611/1/3663 5609/1/3518
f 5609/1/3518 5612/1/3809 5613/1/3810
f 5613/1/3810 5602/1/3503 5609/1/3518
f 5613/1/3810 5612/1/3809 5615/1/3811
f 5602/1/3503 5613/1/3810 5614/1/3812
f 5614/1/3812 5613/1/3810 5616/1/3813
f 5613/1/3810 5615/1/3811 5616/1/3813
f 5616/1/3813 5615/1/3811 5617/1/3521
f 5617/1/3521 5618/1/3814 5616/1/3813
f 5619/1/3815 5616/1/3813 5618/1/3814
f 5614/1/3812 5616/1/3813 5619/1/3815
f 5623/1/3816 5614/1/3812 5619/1/3815
f 5619/1/3815 5618/1/3814 5620/1/3817
f 5619/1/3815 5620/1/3817 5621/1/3818
f 5621/1/3818 5622/1/3819 5619/1/3815
f 5619/1/3815 5622/1/3819 5623/1/3816
f 5588/1/3791 5623/1/3816 5622/1/3819
f 5623/1/3816 5592/1/3795 5604/1/3504
f 5604/1/3504 5614/1/3812 5623/1/3816
f 5592/1/3795 5623/1/3816 5588/1/3791
f 5622/1/3819 5621/1/3818 5586/1/3454
f 5622/1/3819 5585/1/3510 5588/1/3791
f 5586/1/3454 5585/1/3510 5622/1/3819
f 5626/1/3820 5624/1/3451 5621/1/3818
f 5621/1/3818 5624/1/3451 5625/1/3452
f 5625/1/3452 5586/1/3454 5621/1/3818
f 5621/1/3818 5620/1/3817 5626/1/3820
f 5618/1/3814 5627/1/3821 5626/1/3820
f 5626/1/3820 5627/1/3821 5628/1/3822
f 5620/1/3817 5618/1/3814 5626/1/3820
f 5626/1/3820 5628/1/3822 5629/1/3450
f 5629/1/3450 5624/1/3451 5626/1/3820
f 5631/1/3418 5629/1/3450 5628/1/3822
f 5625/1/3452 5624/1/3451 5629/1/3450
f 5629/1/3450 5630/1/3823 5625/1/3452
f 5630/1/3823 5629/1/3450 5631/1/3418
f 5628/1/3822 5632/1/3824 5631/1/3418
f 5633/1/3416 5631/1/3418 5632/1/3824
f 5634/1/3825 5631/1/3418 5633/1/3416
f 5631/1/3418 5634/1/3825 5630/1/3823
f 5630/1/3823 5634/1/3825 5637/1/3826
f 5633/1/3416 5635/1/3417 5634/1/3825
f 5634/1/3825 5635/1/3417 5636/1/3413
f 5637/1/3826 5634/1/3825 5636/1/3413
s 383
f 5639/1/3827 5637/1/3441 5636/1/3828
s 382
f 5638/1/3829 5630/1/3823 5637/1/3826
s 383
f 5638/1/3415 5637/1/3441 5639/1/3827
f 5639/1/3827 5640/1/3830 5638/1/3415
f 5643/1/3831 5640/1/3830 5639/1/3827
f 5636/1/3828 5641/1/3832 5639/1/3827
f 5642/1/3833 5639/1/3827 5641/1/3832
f 5639/1/3827 5642/1/3833 5643/1/3831
f 5583/1/3460 5640/1/3830 5643/1/3831
f 5643/1/3831 5578/1/3788 5583/1/3460
f 5644/1/3834 5578/1/3788 5643/1/3831
f 5644/1/3834 5643/1/3831 5645/1/3835
f 5645/1/3835 5643/1/3831 5646/1/3836
f 5643/1/3831 5642/1/3833 5646/1/3836
f 5562/1/3777 5645/1/3835 5646/1/3836
f 5646/1/3836 5647/1/3837 5562/1/3777
f 5646/1/3836 5642/1/3833 5647/1/3837
f 5647/1/3837 5648/1/3838 5562/1/3777
f 5642/1/3833 5648/1/3838 5647/1/3837
f 5648/1/3838 5641/1/3832 5649/1/3839
f 5641/1/3832 5648/1/3838 5642/1/3833
f 5649/1/3839 5650/1/3840 5648/1/3838
f 5648/1/3838 5650/1/3840 5562/1/3777
f 5651/1/3841 5652/1/3396 5650/1/3840
f 5650/1/3840 5649/1/3839 5651/1/3841
f 5562/1/3777 5650/1/3840 5652/1/3396
f 5653/1/3394 5652/1/3396 5651/1/3841
f 5652/1/3396 5653/1/3394 5655/1/3393
f 5654/1/3842 5652/1/3396 5655/1/3393
f 5562/1/3777 5652/1/3396 5654/1/3842
f 5654/1/3842 5655/1/3393 5656/1/3395
f 5655/1/3393 5657/1/3390 5656/1/3395
f 5655/1/3393 5653/1/3394 5657/1/3390
f 5656/1/3395 5657/1/3390 5658/1/3843
f 5552/1/3385 5658/1/3843 5657/1/3390
f 5657/1/3390 5659/1/3387 5552/1/3385
f 5659/1/3387 5657/1/3390 5653/1/3394
f 5661/1/3350 5660/1/3353 5659/1/3387
f 5552/1/3385 5659/1/3387 5660/1/3353
f 5659/1/3387 5662/1/3398 5661/1/3350
f 5653/1/3394 5662/1/3398 5659/1/3387
f 5662/1/3398 5651/1/3841 5663/1/3349
f 5663/1/3349 5661/1/3350 5662/1/3398
f 5651/1/3841 5662/1/3398 5653/1/3394
s 382
f 5664/1/3422 5666/1/3421 5663/1/3844
s 383
f 5664/1/3408 5663/1/3349 5651/1/3841
s 382
f 5663/1/3844 5665/1/3845 5661/1/3846
f 5666/1/3421 5665/1/3845 5663/1/3844
f 5667/1/3420 5666/1/3421 5635/1/3417
f 5666/1/3421 5667/1/3420 5668/1/3847
f 5668/1/3847 5665/1/3845 5666/1/3421
f 5635/1/3417 5666/1/3421 5664/1/3422
f 5670/1/3848 5669/1/3426 5668/1/3847
f 5668/1/3847 5669/1/3426 5671/1/3849
f 5668/1/3847 5667/1/3420 5670/1/3848
f 5671/1/3849 5672/1/3850 5668/1/3847
f 5665/1/3845 5668/1/3847 5672/1/3850
f 5672/1/3850 5671/1/3849 5673/1/3851
f 5673/1/3851 5674/1/3375 5672/1/3850
f 5672/1/3850 5674/1/3375 5676/1/3380
f 5672/1/3850 5675/1/3852 5665/1/3845
f 5676/1/3380 5675/1/3852 5672/1/3850
f 5550/1/3765 5676/1/3380 5674/1/3375
f 5660/1/3381 5676/1/3380 5550/1/3765
f 5661/1/3846 5676/1/3380 5660/1/3381
f 5661/1/3846 5675/1/3852 5676/1/3380
f 5665/1/3845 5675/1/3852 5661/1/3846
f 5678/1/3853 5677/1/3377 5674/1/3375
f 5674/1/3375 5677/1/3377 5550/1/3765
f 5674/1/3375 5673/1/3851 5678/1/3853
f 5673/1/3851 5679/1/3854 5678/1/3853
f 5678/1/3853 5538/1/3754 5539/1/3755
f 5678/1/3853 5539/1/3755 5544/1/3760
f 5544/1/3760 5677/1/3377 5678/1/3853
f 5678/1/3853 5679/1/3854 5538/1/3754
f 5679/1/3854 5682/1/3855 5680/1/3856
f 5680/1/3856 5681/1/3737 5679/1/3854
f 5679/1/3854 5681/1/3737 5533/1/3743
f 5679/1/3854 5533/1/3743 5538/1/3754
f 5673/1/3851 5682/1/3855 5679/1/3854
f 5684/1/3857 5680/1/3856 5682/1/3855
f 5683/1/3858 5684/1/3857 5682/1/3855
f 5671/1/3849 5683/1/3858 5682/1/3855
f 5671/1/3849 5682/1/3855 5673/1/3851
f 5685/1/3366 5684/1/3857 5686/1/3432
f 5680/1/3856 5684/1/3857 5685/1/3366
f 5687/1/3431 5686/1/3432 5684/1/3857
f 5687/1/3431 5684/1/3857 5683/1/3858
f 5686/1/3432 5687/1/3431 5688/1/3859
f 5670/1/3848 5688/1/3859 5687/1/3431
f 5687/1/3431 5683/1/3858 5671/1/3849
f 5669/1/3426 5687/1/3431 5671/1/3849
f 5670/1/3848 5687/1/3431 5669/1/3426
f 5689/1/3860 5691/1/3434 5688/1/3859
f 5690/1/3861 5689/1/3860 5688/1/3859
f 5690/1/3861 5688/1/3859 5670/1/3848
f 5688/1/3859 5691/1/3434 5686/1/3432
f 5692/1/3408 5691/1/3434 5693/1/3862
f 5686/1/3432 5691/1/3434 5692/1/3408
f 5689/1/3860 5693/1/3862 5691/1/3434
f 5693/1/3862 5695/1/3440 5692/1/3408
f 5695/1/3440 5693/1/3862 5694/1/3437
f 5694/1/3437 5693/1/3862 5689/1/3860
s 381
f 5695/1/3863 5696/1/3864 5692/1/3544
f 5697/1/3865 5696/1/3864 5695/1/3863
s 382
f 5694/1/3437 5697/1/3441 5695/1/3440
s 381
f 5697/1/3865 5698/1/3866 5696/1/3864
f 5699/1/3867 5698/1/3866 5697/1/3865
s 382
f 5699/1/3868 5697/1/3441 5694/1/3437
s 381
f 5699/1/3867 5700/1/3869 5698/1/3866
f 5701/1/3870 5700/1/3869 5699/1/3867
s 382
f 5702/1/3871 5701/1/3872 5699/1/3868
f 5699/1/3868 5703/1/3873 5702/1/3871
f 5694/1/3437 5703/1/3873 5699/1/3868
f 5702/1/3871 5703/1/3873 5705/1/3874
f 5703/1/3873 5694/1/3437 5704/1/3875
f 5705/1/3874 5703/1/3873 5704/1/3875
f 5705/1/3874 5704/1/3875 5632/1/3824
f 5705/1/3874 5627/1/3821 5702/1/3871
f 5627/1/3821 5705/1/3874 5628/1/3822
f 5628/1/3822 5705/1/3874 5632/1/3824
f 5689/1/3860 5704/1/3875 5694/1/3437
f 5704/1/3875 5689/1/3860 5690/1/3861
f 5632/1/3824 5704/1/3875 5690/1/3861
f 5701/1/3872 5702/1/3871 5617/1/3521
f 5618/1/3814 5617/1/3521 5702/1/3871
f 5618/1/3814 5702/1/3871 5627/1/3821
s 381
f 5701/1/3870 5708/1/3876 5700/1/3869
f 5706/1/3877 5707/1/3878 5701/1/3870
s 382
f 5617/1/3521 5706/1/3459 5701/1/3872
s 381
f 5707/1/3878 5708/1/3876 5701/1/3870
f 5708/1/3876 5710/1/3532 5709/1/3535
f 5708/1/3876 5709/1/3535 5700/1/3869
f 5710/1/3532 5708/1/3876 5707/1/3878
f 5709/1/3535 5710/1/3532 5711/1/3444
f 5711/1/3444 5710/1/3532 5712/1/3879
f 5707/1/3878 5712/1/3879 5710/1/3532
f 5712/1/3879 5715/1/3880 5713/1/3520
f 5713/1/3520 5714/1/3459 5712/1/3879
f 5712/1/3879 5714/1/3459 5711/1/3444
f 5715/1/3880 5712/1/3879 5707/1/3878
f 5713/1/3520 5715/1/3880 5716/1/3881
f 5716/1/3881 5715/1/3880 5717/1/3882
f 5717/1/3882 5715/1/3880 5707/1/3878
f 5718/1/3883 5716/1/3881 5717/1/3882
f 5610/1/3884 5718/1/3883 5717/1/3882
f 5719/1/3885 5717/1/3882 5707/1/3878
f 5610/1/3884 5717/1/3882 5719/1/3885
f 5719/1/3885 5707/1/3878 5706/1/3877
s 382
f 5719/1/3472 5706/1/3459 5617/1/3521
f 5610/1/3471 5719/1/3472 5615/1/3811
f 5617/1/3521 5615/1/3811 5719/1/3472
s 381
f 5720/1/3886 5716/1/3881 5718/1/3883
f 5721/1/3887 5720/1/3886 5718/1/3883
f 5721/1/3887 5718/1/3883 5610/1/3884
f 5722/1/3888 5720/1/3886 5721/1/3887
f 5723/1/3889 5722/1/3888 5721/1/3887
f 5608/1/3890 5723/1/3889 5721/1/3887
f 5611/1/3891 5721/1/3887 5610/1/3884
f 5608/1/3890 5721/1/3887 5611/1/3891
f 5722/1/3888 5723/1/3889 5724/1/3892
f 5724/1/3892 5723/1/3889 5608/1/3890
f 5530/1/3748 5727/1/3893 5724/1/3892
f 5530/1/3748 5724/1/3892 5725/1/3894
f 5725/1/3894 5724/1/3892 5608/1/3890
f 5724/1/3892 5726/1/3895 5722/1/3888
f 5727/1/3893 5726/1/3895 5724/1/3892
f 5729/1/3490 5726/1/3895 5727/1/3893
f 5727/1/3893 5728/1/3495 5729/1/3490
f 5728/1/3495 5727/1/3893 5528/1/3746
f 5528/1/3746 5727/1/3893 5530/1/3748
s 380
f 5728/1/3896 5731/1/3897 5729/1/3898
f 5729/1/3898 5731/1/3897 5730/1/3671
s 381
f 5726/1/3895 5729/1/3490 5730/1/3798
s 380
f 5731/1/3897 5736/1/3899 5732/1/3900
f 5732/1/3900 5733/1/3901 5731/1/3897
f 5731/1/3897 5733/1/3901 5734/1/3902
f 5731/1/3897 5734/1/3902 5735/1/3674
f 5731/1/3897 5735/1/3674 5730/1/3671
f 5728/1/3896 5736/1/3899 5731/1/3897
f 5738/1/3903 5732/1/3900 5736/1/3899
f 5737/1/3904 5738/1/3903 5736/1/3899
f 5737/1/3904 5736/1/3899 5728/1/3896
f 5740/1/3685 5739/1/3611 5738/1/3903
f 5732/1/3900 5738/1/3903 5739/1/3611
f 5738/1/3903 5741/1/3905 5740/1/3685
f 5742/1/3906 5741/1/3905 5738/1/3903
f 5742/1/3906 5738/1/3903 5737/1/3904
f 5742/1/3906 5737/1/3904 5527/1/3618
f 5742/1/3906 5510/1/3734 5509/1/3733
f 5510/1/3734 5742/1/3906 5516/1/3681
f 5516/1/3681 5742/1/3906 5527/1/3618
f 5509/1/3733 5741/1/3905 5742/1/3906
f 5740/1/3685 5741/1/3905 5509/1/3733
s 379
f 5740/1/3907 5743/1/3908 5744/1/3909
f 5502/1/3728 5743/1/3908 5740/1/3907
f 5740/1/3907 5744/1/3909 5739/1/3910
s 380
f 5509/1/3733 5502/1/3686 5740/1/3685
s 379
f 5745/1/3911 5744/1/3909 5743/1/3908
f 5746/1/3604 5744/1/3909 5745/1/3911
f 5739/1/3910 5744/1/3909 5746/1/3604
f 5745/1/3911 5747/1/3912 5746/1/3604
f 5746/1/3604 5747/1/3912 5750/1/3913
f 5750/1/3913 5748/1/3601 5746/1/3604
f 5749/1/3605 5746/1/3604 5748/1/3601
f 5739/1/3910 5746/1/3604 5749/1/3605
f 5751/1/3914 5753/1/3597 5750/1/3913
f 5750/1/3913 5752/1/3915 5751/1/3914
f 5752/1/3915 5750/1/3913 5747/1/3912
f 5748/1/3601 5750/1/3913 5753/1/3597
f 5754/1/3916 5753/1/3597 5751/1/3914
f 5753/1/3597 5754/1/3916 5756/1/3917
f 5753/1/3597 5755/1/3918 5748/1/3601
f 5756/1/3917 5755/1/3918 5753/1/3597
f 5757/1/3919 5758/1/3920 5756/1/3917
f 5756/1/3917 5754/1/3916 5757/1/3919
f 5761/1/3921 5755/1/3918 5756/1/3917
f 5756/1/3917 5758/1/3920 5759/1/3922
f 5760/1/3590 5756/1/3917 5759/1/3922
f 5761/1/3921 5756/1/3917 5760/1/3590
s 380
f 5761/1/3923 5760/1/3591 5763/1/3677
s 379
f 5762/1/3606 5748/1/3601 5761/1/3921
s 380
f 5762/1/3924 5761/1/3923 5734/1/3902
f 5763/1/3677 5734/1/3902 5761/1/3923
s 379
f 5748/1/3601 5755/1/3918 5761/1/3921
s 380
f 5764/1/3582 5763/1/3677 5760/1/3591
f 5735/1/3674 5734/1/3902 5763/1/3677
f 5765/1/3925 5763/1/3677 5764/1/3582
f 5763/1/3677 5765/1/3925 5735/1/3674
f 5765/1/3925 5764/1/3582 5766/1/3926
f 5765/1/3925 5766/1/3926 5768/1/3927
f 5730/1/3671 5735/1/3674 5765/1/3925
f 5730/1/3671 5765/1/3925 5767/1/3672
f 5767/1/3672 5765/1/3925 5768/1/3927
f 5768/1/3927 5769/1/3928 5713/1/3929
s 381
f 5716/1/3881 5768/1/3471 5713/1/3520
f 5767/1/3670 5768/1/3471 5716/1/3881
s 380
f 5768/1/3927 5766/1/3926 5769/1/3928
f 5772/1/3930 5770/1/3931 5769/1/3928
f 5713/1/3929 5769/1/3928 5770/1/3931
f 5766/1/3926 5771/1/3581 5769/1/3928
f 5769/1/3928 5771/1/3581 5772/1/3930
f 5772/1/3930 5771/1/3581 5777/1/3585
f 5773/1/3932 5775/1/3933 5772/1/3930
f 5772/1/3930 5774/1/3934 5773/1/3932
f 5777/1/3585 5774/1/3934 5772/1/3930
f 5772/1/3930 5775/1/3933 5776/1/3935
f 5776/1/3935 5770/1/3931 5772/1/3930
s 379
f 5777/1/3588 5778/1/3936 5779/1/3937
f 5759/1/3922 5778/1/3936 5777/1/3588
f 5777/1/3588 5779/1/3937 5774/1/3938
s 380
f 5759/1/3584 5777/1/3585 5771/1/3581
s 379
f 5781/1/3939 5779/1/3937 5778/1/3936
f 5780/1/3940 5782/1/3941 5779/1/3937
f 5779/1/3937 5781/1/3939 5780/1/3940
f 5779/1/3937 5782/1/3941 5773/1/3942
f 5774/1/3938 5779/1/3937 5773/1/3942
f 5783/1/3943 5784/1/3944 5782/1/3941
f 5782/1/3941 5780/1/3940 5783/1/3943
f 5782/1/3941 5784/1/3944 5785/1/3945
f 5773/1/3942 5782/1/3941 5785/1/3945
f 5785/1/3945 5784/1/3944 5786/1/3564
s 380
f 5787/1/3946 5785/1/3947 5786/1/3561
f 5775/1/3933 5773/1/3932 5785/1/3947
f 5785/1/3947 5787/1/3946 5775/1/3933
f 5786/1/3561 5788/1/3948 5787/1/3946
f 5787/1/3946 5788/1/3948 5789/1/3949
f 5790/1/3556 5787/1/3946 5789/1/3949
f 5775/1/3933 5787/1/3946 5790/1/3556
f 5790/1/3556 5776/1/3935 5775/1/3933
f 5711/1/3577 5776/1/3935 5790/1/3556
f 5711/1/3577 5790/1/3556 5791/1/3554
f 5791/1/3554 5790/1/3556 5789/1/3949
s 381
f 5711/1/3444 5791/1/3442 5709/1/3535
s 380
f 5791/1/3554 5789/1/3949 5792/1/3950
s 381
f 5791/1/3442 5792/1/3410 5793/1/3951
f 5793/1/3951 5709/1/3535 5791/1/3442
f 5794/1/3952 5793/1/3951 5792/1/3410
f 5793/1/3951 5794/1/3952 5696/1/3864
f 5709/1/3535 5793/1/3951 5698/1/3866
f 5696/1/3864 5698/1/3866 5793/1/3951
f 5798/1/3408 5795/1/3953 5794/1/3952
f 5794/1/3952 5795/1/3953 5796/1/3543
f 5796/1/3543 5696/1/3864 5794/1/3952
f 5792/1/3410 5797/1/3409 5794/1/3952
f 5794/1/3952 5797/1/3409 5798/1/3408
s 380
f 5801/1/3954 5799/1/3955 5798/1/3550
f 5798/1/3550 5799/1/3955 5800/1/3956
f 5798/1/3550 5800/1/3956 5802/1/3348
f 5797/1/3957 5801/1/3954 5798/1/3550
s 381
f 5798/1/3408 5802/1/3349 5803/1/3355
f 5803/1/3355 5795/1/3953 5798/1/3408
f 5796/1/3543 5795/1/3953 5803/1/3355
f 5519/1/3738 5803/1/3355 5802/1/3349
f 5804/1/3958 5803/1/3355 5519/1/3738
f 5796/1/3543 5803/1/3355 5804/1/3958
f 5519/1/3738 5520/1/3739 5804/1/3958
f 5805/1/3959 5804/1/3958 5520/1/3739
f 5692/1/3544 5796/1/3543 5804/1/3958
f 5692/1/3544 5804/1/3958 5805/1/3959
f 5805/1/3959 5520/1/3739 5685/1/3960
s 382
f 5692/1/3408 5805/1/3546 5686/1/3432
f 5686/1/3432 5805/1/3546 5685/1/3366
s 380
f 5802/1/3348 5800/1/3956 5512/1/3344
f 5802/1/3348 5512/1/3344 5513/1/3347
s 381
f 5802/1/3349 5513/1/3350 5519/1/3738
s 380
f 5801/1/3954 5789/1/3949 5788/1/3948
f 5788/1/3948 5806/1/3961 5801/1/3954
f 5801/1/3954 5806/1/3961 5799/1/3955
f 5792/1/3950 5789/1/3949 5801/1/3954
f 5792/1/3950 5801/1/3954 5797/1/3957
f 5807/1/3962 5809/1/3963 5806/1/3961
f 5806/1/3961 5808/1/3559 5807/1/3962
f 5806/1/3961 5788/1/3948 5786/1/3561
f 5786/1/3561 5808/1/3559 5806/1/3961
f 5806/1/3961 5809/1/3963 5799/1/3955
f 5506/1/3732 5809/1/3963 5807/1/3962
f 5799/1/3955 5809/1/3963 5506/1/3732
s 379
f 5808/1/3713 5812/1/3964 5807/1/3965
f 5786/1/3564 5810/1/3710 5808/1/3713
f 5810/1/3710 5811/1/3711 5808/1/3713
f 5808/1/3713 5811/1/3711 5812/1/3964
f 5494/1/3721 5812/1/3964 5811/1/3711
f 5812/1/3964 5494/1/3721 5495/1/3722
f 5495/1/3722 5498/1/3725 5812/1/3964
f 5812/1/3964 5498/1/3725 5505/1/3731
f 5807/1/3965 5812/1/3964 5505/1/3731
f 5811/1/3711 5813/1/3966 5494/1/3721
f 5813/1/3966 5811/1/3711 5810/1/3710
f 5494/1/3721 5813/1/3966 5814/1/3967
f 5815/1/3968 5814/1/3967 5813/1/3966
f 5813/1/3966 5816/1/3969 5815/1/3968
f 5810/1/3710 5816/1/3969 5813/1/3966
f 5817/1/3970 5815/1/3968 5816/1/3969
f 5816/1/3969 5783/1/3943 5817/1/3970
f 5784/1/3944 5783/1/3943 5816/1/3969
f 5816/1/3969 5810/1/3710 5784/1/3944
f 5751/1/3914 5815/1/3968 5817/1/3970
f 5818/1/3971 5751/1/3914 5817/1/3970
f 5819/1/3972 5818/1/3971 5817/1/3970
f 5819/1/3972 5817/1/3970 5820/1/3973
f 5820/1/3973 5817/1/3970 5783/1/3943
f 5821/1/3324 5819/1/3972 5820/1/3973
f 5820/1/3973 5822/1/3974 5821/1/3324
f 5781/1/3939 5822/1/3974 5820/1/3973
f 5783/1/3943 5780/1/3940 5820/1/3973
f 5820/1/3973 5780/1/3940 5781/1/3939
f 5821/1/3324 5822/1/3974 5781/1/3939
f 5819/1/3972 5821/1/3324 5823/1/3975
f 5781/1/3939 5823/1/3975 5821/1/3324
f 5823/1/3975 5757/1/3919 5819/1/3972
f 5778/1/3936 5823/1/3975 5781/1/3939
f 5758/1/3920 5757/1/3919 5823/1/3975
f 5823/1/3975 5778/1/3936 5758/1/3920
f 5754/1/3916 5818/1/3971 5819/1/3972
f 5819/1/3972 5757/1/3919 5754/1/3916
f 5751/1/3914 5818/1/3971 5754/1/3916
f 5751/1/3914 5814/1/3967 5815/1/3968
f 5491/1/3716 5493/1/3719 5814/1/3967
f 5814/1/3967 5493/1/3719 5494/1/3721
f 5824/1/3976 5491/1/3716 5814/1/3967
f 5825/1/3977 5824/1/3976 5814/1/3967
f 5752/1/3915 5825/1/3977 5814/1/3967
f 5751/1/3914 5752/1/3915 5814/1/3967
f 5747/1/3912 5825/1/3977 5752/1/3915
f 5824/1/3976 5825/1/3977 5747/1/3912
f 5491/1/3716 5824/1/3976 5745/1/3911
f 5747/1/3912 5745/1/3911 5824/1/3976
f 5784/1/3944 5810/1/3710 5786/1/3564
s 380
f 5807/1/3962 5505/1/3339 5506/1/3732
f 5506/1/3732 5800/1/3956 5799/1/3955
f 5512/1/3344 5800/1/3956 5506/1/3732
s 381
f 5696/1/3864 5796/1/3543 5692/1/3544
s 379
f 5759/1/3922 5758/1/3920 5778/1/3936
s 380
f 5714/1/3978 5770/1/3931 5776/1/3935
f 5714/1/3978 5776/1/3935 5711/1/3577
f 5771/1/3581 5764/1/3582 5759/1/3584
f 5766/1/3926 5764/1/3582 5771/1/3581
f 5713/1/3929 5770/1/3931 5714/1/3978
s 381
f 5730/1/3798 5767/1/3670 5720/1/3886
f 5716/1/3881 5720/1/3886 5767/1/3670
s 380
f 5760/1/3591 5759/1/3584 5764/1/3582
s 379
f 5749/1/3605 5748/1/3601 5762/1/3606
s 380
f 5732/1/3900 5749/1/3608 5762/1/3924
f 5762/1/3924 5733/1/3901 5732/1/3900
f 5734/1/3902 5733/1/3901 5762/1/3924
f 5739/1/3611 5749/1/3608 5732/1/3900
s 379
f 5745/1/3911 5826/1/3691 5491/1/3716
f 5743/1/3908 5826/1/3691 5745/1/3911
f 5491/1/3716 5826/1/3691 5827/1/3979
f 5501/1/3727 5827/1/3979 5826/1/3691
f 5826/1/3691 5743/1/3908 5501/1/3727
f 5828/1/3980 5827/1/3979 5497/1/3723
f 5497/1/3723 5827/1/3979 5501/1/3727
f 5827/1/3979 5828/1/3980 5491/1/3716
f 5491/1/3716 5828/1/3980 5492/1/3717
f 5828/1/3980 5829/1/3981 5492/1/3717
f 5497/1/3723 5829/1/3981 5828/1/3980
f 5492/1/3717 5829/1/3981 5497/1/3723
f 5502/1/3728 5501/1/3727 5743/1/3908
s 380
f 5527/1/3618 5737/1/3904 5728/1/3896
s 381
f 5720/1/3886 5722/1/3888 5730/1/3798
f 5730/1/3798 5722/1/3888 5726/1/3895
f 5528/1/3746 5527/1/3621 5728/1/3495
f 5531/1/3750 5530/1/3748 5725/1/3894
s 382
f 5606/1/3808 5725/1/3623 5608/1/3669
f 5531/1/3622 5725/1/3623 5606/1/3808
s 381
f 5700/1/3869 5709/1/3535 5698/1/3866
s 382
f 5632/1/3824 5690/1/3861 5633/1/3416
f 5690/1/3861 5670/1/3848 5667/1/3420
f 5667/1/3420 5633/1/3416 5690/1/3861
s 381
f 5685/1/3960 5520/1/3739 5830/1/3360
s 382
f 5685/1/3366 5830/1/3363 5680/1/3856
s 381
f 5830/1/3360 5521/1/3740 5525/1/3742
s 382
f 5680/1/3856 5830/1/3363 5525/1/3736
s 381
f 5520/1/3739 5521/1/3740 5830/1/3360
s 382
f 5525/1/3736 5681/1/3737 5680/1/3856
f 5524/1/3388 5533/1/3743 5681/1/3737
f 5681/1/3737 5525/1/3736 5524/1/3388
f 5550/1/3765 5677/1/3377 5544/1/3760
f 5635/1/3417 5633/1/3416 5667/1/3420
f 5636/1/3413 5635/1/3417 5664/1/3422
s 383
f 5641/1/3832 5636/1/3828 5664/1/3408
f 5664/1/3408 5649/1/3839 5641/1/3832
f 5651/1/3841 5649/1/3839 5664/1/3408
f 5660/1/3353 5551/1/3384 5552/1/3385
s 382
f 5660/1/3381 5550/1/3765 5551/1/3766
s 383
f 5656/1/3395 5658/1/3843 5831/1/3982
f 5831/1/3982 5658/1/3843 5558/1/3774
f 5558/1/3774 5658/1/3843 5552/1/3385
f 5654/1/3842 5656/1/3395 5831/1/3982
f 5562/1/3777 5654/1/3842 5831/1/3982
f 5562/1/3777 5831/1/3982 5559/1/3775
f 5831/1/3982 5558/1/3774 5559/1/3775
f 5562/1/3777 5644/1/3834 5645/1/3835
f 5562/1/3777 5575/1/3786 5644/1/3834
f 5575/1/3786 5578/1/3788 5644/1/3834
f 5581/1/3444 5638/1/3415 5640/1/3830
f 5640/1/3830 5583/1/3460 5581/1/3444
s 382
f 5625/1/3452 5630/1/3823 5638/1/3829
f 5581/1/3455 5625/1/3452 5638/1/3829
f 5586/1/3454 5625/1/3452 5581/1/3455
f 5615/1/3811 5612/1/3809 5610/1/3471
f 5604/1/3504 5602/1/3503 5614/1/3812
f 5606/1/3808 5535/1/3751 5531/1/3622
f 5536/1/3753 5535/1/3751 5606/1/3808
f 5542/1/3758 5541/1/3756 5600/1/3803
f 5548/1/3764 5547/1/3761 5597/1/3800
s 383
f 5548/1/3634 5597/1/3635 5555/1/3770
f 5566/1/3779 5555/1/3770 5597/1/3635
f 5569/1/3781 5590/1/3473 5571/1/3783
f 5571/1/3783 5590/1/3473 5579/1/3468
s 382
f 5582/1/3790 5586/1/3454 5581/1/3455
s 383
f 5579/1/3468 5576/1/3470 5571/1/3783
f 5557/1/3772 5555/1/3770 5566/1/3779
f 5562/1/3777 5559/1/3775 5560/1/3776
f 5552/1/3385 5553/1/3769 5558/1/3774
s 382
f 5544/1/3760 5546/1/3762 5550/1/3765
s 380
f 5506/1/3732 5507/1/3343 5512/1/3344
s 379
f 5505/1/3731 5498/1/3725 5499/1/3726
s 384
f 5833/1/3286 5832/1/3983 5834/1/3984
f 5832/1/3983 5833/1/3286 5837/1/2920
f 5835/1/3985 5834/1/3984 5832/1/3983
f 5832/1/3983 5836/1/2921 5835/1/3985
f 5837/1/2920 5836/1/2921 5832/1/3983
f 5838/1/3283 5839/1/3986 5837/1/2920
f 5837/1/2920 5833/1/3286 5838/1/3283
f 5837/1/2920 5839/1/3986 5841/1/3987
f 5836/1/2921 5837/1/2920 5840/1/3988
f 5841/1/3987 5840/1/3988 5837/1/2920
f 5841/1/3987 5839/1/3986 5842/1/3989
f 5842/1/3989 5843/1/3990 5841/1/3987
f 5841/1/3987 5843/1/3990 5846/1/3991
f 5844/1/3992 5840/1/3988 5841/1/3987
f 5844/1/3992 5841/1/3987 5845/1/2928
f 5845/1/2928 5841/1/3987 5846/1/3991
f 5846/1/3991 5843/1/3990 5847/1/3993
s 385
f 5848/1/2938 5846/1/2934 5847/1/3271
f 5846/1/2934 5848/1/2938 5849/1/3994
f 5849/1/3994 5845/1/2933 5846/1/2934
f 5849/1/3994 5848/1/2938 5852/1/3995
f 5845/1/2933 5849/1/3994 5850/1/3996
f 5850/1/3996 5849/1/3994 5851/1/2937
f 5852/1/3995 5851/1/2937 5849/1/3994
f 5852/1/3995 5848/1/2938 5853/1/3997
f 5855/1/2941 5851/1/2937 5852/1/3995
f 5854/1/2942 5852/1/3995 5853/1/3997
f 5855/1/2941 5852/1/3995 5854/1/2942
f 5856/1/2940 5851/1/2937 5855/1/2941
f 5857/1/2943 5856/1/2940 5855/1/2941
s 386
f 5858/1/3998 5855/1/2960 5854/1/3999
f 5857/1/2944 5855/1/2960 5858/1/3998
f 5854/1/3999 5860/1/4000 5858/1/3998
f 5858/1/3998 5859/1/2949 5857/1/2944
f 5859/1/2949 5858/1/3998 5861/1/4001
f 5861/1/4001 5858/1/3998 5860/1/4000
f 5860/1/4000 5862/1/4002 5861/1/4001
f 5865/1/4003 5861/1/4001 5862/1/4002
f 5861/1/4001 5863/1/2951 5859/1/2949
f 5864/1/2952 5863/1/2951 5861/1/4001
f 5864/1/2952 5861/1/4001 5865/1/4003
f 5865/1/4003 5862/1/4002 5866/1/4004
s 387
f 5869/1/2959 5864/1/2958 5865/1/2960
f 5865/1/2960 5866/1/2978 5867/1/4005
f 5867/1/4005 5868/1/4006 5865/1/2960
f 5865/1/2960 5868/1/4006 5869/1/2959
f 5870/1/2957 5864/1/2958 5869/1/2959
f 5869/1/2959 5871/1/2961 5870/1/2957
f 5871/1/2961 5869/1/2959 5873/1/2964
f 5869/1/2959 5868/1/4006 5872/1/4007
f 5872/1/4007 5873/1/2964 5869/1/2959
f 5874/1/3203 5871/1/2961 5873/1/2964
f 5873/1/2964 5872/1/4007 5877/1/4008
f 5875/1/4009 5874/1/3203 5873/1/2964
f 5875/1/4009 5873/1/2964 5876/1/4010
f 5876/1/4010 5873/1/2964 5877/1/4008
f 5877/1/4008 5872/1/4007 5878/1/2967
f 5879/1/4011 5877/1/4008 5878/1/2967
f 5876/1/4010 5877/1/4008 5879/1/4011
f 5878/1/2967 5881/1/2972 5879/1/4011
f 5879/1/4011 5880/1/4012 5876/1/4010
f 5884/1/4013 5880/1/4012 5879/1/4011
f 5879/1/4011 5881/1/2972 5882/1/4014
f 5882/1/4014 5883/1/3192 5879/1/4011
f 5879/1/4011 5883/1/3192 5884/1/4013
f 5880/1/4012 5884/1/4013 5885/1/4015
f 5887/1/4016 5885/1/4015 5884/1/4013
f 5886/1/4017 5884/1/4013 5883/1/3192
f 5887/1/4016 5884/1/4013 5886/1/4017
f 5888/1/3092 5885/1/4015 5887/1/4016
s 388
f 5891/1/4018 5888/1/4019 5887/1/3194
f 5887/1/3194 5886/1/2958 5889/1/4020
f 5889/1/4020 5890/1/3195 5887/1/3194
f 5887/1/3194 5890/1/3195 5891/1/4018
f 5891/1/4018 5890/1/3195 5894/1/4021
f 5891/1/4018 5892/1/4022 5895/1/4023
f 5892/1/4022 5891/1/4018 5893/1/4024
f 5894/1/4021 5893/1/4024 5891/1/4018
f 5895/1/4023 5888/1/4019 5891/1/4018
s 387
f 5896/1/4025 5897/1/4026 5895/1/4027
s 388
f 5896/1/3047 5895/1/4023 5892/1/4022
s 387
f 5895/1/4027 5897/1/4026 5888/1/3092
f 5897/1/4026 5901/1/4028 5898/1/3088
f 5898/1/3088 5899/1/4029 5897/1/4026
f 5900/1/4030 5897/1/4026 5899/1/4029
f 5897/1/4026 5900/1/4030 5888/1/3092
f 5896/1/4025 5901/1/4028 5897/1/4026
f 5904/1/3147 5898/1/3088 5901/1/4028
f 5901/1/4028 5902/1/4031 5904/1/3147
f 5903/1/4032 5902/1/4031 5901/1/4028
f 5903/1/4032 5901/1/4028 5896/1/4025
f 5905/1/3149 5898/1/3088 5904/1/3147
f 5904/1/3147 5906/1/4033 5905/1/3149
f 5906/1/4033 5904/1/3147 5907/1/4034
f 5907/1/4034 5904/1/3147 5902/1/4031
f 5909/1/4035 5907/1/4034 5908/1/4036
f 5911/1/4037 5908/1/4036 5907/1/4034
f 5907/1/4034 5909/1/4035 5906/1/4033
f 5902/1/4031 5910/1/4038 5907/1/4034
f 5907/1/4034 5910/1/4038 5911/1/4037
f 5913/1/3139 5911/1/4037 5910/1/4038
f 5908/1/4036 5911/1/4037 5912/1/4039
f 5912/1/4039 5911/1/4037 5913/1/3139
f 5914/1/4040 5912/1/4039 5913/1/3139
s 388
f 5914/1/4041 5913/1/3024 5917/1/3137
s 387
f 5913/1/3139 5910/1/4038 5915/1/4042
s 388
f 5913/1/3024 5915/1/3138 5916/1/3136
f 5916/1/3136 5917/1/3137 5913/1/3024
f 5917/1/3137 5918/1/4043 5914/1/4041
f 5920/1/3133 5917/1/3137 5916/1/3136
f 5919/1/4044 5918/1/4043 5917/1/3137
f 5917/1/3137 5920/1/3133 5919/1/4044
f 5919/1/4044 5920/1/3133 5922/1/4045
f 5916/1/3136 5921/1/4046 5920/1/3133
f 5922/1/4045 5920/1/3133 5921/1/4046
f 5923/1/4047 5922/1/4045 5924/1/4048
f 5923/1/4047 5919/1/4044 5922/1/4045
f 5922/1/4045 5925/1/4049 5924/1/4048
f 5922/1/4045 5921/1/4046 5925/1/4049
f 5925/1/4049 5921/1/4046 5924/1/4048
f 5923/1/4047 5924/1/4048 5926/1/4050
f 5924/1/4048 5927/1/4051 5926/1/4050
f 5924/1/4048 5928/1/4052 5927/1/4051
f 5921/1/4046 5928/1/4052 5924/1/4048
f 5916/1/3136 5929/1/4053 5928/1/4052
f 5927/1/4051 5928/1/4052 5929/1/4053
f 5928/1/4052 5921/1/4046 5916/1/3136
f 5930/1/4054 5929/1/4053 5903/1/3043
f 5903/1/3043 5929/1/4053 5916/1/3136
f 5929/1/4053 5930/1/4054 5927/1/4051
f 5892/1/4022 5930/1/4054 5896/1/3047
f 5927/1/4051 5930/1/4054 5892/1/4022
f 5903/1/3043 5896/1/3047 5930/1/4054
f 5892/1/4022 5931/1/4055 5927/1/4051
f 5926/1/4050 5927/1/4051 5931/1/4055
f 5893/1/4024 5931/1/4055 5892/1/4022
f 5931/1/4055 5893/1/4024 5933/1/4056
f 5926/1/4050 5931/1/4055 5932/1/4057
f 5932/1/4057 5931/1/4055 5933/1/4056
f 5923/1/4047 5932/1/4057 5933/1/4056
f 5923/1/4047 5933/1/4056 5934/1/4058
f 5933/1/4056 5894/1/4021 5934/1/4058
f 5933/1/4056 5893/1/4024 5894/1/4021
f 5923/1/4047 5934/1/4058 5935/1/3112
f 5934/1/4058 5936/1/3111 5935/1/3112
f 5934/1/4058 5894/1/4021 5936/1/3111
f 5937/1/4059 5936/1/3111 5889/1/4020
f 5889/1/4020 5936/1/3111 5894/1/4021
f 5936/1/3111 5937/1/4059 5938/1/4060
f 5935/1/3112 5936/1/3111 5938/1/4060
f 5923/1/4047 5935/1/3112 5938/1/4060
f 5939/1/4061 5923/1/4047 5938/1/4060
f 5940/1/4062 5939/1/4061 5938/1/4060
f 5941/1/4063 5940/1/4062 5938/1/4060
f 5942/1/4064 5941/1/4063 5938/1/4060
f 5943/1/4065 5942/1/4064 5938/1/4060
f 5944/1/4066 5943/1/4065 5938/1/4060
f 5945/1/4067 5944/1/4066 5938/1/4060
f 5938/1/4060 5946/1/4068 5945/1/4067
f 5938/1/4060 5937/1/4059 5946/1/4068
f 5946/1/4068 5947/1/4069 5945/1/4067
f 5946/1/4068 5948/1/4070 5947/1/4069
f 5937/1/4059 5948/1/4070 5946/1/4068
f 5949/1/4071 5948/1/4070 5937/1/4059
f 5947/1/4069 5948/1/4070 5949/1/4071
f 5949/1/4071 5950/1/2947 5952/1/3268
f 5954/1/2960 5950/1/2947 5949/1/4071
f 5949/1/4071 5951/1/4072 5954/1/2960
f 5937/1/4059 5951/1/4072 5949/1/4071
f 5949/1/4071 5953/1/4073 5947/1/4069
f 5952/1/3268 5953/1/4073 5949/1/4071
s 387
f 5954/1/3182 5883/1/3192 5882/1/4014
f 5954/1/3182 5882/1/4014 5950/1/4074
f 5886/1/4017 5883/1/3192 5954/1/3182
s 388
f 5889/1/4020 5886/1/2958 5954/1/2960
f 5954/1/2960 5951/1/4072 5889/1/4020
f 5953/1/4073 5952/1/3268 5955/1/4075
f 5955/1/4075 5956/1/4076 5953/1/4073
f 5953/1/4073 5956/1/4076 5957/1/4077
f 5957/1/4077 5947/1/4069 5953/1/4073
f 5947/1/4069 5957/1/4077 5944/1/4066
f 5958/1/4078 5957/1/4077 5956/1/4076
f 5944/1/4066 5957/1/4077 5958/1/4078
f 5943/1/4065 5958/1/4078 5961/1/4079
f 5944/1/4066 5958/1/4078 5943/1/4065
f 5959/1/3123 5961/1/4079 5958/1/4078
f 5958/1/4078 5960/1/4080 5959/1/3123
f 5956/1/4076 5960/1/4080 5958/1/4078
f 5962/1/3125 5961/1/4079 5959/1/3123
f 5961/1/4079 5962/1/3125 5941/1/4063
f 5943/1/4065 5961/1/4079 5942/1/4064
f 5942/1/4064 5961/1/4079 5941/1/4063
f 5964/1/4081 5963/1/3201 5962/1/3125
f 5962/1/3125 5963/1/3201 5940/1/4062
f 5962/1/3125 5965/1/3158 5964/1/4081
f 5941/1/4063 5962/1/3125 5940/1/4062
f 5959/1/3123 5965/1/3158 5962/1/3125
f 5967/1/4082 5964/1/4081 5965/1/3158
f 5966/1/2999 5965/1/3158 5959/1/3123
f 5965/1/3158 5966/1/2999 5967/1/4082
s 387
f 5966/1/3156 5971/1/4083 5967/1/3154
f 5967/1/3154 5969/1/4084 5968/1/4085
f 5967/1/3154 5968/1/4085 5970/1/4086
f 5971/1/4083 5969/1/4084 5967/1/3154
s 388
f 5964/1/4081 5967/1/4082 5970/1/3031
s 387
f 5971/1/4083 5974/1/4087 5972/1/3163
f 5972/1/3163 5973/1/4088 5971/1/4083
f 5969/1/4084 5971/1/4083 5973/1/4088
f 5974/1/4087 5971/1/4083 5966/1/3156
f 5972/1/3163 5974/1/4087 5975/1/4089
f 5975/1/4089 5974/1/4087 5976/1/4090
f 5976/1/4090 5974/1/4087 5966/1/3156
f 5977/1/4091 5975/1/4089 5976/1/4090
s 388
f 5960/1/4080 5977/1/3174 5976/1/3200
f 5959/1/3123 5976/1/3200 5966/1/2999
f 5976/1/3200 5959/1/3123 5960/1/4080
s 387
f 5978/1/4092 5975/1/4089 5977/1/4091
f 5955/1/4093 5978/1/4092 5977/1/4091
s 388
f 5955/1/4075 5977/1/3174 5960/1/4080
s 387
f 5982/1/4094 5975/1/4089 5978/1/4092
f 5978/1/4092 5979/1/4095 5980/1/3178
f 5979/1/4095 5978/1/4092 5955/1/4093
f 5980/1/3178 5981/1/4096 5978/1/4092
f 5978/1/4092 5981/1/4096 5982/1/4094
f 5984/1/4097 5983/1/4098 5982/1/4094
f 5972/1/3163 5982/1/4094 5983/1/4098
f 5982/1/4094 5981/1/4096 5984/1/4097
f 5975/1/4089 5982/1/4094 5972/1/3163
f 5985/1/4099 5986/1/4100 5984/1/4097
f 5988/1/4101 5985/1/4099 5984/1/4097
f 5984/1/4097 5986/1/4100 5987/1/4102
f 5984/1/4097 5987/1/4102 5983/1/4098
f 5980/1/3178 5988/1/4101 5984/1/4097
f 5984/1/4097 5981/1/4096 5980/1/3178
f 5878/1/2967 5985/1/4099 5988/1/4101
f 5881/1/2972 5878/1/2967 5988/1/4101
f 5988/1/4101 5980/1/3178 5881/1/2972
f 5990/1/4103 5989/1/4104 5987/1/4102
f 5987/1/4102 5989/1/4104 5991/1/2983
f 5987/1/4102 5986/1/4100 5990/1/4103
f 5983/1/4098 5987/1/4102 5991/1/2983
f 5989/1/4104 5992/1/2982 5991/1/2983
f 5993/1/4105 5991/1/2983 5992/1/2982
f 5994/1/3005 5991/1/2983 5993/1/4105
f 5983/1/4098 5991/1/2983 5994/1/3005
f 5994/1/3005 5993/1/4105 5995/1/4106
f 5994/1/3005 5995/1/4106 5973/1/4088
f 5983/1/4098 5994/1/3005 5972/1/3163
f 5973/1/4088 5972/1/3163 5994/1/3005
f 5995/1/4106 5997/1/4107 5996/1/4108
f 5973/1/4088 5995/1/4106 5996/1/4108
f 5995/1/4106 5993/1/4105 5997/1/4107
f 5999/1/3002 5997/1/4107 5993/1/4105
f 5998/1/3010 6000/1/4109 5997/1/4107
f 5997/1/4107 5999/1/3002 5998/1/3010
f 5997/1/4107 6000/1/4109 6001/1/4110
f 5996/1/4108 5997/1/4107 6001/1/4110
f 6001/1/4110 6000/1/4109 6002/1/4111
f 6001/1/4110 6002/1/4111 6003/1/4112
f 6005/1/3014 6001/1/4110 6003/1/4112
f 6004/1/4113 5996/1/4108 6001/1/4110
f 6001/1/4110 6005/1/3014 6004/1/4113
f 6003/1/4112 6006/1/3018 6005/1/3014
f 6004/1/4113 6005/1/3014 5968/1/4085
f 6005/1/3014 6006/1/3018 5912/1/4039
f 5912/1/4039 5968/1/4085 6005/1/3014
f 5908/1/4036 6006/1/3018 6003/1/4112
f 5912/1/4039 6006/1/3018 5908/1/4036
f 5996/1/4108 6004/1/4113 5973/1/4088
f 5973/1/4088 6004/1/4113 5969/1/4084
f 5968/1/4085 5969/1/4084 6004/1/4113
f 6003/1/4112 6002/1/4111 6007/1/4114
f 6003/1/4112 6008/1/4115 5908/1/4036
f 6003/1/4112 6007/1/4114 6008/1/4115
f 6008/1/4115 6007/1/4114 5909/1/4035
f 5908/1/4036 6008/1/4115 5909/1/4035
f 6002/1/4111 6011/1/3011 6007/1/4114
f 6009/1/4116 6007/1/4114 6010/1/4117
f 6007/1/4114 6009/1/4116 5909/1/4035
f 6011/1/3011 6010/1/4117 6007/1/4114
f 6010/1/4117 6011/1/3011 6012/1/3023
f 6012/1/3023 6011/1/3011 5998/1/3010
f 6000/1/4109 5998/1/3010 6011/1/3011
f 6000/1/4109 6011/1/3011 6002/1/4111
s 386
f 6014/1/3028 6013/1/3029 6012/1/3025
f 6012/1/3025 6013/1/3029 6017/1/4118
f 6015/1/3030 6014/1/3028 6012/1/3025
s 387
f 5998/1/3010 6015/1/3031 6012/1/3023
s 386
f 6012/1/3025 6017/1/4118 6016/1/4119
s 387
f 6012/1/3023 6016/1/3024 6010/1/4117
s 386
f 6019/1/4120 6017/1/4118 6018/1/4121
f 6013/1/3029 6018/1/4121 6017/1/4118
f 6017/1/4118 6019/1/4120 6020/1/4122
f 6016/1/4119 6017/1/4118 6020/1/4122
s 387
f 6016/1/3024 6020/1/3041 6022/1/4123
s 386
f 6020/1/4122 6019/1/4120 6021/1/4124
s 387
f 6022/1/4123 6020/1/3041 6021/1/3043
f 6021/1/3043 6023/1/4125 6022/1/4123
f 6022/1/4123 6023/1/4125 6024/1/4126
f 6022/1/4123 6010/1/4117 6016/1/3024
f 6010/1/4117 6022/1/4123 6009/1/4116
f 6024/1/4126 6009/1/4116 6022/1/4123
f 6024/1/4126 6023/1/4125 6025/1/4127
f 6024/1/4126 6025/1/4127 6026/1/4128
f 6009/1/4116 6024/1/4126 5906/1/4033
f 6024/1/4126 6026/1/4128 5905/1/3149
f 5906/1/4033 6024/1/4126 5905/1/3149
f 6026/1/4128 6025/1/4127 6029/1/4129
f 6029/1/4129 6027/1/4130 6026/1/4128
f 6026/1/4128 6027/1/4130 6028/1/4131
f 5905/1/3149 6026/1/4128 6028/1/4131
f 6029/1/4129 6025/1/4127 6030/1/3047
f 6030/1/3047 6031/1/3061 6029/1/4129
f 6029/1/4129 6031/1/3061 6032/1/3064
f 6032/1/3064 6033/1/3065 6029/1/4129
f 6027/1/4130 6029/1/4129 6033/1/3065
f 6033/1/3065 6032/1/3064 5870/1/2957
f 5870/1/2957 5871/1/2961 6033/1/3065
f 6034/1/4132 6033/1/3065 5871/1/2961
f 6033/1/3065 6034/1/4132 6027/1/4130
f 6034/1/4132 5871/1/2961 5874/1/3203
f 6028/1/4131 6027/1/4130 6034/1/4132
f 6034/1/4132 5874/1/3203 5875/1/4009
f 6035/1/4133 6034/1/4132 5875/1/4009
f 6028/1/4131 6034/1/4132 6035/1/4133
f 6036/1/4134 6035/1/4133 5875/1/4009
f 5899/1/4029 6028/1/4131 6035/1/4133
f 6035/1/4133 6036/1/4134 5899/1/4029
f 5875/1/4009 6037/1/4135 6036/1/4134
f 5899/1/4029 6036/1/4134 5900/1/4030
f 6036/1/4134 6037/1/4135 5885/1/4015
f 5885/1/4015 5900/1/4030 6036/1/4134
f 5880/1/4012 6037/1/4135 5875/1/4009
f 5885/1/4015 6037/1/4135 5880/1/4012
s 386
f 6031/1/4136 6039/1/4137 6032/1/4138
f 6039/1/4137 6038/1/4139 6032/1/4138
f 6032/1/4138 6038/1/4139 5870/1/2956
f 6043/1/4140 6038/1/4139 6039/1/4137
f 6039/1/4137 6040/1/4141 6041/1/3048
f 6040/1/4141 6039/1/4137 6031/1/4136
f 6041/1/3048 6042/1/3062 6039/1/4137
f 6039/1/4137 6042/1/3062 6043/1/4140
f 6044/1/4019 6043/1/4140 6042/1/3062
f 6045/1/4142 6043/1/4140 6044/1/4019
f 6038/1/4139 6043/1/4140 6045/1/4142
f 6044/1/4019 6046/1/4143 6045/1/4142
f 5859/1/2949 6045/1/4142 6046/1/4143
f 6047/1/3207 6045/1/4142 5859/1/2949
f 6045/1/4142 6047/1/3207 6038/1/4139
f 6047/1/3207 5859/1/2949 5863/1/2951
f 5870/1/2956 6047/1/3207 5863/1/2951
f 6038/1/4139 6047/1/3207 5870/1/2956
s 385
f 6046/1/3209 6049/1/3208 5856/1/2940
f 6046/1/3209 5856/1/2940 5857/1/2943
f 6048/1/3058 6049/1/3208 6046/1/3209
f 6044/1/3063 6048/1/3058 6046/1/3209
s 386
f 6046/1/4143 5857/1/2944 5859/1/2949
s 385
f 6051/1/4144 6050/1/3210 6049/1/3208
f 6049/1/3208 6050/1/3210 5850/1/3996
f 5850/1/3996 5856/1/2940 6049/1/3208
f 6049/1/3208 6048/1/3058 6051/1/4144
f 6054/1/3211 6050/1/3210 6051/1/4144
f 6053/1/4145 6051/1/4144 6052/1/4146
f 6052/1/4146 6051/1/4144 6048/1/3058
f 6051/1/4144 6053/1/4145 6054/1/3211
s 384
f 6056/1/2925 6055/1/2926 6054/1/3212
f 6054/1/3212 6055/1/2926 5844/1/3992
f 6053/1/3213 6056/1/2925 6054/1/3212
s 385
f 6050/1/3210 6054/1/3211 5844/1/4147
s 384
f 6056/1/2925 5835/1/3985 5836/1/2921
f 5835/1/3985 6056/1/2925 6057/1/4148
f 5836/1/2921 6055/1/2926 6056/1/2925
f 6057/1/4148 6056/1/2925 6053/1/3213
f 6057/1/4148 6060/1/4149 6058/1/4150
f 6058/1/4150 6059/1/4151 6057/1/4148
f 6057/1/4148 6059/1/4151 5835/1/3985
f 6061/1/4152 6060/1/4149 6057/1/4148
f 6061/1/4152 6057/1/4148 6062/1/4153
f 6062/1/4153 6057/1/4148 6053/1/3213
s 385
f 6061/1/4154 6062/1/4155 6052/1/4146
f 6052/1/4146 6062/1/4155 6053/1/4145
s 384
f 6063/1/4156 6060/1/4149 6061/1/4152
s 385
f 6063/1/4157 6061/1/4154 6064/1/4158
f 6052/1/4146 6064/1/4158 6061/1/4154
f 6066/1/4159 6064/1/4158 6052/1/4146
f 6064/1/4158 6065/1/4160 6063/1/4157
f 6065/1/4160 6064/1/4158 6066/1/4159
f 6066/1/4159 6052/1/4146 6067/1/4161
f 6066/1/4159 6067/1/4161 6068/1/4162
f 6069/1/4163 6066/1/4159 6068/1/4162
f 6070/1/4164 6066/1/4159 6069/1/4163
f 6066/1/4159 6070/1/4164 6065/1/4160
f 6071/1/4165 6065/1/4160 6070/1/4164
f 6072/1/4166 6071/1/4165 6070/1/4164
f 6074/1/3039 6072/1/4166 6070/1/4164
f 6073/1/4167 6070/1/4164 6069/1/4163
f 6074/1/3039 6070/1/4164 6073/1/4167
s 386
f 6076/1/4168 6074/1/4169 6073/1/3043
s 385
f 6075/1/4170 6077/1/4171 6074/1/3039
s 386
f 6018/1/4121 6075/1/4172 6074/1/4169
f 6074/1/4169 6076/1/4168 6018/1/4121
s 385
f 6077/1/4171 6072/1/4166 6074/1/3039
f 6080/1/4173 6077/1/4171 6078/1/4174
f 6079/1/3040 6078/1/4174 6077/1/4171
f 6071/1/4165 6072/1/4166 6077/1/4171
f 6079/1/3040 6077/1/4171 6075/1/4170
f 6077/1/4171 6080/1/4173 6071/1/4165
f 6080/1/4173 6083/1/4175 6081/1/4176
f 6081/1/4176 6082/1/4177 6080/1/4173
f 6071/1/4165 6080/1/4173 6082/1/4177
f 6078/1/4174 6083/1/4175 6080/1/4173
f 6085/1/3240 6081/1/4176 6083/1/4175
f 6083/1/4175 6084/1/3241 6085/1/3240
f 6084/1/3241 6083/1/4175 6078/1/4174
s 384
f 6085/1/4178 6087/1/4179 6086/1/4180
f 6085/1/4178 6086/1/4180 6081/1/4181
f 6088/1/4182 6087/1/4179 6085/1/4178
f 6089/1/4183 6088/1/4182 6085/1/4178
s 385
f 6089/1/4184 6085/1/3240 6084/1/3241
s 384
f 6090/1/3297 6088/1/4182 6089/1/4183
s 385
f 6092/1/4185 6090/1/4186 6089/1/4184
f 6084/1/3241 6091/1/4187 6089/1/4184
f 6089/1/4184 6091/1/4187 6092/1/4185
f 6094/1/3258 6092/1/4185 6091/1/4187
f 6090/1/4186 6092/1/4185 6093/1/4188
f 6093/1/4188 6092/1/4185 6094/1/3258
f 6094/1/3258 6095/1/4189 6093/1/4188
f 6095/1/4189 6094/1/3258 6098/1/4190
f 6094/1/3258 6091/1/4187 6096/1/4191
f 6094/1/3258 6096/1/4191 6097/1/4192
f 6098/1/4190 6094/1/3258 6097/1/4192
f 6099/1/4193 6095/1/4189 6098/1/4190
s 386
f 6098/1/3252 6097/1/3000 6101/1/3249
f 6099/1/3257 6098/1/3252 6100/1/2993
f 6101/1/3249 6100/1/2993 6098/1/3252
f 6105/1/2994 6100/1/2993 6101/1/3249
f 6102/1/3250 6103/1/4194 6101/1/3249
f 6101/1/3249 6097/1/3000 6102/1/3250
f 6101/1/3249 6103/1/4194 6014/1/3028
f 6104/1/3253 6101/1/3249 6014/1/3028
f 6105/1/2994 6101/1/3249 6104/1/3253
f 6105/1/2994 6104/1/3253 6108/1/4195
f 6106/1/4196 6100/1/2993 6105/1/2994
f 6106/1/4196 6105/1/2994 6107/1/2996
f 6107/1/2996 6105/1/2994 6108/1/4195
s 387
f 6109/1/4197 6107/1/2999 6108/1/3000
s 386
f 6108/1/4195 6104/1/3253 6015/1/3030
s 387
f 6108/1/3000 6015/1/3031 5998/1/3010
f 5998/1/3010 5999/1/3002 6108/1/3000
f 6108/1/3000 5999/1/3002 6109/1/4197
f 6107/1/2999 6109/1/4197 5992/1/2982
f 5993/1/4105 6109/1/4197 5999/1/3002
f 5992/1/2982 6109/1/4197 5993/1/4105
s 386
f 6110/1/4198 6106/1/4196 6107/1/2996
s 387
f 5992/1/2982 6110/1/2981 6107/1/2999
f 6110/1/2981 5992/1/2982 5989/1/4104
f 5989/1/4104 6112/1/2980 6110/1/2981
s 386
f 6111/1/4199 6106/1/4196 6110/1/4198
f 6112/1/4200 6111/1/4199 6110/1/4198
f 6113/1/4201 6111/1/4199 6112/1/4200
s 387
f 6113/1/3173 6112/1/2980 5989/1/4104
s 386
f 6114/1/4202 6115/1/4203 6113/1/4201
s 387
f 6114/1/3176 6113/1/3173 5990/1/4103
s 386
f 6113/1/4201 6115/1/4203 6111/1/4199
s 387
f 5989/1/4104 5990/1/4103 6113/1/3173
s 386
f 6115/1/4203 6116/1/4204 6117/1/4205
f 6118/1/4206 6116/1/4204 6115/1/4203
f 6115/1/4203 6117/1/4205 6111/1/4199
f 6114/1/4202 6118/1/4206 6115/1/4203
f 6118/1/4206 6119/1/3267 6116/1/4204
f 5862/1/4002 6119/1/3267 6118/1/4206
f 5866/1/4004 5862/1/4002 6118/1/4206
f 5866/1/4004 6118/1/4206 6114/1/4202
f 6121/1/3268 6119/1/3267 5860/1/4000
f 5862/1/4002 5860/1/4000 6119/1/3267
f 6120/1/3264 6116/1/4204 6119/1/3267
f 6119/1/3267 6121/1/3268 6120/1/3264
s 385
f 6121/1/3269 5853/1/3997 6120/1/3263
f 5854/1/2942 5853/1/3997 6121/1/3269
s 386
f 5860/1/4000 5854/1/3999 6121/1/3268
s 385
f 6120/1/3263 6123/1/3262 6122/1/4207
s 386
f 6116/1/4204 6120/1/3264 6122/1/3265
s 385
f 5853/1/3997 6123/1/3262 6120/1/3263
f 6123/1/3262 5853/1/3997 6127/1/3270
f 6123/1/3262 6125/1/3273 6124/1/4208
f 6123/1/3262 6124/1/4208 6126/1/4209
f 6127/1/3270 6125/1/3273 6123/1/3262
f 6123/1/3262 6126/1/4209 6122/1/4207
f 6127/1/3270 5847/1/3271 6128/1/3272
f 5847/1/3271 6127/1/3270 5848/1/2938
f 6128/1/3272 6125/1/3273 6127/1/3270
f 5848/1/2938 6127/1/3270 5853/1/3997
s 384
f 5847/1/3993 6131/1/4210 6128/1/4211
f 6131/1/4210 6129/1/4212 6128/1/4211
f 6128/1/4211 6129/1/4212 6130/1/4213
s 385
f 6128/1/3272 6130/1/4214 6124/1/4208
f 6124/1/4208 6125/1/3273 6128/1/3272
s 384
f 6133/1/4215 6129/1/4212 6131/1/4210
f 6132/1/4216 6131/1/4210 5843/1/3990
f 5843/1/3990 6131/1/4210 5847/1/3993
f 6131/1/4210 6132/1/4216 6133/1/4215
f 6133/1/4215 6132/1/4216 6134/1/4217
f 6134/1/4217 6136/1/4218 6133/1/4215
f 6135/1/4219 6133/1/4215 6136/1/4218
f 6129/1/4212 6133/1/4215 6135/1/4219
f 6137/1/4220 6136/1/4218 6138/1/4221
f 6136/1/4218 6137/1/4220 6135/1/4219
f 6136/1/4218 6134/1/4217 6138/1/4221
f 6134/1/4217 6139/1/4222 6138/1/4221
f 6141/1/3231 6138/1/4221 6139/1/4222
f 6137/1/4220 6138/1/4221 6140/1/4223
f 6140/1/4223 6138/1/4221 6141/1/3231
f 6141/1/3231 6142/1/4224 6140/1/4223
f 6142/1/4224 6141/1/3231 6144/1/4225
f 6139/1/4222 6143/1/4226 6141/1/3231
f 6144/1/4225 6141/1/3231 6143/1/4226
f 6143/1/4226 6145/1/4227 6144/1/4225
f 6144/1/4225 6145/1/4227 6063/1/4156
f 6144/1/4225 6146/1/4228 6142/1/4224
f 6082/1/4229 6146/1/4228 6144/1/4225
f 6082/1/4229 6144/1/4225 6147/1/3228
f 6147/1/3228 6144/1/4225 6063/1/4156
s 385
f 6082/1/4177 6147/1/4230 6071/1/4165
f 6071/1/4165 6147/1/4230 6063/1/4157
s 384
f 6142/1/4224 6146/1/4228 6086/1/4180
f 6086/1/4180 6146/1/4228 6082/1/4229
f 6060/1/4149 6145/1/4227 6143/1/4226
f 6063/1/4156 6145/1/4227 6060/1/4149
f 6058/1/4150 6143/1/4226 6139/1/4222
f 6143/1/4226 6058/1/4150 6060/1/4149
f 6148/1/4231 6140/1/4223 6142/1/4224
f 6142/1/4224 6149/1/4232 6148/1/4231
f 6086/1/4180 6149/1/4232 6142/1/4224
f 6150/1/4233 6148/1/4231 6149/1/4232
f 6149/1/4232 6151/1/4234 6150/1/4233
f 6087/1/4179 6151/1/4234 6149/1/4232
f 6149/1/4232 6086/1/4180 6087/1/4179
f 6150/1/4233 6151/1/4234 6152/1/4235
f 6088/1/4182 6152/1/4235 6151/1/4234
f 6151/1/4234 6087/1/4179 6088/1/4182
f 6155/1/4236 6152/1/4235 6153/1/4237
f 6154/1/3295 6153/1/4237 6152/1/4235
f 6152/1/4235 6155/1/4236 6150/1/4233
f 6152/1/4235 6088/1/4182 6154/1/3295
f 6155/1/4236 6156/1/4238 6140/1/4223
f 6155/1/4236 6140/1/4223 6148/1/4231
f 6148/1/4231 6150/1/4233 6155/1/4236
f 6153/1/4237 6156/1/4238 6155/1/4236
f 6156/1/4238 6157/1/4239 6140/1/4223
f 6157/1/4239 6156/1/4238 6153/1/4237
f 6157/1/4239 6137/1/4220 6140/1/4223
f 6135/1/4219 6137/1/4220 6157/1/4239
f 6157/1/4239 6158/1/4240 6135/1/4219
f 6153/1/4237 6158/1/4240 6157/1/4239
f 6159/1/4241 6158/1/4240 6153/1/4237
f 6135/1/4219 6158/1/4240 6159/1/4241
f 6159/1/4241 6160/1/4242 6135/1/4219
f 6160/1/4242 6159/1/4241 6161/1/4243
f 6161/1/4243 6159/1/4241 6090/1/3297
f 6159/1/4241 6154/1/3295 6090/1/3297
f 6153/1/4237 6154/1/3295 6159/1/4241
f 6130/1/4213 6160/1/4242 6161/1/4243
s 385
f 6124/1/4208 6130/1/4214 6161/1/4244
f 6093/1/4188 6161/1/4244 6090/1/4186
f 6161/1/4244 6093/1/4188 6124/1/4208
s 384
f 6135/1/4219 6160/1/4242 6129/1/4212
f 6129/1/4212 6160/1/4242 6130/1/4213
f 6090/1/3297 6154/1/3295 6088/1/4182
f 6163/1/4245 6162/1/4246 6139/1/4222
f 6139/1/4222 6162/1/4246 6058/1/4150
f 6134/1/4217 6163/1/4245 6139/1/4222
f 6163/1/4245 6134/1/4217 6132/1/4216
f 6163/1/4245 5838/1/3283 6164/1/4247
f 5838/1/3283 6163/1/4245 5842/1/3989
f 6132/1/4216 5842/1/3989 6163/1/4245
f 6163/1/4245 6164/1/4247 6162/1/4246
f 5838/1/3283 5834/1/3984 6164/1/4247
f 6059/1/4151 6164/1/4247 5834/1/3984
f 6162/1/4246 6164/1/4247 6059/1/4151
f 6059/1/4151 6058/1/4150 6162/1/4246
f 5843/1/3990 5842/1/3989 6132/1/4216
s 385
f 6126/1/4209 6124/1/4208 6093/1/4188
f 6126/1/4209 6093/1/4188 6095/1/4189
f 6126/1/4209 6095/1/4189 6099/1/4193
f 6122/1/4207 6126/1/4209 6099/1/4193
s 386
f 6117/1/4205 6122/1/3265 6099/1/3257
f 6122/1/3265 6117/1/4205 6116/1/4204
f 6099/1/3257 6165/1/4248 6117/1/4205
f 6111/1/4199 6117/1/4205 6165/1/4248
f 6100/1/2993 6165/1/4248 6099/1/3257
f 6106/1/4196 6165/1/4248 6100/1/2993
f 6165/1/4248 6106/1/4196 6111/1/4199
s 387
f 5866/1/2978 6114/1/3176 6166/1/4249
f 5990/1/4103 6166/1/4249 6114/1/3176
f 6166/1/4249 5990/1/4103 5986/1/4100
f 6166/1/4249 5867/1/4005 5866/1/2978
f 6167/1/4250 5867/1/4005 6166/1/4249
f 6166/1/4249 5985/1/4099 6167/1/4250
f 5986/1/4100 5985/1/4099 6166/1/4249
f 5878/1/2967 6167/1/4250 5985/1/4099
f 5872/1/4007 6167/1/4250 5878/1/2967
f 5868/1/4006 5867/1/4005 6167/1/4250
f 6167/1/4250 5872/1/4007 5868/1/4006
s 386
f 6104/1/3253 6014/1/3028 6015/1/3030
f 6079/1/3023 6168/1/3035 6103/1/4194
f 6103/1/4194 6102/1/3250 6079/1/3023
f 6014/1/3028 6103/1/4194 6168/1/3035
f 6018/1/4121 6168/1/3035 6079/1/3023
f 6013/1/3029 6168/1/3035 6018/1/4121
f 6168/1/3035 6013/1/3029 6014/1/3028
s 385
f 6096/1/4191 6169/1/4251 6102/1/4252
f 6097/1/4192 6096/1/4191 6102/1/4252
f 6102/1/4252 6169/1/4251 6079/1/3040
f 6091/1/4187 6084/1/3241 6169/1/4251
f 6078/1/4174 6169/1/4251 6084/1/3241
f 6096/1/4191 6091/1/4187 6169/1/4251
f 6169/1/4251 6078/1/4174 6079/1/3040
s 384
f 6081/1/4181 6086/1/4180 6082/1/4229
s 386
f 6079/1/3023 6075/1/4172 6018/1/4121
f 6018/1/4121 6076/1/4168 6019/1/4120
f 6073/1/3043 6170/1/4253 6076/1/4168
f 6019/1/4120 6076/1/4168 6170/1/4253
f 6041/1/3048 6170/1/4253 6073/1/3043
f 6170/1/4253 6041/1/3048 6040/1/4141
f 6171/1/4254 6170/1/4253 6040/1/4141
f 6170/1/4253 6171/1/4254 6019/1/4120
f 6171/1/4254 6040/1/4141 6030/1/4255
f 6019/1/4120 6171/1/4254 6021/1/4124
f 6021/1/4124 6171/1/4254 6030/1/4255
f 6073/1/3043 6069/1/3047 6041/1/3048
s 385
f 6063/1/4157 6065/1/4160 6071/1/4165
s 386
f 6042/1/3062 6041/1/3048 6069/1/3047
f 6069/1/3047 6068/1/3061 6042/1/3062
s 385
f 6068/1/4162 6067/1/4161 6048/1/3058
f 6068/1/4162 6048/1/3058 6044/1/3063
s 386
f 6042/1/3062 6068/1/3061 6044/1/4019
s 385
f 6067/1/4161 6052/1/4146 6048/1/3058
s 384
f 5834/1/3984 5835/1/3985 6059/1/4151
f 5840/1/3988 6055/1/2926 5836/1/2921
f 6055/1/2926 5840/1/3988 5844/1/3992
s 385
f 5844/1/4147 5850/1/3996 6050/1/3210
s 386
f 6030/1/4255 6040/1/4141 6031/1/4136
s 387
f 6021/1/3043 6030/1/3047 6025/1/4127
f 5898/1/3088 5905/1/3149 6028/1/4131
f 6028/1/4131 5899/1/4029 5898/1/3088
f 6025/1/4127 6023/1/4125 6021/1/3043
f 5909/1/4035 6009/1/4116 5906/1/4033
f 5881/1/2972 5980/1/3178 5979/1/4095
f 5979/1/4095 5882/1/4014 5881/1/2972
f 5882/1/4014 5979/1/4095 5952/1/4256
f 5952/1/4256 5979/1/4095 5955/1/4093
f 5970/1/4086 5968/1/4085 5912/1/4039
f 5970/1/4086 5912/1/4039 5914/1/4040
s 388
f 5970/1/3031 5914/1/4041 5918/1/4043
f 5918/1/4043 6172/1/4257 5970/1/3031
f 5970/1/3031 6172/1/4257 5964/1/4081
f 6172/1/4257 5918/1/4043 5919/1/4044
f 5963/1/3201 5964/1/4081 6172/1/4257
f 6172/1/4257 6173/1/4258 5963/1/3201
f 5919/1/4044 6173/1/4258 6172/1/4257
f 5940/1/4062 5963/1/3201 6173/1/4258
f 5939/1/4061 6173/1/4258 5919/1/4044
f 5940/1/4062 6173/1/4258 5939/1/4061
f 5960/1/4080 5956/1/4076 5955/1/4075
s 387
f 5950/1/4074 5882/1/4014 5952/1/4256
s 388
f 5889/1/4020 5951/1/4072 5937/1/4059
f 5945/1/4067 5947/1/4069 5944/1/4066
f 5939/1/4061 5919/1/4044 5923/1/4047
f 5923/1/4047 5926/1/4050 5932/1/4057
f 5916/1/3136 5915/1/3138 5903/1/3043
s 387
f 5915/1/4042 5910/1/4038 5902/1/4031
f 5915/1/4042 5902/1/4031 5903/1/4032
f 5888/1/3092 5900/1/4030 5885/1/4015
s 388
f 5894/1/4021 5890/1/3195 5889/1/4020
s 387
f 5875/1/4009 5876/1/4010 5880/1/4012
s 386
f 5870/1/2956 5863/1/2951 5864/1/2952
s 385
f 5851/1/2937 5856/1/2940 5850/1/3996
f 5850/1/3996 5844/1/4147 5845/1/2933
s 384
f 5842/1/3989 5839/1/3986 5838/1/3283
f 5838/1/3283 5833/1/3286 5834/1/3984
s 1
g chasis_tan
usemtl tan
f 2/1/1 3/1/2 1/1/3
f 1/1/3 4/1/1 2/1/1
f 6/1/4 1/1/3 3/1/2
s 2
f 5/1/5 4/1/5 1/1/5
f 5/1/5 1/1/5 6/1/5
f 5/1/5 6/1/5 7/1/5
s 1
f 7/1/6 6/1/4 8/1/7
f 6/1/4 3/1/2 8/1/7
s 3
f 8/1/5 3/1/5 10/1/5
f 9/1/5 8/1/5 10/1/5
s 1
f 8/1/7 9/1/8 7/1/6
s 3
f 3/1/5 14/1/5 10/1/5
s 4
f 11/1/6 12/1/8 10/1/7
f 11/1/6 10/1/7 13/1/4
s 3
f 10/1/5 12/1/5 9/1/5
s 4
f 14/1/9 13/1/4 10/1/7
f 14/1/9 15/1/9 13/1/4
s 3
f 2/1/5 16/1/5 14/1/5
f 3/1/5 2/1/5 14/1/5
s 5
f 15/1/10 14/1/10 16/1/11
f 16/1/11 17/1/12 15/1/10
f 17/1/12 16/1/11 19/1/13
s 3
f 18/1/5 19/1/5 16/1/5
f 2/1/5 18/1/5 16/1/5
s 5
f 20/1/13 19/1/13 21/1/14
f 19/1/13 20/1/13 17/1/12
f 19/1/13 22/1/14 21/1/14
s 3
f 22/1/5 19/1/5 18/1/5
s 4
f 21/1/15 22/1/15 23/1/15
f 22/1/15 24/1/15 23/1/15
s 3
f 24/1/5 22/1/5 25/1/5
f 18/1/5 25/1/5 22/1/5
f 27/1/5 25/1/5 26/1/5
f 26/1/5 25/1/5 18/1/5
f 25/1/5 27/1/5 24/1/5
s 1
f 27/1/15 5/1/15 28/1/16
f 28/1/16 30/1/17 27/1/15
s 6
f 5/1/18 27/1/18 2/1/18
s 3
f 2/1/5 27/1/5 29/1/19
f 26/1/5 29/1/19 27/1/5
f 27/1/5 30/1/5 24/1/5
s 1
f 31/1/20 33/1/20 30/1/17
f 28/1/16 31/1/20 30/1/17
s 3
f 30/1/5 32/1/5 24/1/5
f 30/1/5 33/1/5 32/1/5
f 33/1/5 9/1/5 34/1/5
f 33/1/5 34/1/5 32/1/5
s 1
f 31/1/20 9/1/8 33/1/20
s 3
f 9/1/5 12/1/5 34/1/5
s 4
f 35/1/21 32/1/21 34/1/22
f 34/1/22 36/1/23 35/1/21
f 36/1/23 34/1/22 12/1/8
s 7
f 37/1/24 35/1/24 36/1/24
s 4
f 12/1/8 11/1/6 36/1/23
s 7
f 36/1/24 11/1/24 38/1/24
f 38/1/24 37/1/24 36/1/24
f 38/1/24 11/1/24 13/1/24
f 38/1/24 13/1/24 39/1/24
s 8
f 40/1/25 37/1/26 38/1/27
s 9
f 42/1/28 38/1/29 39/1/30
s 8
f 38/1/27 41/1/27 40/1/25
s 9
f 42/1/28 41/1/29 38/1/29
s 10
f 43/1/24 40/1/24 42/1/24
f 42/1/24 44/1/24 43/1/24
f 40/1/24 41/1/24 42/1/24
s 9
f 44/1/31 42/1/28 39/1/30
f 44/1/31 39/1/30 45/1/32
f 46/1/33 44/1/31 45/1/32
s 10
f 44/1/24 46/1/24 43/1/24
s 9
f 45/1/32 47/1/33 46/1/33
s 8
f 46/1/34 47/1/34 48/1/35
f 48/1/35 43/1/36 46/1/34
s 7
f 49/1/24 48/1/24 47/1/24
f 49/1/24 50/1/24 48/1/24
f 37/1/24 48/1/24 50/1/24
s 8
f 43/1/36 48/1/35 37/1/26
s 7
f 50/1/24 53/1/24 35/1/24
f 50/1/24 35/1/24 37/1/24
s 11
f 52/1/37 50/1/38 49/1/37
f 53/1/39 50/1/38 51/1/40
f 52/1/37 51/1/40 50/1/38
s 7
f 53/1/24 23/1/24 35/1/24
f 54/1/24 23/1/24 53/1/24
s 11
f 55/1/41 54/1/42 53/1/39
f 51/1/40 55/1/41 53/1/39
s 12
f 56/1/24 57/1/24 55/1/24
f 56/1/24 55/1/24 51/1/24
s 11
f 55/1/41 57/1/42 54/1/42
s 13
f 54/1/43 57/1/43 56/1/44
s 12
f 51/1/24 58/1/24 56/1/24
s 13
f 56/1/44 58/1/45 59/1/46
f 56/1/44 59/1/46 54/1/43
s 7
f 59/1/24 60/1/24 17/1/24
f 59/1/24 17/1/24 23/1/24
f 23/1/24 54/1/24 59/1/24
f 61/1/24 60/1/24 59/1/24
f 59/1/24 62/1/24 61/1/24
s 13
f 58/1/45 62/1/47 59/1/46
s 7
f 63/1/24 61/1/24 62/1/24
f 63/1/24 62/1/24 49/1/24
s 13
f 52/1/48 49/1/48 62/1/47
f 62/1/47 58/1/45 52/1/48
s 14
f 68/1/49 61/1/50 63/1/51
s 7
f 64/1/24 65/1/24 63/1/24
f 66/1/24 64/1/24 63/1/24
s 15
f 70/1/52 63/1/53 65/1/54
s 7
f 63/1/24 67/1/24 66/1/24
f 49/1/24 67/1/24 63/1/24
s 14
f 63/1/51 69/1/51 68/1/49
s 15
f 70/1/52 69/1/53 63/1/53
f 71/1/55 70/1/52 65/1/54
s 16
f 68/1/24 70/1/24 71/1/24
f 68/1/24 69/1/24 70/1/24
s 15
f 71/1/55 65/1/54 72/1/55
f 71/1/55 72/1/55 75/1/56
s 16
f 71/1/24 73/1/24 68/1/24
f 71/1/24 74/1/24 73/1/24
s 15
f 75/1/56 74/1/56 71/1/55
s 7
f 75/1/24 17/1/24 60/1/24
s 14
f 75/1/57 60/1/58 73/1/58
s 7
f 75/1/24 72/1/24 17/1/24
s 14
f 73/1/58 74/1/57 75/1/57
f 61/1/50 68/1/49 73/1/58
f 73/1/58 60/1/58 61/1/50
s 7
f 15/1/24 17/1/24 72/1/24
f 76/1/24 72/1/24 65/1/24
f 76/1/24 15/1/24 72/1/24
s 17
f 77/1/59 76/1/59 64/1/60
s 7
f 65/1/24 64/1/24 76/1/24
s 17
f 77/1/59 78/1/61 76/1/59
s 7
f 78/1/24 15/1/24 76/1/24
s 18
f 80/1/62 79/1/62 78/1/63
s 7
f 15/1/24 78/1/24 79/1/24
s 18
f 81/1/63 80/1/62 78/1/63
s 17
f 77/1/59 81/1/61 78/1/61
s 19
f 80/1/24 81/1/24 77/1/24
f 82/1/24 84/1/24 80/1/24
f 77/1/24 82/1/24 80/1/24
s 18
f 80/1/62 84/1/64 83/1/65
f 80/1/62 83/1/65 79/1/62
s 19
f 82/1/24 85/1/24 84/1/24
s 18
f 66/1/66 83/1/65 84/1/64
f 84/1/64 85/1/66 66/1/66
s 17
f 66/1/67 85/1/67 82/1/68
s 7
f 45/1/24 83/1/24 66/1/24
f 83/1/24 45/1/24 39/1/24
f 39/1/24 79/1/24 83/1/24
s 17
f 64/1/60 82/1/68 77/1/59
f 82/1/68 64/1/60 66/1/67
s 7
f 39/1/24 13/1/24 79/1/24
f 79/1/24 13/1/24 15/1/24
f 66/1/24 67/1/24 47/1/24
f 47/1/24 67/1/24 49/1/24
f 47/1/24 45/1/24 66/1/24
s 12
f 51/1/24 52/1/24 58/1/24
s 8
f 40/1/25 43/1/36 37/1/26
s 4
f 32/1/21 35/1/21 24/1/15
f 35/1/21 23/1/15 24/1/15
s 2
f 5/1/5 7/1/5 31/1/5
f 31/1/5 28/1/5 5/1/5
s 1
f 31/1/20 7/1/6 9/1/8
s 3
f 29/1/19 87/1/69 2/1/5
f 86/1/70 87/1/69 29/1/19
f 86/1/70 29/1/19 88/1/71
f 88/1/72 29/1/73 26/1/74
s 7
f 86/1/24 88/1/24 89/1/24
s 3
f 90/1/75 89/1/76 88/1/72
f 91/1/77 90/1/75 88/1/72
f 88/1/72 92/1/78 91/1/77
f 88/1/72 26/1/74 92/1/78
f 92/1/79 26/1/80 94/1/81
f 93/1/82 91/1/77 92/1/79
f 93/1/82 92/1/79 94/1/81
f 93/1/82 94/1/83 86/1/70
f 26/1/80 95/1/80 94/1/81
f 94/1/83 95/1/84 86/1/70
f 95/1/84 18/1/5 2/1/5
f 87/1/69 95/1/84 2/1/5
f 95/1/84 87/1/69 86/1/70
f 95/1/84 26/1/5 18/1/5
f 93/1/82 96/1/85 97/1/86
f 96/1/85 93/1/82 86/1/70
f 91/1/77 93/1/82 98/1/87
f 97/1/86 98/1/87 93/1/82
s 7
f 99/1/88 98/1/88 100/1/89
s 3
f 98/1/87 99/1/90 91/1/77
s 7
f 98/1/88 101/1/91 100/1/89
s 3
f 102/1/92 101/1/93 98/1/87
f 98/1/87 97/1/86 102/1/92
s 7
f 89/1/24 102/1/24 86/1/24
f 102/1/24 89/1/24 17/1/24
s 3
f 97/1/86 96/1/85 102/1/94
f 96/1/85 86/1/70 102/1/94
s 7
f 101/1/91 102/1/24 17/1/24
f 100/1/89 101/1/91 20/1/24
f 17/1/24 20/1/24 101/1/91
s 20
f 99/1/15 100/1/15 89/1/15
s 7
f 89/1/24 100/1/89 23/1/24
f 100/1/89 21/1/24 23/1/24
f 20/1/24 21/1/24 100/1/89
s 20
f 103/1/15 99/1/15 89/1/15
s 3
f 91/1/77 99/1/90 103/1/95
f 90/1/75 103/1/95 89/1/76
f 90/1/75 91/1/77 103/1/95
s 7
f 89/1/24 23/1/24 17/1/24
s 6
f 2/1/18 4/1/18 5/1/18
s 74
f 2187/1/1 2188/1/1066 2186/1/1066
f 2186/1/1066 2189/1/1 2187/1/1
f 2186/1/1066 2188/1/1066 2193/1/1067
s 75
f 2190/1/24 2189/1/24 2186/1/24
f 2191/1/24 2190/1/24 2186/1/24
f 2191/1/24 2186/1/24 2192/1/24
s 74
f 2193/1/1067 2192/1/1067 2186/1/1066
s 76
f 2193/1/24 2188/1/24 2195/1/24
f 2194/1/24 2193/1/24 2197/1/24
s 74
f 2193/1/1067 2194/1/1068 2198/1/1069
s 76
f 2193/1/24 2195/1/24 2196/1/24
f 2193/1/24 2196/1/24 2197/1/24
s 74
f 2198/1/1069 2192/1/1067 2193/1/1067
s 75
f 2200/1/24 2198/1/24 2199/1/24
s 74
f 2199/1/20 2198/1/1069 2197/1/20
s 75
f 2191/1/24 2192/1/24 2198/1/24
s 74
f 2198/1/1069 2194/1/1068 2197/1/20
s 75
f 2198/1/24 2201/1/24 2191/1/24
f 2200/1/24 2201/1/24 2198/1/24
s 77
f 2191/1/1067 2201/1/8 2202/1/6
f 2203/1/20 2202/1/6 2201/1/8
f 2201/1/8 2200/1/20 2203/1/20
f 2205/1/1070 2204/1/16 2203/1/20
s 78
f 2203/1/5 2204/1/5 2206/1/5
s 77
f 2205/1/1070 2203/1/20 2200/1/20
s 78
f 2207/1/5 2202/1/5 2203/1/5
f 2203/1/5 2206/1/5 2207/1/5
s 79
f 2207/1/27 2206/1/25 2209/1/27
s 78
f 2208/1/5 2210/1/5 2207/1/5
s 80
f 2208/1/28 2207/1/29 2209/1/29
s 78
f 2210/1/5 2202/1/5 2207/1/5
s 77
f 2210/1/1067 2191/1/1067 2202/1/6
f 2191/1/1067 2210/1/1067 2211/1/9
s 78
f 2211/1/5 2210/1/5 2212/1/5
f 2212/1/5 2210/1/5 2208/1/5
s 81
f 2213/1/65 2214/1/62 2212/1/62
f 2212/1/62 2217/1/64 2213/1/65
f 2212/1/62 2214/1/62 2215/1/63
f 2215/1/63 2216/1/63 2212/1/62
s 78
f 2212/1/5 2216/1/5 2211/1/5
f 2217/1/5 2212/1/5 2208/1/5
f 2208/1/5 2219/1/5 2217/1/5
f 2218/1/5 2217/1/5 2219/1/5
s 81
f 2217/1/64 2218/1/66 2220/1/66
f 2217/1/64 2220/1/66 2213/1/65
s 82
f 2213/1/5 2220/1/5 2221/1/5
s 83
f 2222/1/68 2221/1/1071 2220/1/67
f 2220/1/67 2218/1/67 2222/1/68
s 78
f 2224/1/5 2223/1/5 2222/1/5
f 2225/1/5 2222/1/5 2223/1/5
f 2224/1/5 2222/1/5 2218/1/5
s 83
f 2221/1/1071 2222/1/68 2225/1/59
f 2225/1/59 2226/1/59 2221/1/1071
f 2215/1/61 2226/1/59 2225/1/59
s 78
f 2227/1/5 2211/1/5 2225/1/5
f 2223/1/5 2227/1/5 2225/1/5
s 83
f 2225/1/59 2216/1/61 2215/1/61
s 78
f 2225/1/5 2211/1/5 2216/1/5
f 2228/1/5 2227/1/5 2232/1/5
f 2227/1/5 2228/1/5 2211/1/5
s 84
f 2229/1/54 2230/1/55 2227/1/55
f 2227/1/55 2223/1/52 2229/1/54
f 2227/1/55 2230/1/55 2231/1/56
f 2232/1/56 2227/1/55 2231/1/56
s 78
f 2233/1/5 2228/1/5 2232/1/5
s 85
f 2233/1/58 2232/1/57 2231/1/57
s 78
f 2228/1/5 2233/1/5 2234/1/5
f 2234/1/5 2233/1/5 2235/1/5
s 85
f 2236/1/50 2235/1/49 2233/1/58
f 2233/1/58 2237/1/58 2236/1/50
f 2233/1/58 2231/1/57 2237/1/58
s 86
f 2236/1/5 2237/1/5 2230/1/5
f 2237/1/5 2231/1/5 2230/1/5
s 85
f 2235/1/49 2236/1/50 2238/1/51
s 86
f 2230/1/5 2229/1/5 2236/1/5
f 2229/1/5 2238/1/5 2236/1/5
s 84
f 2223/1/52 2238/1/53 2229/1/54
s 85
f 2238/1/51 2224/1/51 2235/1/49
s 84
f 2223/1/52 2224/1/53 2238/1/53
s 78
f 2235/1/5 2239/1/5 2234/1/5
f 2239/1/5 2235/1/5 2224/1/5
f 2240/1/5 2239/1/5 2224/1/5
s 87
f 2242/1/47 2239/1/1072 2240/1/48
f 2241/1/46 2234/1/1073 2239/1/1072
f 2239/1/1072 2242/1/47 2241/1/46
f 2240/1/48 2244/1/48 2242/1/47
s 88
f 2241/1/5 2242/1/5 2243/1/5
f 2242/1/5 2244/1/5 2243/1/5
s 89
f 2240/1/37 2243/1/38 2244/1/37
s 88
f 2243/1/5 2245/1/5 2241/1/5
s 89
f 2245/1/39 2243/1/38 2246/1/40
f 2240/1/37 2246/1/40 2243/1/38
s 78
f 2247/1/5 2246/1/5 2240/1/5
f 2204/1/5 2246/1/5 2247/1/5
f 2204/1/5 2248/1/5 2246/1/5
s 89
f 2246/1/40 2248/1/41 2245/1/39
s 78
f 2248/1/5 2249/1/5 2250/1/5
f 2204/1/5 2249/1/5 2248/1/5
s 89
f 2248/1/41 2250/1/42 2251/1/42
f 2248/1/41 2251/1/42 2245/1/39
s 88
f 2245/1/5 2251/1/5 2241/1/5
s 87
f 2234/1/1073 2241/1/46 2251/1/43
f 2251/1/43 2250/1/43 2234/1/1073
s 78
f 2234/1/5 2250/1/5 2249/1/5
s 77
f 2252/1/15 2249/1/15 2204/1/16
f 2249/1/15 2252/1/15 2255/1/15
s 78
f 2249/1/5 2254/1/5 2253/1/1074
f 2249/1/5 2253/1/1074 2256/1/5
f 2228/1/5 2249/1/5 2256/1/5
f 2249/1/5 2228/1/5 2234/1/5
s 77
f 2249/1/15 2255/1/15 2254/1/15
s 90
f 2256/1/15 2253/1/15 2257/1/15
f 2256/1/15 2257/1/15 2258/1/15
s 75
f 2261/1/1075 2256/1/76 2258/1/1076
s 78
f 2259/1/5 2260/1/5 2256/1/5
f 2256/1/5 2261/1/5 2259/1/5
f 2228/1/5 2256/1/5 2260/1/5
s 75
f 2261/1/1077 2262/1/1078 2259/1/1079
f 2266/1/1080 2262/1/1080 2261/1/1075
f 2261/1/1075 2258/1/1076 2263/1/1081
f 2261/1/1075 2263/1/1081 2264/1/1082
f 2264/1/1082 2265/1/1083 2261/1/1075
f 2265/1/1083 2266/1/1080 2261/1/1075
f 2267/1/1084 2266/1/1085 2265/1/1086
f 2267/1/1084 2270/1/1085 2266/1/1085
f 2266/1/24 2271/1/24 2268/1/24
f 2268/1/24 2262/1/1078 2266/1/24
f 2269/1/24 2271/1/24 2266/1/24
f 2269/1/24 2266/1/24 2270/1/1087
f 2271/1/24 2255/1/24 2252/1/24
f 2252/1/24 2268/1/24 2271/1/24
f 2255/1/24 2271/1/24 2269/1/24
f 2189/1/24 2270/1/1087 2272/1/1088
f 2259/1/1079 2272/1/1088 2270/1/1087
f 2259/1/1079 2270/1/1087 2267/1/1089
f 2189/1/24 2269/1/24 2270/1/1087
f 2262/1/1078 2272/1/1088 2259/1/1079
f 2189/1/24 2272/1/1088 2262/1/1078
f 2273/1/24 2274/1/24 2269/1/24
f 2273/1/24 2269/1/24 2189/1/24
f 2269/1/24 2274/1/24 2255/1/24
s 91
f 2255/1/14 2274/1/1090 2275/1/1091
f 2228/1/1092 2275/1/1091 2274/1/1090
f 2274/1/1090 2273/1/1093 2228/1/1092
s 78
f 2253/1/1074 2254/1/5 2275/1/5
f 2275/1/5 2276/1/1094 2253/1/1074
s 91
f 2275/1/1091 2254/1/14 2255/1/14
s 78
f 2276/1/1094 2275/1/5 2228/1/5
f 2257/1/1095 2253/1/1074 2276/1/1094
f 2276/1/1094 2277/1/1095 2257/1/1095
s 75
f 2277/1/1096 2276/1/1097 2260/1/92
s 78
f 2228/1/5 2260/1/5 2276/1/1094
s 75
f 2264/1/1082 2257/1/1098 2277/1/1096
f 2260/1/92 2278/1/1099 2277/1/1096
f 2279/1/1100 2277/1/1096 2278/1/1099
f 2277/1/1096 2279/1/1100 2264/1/1082
f 2264/1/1082 2279/1/1100 2267/1/1084
f 2259/1/1079 2267/1/1089 2279/1/1100
f 2278/1/1099 2280/1/1101 2279/1/1100
f 2259/1/1079 2279/1/1100 2280/1/1101
f 2259/1/1079 2280/1/1101 2278/1/1099
f 2260/1/94 2259/1/1079 2278/1/1099
s 91
f 2211/1/10 2228/1/1092 2273/1/1093
f 2273/1/1093 2190/1/10 2211/1/10
s 75
f 2190/1/24 2273/1/24 2189/1/24
f 2262/1/1078 2268/1/24 2189/1/24
f 2252/1/24 2281/1/24 2268/1/24
s 74
f 2195/1/15 2268/1/15 2281/1/21
s 92
f 2187/1/18 2189/1/18 2268/1/18
f 2268/1/18 2195/1/18 2187/1/18
s 75
f 2252/1/24 2205/1/24 2281/1/24
s 74
f 2281/1/21 2197/1/20 2196/1/21
f 2281/1/21 2196/1/21 2195/1/15
f 2281/1/21 2199/1/20 2197/1/20
s 75
f 2205/1/24 2199/1/24 2281/1/24
f 2267/1/1084 2265/1/1086 2264/1/1082
f 2258/1/1076 2264/1/1082 2263/1/1081
f 2258/1/1076 2257/1/1098 2264/1/1082
s 77
f 2252/1/15 2204/1/16 2205/1/1070
s 78
f 2282/1/5 2247/1/5 2240/1/5
s 79
f 2284/1/1102 2247/1/36 2282/1/34
s 78
f 2247/1/5 2206/1/5 2204/1/5
s 79
f 2283/1/1103 2206/1/25 2247/1/36
f 2247/1/36 2284/1/1102 2283/1/1103
s 93
f 2285/1/5 2283/1/5 2284/1/5
f 2284/1/5 2286/1/5 2285/1/5
f 2284/1/5 2287/1/5 2286/1/5
s 79
f 2282/1/34 2287/1/34 2284/1/1102
s 80
f 2282/1/33 2286/1/32 2287/1/33
f 2219/1/31 2285/1/30 2286/1/32
f 2282/1/33 2219/1/31 2286/1/32
f 2219/1/31 2208/1/28 2285/1/30
s 93
f 2285/1/5 2209/1/5 2283/1/5
s 80
f 2209/1/29 2285/1/30 2208/1/28
s 79
f 2206/1/25 2283/1/1103 2209/1/27
s 78
f 2240/1/5 2288/1/5 2282/1/5
f 2282/1/5 2288/1/5 2218/1/5
f 2218/1/5 2219/1/5 2282/1/5
f 2218/1/5 2288/1/5 2224/1/5
f 2224/1/5 2288/1/5 2240/1/5
s 82
f 2214/1/5 2221/1/5 2226/1/5
f 2226/1/5 2215/1/5 2214/1/5
f 2214/1/5 2213/1/5 2221/1/5
s 77
f 2211/1/9 2190/1/9 2191/1/1067
s 75
f 2205/1/24 2200/1/24 2199/1/24
s 76
f 2188/1/24 2187/1/24 2195/1/24
s 94
f 2290/1/10 2291/1/10 2289/1/10
f 2292/1/10 2290/1/10 2289/1/10
f 2293/1/10 2289/1/10 2291/1/10
s 95
f 2294/1/5 2292/1/5 2289/1/5
f 2289/1/5 2293/1/5 2296/1/5
f 2295/1/5 2294/1/5 2289/1/5
f 2296/1/5 2295/1/5 2289/1/5
f 2296/1/5 2293/1/5 2300/1/1104
f 2296/1/5 2297/1/5 2298/1/1105
f 2297/1/5 2296/1/5 2300/1/1104
f 2298/1/1105 2299/1/1106 2296/1/5
f 2295/1/5 2296/1/5 2299/1/1106
f 2301/1/1107 2300/1/1104 2293/1/9
f 2300/1/1104 2301/1/1107 2302/1/1108
f 2302/1/1108 2303/1/1109 2300/1/1104
f 2297/1/5 2300/1/1104 2303/1/1109
f 2303/1/1109 2302/1/1108 2304/1/1110
f 2304/1/1110 2305/1/1111 2303/1/1109
f 2306/1/5 2303/1/1109 2305/1/5
f 2306/1/5 2297/1/5 2303/1/1109
f 2307/1/5 2306/1/5 2305/1/5
s 96
f 2308/1/1112 2306/1/1113 2307/1/1112
f 2308/1/1112 2309/1/1113 2306/1/1113
s 97
f 2306/1/1114 2309/1/1114 2310/1/1114
f 2310/1/1114 2295/1/1114 2306/1/1114
s 95
f 2311/1/1115 2306/1/5 2295/1/5
f 2297/1/5 2306/1/5 2311/1/1115
f 2312/1/1116 2311/1/1115 2313/1/1117
f 2298/1/1105 2311/1/1115 2312/1/1116
f 2313/1/1117 2311/1/1115 2295/1/5
f 2311/1/1115 2298/1/1105 2297/1/5
f 2313/1/1117 2314/1/1118 2312/1/1116
f 2299/1/1106 2313/1/1117 2295/1/5
f 2314/1/1118 2313/1/1117 2299/1/1106
f 2314/1/24 2315/1/24 2316/1/24
f 2315/1/1119 2314/1/1118 2317/1/1120
f 2299/1/1106 2319/1/1121 2314/1/1118
f 2312/1/24 2314/1/24 2316/1/24
f 2318/1/1122 2317/1/1120 2314/1/1118
f 2314/1/1118 2319/1/1121 2318/1/1122
f 2318/1/1122 2319/1/1123 2320/1/1124
f 2320/1/1124 2319/1/1123 2299/1/1125
f 2321/1/1126 2320/1/1127 2312/1/1116
f 2312/1/1116 2320/1/1127 2298/1/1105
f 2320/1/1124 2321/1/1126 2318/1/1122
f 2299/1/1125 2298/1/1125 2320/1/1124
f 2322/1/1128 2323/1/1129 2321/1/1126
f 2321/1/1126 2324/1/1130 2322/1/1128
f 2324/1/1130 2321/1/1126 2312/1/1116
f 2321/1/1126 2323/1/1129 2325/1/1131
f 2318/1/1122 2321/1/1126 2325/1/1131
f 2325/1/1131 2326/1/1132 2315/1/1133
f 2327/1/1134 2325/1/1131 2315/1/1133
f 2325/1/1135 2328/1/1136 2326/1/1137
f 2318/1/1122 2325/1/1131 2327/1/1134
f 2325/1/1135 2323/1/1135 2328/1/1136
f 2328/1/1136 2301/1/24 2329/1/24
f 2326/1/1137 2328/1/1136 2329/1/24
s 98
f 2316/1/15 2328/1/15 2323/1/15
s 95
f 2328/1/1136 2316/1/24 2301/1/24
s 94
f 2293/1/10 2291/1/10 2329/1/10
s 95
f 2293/1/9 2329/1/9 2301/1/1107
f 2326/1/1137 2329/1/24 2291/1/24
f 2317/1/1120 2327/1/1134 2315/1/1119
f 2317/1/1120 2318/1/1122 2327/1/1134
f 2315/1/24 2326/1/1137 2291/1/24
f 2322/1/1128 2324/1/1130 2316/1/1138
f 2324/1/1130 2312/1/1116 2316/1/1138
s 98
f 2323/1/15 2322/1/15 2316/1/15
s 95
f 2291/1/24 2302/1/1108 2316/1/24
f 2316/1/24 2302/1/1108 2301/1/24
f 2316/1/24 2315/1/24 2291/1/24
s 96
f 2310/1/1139 2330/1/1140 2294/1/1140
s 99
f 2330/1/5 2310/1/5 2308/1/5
f 2309/1/5 2308/1/5 2310/1/5
s 96
f 2310/1/1139 2294/1/1140 2295/1/1139
s 99
f 2331/1/5 2330/1/5 2308/1/5
s 96
f 2330/1/1140 2331/1/1141 2294/1/1140
s 99
f 2332/1/5 2331/1/5 2308/1/5
s 96
f 2331/1/1141 2332/1/1142 2333/1/1143
f 2331/1/1141 2333/1/1143 2334/1/1141
f 2331/1/1141 2334/1/1141 2294/1/1140
s 95
f 2294/1/5 2334/1/5 2335/1/5
f 2334/1/5 2333/1/5 2335/1/5
f 2292/1/14 2335/1/1141 2336/1/1141
f 2335/1/5 2292/1/5 2294/1/5
f 2336/1/1141 2335/1/1141 2337/1/1144
f 2333/1/5 2337/1/5 2335/1/5
f 2337/1/1144 2338/1/1145 2336/1/1141
f 2338/1/1145 2337/1/1144 2339/1/1146
f 2337/1/1144 2340/1/1147 2339/1/1146
f 2340/1/5 2337/1/5 2333/1/5
f 2340/1/1147 2305/1/1111 2304/1/1110
f 2305/1/5 2340/1/5 2341/1/5
f 2304/1/1110 2339/1/1146 2340/1/1147
f 2333/1/5 2341/1/5 2340/1/5
s 96
f 2308/1/1112 2307/1/1112 2341/1/1148
f 2342/1/1148 2308/1/1112 2341/1/1148
s 95
f 2341/1/5 2307/1/5 2305/1/5
s 96
f 2341/1/1148 2333/1/1143 2332/1/1142
f 2332/1/1142 2342/1/1148 2341/1/1148
s 99
f 2308/1/5 2342/1/5 2332/1/5
s 95
f 2344/1/24 2338/1/24 2339/1/24
f 2339/1/24 2304/1/1110 2343/1/24
f 2339/1/24 2343/1/24 2344/1/24
f 2338/1/24 2344/1/24 2345/1/24
s 100
f 2348/1/1149 2345/1/1150 2344/1/1151
s 101
f 2344/1/1152 2343/1/1153 2346/1/1154
f 2346/1/1154 2347/1/1152 2344/1/1152
s 100
f 2344/1/1151 2347/1/1151 2348/1/1149
s 102
f 2348/1/24 2346/1/24 2349/1/24
f 2350/1/24 2348/1/24 2349/1/24
s 100
f 2348/1/1149 2350/1/1155 2345/1/1150
s 102
f 2346/1/24 2348/1/24 2347/1/24
f 2350/1/24 2349/1/24 2353/1/24
s 100
f 2352/1/1156 2351/1/1155 2350/1/1155
f 2350/1/1155 2351/1/1155 2345/1/1150
f 2350/1/1155 2353/1/1156 2352/1/1156
s 101
f 2354/1/1157 2352/1/1158 2353/1/1158
f 2353/1/1158 2349/1/1159 2354/1/1157
s 95
f 2354/1/24 2355/1/24 2356/1/24
f 2355/1/24 2354/1/24 2343/1/24
f 2352/1/24 2354/1/24 2356/1/24
s 101
f 2349/1/1159 2343/1/1153 2354/1/1157
s 103
f 2360/1/1160 2356/1/1160 2355/1/1161
s 95
f 2356/1/24 2357/1/24 2352/1/24
f 2358/1/24 2357/1/24 2356/1/24
f 2356/1/24 2359/1/24 2358/1/24
s 104
f 2360/1/1162 2359/1/1163 2356/1/1162
s 103
f 2355/1/1161 2361/1/1164 2360/1/1160
s 105
f 2361/1/24 2362/1/24 2360/1/24
s 104
f 2360/1/1162 2362/1/1165 2359/1/1163
s 105
f 2363/1/24 2362/1/24 2361/1/24
s 104
f 2364/1/1166 2359/1/1163 2362/1/1165
f 2362/1/1165 2363/1/1167 2364/1/1166
s 95
f 2302/1/1108 2291/1/24 2364/1/24
f 2366/1/24 2302/1/1108 2364/1/24
f 2364/1/24 2365/1/24 2367/1/24
f 2291/1/24 2365/1/24 2364/1/24
s 104
f 2363/1/1167 2366/1/1168 2364/1/1166
s 95
f 2367/1/24 2359/1/24 2364/1/24
f 2359/1/24 2367/1/24 2358/1/24
s 106
f 2368/1/1169 2358/1/1170 2367/1/1171
f 2369/1/1172 2368/1/1169 2367/1/1171
f 2367/1/1171 2365/1/1173 2369/1/1172
s 107
f 2371/1/24 2369/1/24 2370/1/24
s 106
f 2370/1/1174 2369/1/1172 2365/1/1173
s 107
f 2371/1/24 2372/1/24 2369/1/24
f 2372/1/24 2368/1/24 2369/1/24
s 108
f 2372/1/1175 2373/1/1176 2358/1/1177
f 2372/1/1175 2371/1/1178 2373/1/1176
f 2358/1/1177 2374/1/1177 2372/1/1175
s 107
f 2368/1/24 2372/1/24 2374/1/24
s 106
f 2368/1/1169 2374/1/1170 2358/1/1170
s 95
f 2358/1/24 2373/1/24 2375/1/24
f 2375/1/24 2373/1/24 2376/1/24
f 2373/1/24 2377/1/24 2376/1/24
s 108
f 2371/1/1178 2377/1/1179 2373/1/1176
s 95
f 2377/1/24 2378/1/24 2290/1/24
f 2376/1/24 2377/1/24 2290/1/24
s 108
f 2370/1/1180 2378/1/1180 2377/1/1179
f 2371/1/1178 2370/1/1180 2377/1/1179
s 95
f 2378/1/24 2291/1/24 2290/1/24
f 2378/1/24 2365/1/24 2291/1/24
s 106
f 2365/1/1173 2378/1/1174 2370/1/1174
s 95
f 2290/1/24 2379/1/24 2376/1/24
s 109
f 2376/1/1181 2379/1/1182 2380/1/1182
f 2381/1/1183 2375/1/1184 2376/1/1181
f 2380/1/1182 2381/1/1183 2376/1/1181
f 2381/1/1183 2383/1/1185 2375/1/1184
s 110
f 2383/1/24 2381/1/24 2382/1/24
f 2382/1/24 2381/1/24 2380/1/24
f 2383/1/24 2386/1/24 2384/1/24
s 109
f 2383/1/1185 2384/1/1186 2385/1/1186
f 2385/1/1186 2375/1/1184 2383/1/1185
s 110
f 2383/1/24 2382/1/24 2386/1/24
s 111
f 2386/1/1187 2387/1/1188 2385/1/1189
f 2386/1/1187 2382/1/1190 2387/1/1188
f 2385/1/1189 2384/1/1189 2386/1/1187
s 95
f 2385/1/24 2387/1/24 2351/1/24
f 2351/1/24 2387/1/24 2336/1/24
s 111
f 2382/1/1190 2388/1/1191 2387/1/1188
s 95
f 2387/1/24 2388/1/24 2336/1/24
f 2290/1/24 2336/1/24 2388/1/24
f 2379/1/24 2290/1/24 2388/1/24
s 111
f 2380/1/1192 2379/1/1192 2388/1/1191
f 2382/1/1190 2380/1/1192 2388/1/1191
s 95
f 2385/1/24 2358/1/24 2375/1/24
f 2385/1/24 2351/1/24 2352/1/24
f 2352/1/24 2357/1/24 2385/1/24
f 2385/1/24 2357/1/24 2358/1/24
f 2366/1/24 2389/1/24 2302/1/1108
s 103
f 2390/1/1193 2389/1/1194 2366/1/1195
f 2366/1/1195 2391/1/1195 2390/1/1193
s 104
f 2363/1/1167 2391/1/1168 2366/1/1168
s 105
f 2363/1/24 2390/1/24 2391/1/24
f 2363/1/24 2361/1/24 2390/1/24
s 103
f 2390/1/1193 2361/1/1164 2389/1/1194
s 95
f 2304/1/1110 2389/1/24 2355/1/24
s 103
f 2361/1/1164 2355/1/1161 2389/1/1194
s 95
f 2304/1/1110 2302/1/1108 2389/1/24
f 2343/1/24 2304/1/1110 2355/1/24
f 2345/1/24 2351/1/24 2336/1/24
s 101
f 2349/1/1159 2346/1/1154 2343/1/1153
s 95
f 2345/1/24 2336/1/24 2338/1/24
f 2336/1/1141 2290/1/14 2292/1/14
s 112
f 2393/1/1196 2392/1/1196 2394/1/1196
s 113
f 2392/1/1197 2393/1/1197 2396/1/1198
s 114
f 2392/1/5 2395/1/5 2394/1/5
s 113
f 2395/1/1198 2392/1/1197 2396/1/1198
s 115
f 2397/1/5 2396/1/5 2399/1/5
s 113
f 2398/1/1199 2396/1/1198 2397/1/1199
f 2398/1/1199 2395/1/1198 2396/1/1198
s 115
f 2396/1/5 2393/1/5 2399/1/5
f 2399/1/1200 2402/1/1201 2400/1/1202
f 2400/1/1202 2401/1/1203 2399/1/1200
f 2399/1/5 2401/1/5 2397/1/5
f 2402/1/1201 2399/1/1200 2403/1/1204
f 2393/1/5 2403/1/1204 2399/1/5
f 2405/1/1205 2403/1/1204 2404/1/1206
f 2406/1/5 2404/1/1206 2403/1/1204
f 2403/1/1204 2405/1/1205 2402/1/1201
f 2393/1/5 2406/1/5 2403/1/1204
f 2406/1/5 2393/1/5 2407/1/1207
f 2407/1/1207 2408/1/1208 2406/1/5
f 2406/1/5 2409/1/5 2404/1/1206
f 2409/1/5 2406/1/5 2408/1/1208
f 2409/1/5 2413/1/5 2404/1/1206
f 2408/1/1208 2411/1/1209 2409/1/5
f 2410/1/5 2409/1/5 2411/1/1209
f 2409/1/5 2410/1/5 2412/1/5
f 2412/1/5 2413/1/5 2409/1/5
f 2404/1/1206 2413/1/14 2414/1/14
s 116
f 2413/1/15 2415/1/15 2414/1/15
f 2413/1/15 2412/1/15 2415/1/15
s 115
f 2415/1/24 2405/1/1205 2419/1/24
f 2405/1/1205 2415/1/24 2416/1/24
s 116
f 2420/1/15 2415/1/15 2412/1/15
s 115
f 2415/1/24 2417/1/24 2416/1/24
f 2418/1/24 2417/1/24 2415/1/24
f 2418/1/24 2415/1/24 2420/1/24
f 2421/1/1210 2414/1/24 2415/1/24
f 2419/1/24 2422/1/24 2415/1/24
f 2422/1/24 2421/1/1210 2415/1/24
f 2423/1/1211 2421/1/1212 2422/1/1213
f 2424/1/1214 2423/1/1211 2422/1/1213
f 2425/1/24 2422/1/24 2419/1/24
f 2424/1/1214 2422/1/1215 2425/1/1216
f 2426/1/24 2425/1/24 2419/1/24
f 2427/1/1217 2425/1/1216 2426/1/1218
f 2425/1/1216 2427/1/1217 2411/1/1209
f 2411/1/1209 2428/1/1219 2425/1/1216
f 2425/1/1216 2428/1/1219 2429/1/1220
f 2429/1/1220 2430/1/1221 2425/1/1216
f 2425/1/1216 2430/1/1221 2424/1/1214
f 2430/1/1221 2429/1/1220 2424/1/1214
f 2429/1/1220 2423/1/1211 2424/1/1214
f 2429/1/1220 2431/1/1222 2423/1/1211
f 2431/1/1222 2429/1/1220 2428/1/1223
f 2431/1/1222 2432/1/1224 2434/1/1225
f 2432/1/1224 2431/1/1222 2426/1/1218
f 2431/1/1222 2433/1/1226 2426/1/1218
f 2428/1/1223 2433/1/1227 2431/1/1222
f 2434/1/1225 2435/1/1228 2431/1/1222
f 2431/1/1222 2435/1/1228 2423/1/1211
f 2423/1/88 2435/1/88 2421/1/1210
f 2435/1/88 2436/1/91 2421/1/1210
s 117
f 2419/1/10 2436/1/10 2435/1/10
f 2435/1/10 2434/1/10 2419/1/10
s 115
f 2421/1/1210 2436/1/91 2414/1/24
f 2436/1/91 2419/1/24 2437/1/24
f 2436/1/91 2437/1/24 2414/1/24
f 2404/1/1206 2437/1/1229 2405/1/1205
f 2414/1/14 2437/1/1229 2404/1/1206
f 2419/1/24 2405/1/1205 2437/1/24
f 2434/1/1225 2426/1/1218 2419/1/1230
f 2434/1/1225 2432/1/1224 2426/1/1218
f 2426/1/1218 2433/1/1226 2408/1/1208
f 2411/1/80 2408/1/80 2433/1/1227
f 2433/1/1227 2428/1/1223 2411/1/80
f 2427/1/1217 2407/1/1207 2410/1/5
f 2426/1/1218 2407/1/1207 2427/1/1217
f 2411/1/1209 2427/1/1217 2410/1/5
f 2408/1/1208 2407/1/1207 2426/1/1218
f 2420/1/9 2439/1/9 2438/1/1231
f 2420/1/9 2438/1/1231 2440/1/1232
s 116
f 2439/1/15 2420/1/15 2412/1/15
s 115
f 2420/1/24 2440/1/24 2443/1/24
f 2441/1/24 2418/1/24 2420/1/24
f 2441/1/24 2420/1/24 2442/1/24
f 2442/1/24 2420/1/24 2443/1/24
f 2444/1/24 2443/1/24 2440/1/24
s 118
f 2443/1/1233 2444/1/1234 2445/1/1235
f 2446/1/1236 2442/1/1168 2443/1/1233
f 2445/1/1235 2446/1/1236 2443/1/1233
s 119
f 2447/1/24 2449/1/24 2446/1/24
f 2447/1/24 2446/1/24 2445/1/24
f 2446/1/24 2449/1/24 2448/1/24
s 118
f 2446/1/1236 2448/1/1168 2442/1/1168
s 120
f 2450/1/1237 2449/1/1238 2447/1/1164
f 2449/1/1238 2450/1/1237 2442/1/1195
f 2448/1/1195 2449/1/1238 2442/1/1195
s 115
f 2442/1/24 2450/1/24 2441/1/24
s 120
f 2447/1/1164 2451/1/1239 2450/1/1237
s 115
f 2451/1/24 2452/1/24 2450/1/24
f 2452/1/24 2441/1/24 2450/1/24
f 2453/1/24 2452/1/24 2451/1/24
s 121
f 2454/1/1240 2441/1/1241 2452/1/1242
f 2455/1/1243 2452/1/1242 2453/1/1243
f 2455/1/1243 2454/1/1240 2452/1/1242
s 122
f 2456/1/24 2454/1/24 2455/1/24
s 123
f 2457/1/1244 2456/1/1245 2455/1/1246
f 2455/1/1246 2453/1/1246 2457/1/1244
s 115
f 2416/1/24 2417/1/24 2457/1/24
s 123
f 2456/1/1245 2457/1/1244 2417/1/1247
s 115
f 2457/1/24 2458/1/24 2416/1/24
f 2458/1/24 2457/1/24 2453/1/24
s 124
f 2460/1/1248 2416/1/1249 2458/1/1250
s 115
f 2459/1/24 2458/1/24 2453/1/24
s 124
f 2461/1/1251 2458/1/1250 2459/1/1252
f 2461/1/1251 2460/1/1248 2458/1/1250
s 125
f 2463/1/24 2461/1/24 2462/1/24
s 124
f 2459/1/1252 2462/1/1252 2461/1/1251
s 125
f 2460/1/24 2461/1/24 2463/1/24
f 2460/1/24 2463/1/24 2465/1/24
s 126
f 2465/1/1253 2463/1/1254 2464/1/1184
f 2463/1/1254 2459/1/1186 2464/1/1184
f 2463/1/1254 2462/1/1186 2459/1/1186
s 125
f 2460/1/24 2465/1/24 2466/1/24
s 126
f 2464/1/1184 2467/1/1255 2465/1/1253
f 2466/1/1182 2465/1/1253 2467/1/1255
s 115
f 2468/1/24 2467/1/24 2405/1/1205
f 2402/1/1201 2405/1/1205 2467/1/24
f 2402/1/1201 2467/1/24 2464/1/24
s 126
f 2466/1/1182 2467/1/1255 2468/1/1182
s 115
f 2468/1/24 2405/1/1205 2416/1/24
s 124
f 2466/1/1192 2468/1/1192 2416/1/1249
f 2416/1/1249 2460/1/1248 2466/1/1192
s 115
f 2469/1/24 2402/1/1201 2464/1/24
f 2464/1/24 2470/1/24 2469/1/24
f 2470/1/24 2464/1/24 2459/1/24
s 127
f 2472/1/1256 2469/1/1257 2470/1/1258
s 115
f 2471/1/24 2470/1/24 2459/1/24
s 127
f 2473/1/1259 2470/1/1258 2471/1/1260
f 2470/1/1258 2473/1/1259 2472/1/1256
s 128
f 2474/1/24 2475/1/24 2473/1/24
f 2474/1/24 2473/1/24 2476/1/24
f 2475/1/24 2472/1/24 2473/1/24
s 127
f 2471/1/1260 2476/1/1260 2473/1/1259
s 129
f 2474/1/1261 2476/1/1262 2471/1/1262
f 2475/1/1263 2478/1/1264 2477/1/1265
f 2479/1/1266 2475/1/1263 2477/1/1265
f 2475/1/1263 2474/1/1261 2478/1/1264
s 128
f 2472/1/24 2475/1/24 2479/1/24
s 127
f 2469/1/1257 2472/1/1256 2479/1/1267
f 2479/1/1267 2480/1/1267 2469/1/1257
s 129
f 2479/1/1266 2477/1/1265 2480/1/1266
s 115
f 2400/1/24 2469/1/24 2480/1/24
f 2480/1/24 2481/1/24 2400/1/24
f 2481/1/24 2480/1/24 2477/1/24
f 2481/1/1268 2401/1/1203 2400/1/1202
f 2481/1/1268 2482/1/1269 2401/1/1203
f 2482/1/1269 2481/1/1268 2440/1/1232
f 2477/1/24 2440/1/24 2481/1/24
f 2401/1/5 2482/1/5 2483/1/5
f 2482/1/1269 2440/1/1232 2438/1/1231
f 2483/1/5 2482/1/5 2438/1/5
f 2484/1/5 2483/1/5 2438/1/5
f 2483/1/5 2397/1/5 2401/1/5
s 113
f 2485/1/1269 2483/1/1270 2484/1/1271
f 2398/1/1199 2397/1/1199 2483/1/1270
f 2483/1/1270 2485/1/1269 2398/1/1199
s 114
f 2486/1/5 2398/1/5 2485/1/5
s 113
f 2484/1/1271 2486/1/1271 2485/1/1269
s 114
f 2486/1/5 2487/1/5 2395/1/5
s 113
f 2487/1/1272 2486/1/1271 2484/1/1271
s 114
f 2486/1/5 2395/1/5 2398/1/5
s 113
f 2487/1/1272 2488/1/1272 2410/1/1273
f 2487/1/1272 2484/1/1271 2488/1/1272
s 114
f 2487/1/5 2394/1/5 2395/1/5
s 113
f 2394/1/1273 2487/1/1272 2410/1/1273
s 115
f 2438/1/5 2439/1/5 2488/1/5
f 2488/1/5 2484/1/5 2438/1/5
f 2488/1/5 2439/1/5 2412/1/5
f 2410/1/5 2488/1/5 2412/1/5
f 2477/1/24 2478/1/24 2440/1/24
f 2478/1/24 2444/1/24 2440/1/24
f 2489/1/24 2444/1/24 2478/1/24
f 2489/1/24 2478/1/24 2471/1/24
s 129
f 2474/1/1261 2471/1/1262 2478/1/1264
s 118
f 2491/1/1274 2444/1/1234 2489/1/1274
s 115
f 2471/1/24 2490/1/24 2489/1/24
f 2489/1/24 2453/1/24 2451/1/24
s 120
f 2491/1/1160 2489/1/1160 2451/1/1239
s 115
f 2489/1/24 2490/1/24 2453/1/24
s 119
f 2447/1/24 2445/1/24 2491/1/24
s 120
f 2451/1/1239 2447/1/1164 2491/1/1160
s 118
f 2491/1/1274 2445/1/1235 2444/1/1234
s 115
f 2459/1/24 2490/1/24 2471/1/24
f 2453/1/24 2490/1/24 2459/1/24
f 2400/1/24 2402/1/1201 2469/1/24
s 122
f 2454/1/24 2456/1/24 2492/1/24
s 123
f 2492/1/1275 2456/1/1245 2417/1/1247
s 122
f 2494/1/24 2492/1/24 2493/1/24
s 123
f 2418/1/1276 2493/1/1276 2492/1/1275
f 2492/1/1275 2417/1/1247 2418/1/1276
s 122
f 2494/1/24 2454/1/24 2492/1/24
s 121
f 2494/1/1277 2493/1/1278 2418/1/1278
f 2494/1/1277 2418/1/1278 2441/1/1241
f 2454/1/1240 2494/1/1277 2441/1/1241
s 112
f 2394/1/1196 2410/1/1196 2393/1/1196
s 115
f 2407/1/1207 2393/1/5 2410/1/5
s 167
f 2800/1/1569 2797/1/1570 2802/1/1571
f 2803/1/1572 2801/1/1573 2800/1/1569
f 2800/1/1569 2802/1/1571 2803/1/1572
s 168
f 2803/1/1575 2807/1/1576 2804/1/1577
f 2804/1/1577 2805/1/1578 2803/1/1575
s 167
f 2803/1/1572 2805/1/1579 2809/1/1580
s 168
f 2803/1/1581 2806/1/1582 2808/1/1583
s 167
f 2803/1/1572 2802/1/1571 2806/1/1584
f 2809/1/1580 2801/1/1573 2803/1/1572
s 168
f 2808/1/1583 2807/1/1576 2803/1/1581
s 167
f 2809/1/1580 2805/1/1579 2811/1/1588
f 2812/1/1589 2809/1/1580 2811/1/1588
f 2812/1/1589 2811/1/1588 2814/1/1593
f 2815/1/1594 2812/1/1589 2814/1/1593
f 2816/1/1596 2815/1/1594 2814/1/1593
f 2796/1/1601 2816/1/1596 2820/1/1602
f 2816/1/1596 2814/1/1593 2820/1/1602
s 168
f 2822/1/1603 2821/1/1604 2820/1/1605
s 167
f 2820/1/1602 2821/1/1606 2796/1/1601
s 168
f 2820/1/1605 2825/1/1607 2822/1/1603
s 167
f 2820/1/1602 2823/1/1608 2826/1/1609
f 2824/1/1610 2823/1/1608 2820/1/1602
f 2820/1/1602 2814/1/1593 2824/1/1610
f 2826/1/1609 2825/1/1611 2820/1/1602
s 168
f 2832/1/1612 2825/1/1607 2826/1/1613
f 2826/1/1613 2827/1/1614 2832/1/1612
s 169
f 2831/1/1615 2827/1/1616 2826/1/1617
f 2828/1/1618 2826/1/1617 2823/1/1619
f 2828/1/1618 2829/1/1620 2826/1/1617
f 2830/1/1621 2826/1/1617 2829/1/1620
f 2826/1/1617 2830/1/1621 2831/1/1615
s 168
f 2833/1/1622 2832/1/1612 2814/1/1623
f 2807/1/1576 2832/1/1612 2833/1/1622
f 2832/1/1612 2807/1/1576 2834/1/1624
f 2834/1/1624 2825/1/1607 2832/1/1612
f 2814/1/1625 2832/1/1612 2827/1/1614
f 2834/1/1624 2807/1/1576 2835/1/1626
s 167
f 2802/1/1571 2834/1/1627 2835/1/1628
s 168
f 2836/1/1629 2834/1/1624 2802/1/1630
f 2836/1/1629 2822/1/1603 2834/1/1624
f 2822/1/1603 2825/1/1607 2834/1/1624
f 2837/1/1631 2822/1/1603 2836/1/1629
f 2837/1/1631 2836/1/1629 2802/1/1630
s 167
f 2796/1/1601 2821/1/1606 2837/1/1632
f 2797/1/1570 2796/1/1601 2837/1/1632
f 2797/1/1570 2837/1/1632 2802/1/1571
s 168
f 2837/1/1631 2821/1/1604 2822/1/1603
f 2807/1/1576 2808/1/1583 2835/1/1626
s 169
f 2808/1/1633 2841/1/1634 2835/1/1635
s 167
f 2802/1/1571 2835/1/1628 2838/1/1636
s 169
f 2842/1/1637 2838/1/1638 2835/1/1635
f 2839/1/1639 2835/1/1635 2840/1/1640
f 2835/1/1635 2839/1/1639 2842/1/1637
f 2841/1/1634 2840/1/1640 2835/1/1635
f 2843/1/1641 2838/1/1638 2842/1/1637
f 2842/1/1637 2845/1/1642 2843/1/1641
f 2844/1/1643 2845/1/1642 2842/1/1637
f 2844/1/1643 2842/1/1637 2839/1/1639
f 2845/1/1642 2846/1/1644 2843/1/1641
f 2845/1/1642 2847/1/1645 2846/1/1644
f 2848/1/1646 2847/1/1645 2845/1/1642
f 2844/1/1643 2848/1/1646 2845/1/1642
f 2849/1/1647 2850/1/1648 2848/1/1646
f 2851/1/1649 2849/1/1647 2848/1/1646
f 2848/1/1646 2850/1/1648 2847/1/1645
f 2851/1/1649 2848/1/1646 2844/1/1643
f 2853/1/1650 2849/1/1647 2851/1/1649
f 2852/1/1651 2851/1/1649 2844/1/1643
f 2854/1/1652 2851/1/1649 2852/1/1651
f 2854/1/1652 2853/1/1650 2851/1/1649
f 2855/1/1653 2853/1/1650 2854/1/1652
f 2856/1/1654 2855/1/1653 2854/1/1652
f 2856/1/1654 2854/1/1652 2857/1/1655
f 2857/1/1655 2854/1/1652 2852/1/1651
f 2857/1/1655 2860/1/1656 2858/1/1657
f 2858/1/1657 2859/1/1658 2857/1/1655
f 2859/1/1658 2856/1/1654 2857/1/1655
f 2860/1/1656 2857/1/1655 2852/1/1651
f 2861/1/1659 2858/1/1657 2860/1/1656
f 2860/1/1656 2863/1/1660 2861/1/1659
f 2863/1/1660 2860/1/1656 2862/1/1661
f 2852/1/1651 2862/1/1661 2860/1/1656
f 2864/1/1662 2863/1/1660 2866/1/1663
f 2863/1/1660 2864/1/1662 2865/1/1664
f 2865/1/1664 2861/1/1659 2863/1/1660
f 2862/1/1661 2866/1/1663 2863/1/1660
f 2867/1/1665 2866/1/1663 2868/1/1666
f 2866/1/1663 2867/1/1665 2864/1/1662
f 2869/1/1667 2868/1/1666 2866/1/1663
f 2866/1/1663 2862/1/1661 2869/1/1667
f 2844/1/1643 2869/1/1667 2862/1/1661
f 2839/1/1639 2869/1/1667 2844/1/1643
f 2870/1/1668 2868/1/1666 2869/1/1667
f 2869/1/1667 2839/1/1639 2870/1/1668
f 2868/1/1666 2870/1/1668 2871/1/1669
f 2870/1/1668 2839/1/1639 2840/1/1640
f 2870/1/1668 2840/1/1640 2872/1/1670
f 2872/1/1670 2871/1/1669 2870/1/1668
f 2873/1/1671 2872/1/1670 2840/1/1640
f 2847/1/1645 2872/1/1670 2846/1/1644
f 2846/1/1644 2872/1/1670 2873/1/1671
f 2847/1/1645 2871/1/1669 2872/1/1670
f 2875/1/1672 2874/1/1673 2873/1/1671
f 2873/1/1671 2874/1/1673 2846/1/1644
f 2841/1/1634 2873/1/1671 2840/1/1640
f 2873/1/1671 2876/1/1674 2875/1/1672
f 2877/1/1675 2873/1/1671 2841/1/1634
f 2877/1/1675 2876/1/1674 2873/1/1671
f 2876/1/24 2877/1/24 2878/1/1676
f 2878/1/1676 2877/1/1675 2841/1/1634
f 2878/1/1676 2879/1/1677 2876/1/24
f 2806/1/1678 2879/1/1677 2878/1/1676
f 2878/1/1676 2808/1/1633 2806/1/1678
f 2841/1/1634 2808/1/1633 2878/1/1676
f 2879/1/1677 2875/1/24 2876/1/24
f 2879/1/1677 2806/1/1678 2881/1/1679
f 2879/1/1677 2880/1/24 2875/1/24
f 2880/1/1680 2879/1/1677 2881/1/1679
f 2874/1/1673 2881/1/1679 2843/1/1641
f 2880/1/1680 2881/1/1679 2874/1/1673
f 2838/1/1638 2843/1/1641 2881/1/1679
f 2881/1/1679 2806/1/1678 2838/1/1638
f 2874/1/1673 2875/1/1672 2880/1/1680
f 2843/1/1641 2846/1/1644 2874/1/1673
f 2871/1/1669 2882/1/1681 2868/1/1666
f 2850/1/1648 2882/1/1681 2871/1/1669
f 2850/1/1648 2871/1/1669 2847/1/1645
f 2868/1/1666 2882/1/1681 2867/1/1665
f 2867/1/1665 2882/1/1681 2850/1/1648
f 2849/1/1647 2867/1/1665 2850/1/1648
f 2864/1/1662 2867/1/1665 2849/1/1647
f 2865/1/1664 2864/1/1662 2853/1/1650
f 2861/1/1659 2865/1/1664 2883/1/1682
f 2884/1/1683 2883/1/1682 2865/1/1664
f 2865/1/1664 2855/1/1653 2884/1/1683
f 2855/1/1653 2865/1/1664 2853/1/1650
f 2886/1/1684 2885/1/1685 2884/1/1683
f 2883/1/1682 2884/1/1683 2885/1/1685
f 2884/1/1683 2887/1/1686 2886/1/1684
f 2884/1/1683 2856/1/1654 2887/1/1686
f 2884/1/1683 2855/1/1653 2856/1/1654
f 2889/1/1687 2886/1/1684 2887/1/1686
f 2888/1/1688 2887/1/1686 2856/1/1654
f 2887/1/1686 2888/1/1688 2889/1/1687
f 2886/1/1684 2889/1/1687 2892/1/1689
f 2890/1/1690 2891/1/1691 2889/1/1687
f 2888/1/1688 2890/1/1690 2889/1/1687
f 2889/1/1687 2891/1/1691 2892/1/1689
f 2893/1/1692 2892/1/1689 2894/1/1693
f 2892/1/1689 2893/1/1692 2886/1/1684
f 2892/1/1689 2895/1/1694 2894/1/1693
f 2891/1/1691 2895/1/1694 2892/1/1689
f 2895/1/1694 2896/1/1695 2894/1/1693
f 2895/1/1694 2898/1/1696 2896/1/1695
f 2897/1/1697 2898/1/1696 2895/1/1694
f 2891/1/1691 2897/1/1697 2895/1/1694
f 2898/1/1696 2899/1/1698 2900/1/1699
f 2901/1/1700 2899/1/1698 2898/1/1696
f 2898/1/1696 2900/1/1699 2896/1/1695
f 2897/1/1697 2901/1/1700 2898/1/1696
f 2885/1/1685 2901/1/1700 2883/1/1682
f 2901/1/1700 2885/1/1685 2902/1/1701
f 2902/1/1701 2899/1/1698 2901/1/1700
f 2883/1/1682 2901/1/1700 2897/1/1697
f 2899/1/1698 2902/1/1701 2903/1/1702
f 2904/1/1703 2903/1/1702 2902/1/1701
f 2902/1/1701 2893/1/1692 2904/1/1703
f 2893/1/1692 2902/1/1701 2885/1/1685
f 2894/1/1693 2904/1/1703 2893/1/1692
f 2906/1/1704 2904/1/1703 2894/1/1693
f 2905/1/1705 2903/1/1702 2904/1/1703
f 2904/1/1703 2906/1/1704 2905/1/1705
f 2894/1/1693 2828/1/1618 2906/1/1704
f 2907/1/1706 2905/1/1705 2906/1/1704
f 2906/1/1704 2908/1/1707 2907/1/1706
f 2906/1/1704 2828/1/1618 2908/1/1707
f 2910/1/1708 2908/1/1707 2823/1/1619
f 2828/1/1618 2823/1/1619 2908/1/1707
f 2909/1/1709 2907/1/1706 2908/1/1707
f 2910/1/1708 2909/1/1709 2908/1/1707
f 2911/1/1710 2909/1/1709 2910/1/1708
f 2912/1/1711 2911/1/1710 2910/1/1708
f 2824/1/1712 2910/1/1708 2823/1/1619
f 2910/1/1708 2824/1/1712 2912/1/1711
f 2915/1/1713 2912/1/1711 2824/1/1712
f 2913/1/24 2911/1/24 2912/1/1711
f 2914/1/24 2913/1/24 2912/1/1711
f 2914/1/24 2912/1/1711 2915/1/1713
f 2915/1/1713 2824/1/1712 2827/1/1616
f 2915/1/1713 2827/1/1616 2831/1/1615
f 2915/1/1713 2916/1/24 2914/1/24
f 2916/1/1714 2915/1/1713 2831/1/1615
f 2917/1/1715 2914/1/1716 2916/1/1714
f 2916/1/1714 2831/1/1615 2917/1/1715
f 2830/1/1621 2918/1/1717 2917/1/1715
f 2917/1/1715 2918/1/1717 2907/1/1706
f 2913/1/1718 2914/1/1716 2917/1/1715
f 2917/1/1715 2831/1/1615 2830/1/1621
f 2913/1/1718 2917/1/1715 2909/1/1709
f 2909/1/1709 2917/1/1715 2907/1/1706
f 2920/1/1719 2919/1/1720 2918/1/1717
f 2918/1/1717 2919/1/1720 2905/1/1705
f 2905/1/1705 2907/1/1706 2918/1/1717
f 2920/1/1719 2918/1/1717 2830/1/1621
f 2896/1/1695 2920/1/1719 2829/1/1620
f 2829/1/1620 2920/1/1719 2830/1/1621
f 2896/1/1695 2900/1/1699 2920/1/1719
f 2900/1/1699 2919/1/1720 2920/1/1719
f 2919/1/1720 2921/1/1721 2903/1/1702
f 2903/1/1702 2905/1/1705 2919/1/1720
f 2900/1/1699 2921/1/1721 2919/1/1720
f 2903/1/1702 2921/1/1721 2899/1/1698
f 2899/1/1698 2921/1/1721 2900/1/1699
f 2911/1/1710 2913/1/1718 2909/1/1709
f 2922/1/1722 2897/1/1697 2891/1/1691
f 2922/1/1722 2883/1/1682 2897/1/1697
f 2922/1/1722 2890/1/1690 2858/1/1657
f 2890/1/1690 2922/1/1722 2891/1/1691
f 2858/1/1657 2861/1/1659 2922/1/1722
f 2922/1/1722 2861/1/1659 2883/1/1682
f 2894/1/1693 2896/1/1695 2829/1/1620
f 2894/1/1693 2829/1/1620 2828/1/1618
f 2885/1/1685 2886/1/1684 2893/1/1692
f 2859/1/1658 2858/1/1657 2890/1/1690
f 2890/1/1690 2888/1/1688 2859/1/1658
f 2856/1/1654 2859/1/1658 2888/1/1688
f 2853/1/1650 2864/1/1662 2849/1/1647
f 2862/1/1661 2852/1/1651 2844/1/1643
s 167
f 2802/1/1571 2838/1/1636 2806/1/1584
s 168
f 2804/1/1577 2833/1/1622 2811/1/1723
f 2833/1/1622 2804/1/1577 2807/1/1576
f 2811/1/1723 2833/1/1622 2814/1/1623
f 2814/1/1625 2827/1/1614 2824/1/1724
f 2811/1/1723 2805/1/1578 2804/1/1577
s 171
f 2930/1/1732 2929/1/1733 2931/1/1734
f 2929/1/1733 2925/1/1737 2931/1/1734
f 2936/1/1743 2937/1/1744 2938/1/1745
f 2939/1/1746 2938/1/1745 2937/1/1744
f 2937/1/1744 2930/1/1732 2939/1/1746
f 2930/1/1732 2931/1/1734 2939/1/1746
f 2939/1/1746 2931/1/1734 2940/1/1747
f 2940/1/1747 2941/1/1748 2939/1/1746
f 2939/1/1746 2941/1/1748 2944/1/1749
s 172
f 2942/1/1750 2938/1/1751 2939/1/1752
f 2939/1/1752 2943/1/1753 2942/1/1750
s 171
f 2944/1/1749 2943/1/1754 2939/1/1746
s 172
f 2944/1/1755 2945/1/1756 2950/1/1757
s 173
f 2946/1/1758 2945/1/1759 2944/1/1760
f 2944/1/1760 2947/1/1761 2946/1/1758
f 2947/1/1761 2944/1/1760 2948/1/1762
f 2949/1/1763 2948/1/1762 2944/1/1760
f 2949/1/1763 2944/1/1760 2941/1/1764
s 172
f 2950/1/1757 2943/1/1753 2944/1/1755
f 2951/1/1765 2950/1/1757 2931/1/1766
f 2931/1/1767 2950/1/1757 2945/1/1756
f 2943/1/1753 2950/1/1757 2952/1/1768
f 2951/1/1765 2953/1/1769 2950/1/1757
f 2953/1/1769 2952/1/1768 2950/1/1757
f 2953/1/1769 2954/1/1770 2955/1/1771
f 2953/1/1769 2951/1/1765 2954/1/1770
f 2955/1/1771 2952/1/1768 2953/1/1769
s 171
f 2955/1/1772 2954/1/1773 2924/1/1774
f 2955/1/1772 2957/1/1775 2956/1/1776
f 2956/1/1776 2958/1/1777 2955/1/1772
f 2924/1/1774 2957/1/1775 2955/1/1772
f 2955/1/1772 2958/1/1777 2959/1/1778
s 172
f 2955/1/1779 2959/1/1780 2960/1/1781
f 2960/1/1781 2952/1/1768 2955/1/1779
s 173
f 2963/1/1782 2960/1/1783 2959/1/1784
s 172
f 2952/1/1768 2960/1/1781 2961/1/1785
s 173
f 2960/1/1783 2962/1/1786 2961/1/1787
f 2962/1/1786 2960/1/1783 2963/1/1782
f 2963/1/1782 2964/1/1788 2966/1/5
f 2959/1/1784 2964/1/1788 2963/1/1782
f 2963/1/1782 2965/1/1789 2962/1/1786
f 2966/1/5 2965/1/618 2963/1/1782
f 2964/1/1788 2968/1/5 2966/1/5
f 2962/1/1786 2965/1/1789 2966/1/1790
f 2966/1/1790 2969/1/1791 2962/1/1786
f 2966/1/1790 2968/1/1792 2967/1/1793
f 2966/1/1790 2967/1/1793 2969/1/1791
f 2970/1/1794 2972/1/1795 2969/1/1791
f 2969/1/1791 2967/1/1793 2970/1/1794
f 2962/1/1786 2969/1/1791 2971/1/1796
f 2969/1/1791 2972/1/1795 2971/1/1796
f 2972/1/1795 2973/1/1797 2974/1/1798
f 2975/1/1799 2973/1/1797 2972/1/1795
f 2975/1/1799 2972/1/1795 2970/1/1794
f 2974/1/1798 2971/1/1796 2972/1/1795
f 2977/1/1800 2976/1/1801 2975/1/1799
f 2976/1/1801 2973/1/1797 2975/1/1799
f 2977/1/1800 2975/1/1799 2978/1/1802
f 2978/1/1802 2975/1/1799 2970/1/1794
f 2981/1/1803 2977/1/1800 2978/1/1802
f 2978/1/1802 2970/1/1794 2979/1/1804
f 2980/1/1805 2978/1/1802 2979/1/1804
f 2981/1/1803 2978/1/1802 2980/1/1805
f 2981/1/1803 2980/1/1805 2982/1/1806
f 2982/1/1806 2983/1/1807 2981/1/1803
f 2981/1/1803 2983/1/1807 2986/1/1808
f 2984/1/1809 2977/1/1800 2981/1/1803
f 2985/1/1810 2984/1/1809 2981/1/1803
f 2986/1/1808 2985/1/1810 2981/1/1803
f 2986/1/1808 2988/1/1811 2987/1/1812
f 2987/1/1812 2989/1/1813 2986/1/1808
f 2988/1/1811 2986/1/1808 2983/1/1807
f 2985/1/1810 2986/1/1808 2989/1/1813
f 2989/1/1813 2987/1/1812 2990/1/1814
f 2990/1/1814 2991/1/1815 2989/1/1813
f 2992/1/1816 2989/1/1813 2991/1/1815
f 2989/1/1813 2992/1/1816 2985/1/1810
f 2993/1/1817 2994/1/1818 2992/1/1816
f 2995/1/1819 2993/1/1817 2992/1/1816
f 2992/1/1816 2994/1/1818 2985/1/1810
f 2991/1/1815 2995/1/1819 2992/1/1816
f 2993/1/1817 2995/1/1819 2996/1/1820
f 2997/1/1821 2996/1/1820 2995/1/1819
f 2995/1/1819 2991/1/1815 2997/1/1821
f 2997/1/1821 2999/1/1822 2998/1/1823
f 2997/1/1821 2998/1/1823 3000/1/1824
f 2999/1/1822 2997/1/1821 2991/1/1815
f 2996/1/1820 2997/1/1821 3000/1/1824
f 3002/1/1825 2996/1/1820 3000/1/1824
f 3003/1/1826 3000/1/1824 3001/1/1827
f 3000/1/1824 2998/1/1823 3001/1/1827
f 3000/1/1824 3003/1/1826 3002/1/1825
f 3003/1/1826 3005/1/1828 3004/1/1829
f 3004/1/1829 3002/1/1825 3003/1/1826
f 3005/1/1828 3003/1/1826 3006/1/1830
f 3001/1/1827 3006/1/1830 3003/1/1826
f 3008/1/1831 3006/1/1830 3007/1/1832
f 3009/1/1833 3007/1/1832 3006/1/1830
f 3006/1/1830 3008/1/1831 3005/1/1828
f 3006/1/1830 3001/1/1827 3009/1/1833
f 3009/1/1833 3011/1/1834 2948/1/1762
f 3009/1/1833 2948/1/1762 2949/1/1763
f 3012/1/1835 3007/1/1832 3009/1/1833
f 3010/1/1836 3011/1/1834 3009/1/1833
f 3001/1/1827 3010/1/1836 3009/1/1833
f 3009/1/1833 2949/1/1763 3012/1/1835
f 3014/1/1837 3013/1/1838 3012/1/1835
f 3007/1/1832 3012/1/1835 3013/1/1838
f 3012/1/1835 3015/1/1839 3014/1/1837
f 3012/1/1835 2949/1/1763 3015/1/1839
f 3017/1/1840 3015/1/1839 2941/1/1764
f 2949/1/1763 2941/1/1764 3015/1/1839
f 3016/1/1841 3014/1/1837 3015/1/1839
f 3017/1/1840 3016/1/1841 3015/1/1839
f 3017/1/1840 3018/1/1842 3019/1/1843
f 3020/1/1844 3018/1/1842 3017/1/1840
f 2940/1/1845 3017/1/1840 2941/1/1764
f 3017/1/1840 2940/1/1845 3020/1/1844
f 3019/1/1843 3016/1/1841 3017/1/1840
f 3021/1/1846 3020/1/1844 2940/1/1845
f 3022/1/5 3020/1/1844 3021/1/1846
f 3019/1/5 3018/1/5 3020/1/1844
f 3022/1/5 3019/1/5 3020/1/1844
f 3021/1/1846 3024/1/618 3022/1/5
f 3016/1/1841 3019/1/1843 3022/1/1847
f 3022/1/1847 3023/1/1848 3016/1/1841
f 3022/1/1847 2946/1/1758 3023/1/1848
f 3022/1/1847 3024/1/1849 2946/1/1758
f 3024/1/1849 3021/1/1846 2946/1/1758
f 3023/1/1848 2946/1/1758 2947/1/1761
f 3023/1/1848 3025/1/1850 3014/1/1837
f 2947/1/1761 3025/1/1850 3023/1/1848
f 3016/1/1841 3023/1/1848 3014/1/1837
f 3025/1/1850 3026/1/1851 3013/1/1838
f 3027/1/1852 3026/1/1851 3025/1/1850
f 3013/1/1838 3014/1/1837 3025/1/1850
f 3027/1/1852 3025/1/1850 2947/1/1761
f 3011/1/1834 3028/1/1853 3027/1/1852
f 3011/1/1834 3027/1/1852 2948/1/1762
f 3028/1/1853 3026/1/1851 3027/1/1852
f 2948/1/1762 3027/1/1852 2947/1/1761
f 3029/1/1854 3028/1/1853 3011/1/1834
f 3029/1/1854 3030/1/1855 3028/1/1853
f 3030/1/1855 3031/1/1856 3028/1/1853
f 3028/1/1853 3031/1/1856 3026/1/1851
f 3032/1/1857 3031/1/1856 3030/1/1855
f 3026/1/1851 3031/1/1856 3032/1/1857
f 3013/1/1838 3032/1/1857 3007/1/1832
f 3007/1/1832 3032/1/1857 3008/1/1831
f 3030/1/1855 3008/1/1831 3032/1/1857
f 3032/1/1857 3013/1/1838 3026/1/1851
f 3033/1/1858 3030/1/1855 3029/1/1854
f 3008/1/1831 3030/1/1855 3033/1/1858
f 3034/1/1859 3033/1/1858 3029/1/1854
f 3035/1/1860 3033/1/1858 3034/1/1859
f 3005/1/1828 3033/1/1858 3035/1/1860
f 3033/1/1858 3005/1/1828 3008/1/1831
f 3035/1/1860 3004/1/1829 3005/1/1828
f 3004/1/1829 3035/1/1860 3036/1/1861
f 3036/1/1861 3035/1/1860 2999/1/1822
f 2999/1/1822 3035/1/1860 3034/1/1859
f 2987/1/1812 3039/1/1862 3036/1/1861
f 3036/1/1861 2990/1/1814 2987/1/1812
f 3036/1/1861 3037/1/1863 3004/1/1829
f 3037/1/1863 3036/1/1861 3038/1/1864
f 3036/1/1861 3039/1/1862 3038/1/1864
f 2999/1/1822 2990/1/1814 3036/1/1861
f 3039/1/1862 2987/1/1812 2988/1/1811
f 2988/1/1811 3041/1/1865 3039/1/1862
f 3038/1/1864 3039/1/1862 3040/1/1866
f 3039/1/1862 3041/1/1865 3040/1/1866
f 3041/1/1865 3042/1/1867 2976/1/1801
f 3043/1/1868 3042/1/1867 3041/1/1865
f 3041/1/1865 2988/1/1811 3043/1/1868
f 3040/1/1866 3041/1/1865 2976/1/1801
f 2983/1/1807 3043/1/1868 2988/1/1811
f 2974/1/1798 3043/1/1868 2983/1/1807
f 3043/1/1868 2974/1/1798 2973/1/1797
f 2973/1/1797 3042/1/1867 3043/1/1868
f 2976/1/1801 3042/1/1867 2973/1/1797
f 2984/1/1809 3040/1/1866 2977/1/1800
f 3038/1/1864 3040/1/1866 2984/1/1809
f 3040/1/1866 2976/1/1801 2977/1/1800
f 3037/1/1863 3038/1/1864 2994/1/1818
f 2994/1/1818 3038/1/1864 2984/1/1809
f 3002/1/1825 3004/1/1829 3037/1/1863
f 3037/1/1863 2993/1/1817 3002/1/1825
f 2993/1/1817 3037/1/1863 2994/1/1818
f 3034/1/1859 3029/1/1854 3010/1/1836
f 2998/1/1823 3034/1/1859 3010/1/1836
f 2999/1/1822 3034/1/1859 2998/1/1823
f 3010/1/1836 3029/1/1854 3011/1/1834
f 3021/1/1846 2945/1/1759 2946/1/1758
f 3021/1/1846 2940/1/1845 2945/1/1759
f 2998/1/1823 3010/1/1836 3001/1/1827
f 2996/1/1820 3002/1/1825 2993/1/1817
f 2991/1/1815 2990/1/1814 2999/1/1822
f 2994/1/1818 2984/1/1809 2985/1/1810
f 2983/1/1807 2982/1/1806 2974/1/1798
f 2961/1/1787 2982/1/1806 2980/1/1805
f 2982/1/1806 2961/1/1787 2971/1/1796
f 2974/1/1798 2982/1/1806 2971/1/1796
f 2979/1/1804 3044/1/1869 2980/1/1805
f 2980/1/1805 3044/1/1869 2961/1/1787
s 171
f 2958/1/1777 3044/1/1870 2959/1/1778
s 173
f 3045/1/1871 2959/1/1784 3044/1/1869
s 171
f 2958/1/1777 2961/1/1872 3044/1/1870
s 173
f 3044/1/1869 2979/1/1804 3045/1/1871
f 2967/1/1793 3045/1/1871 2979/1/1804
f 2964/1/1788 2959/1/1784 3045/1/1871
f 2968/1/1792 3045/1/1871 2967/1/1793
f 2968/1/1792 3046/1/1873 3045/1/1871
f 3046/1/1873 2964/1/1788 3045/1/1871
f 2964/1/1788 3046/1/5 2968/1/5
f 2979/1/1804 2970/1/1794 2967/1/1793
f 2962/1/1786 2971/1/1796 2961/1/1787
s 172
f 3047/1/1874 2952/1/1768 2961/1/1785
s 171
f 2958/1/1777 3047/1/1875 2961/1/1872
s 172
f 2943/1/1753 2952/1/1768 3047/1/1874
f 3048/1/1876 3047/1/1874 2958/1/1877
f 2943/1/1753 3047/1/1874 3048/1/1876
f 2938/1/1751 2942/1/1750 3048/1/1876
f 3048/1/1876 2942/1/1750 2943/1/1753
f 3048/1/1876 3049/1/1878 2938/1/1751
f 3049/1/1878 3048/1/1876 2958/1/1877
s 171
f 2938/1/1745 3049/1/1879 2936/1/1743
f 2936/1/1743 3049/1/1879 2958/1/1777
f 2956/1/1776 2936/1/1743 2958/1/1777
f 2954/1/1773 3050/1/1884 2925/1/1737
s 172
f 2951/1/1765 3050/1/1885 2954/1/1770
s 171
f 2925/1/1737 2924/1/1774 2954/1/1773
f 2925/1/1737 3050/1/1884 2931/1/1734
s 172
f 3050/1/1885 2951/1/1765 2931/1/1766
f 2931/1/1767 2945/1/1756 2940/1/1886
s 174
f 3052/1/1887 3051/1/1887 3053/1/1888
f 3054/1/1889 3051/1/1887 3052/1/1887
s 175
f 3057/1/1890 3053/1/1891 3051/1/1892
f 3051/1/1892 3054/1/1893 3055/1/1894
f 3055/1/1894 3056/1/1895 3051/1/1892
f 3056/1/1895 3057/1/1890 3051/1/1892
f 3061/1/1896 3053/1/1891 3057/1/1890
f 3057/1/1890 3058/1/1897 3061/1/1896
f 3059/1/1898 3058/1/1899 3057/1/1898
f 3060/1/1900 3057/1/1890 3056/1/1895
f 3060/1/1900 3059/1/1901 3057/1/1890
f 3062/1/1902 3053/1/1891 3061/1/1896
f 3061/1/1896 3065/1/1903 3062/1/1902
f 3065/1/1903 3061/1/1896 3063/1/1904
f 3064/1/1905 3063/1/1904 3061/1/1896
f 3061/1/1896 3058/1/1897 3064/1/1905
f 3062/1/1902 3065/1/1903 3066/1/1906
f 3066/1/1906 3065/1/1903 3067/1/1907
f 3065/1/1903 3063/1/1904 3067/1/1907
f 3067/1/1907 3068/1/1908 3066/1/1906
f 3067/1/1907 3069/1/1909 3068/1/1908
f 3070/1/1910 3069/1/1909 3067/1/1907
f 3063/1/1904 3070/1/1910 3067/1/1907
f 3069/1/1909 3070/1/1910 3071/1/1911
f 3072/1/1912 3070/1/1910 3063/1/1904
f 3071/1/1911 3070/1/1910 3072/1/1912
f 3072/1/1912 3075/1/1913 3071/1/1911
f 3073/1/1914 3074/1/1915 3072/1/1916
f 3073/1/1914 3072/1/1916 3064/1/1917
f 3075/1/1918 3072/1/1916 3074/1/1915
f 3064/1/1905 3072/1/1912 3063/1/1904
f 3075/1/1913 3076/1/1919 3071/1/1911
f 3077/1/1920 3076/1/1921 3075/1/1918
f 3074/1/1915 3077/1/1920 3075/1/1918
f 3077/1/1920 3080/1/1922 3076/1/1921
f 3080/1/1922 3077/1/1920 3078/1/1923
f 3079/1/1924 3078/1/1923 3077/1/1920
f 3074/1/1915 3079/1/1924 3077/1/1920
f 3081/1/1925 3076/1/1921 3080/1/1922
f 3080/1/1922 3082/1/1926 3081/1/1925
f 3082/1/1926 3080/1/1922 3083/1/1927
f 3083/1/1927 3080/1/1922 3078/1/1923
f 3083/1/1927 3084/1/1928 3082/1/1926
f 3085/1/1929 3084/1/1928 3083/1/1927
f 3083/1/1927 3087/1/1930 3085/1/1929
f 3083/1/1927 3078/1/1923 3086/1/1931
f 3086/1/1931 3087/1/1930 3083/1/1927
f 3088/1/1932 3085/1/1929 3087/1/1930
f 3087/1/1930 3090/1/1933 3088/1/1932
f 3089/1/1934 3090/1/1933 3087/1/1930
f 3087/1/1930 3086/1/1931 3089/1/1934
s 176
f 3088/1/1935 3090/1/1936 3091/1/1937
f 3091/1/1937 3090/1/1936 3089/1/1938
s 175
f 3091/1/1939 3092/1/1940 3095/1/1941
s 176
f 3089/1/1938 3092/1/1942 3091/1/1937
f 3093/1/1943 3088/1/1935 3091/1/1937
s 175
f 3094/1/1944 3093/1/1945 3091/1/1939
f 3091/1/1939 3095/1/1941 3094/1/1944
f 3094/1/1944 3095/1/1941 3096/1/1946
f 3095/1/1941 3098/1/1947 3096/1/1946
f 3092/1/1940 3097/1/1948 3095/1/1941
f 3095/1/1941 3097/1/1948 3098/1/1947
f 3099/1/1949 3098/1/1947 3097/1/1948
f 3100/1/1950 3098/1/1947 3099/1/1949
f 3098/1/1947 3100/1/1950 3101/1/1951
f 3101/1/1951 3096/1/1946 3098/1/1947
f 3096/1/1946 3101/1/1951 3102/1/1952
f 3102/1/1952 3101/1/1951 3104/1/1953
f 3101/1/1951 3100/1/1950 3103/1/1954
f 3103/1/1954 3104/1/1953 3101/1/1951
f 3104/1/1953 3105/1/1955 3102/1/1952
f 3107/1/1956 3104/1/1953 3103/1/1954
f 3106/1/1957 3105/1/1955 3104/1/1953
f 3104/1/1953 3107/1/1956 3106/1/1957
f 3076/1/1919 3107/1/1956 3071/1/1911
f 3106/1/1957 3107/1/1956 3076/1/1919
f 3071/1/1911 3107/1/1956 3103/1/1954
f 3076/1/1919 3081/1/1958 3106/1/1957
f 3081/1/1958 3055/1/1894 3106/1/1957
f 3106/1/1957 3108/1/1959 3105/1/1955
f 3055/1/1894 3054/1/1893 3106/1/1957
f 3106/1/1957 3054/1/1893 3108/1/1959
s 174
f 3052/1/1887 3108/1/1889 3054/1/1889
s 175
f 3108/1/1959 3052/1/1960 3109/1/1961
f 3108/1/1959 3109/1/1961 3102/1/1952
f 3105/1/1955 3108/1/1959 3102/1/1952
f 3102/1/1952 3109/1/1961 3111/1/1962
f 3112/1/1963 3109/1/1961 3110/1/1964
f 3113/1/1965 3110/1/1964 3109/1/1961
f 3109/1/1961 3112/1/1963 3111/1/1962
f 3052/1/1960 3114/1/1966 3109/1/1961
f 3109/1/1961 3114/1/1966 3113/1/1965
s 177
f 3116/1/1967 3114/1/1968 3115/1/1969
f 3114/1/1968 3117/1/1970 3115/1/1969
s 175
f 3117/1/1971 3114/1/1966 3052/1/1960
f 3113/1/1965 3114/1/1966 3116/1/1972
f 3066/1/1906 3117/1/1971 3062/1/1902
f 3117/1/1971 3066/1/1906 3118/1/1973
s 177
f 3117/1/1970 3118/1/1974 3115/1/1969
s 175
f 3052/1/1960 3062/1/1902 3117/1/1971
s 177
f 3115/1/1969 3118/1/1974 3119/1/1975
s 175
f 3120/1/1976 3119/1/1977 3118/1/1973
f 3118/1/1973 3121/1/1978 3120/1/1976
f 3066/1/1906 3121/1/1978 3118/1/1973
f 3123/1/1979 3120/1/1976 3121/1/1978
f 3121/1/1978 3066/1/1906 3068/1/1908
f 3121/1/1978 3122/1/1980 3123/1/1979
f 3068/1/1908 3122/1/1980 3121/1/1978
f 3123/1/1979 3126/1/1981 3124/1/1982
f 3124/1/1982 3125/1/1983 3123/1/1979
f 3120/1/1976 3123/1/1979 3125/1/1983
f 3126/1/1981 3123/1/1979 3122/1/1980
f 3124/1/1982 3126/1/1981 3097/1/1948
f 3097/1/1948 3126/1/1981 3099/1/1949
f 3122/1/1980 3099/1/1949 3126/1/1981
s 176
f 3129/1/1984 3125/1/1985 3124/1/1986
s 175
f 3125/1/1983 3127/1/1987 3120/1/1976
s 176
f 3128/1/1988 3127/1/1989 3125/1/1985
f 3125/1/1985 3129/1/1984 3128/1/1988
s 175
f 3129/1/1990 3130/1/1991 3132/1/1992
s 176
f 3124/1/1986 3130/1/1993 3129/1/1984
s 175
f 3128/1/1994 3129/1/1990 3131/1/1995
f 3132/1/1992 3131/1/1995 3129/1/1990
f 3079/1/1924 3131/1/1995 3132/1/1992
f 3078/1/1923 3079/1/1924 3132/1/1992
f 3132/1/1992 3130/1/1991 3089/1/1934
f 3089/1/1934 3086/1/1931 3132/1/1992
f 3132/1/1992 3086/1/1931 3078/1/1923
f 3133/1/1996 3131/1/1995 3134/1/1997
f 3131/1/1995 3133/1/1996 3128/1/1994
f 3079/1/1924 3134/1/1997 3131/1/1995
f 3134/1/1997 3135/1/1998 3133/1/1996
f 3135/1/1998 3134/1/1997 3073/1/1914
f 3074/1/1915 3073/1/1914 3134/1/1997
f 3134/1/1997 3079/1/1924 3074/1/1915
f 3138/1/1998 3135/1/1998 3073/1/1914
f 3135/1/1998 3137/1/1898 3136/1/1999
f 3135/1/1998 3136/1/1999 3133/1/1996
f 3135/1/1998 3138/1/1998 3137/1/1898
f 3138/1/1998 3059/1/1898 3137/1/1898
f 3059/1/1898 3138/1/1998 3058/1/1899
f 3138/1/1998 3073/1/1914 3064/1/1917
f 3064/1/1917 3058/1/1899 3138/1/1998
f 3137/1/1901 3140/1/2000 3136/1/2001
f 3139/1/2000 3137/1/1901 3059/1/1901
f 3137/1/1901 3139/1/2000 3140/1/2000
f 3140/1/2000 3139/1/2000 3141/1/2002
f 3141/1/2002 3143/1/2002 3140/1/2000
f 3136/1/1999 3140/1/2003 3142/1/2004
f 3140/1/2003 3143/1/2005 3142/1/2004
f 3143/1/2005 3144/1/2006 3142/1/2004
f 3088/1/1932 3144/1/2006 3143/1/2005
f 3143/1/2005 3085/1/1929 3088/1/1932
f 3084/1/1928 3085/1/1929 3143/1/2005
f 3143/1/2005 3141/1/2007 3084/1/1928
f 3142/1/2004 3144/1/2006 3145/1/2008
s 176
f 3093/1/1943 3145/1/2009 3144/1/2009
f 3144/1/2009 3088/1/1935 3093/1/1943
s 175
f 3142/1/2004 3145/1/2008 3146/1/2010
f 3146/1/2010 3145/1/2008 3147/1/2011
f 3094/1/1944 3147/1/2011 3145/1/2008
f 3145/1/2008 3093/1/1945 3094/1/1944
f 3148/1/2012 3147/1/2011 3111/1/1962
f 3150/1/2013 3147/1/2011 3148/1/2012
f 3151/1/2014 3149/1/2015 3147/1/2011
f 3147/1/2011 3149/1/2015 3146/1/2010
f 3147/1/2011 3094/1/1944 3111/1/1962
f 3150/1/2013 3151/1/2014 3147/1/2011
f 3153/1/2016 3151/1/2014 3152/1/2017
f 3152/1/2017 3151/1/2014 3150/1/2013
f 3151/1/2014 3153/1/2016 3154/1/2018
f 3154/1/2018 3149/1/2015 3151/1/2014
s 177
f 3149/1/2019 3154/1/2020 3115/1/1969
f 3154/1/2020 3155/1/2021 3115/1/1969
s 175
f 3156/1/2022 3154/1/2018 3153/1/2016
f 3154/1/2018 3156/1/2022 3155/1/2023
f 3157/1/2024 3160/1/2025 3156/1/2022
f 3158/1/2026 3157/1/2024 3156/1/2022
f 3158/1/2026 3156/1/2022 3159/1/2027
f 3153/1/2016 3159/1/2027 3156/1/2022
f 3156/1/2022 3160/1/2025 3155/1/2023
f 3155/1/2023 3160/1/2025 3161/1/2028
f 3161/1/2028 3160/1/2025 3162/1/2029
f 3160/1/2025 3163/1/2030 3162/1/2029
f 3157/1/2024 3163/1/2030 3160/1/2025
f 3164/1/2031 3162/1/2029 3163/1/2030
f 3163/1/2030 3165/1/2032 3164/1/2031
f 3157/1/2024 3166/1/2033 3163/1/2030
f 3166/1/2033 3165/1/2032 3163/1/2030
f 3167/1/2034 3165/1/2032 3166/1/2033
f 3167/1/2034 3166/1/2033 3168/1/2035
f 3168/1/2035 3166/1/2033 3157/1/2024
s 178
f 3171/1/2036 3169/1/2037 3168/1/2038
f 3170/1/2039 3168/1/2038 3169/1/2037
s 175
f 3158/1/2026 3168/1/2035 3157/1/2024
s 178
f 3168/1/2038 3158/1/2040 3171/1/2036
s 175
f 3170/1/2041 3167/1/2034 3168/1/2035
f 3172/1/2042 3171/1/2043 3173/1/2044
f 3172/1/2042 3174/1/2045 3171/1/2043
s 178
f 3171/1/2036 3158/1/2040 3173/1/2046
s 175
f 3174/1/2045 3169/1/2047 3171/1/2043
f 3174/1/2045 3175/1/2048 3176/1/2049
f 3175/1/2048 3174/1/2045 3172/1/2042
f 3176/1/2049 3177/1/2050 3174/1/2045
f 3177/1/2050 3178/1/2051 3174/1/2045
f 3178/1/2051 3169/1/2047 3174/1/2045
s 178
f 3178/1/2052 3170/1/2039 3169/1/2037
s 175
f 3179/1/2053 3180/1/2054 3178/1/2051
f 3177/1/2050 3179/1/2053 3178/1/2051
s 178
f 3178/1/2052 3180/1/2055 3181/1/2056
f 3178/1/2052 3181/1/2056 3170/1/2039
s 175
f 3148/1/2012 3183/1/2057 3181/1/2058
f 3184/1/2059 3148/1/2012 3181/1/2058
s 178
f 3181/1/2056 3180/1/2055 3182/1/2060
f 3182/1/2060 3184/1/2061 3181/1/2056
s 175
f 3170/1/2041 3181/1/2058 3183/1/2057
f 3184/1/2059 3150/1/2013 3148/1/2012
s 178
f 3182/1/2060 3185/1/2062 3184/1/2061
f 3185/1/2062 3150/1/2062 3184/1/2061
s 175
f 3150/1/2013 3185/1/2063 3152/1/2017
f 3152/1/2017 3185/1/2063 3186/1/2064
f 3186/1/2064 3185/1/2063 3182/1/2065
f 3186/1/2064 3190/1/2066 3152/1/2017
f 3187/1/2067 3190/1/2068 3186/1/2067
f 3188/1/2069 3187/1/2070 3186/1/2064
f 3188/1/2069 3186/1/2064 3189/1/2071
f 3189/1/2071 3186/1/2064 3182/1/2065
f 3190/1/2066 3193/1/2072 3152/1/2017
f 3191/1/2068 3192/1/2073 3190/1/2068
f 3187/1/2067 3191/1/2068 3190/1/2068
f 3192/1/2073 3193/1/2073 3190/1/2068
f 3193/1/2072 3194/1/2074 3152/1/2017
f 3173/1/2044 3194/1/2074 3193/1/2072
f 3193/1/2072 3192/1/2075 3195/1/2076
f 3195/1/2076 3196/1/2077 3193/1/2072
f 3193/1/2072 3196/1/2077 3173/1/2044
f 3197/1/2078 3196/1/2077 3195/1/2076
f 3197/1/2078 3172/1/2042 3196/1/2077
f 3172/1/2042 3173/1/2044 3196/1/2077
f 3198/1/2078 3197/1/2078 3195/1/2076
f 3199/1/2048 3197/1/2078 3198/1/2078
f 3172/1/2042 3197/1/2078 3175/1/2048
f 3199/1/2048 3175/1/2048 3197/1/2078
f 3175/1/2048 3199/1/2048 3200/1/2079
f 3199/1/2048 3202/1/2080 3200/1/2079
f 3199/1/2048 3198/1/2078 3201/1/2081
f 3199/1/2048 3201/1/2081 3202/1/2080
f 3201/1/2082 3204/1/2083 3202/1/2084
f 3203/1/2085 3202/1/2084 3204/1/2083
f 3200/1/2079 3202/1/2080 3203/1/2086
f 3206/1/2087 3204/1/2083 3205/1/2088
f 3207/1/2089 3205/1/2088 3204/1/2083
f 3204/1/2083 3206/1/2087 3203/1/2085
f 3204/1/2083 3208/1/2090 3207/1/2089
f 3201/1/2082 3208/1/2090 3204/1/2083
f 3209/1/2091 3207/1/2089 3208/1/2090
f 3208/1/2090 3210/1/2092 3209/1/2091
f 3210/1/2092 3208/1/2090 3201/1/2082
f 3210/1/2092 3211/1/2093 3212/1/2094
f 3211/1/2093 3210/1/2092 3213/1/2095
f 3212/1/2094 3209/1/2091 3210/1/2092
f 3201/1/2082 3213/1/2095 3210/1/2092
f 3214/1/2096 3211/1/2093 3213/1/2095
f 3215/1/2097 3214/1/2098 3213/1/2099
f 3198/1/2078 3213/1/2099 3201/1/2081
f 3215/1/2097 3213/1/2099 3198/1/2078
f 3195/1/2076 3215/1/2097 3198/1/2078
f 3215/1/2097 3195/1/2076 3192/1/2075
f 3214/1/2098 3215/1/2097 3216/1/2100
f 3192/1/2075 3216/1/2100 3215/1/2097
f 3217/1/2101 3216/1/2102 3218/1/2103
f 3216/1/2100 3217/1/2100 3214/1/2098
f 3216/1/2102 3192/1/2073 3191/1/2068
f 3216/1/2102 3191/1/2068 3218/1/2103
f 3218/1/2103 3220/1/2104 3217/1/2101
f 3219/1/2067 3218/1/2103 3191/1/2068
f 3218/1/2103 3219/1/2067 3221/1/2105
f 3218/1/2103 3221/1/2105 3220/1/2104
f 3221/1/2105 3222/1/2106 3223/1/2107
f 3224/1/2108 3222/1/2106 3221/1/2105
f 3220/1/2104 3221/1/2105 3223/1/2107
f 3221/1/2105 3225/1/2109 3224/1/2108
f 3219/1/2110 3225/1/2111 3221/1/2110
f 3203/1/2085 3224/1/2108 3225/1/2109
f 3226/1/2112 3203/1/2086 3225/1/2111
f 3226/1/2112 3225/1/2111 3227/1/2113
f 3219/1/2110 3227/1/2113 3225/1/2111
f 3187/1/2070 3188/1/2069 3227/1/2113
f 3219/1/2110 3187/1/2070 3227/1/2113
f 3228/1/2114 3226/1/2112 3227/1/2113
f 3228/1/2114 3227/1/2113 3188/1/2069
f 3189/1/2071 3179/1/2053 3228/1/2114
f 3228/1/2114 3179/1/2053 3177/1/2050
f 3226/1/2112 3228/1/2114 3176/1/2049
f 3176/1/2049 3228/1/2114 3177/1/2050
f 3228/1/2114 3188/1/2069 3189/1/2071
f 3203/1/2086 3226/1/2112 3200/1/2079
f 3176/1/2049 3200/1/2079 3226/1/2112
f 3222/1/2106 3224/1/2108 3110/1/1964
f 3224/1/2108 3230/1/2115 3110/1/1964
f 3224/1/2108 3206/1/2087 3229/1/2116
f 3229/1/2116 3230/1/2115 3224/1/2108
f 3203/1/2085 3206/1/2087 3224/1/2108
f 3110/1/1964 3230/1/2115 3112/1/1963
f 3229/1/2116 3112/1/1963 3230/1/2115
f 3229/1/2116 3231/1/2117 3112/1/1963
f 3229/1/2116 3205/1/2088 3231/1/2117
f 3205/1/2088 3229/1/2116 3206/1/2087
f 3112/1/1963 3231/1/2117 3232/1/2118
f 3231/1/2117 3233/1/2119 3232/1/2118
f 3231/1/2117 3234/1/2120 3233/1/2119
f 3205/1/2088 3234/1/2120 3231/1/2117
f 3164/1/2031 3165/1/2032 3234/1/2120
f 3207/1/2089 3164/1/2031 3234/1/2120
f 3165/1/2032 3233/1/2119 3234/1/2120
f 3207/1/2089 3234/1/2120 3205/1/2088
f 3167/1/2034 3233/1/2119 3165/1/2032
f 3233/1/2119 3167/1/2034 3183/1/2057
f 3183/1/2057 3232/1/2118 3233/1/2119
f 3232/1/2118 3183/1/2057 3148/1/2012
f 3148/1/2012 3235/1/2121 3232/1/2118
f 3232/1/2118 3235/1/2121 3112/1/1963
f 3111/1/1962 3235/1/2121 3148/1/2012
f 3112/1/1963 3235/1/2121 3111/1/1962
s 179
f 3236/1/2122 3223/1/2123 3113/1/2123
s 175
f 3223/1/2107 3236/1/2124 3217/1/2101
s 179
f 3223/1/2123 3222/1/2125 3113/1/2123
s 175
f 3217/1/2101 3220/1/2104 3223/1/2107
s 179
f 3236/1/2122 3113/1/2123 3237/1/2122
s 175
f 3211/1/2093 3236/1/2124 3237/1/2126
f 3217/1/2101 3236/1/2124 3211/1/2093
f 3237/1/2126 3113/1/1965 3116/1/1972
f 3237/1/2126 3116/1/1972 3161/1/2028
f 3212/1/2094 3237/1/2126 3161/1/2028
f 3211/1/2093 3237/1/2126 3212/1/2094
s 179
f 3222/1/2125 3110/1/2125 3113/1/2123
s 175
f 3191/1/2068 3187/1/2067 3219/1/2067
f 3214/1/2096 3217/1/2101 3211/1/2093
f 3212/1/2094 3161/1/2028 3209/1/2091
f 3207/1/2089 3209/1/2091 3162/1/2029
f 3161/1/2028 3162/1/2029 3209/1/2091
f 3162/1/2029 3164/1/2031 3207/1/2089
f 3200/1/2079 3176/1/2049 3175/1/2048
f 3152/1/2017 3194/1/2074 3153/1/2016
s 178
f 3194/1/2127 3159/1/2128 3153/1/2127
f 3194/1/2127 3173/1/2046 3159/1/2128
s 175
f 3189/1/2071 3182/1/2065 3179/1/2053
f 3183/1/2057 3167/1/2034 3170/1/2041
f 3182/1/2065 3180/1/2054 3179/1/2053
s 178
f 3158/1/2040 3159/1/2128 3173/1/2046
s 175
f 3161/1/2028 3116/1/1972 3155/1/2023
s 177
f 3115/1/1969 3155/1/2021 3116/1/1967
f 3119/1/1975 3149/1/2019 3115/1/1969
s 175
f 3146/1/2010 3149/1/2015 3119/1/1977
f 3142/1/2004 3146/1/2010 3238/1/2129
f 3238/1/2129 3146/1/2010 3119/1/1977
f 3238/1/2129 3239/1/2130 3142/1/2004
s 176
f 3239/1/2131 3238/1/2131 3127/1/1989
s 175
f 3238/1/2129 3119/1/1977 3120/1/1976
f 3127/1/1987 3238/1/2129 3120/1/1976
f 3142/1/2004 3239/1/2130 3136/1/1999
f 3136/1/1999 3239/1/2130 3128/1/1994
s 176
f 3127/1/1989 3128/1/1988 3239/1/2131
s 175
f 3082/1/1926 3084/1/1928 3141/1/2007
f 3139/1/2000 3240/1/2132 3141/1/2002
f 3141/1/2007 3240/1/2133 3082/1/1926
f 3081/1/1925 3082/1/1926 3240/1/2133
f 3240/1/2133 3055/1/2133 3081/1/1925
f 3055/1/1894 3240/1/2132 3060/1/1900
f 3139/1/2000 3060/1/1900 3240/1/2132
f 3059/1/1901 3060/1/1900 3139/1/2000
f 3133/1/1996 3136/1/1999 3128/1/1994
s 176
f 3130/1/1993 3124/1/1986 3092/1/1942
f 3092/1/1942 3089/1/1938 3130/1/1993
s 175
f 3097/1/1948 3092/1/1940 3124/1/1982
f 3241/1/2134 3099/1/1949 3122/1/1980
f 3068/1/1908 3241/1/2134 3122/1/1980
f 3100/1/1950 3241/1/2134 3069/1/1909
f 3069/1/1909 3241/1/2134 3068/1/1908
f 3099/1/1949 3241/1/2134 3100/1/1950
f 3111/1/1962 3242/1/2135 3102/1/1952
f 3094/1/1944 3242/1/2135 3111/1/1962
f 3096/1/1946 3102/1/1952 3242/1/2135
f 3242/1/2135 3094/1/1944 3096/1/1946
f 3069/1/1909 3103/1/1954 3100/1/1950
f 3069/1/1909 3071/1/1911 3103/1/1954
s 174
f 3053/1/1888 3062/1/1888 3052/1/1887
s 175
f 3060/1/1900 3056/1/1895 3055/1/1894
s 192
f 3263/1/2136 3260/1/2137 3259/1/2138
f 3262/1/2136 3259/1/2138 3261/1/2139
f 3259/1/2138 3262/1/2136 3263/1/2136
f 3264/1/15 3263/1/2136 3262/1/2136
f 3265/1/2140 3263/1/2136 3264/1/15
f 3260/1/2137 3263/1/2136 3265/1/2140
f 3264/1/15 3267/1/15 3265/1/2140
f 3260/1/2137 3265/1/2140 3269/1/2141
f 3269/1/2141 3265/1/2140 3266/1/2142
f 3268/1/15 3266/1/2142 3265/1/2140
f 3267/1/15 3268/1/15 3265/1/2140
f 3270/1/2143 3269/1/2141 3266/1/2142
f 3271/1/2144 3270/1/2143 3266/1/2142
f 3272/1/2145 3271/1/2144 3266/1/2142
f 3272/1/2145 3266/1/2142 3273/1/2146
s 193
f 3274/1/2147 3275/1/2148 3273/1/10
f 3273/1/10 3276/1/2149 3274/1/2147
s 192
f 3276/1/15 3273/1/2146 3266/1/2142
s 194
f 3277/1/5 3278/1/5 3276/1/5
s 192
f 3268/1/15 3277/1/15 3276/1/15
s 193
f 3274/1/2147 3276/1/2149 3278/1/2150
s 192
f 3276/1/15 3266/1/2142 3268/1/15
s 194
f 3278/1/5 3277/1/5 3279/1/5
f 3279/1/5 3280/1/5 3278/1/5
s 193
f 3278/1/2150 3280/1/2151 3282/1/2152
f 3278/1/2150 3281/1/2153 3274/1/2147
f 3282/1/2152 3281/1/2153 3278/1/2150
f 3283/1/2154 3282/1/2152 3280/1/2151
f 3280/1/2151 3284/1/2155 3283/1/2154
s 194
f 3279/1/5 3284/1/5 3280/1/5
s 195
f 3284/1/2156 3279/1/2157 3286/1/2158
f 3285/1/2159 3284/1/2156 3287/1/2160
f 3286/1/2158 3287/1/2160 3284/1/2156
f 3287/1/2160 3289/1/2161 3288/1/2162
f 3288/1/2162 3285/1/2159 3287/1/2160
f 3286/1/2158 3289/1/2161 3287/1/2160
f 3288/1/2162 3289/1/2161 3290/1/2163
f 3291/1/2164 3289/1/24 3286/1/24
f 3292/1/2165 3290/1/24 3289/1/24
f 3289/1/24 3291/1/2164 3292/1/2165
f 3292/1/2165 3296/1/2166 3293/1/2167
f 3293/1/2167 3294/1/2168 3292/1/2165
f 3290/1/24 3292/1/2165 3294/1/2168
f 3295/1/2169 3292/1/2165 3291/1/2164
f 3295/1/2169 3296/1/2166 3292/1/2165
f 3295/1/2170 3296/1/2171 3297/1/2172
f 3297/1/2172 3296/1/2171 3293/1/2173
f 3299/1/2174 3298/1/2175 3297/1/2172
f 3297/1/2172 3298/1/2175 3295/1/2170
f 3299/1/2174 3297/1/2172 3300/1/2176
f 3293/1/2173 3300/1/2176 3297/1/2172
f 3299/1/2174 3300/1/2176 3301/1/2177
f 3302/1/2178 3301/1/2177 3300/1/2176
f 3300/1/2176 3293/1/2173 3302/1/2178
f 3301/1/2177 3302/1/2178 3303/1/2179
f 3294/1/2168 3293/1/2167 3302/1/2180
f 3304/1/2181 3302/1/2180 3303/1/2182
f 3302/1/2180 3304/1/2181 3294/1/2168
f 3303/1/2182 3307/1/2183 3304/1/2181
f 3305/1/24 3304/1/2181 3307/1/2183
f 3304/1/2181 3305/1/24 3306/1/24
f 3294/1/2168 3304/1/2181 3306/1/24
f 3303/1/2182 3308/1/2184 3307/1/2183
f 3308/1/2184 3309/1/2185 3307/1/2183
f 3307/1/2183 3310/1/24 3305/1/24
f 3307/1/2183 3309/1/2185 3310/1/24
f 3313/1/2186 3311/1/2187 3310/1/2188
f 3305/1/2189 3310/1/2188 3311/1/2187
f 3310/1/2188 3312/1/2190 3313/1/2186
f 3309/1/2185 3312/1/24 3310/1/24
f 3315/1/2191 3314/1/2192 3313/1/2186
f 3312/1/2190 3315/1/2191 3313/1/2186
f 3315/1/2191 3317/1/2193 3316/1/2194
f 3315/1/2191 3316/1/2194 3318/1/2195
f 3315/1/2191 3309/1/2185 3317/1/2193
f 3309/1/2185 3315/1/24 3312/1/24
f 3314/1/2192 3315/1/2191 3318/1/2195
f 3314/1/2192 3318/1/2195 3319/1/2196
f 3320/1/2197 3317/1/2198 3321/1/2199
f 3320/1/2197 3299/1/2174 3317/1/2198
f 3317/1/2193 3321/1/2200 3316/1/2194
f 3309/1/2185 3308/1/2184 3317/1/2193
f 3317/1/2198 3299/1/2174 3322/1/2201
f 3322/1/2201 3308/1/2202 3317/1/2198
f 3323/1/2203 3322/1/2201 3299/1/2174
f 3322/1/2201 3323/1/2203 3303/1/2179
f 3303/1/2179 3308/1/2202 3322/1/2201
f 3299/1/2174 3301/1/2177 3323/1/2203
f 3323/1/2203 3301/1/2177 3303/1/2179
f 3324/1/10 3320/1/10 3325/1/10
f 3326/1/2204 3299/1/2174 3320/1/2197
f 3320/1/2197 3325/1/2205 3326/1/2204
f 3299/1/2174 3326/1/2204 3328/1/2206
f 3327/1/2207 3326/1/2204 3325/1/2205
f 3329/1/2208 3326/1/2204 3327/1/2207
f 3330/1/2209 3328/1/2206 3326/1/2204
f 3326/1/2204 3329/1/2208 3334/1/2210
f 3331/1/2211 3330/1/2209 3326/1/2204
f 3332/1/2212 3331/1/2211 3326/1/2204
f 3333/1/2213 3332/1/2212 3326/1/2204
f 3334/1/2210 3333/1/2213 3326/1/2204
f 3334/1/2210 3329/1/2208 3335/1/2214
f 3334/1/2210 3335/1/2214 3336/1/2179
f 3334/1/2210 3336/1/2179 3337/1/2215
f 3337/1/2215 3333/1/2213 3334/1/2210
f 3332/1/2212 3333/1/2213 3337/1/2215
f 3332/1/2212 3337/1/2215 3338/1/2173
f 3337/1/2216 3338/1/2217 3340/1/2218
f 3336/1/2219 3337/1/2216 3339/1/2220
f 3337/1/2216 3340/1/2218 3339/1/2220
f 3338/1/2217 3341/1/2221 3340/1/2218
f 3339/1/2220 3340/1/2218 3343/1/5
f 3340/1/2218 3341/1/2221 3342/1/5
f 3340/1/2218 3342/1/5 3343/1/5
f 3343/1/5 3344/1/5 3339/1/2220
f 3345/1/2222 3344/1/2223 3343/1/2224
f 3343/1/2224 3342/1/2225 3347/1/2226
f 3343/1/2224 3346/1/2227 3345/1/2222
f 3343/1/2224 3347/1/2226 3346/1/2227
f 3342/1/2225 3348/1/2228 3347/1/2226
s 196
f 3348/1/706 3352/1/706 3349/1/706
s 195
f 3348/1/2228 3350/1/2229 3351/1/2230
f 3342/1/2225 3350/1/2229 3348/1/2228
s 197
f 3353/1/2231 3352/1/2232 3351/1/2233
s 196
f 3353/1/706 3349/1/706 3352/1/706
s 195
f 3354/1/2234 3355/1/2235 3353/1/2231
f 3356/1/2236 3354/1/2234 3353/1/2231
s 198
f 3355/1/24 3359/1/24 3353/1/24
s 199
f 3358/1/2237 3357/1/2238 3353/1/2239
f 3353/1/2239 3359/1/2240 3358/1/2237
s 198
f 3361/1/24 3359/1/24 3355/1/24
s 199
f 3359/1/2240 3361/1/2241 3360/1/2242
f 3359/1/2240 3360/1/2242 3358/1/2237
s 198
f 3355/1/24 3362/1/24 3361/1/24
s 199
f 3363/1/2243 3360/1/2242 3361/1/2241
s 198
f 3361/1/24 3362/1/24 3364/1/24
s 199
f 3361/1/2241 3364/1/2244 3363/1/2243
f 3365/1/2245 3363/1/2243 3364/1/2244
f 3364/1/2244 3366/1/10 3365/1/2245
s 192
f 3366/1/2246 3364/1/15 3367/1/2247
f 3368/1/15 3367/1/2247 3364/1/15
f 3364/1/15 3362/1/15 3368/1/15
s 195
f 3368/1/14 3371/1/14 3369/1/2248
f 3369/1/2248 3370/1/2249 3368/1/14
s 192
f 3372/1/2250 3368/1/15 3370/1/15
f 3372/1/2250 3367/1/2247 3368/1/15
s 195
f 3368/1/14 3362/1/14 3371/1/14
s 192
f 3373/1/2251 3372/1/2250 3261/1/2139
f 3367/1/2247 3372/1/2250 3373/1/2251
f 3262/1/2136 3372/1/2250 3370/1/15
f 3261/1/2139 3372/1/2250 3262/1/2136
f 3367/1/2247 3373/1/2251 3374/1/2252
f 3366/1/2246 3367/1/2247 3374/1/2252
s 195
f 3376/1/2253 3369/1/10 3371/1/10
f 3371/1/14 3362/1/14 3355/1/2235
f 3371/1/14 3355/1/2235 3354/1/2234
f 3371/1/10 3375/1/2254 3376/1/2253
f 3356/1/5 3375/1/2254 3371/1/5
f 3371/1/5 3354/1/5 3356/1/5
f 3378/1/2255 3376/1/2256 3377/1/2257
f 3376/1/2253 3377/1/10 3328/1/10
f 3376/1/2253 3375/1/2254 3378/1/2258
f 3379/1/10 3369/1/10 3376/1/2253
f 3328/1/10 3379/1/10 3376/1/2253
f 3380/1/2259 3381/1/2260 3379/1/2261
f 3382/1/10 3380/1/10 3379/1/10
f 3379/1/10 3328/1/10 3382/1/10
f 3370/1/2249 3379/1/2261 3381/1/2260
f 3370/1/2249 3369/1/2248 3379/1/2261
f 3383/1/2262 3384/1/2263 3382/1/2264
f 3385/1/2265 3382/1/10 3383/1/10
f 3384/1/2263 3298/1/2175 3382/1/2264
f 3299/1/2174 3382/1/2264 3298/1/2175
f 3328/1/2206 3382/1/2264 3299/1/2174
f 3385/1/2265 3380/1/10 3382/1/10
f 3383/1/2262 3385/1/2256 3386/1/2266
f 3387/1/2267 3385/1/2265 3386/1/2268
f 3385/1/2265 3387/1/2267 3388/1/10
f 3389/1/10 3385/1/2265 3388/1/10
f 3385/1/2265 3389/1/10 3380/1/10
f 3380/1/2259 3389/1/2269 3267/1/2270
f 3267/1/2270 3389/1/2269 3268/1/14
f 3389/1/2269 3388/1/14 3268/1/14
f 3279/1/2157 3277/1/14 3388/1/14
f 3388/1/14 3390/1/2271 3279/1/2157
f 3388/1/24 3387/1/2267 3286/1/24
f 3388/1/14 3277/1/14 3268/1/14
f 3388/1/24 3286/1/24 3390/1/24
f 3279/1/2157 3390/1/2271 3286/1/2158
f 3291/1/2164 3387/1/2267 3386/1/2268
f 3286/1/24 3387/1/2267 3291/1/2164
f 3384/1/2263 3383/1/2262 3386/1/2266
f 3298/1/2175 3384/1/2263 3386/1/2266
f 3298/1/2175 3386/1/2266 3295/1/2170
f 3386/1/2268 3295/1/2169 3291/1/2164
f 3380/1/2259 3264/1/2259 3381/1/2260
s 192
f 3262/1/2136 3381/1/15 3264/1/15
f 3262/1/2136 3370/1/15 3381/1/15
s 195
f 3267/1/2270 3264/1/2259 3380/1/2259
f 3377/1/2257 3391/1/2272 3378/1/2255
f 3393/1/2273 3378/1/2255 3391/1/2272
f 3378/1/2258 3375/1/2254 3392/1/2274
f 3393/1/2275 3378/1/2258 3392/1/2274
f 3330/1/2209 3394/1/2276 3393/1/2273
f 3391/1/2272 3330/1/2209 3393/1/2273
f 3341/1/2221 3394/1/2277 3393/1/2275
f 3393/1/2275 3392/1/2274 3341/1/2221
f 3338/1/2173 3394/1/2276 3331/1/2211
f 3338/1/2217 3394/1/2277 3341/1/2221
f 3330/1/2209 3331/1/2211 3394/1/2276
f 3341/1/2221 3392/1/2274 3350/1/5
f 3392/1/2274 3375/1/2254 3356/1/5
f 3392/1/2274 3356/1/5 3350/1/5
f 3391/1/2272 3377/1/2257 3328/1/2206
f 3328/1/2206 3330/1/2209 3391/1/2272
f 3350/1/2229 3356/1/2278 3351/1/2230
f 3341/1/2221 3350/1/5 3342/1/5
f 3344/1/2223 3345/1/2222 3395/1/2279
f 3396/1/2280 3395/1/2279 3397/1/2281
f 3395/1/2279 3396/1/2280 3344/1/2223
f 3397/1/2281 3400/1/2282 3398/1/2283
f 3398/1/2283 3399/1/2190 3397/1/2281
f 3399/1/2190 3396/1/2280 3397/1/2281
f 3398/1/2283 3400/1/2282 3401/1/2284
f 3401/1/2284 3402/1/2285 3398/1/2283
f 3402/1/2285 3403/1/2286 3398/1/2283
f 3327/1/2287 3403/1/2286 3404/1/2288
f 3403/1/2286 3327/1/2287 3398/1/2283
f 3325/1/2205 3404/1/2289 3327/1/2207
f 3398/1/5 3405/1/2290 3399/1/5
f 3396/1/5 3399/1/5 3405/1/2290
f 3405/1/2290 3398/1/2283 3327/1/2287
f 3406/1/2291 3405/1/2290 3335/1/2292
f 3405/1/2290 3406/1/2291 3396/1/5
f 3327/1/2287 3335/1/2292 3405/1/2290
f 3336/1/2219 3339/1/2220 3406/1/2291
f 3406/1/2291 3339/1/2220 3344/1/5
f 3406/1/2291 3344/1/5 3396/1/5
f 3335/1/2292 3336/1/2219 3406/1/2291
f 3331/1/2211 3332/1/2212 3338/1/2173
f 3329/1/2208 3327/1/2207 3335/1/2214
s 200
f 3408/1/2293 3324/1/2294 3407/1/2295
f 3324/1/2294 3411/1/2296 3407/1/2295
f 3324/1/2294 3410/1/2297 3409/1/2298
f 3324/1/2294 3409/1/2298 3411/1/2296
s 195
f 3305/1/2189 3311/1/2187 3412/1/2299
f 3306/1/2300 3412/1/2299 3413/1/2227
f 3306/1/2300 3305/1/2189 3412/1/2299
f 3306/1/2300 3413/1/2227 3414/1/2301
f 3290/1/2163 3414/1/2301 3288/1/2162
f 3414/1/2301 3290/1/2163 3306/1/2300
f 3294/1/2168 3306/1/24 3290/1/24
s 201
f 3416/1/5 3417/1/5 3415/1/5
f 3419/1/5 3416/1/5 3415/1/5
f 3415/1/5 3417/1/5 3418/1/5
s 202
f 3421/1/2302 3415/1/2303 3418/1/2304
s 201
f 3419/1/5 3415/1/5 3420/1/5
s 202
f 3420/1/2305 3415/1/2303 3422/1/2306
f 3415/1/2303 3421/1/2302 3422/1/2306
f 3423/1/2307 3420/1/2305 3422/1/2306
f 3423/1/2307 3422/1/2306 3425/1/2308
f 3422/1/5 3421/1/5 3424/1/5
f 3424/1/5 3425/1/2308 3422/1/5
f 3426/1/2309 3427/1/2310 3425/1/2308
f 3424/1/5 3426/1/2309 3425/1/2308
f 3423/1/2307 3425/1/2308 3427/1/2310
s 203
f 3429/1/2311 3428/1/2311 3427/1/2311
s 204
f 3431/1/618 3427/1/618 3428/1/618
s 203
f 3427/1/2311 3430/1/2311 3429/1/2311
s 205
f 3427/1/2312 3426/1/2312 3430/1/1114
s 202
f 3423/1/2307 3427/1/2310 3432/1/2313
s 205
f 3432/1/2314 3427/1/2314 3431/1/2315
s 202
f 3432/1/2313 3420/1/2305 3423/1/2307
f 3420/1/2305 3432/1/2313 3434/1/2313
s 205
f 3435/1/2315 3432/1/2314 3431/1/2315
s 206
f 3433/1/706 3432/1/706 3435/1/706
s 202
f 3434/1/2313 3432/1/2313 3433/1/2311
s 205
f 3435/1/2315 3431/1/2315 3436/1/2316
f 3435/1/2315 3436/1/2316 3440/1/2316
s 207
f 3438/1/2317 3437/1/2317 3435/1/2317
s 206
f 3435/1/706 3437/1/706 3433/1/706
s 207
f 3435/1/2317 3439/1/2317 3438/1/2317
s 205
f 3439/1/2315 3435/1/2315 3440/1/2316
f 3440/1/2316 3436/1/2316 3441/1/2318
f 3439/1/2315 3440/1/2316 3441/1/2318
s 208
f 3442/1/2319 3441/1/2319 3436/1/2319
f 3445/1/2320 3441/1/2319 3442/1/2319
s 205
f 3441/1/2318 3445/1/2321 3443/1/2322
f 3443/1/2322 3444/1/2323 3441/1/2318
f 3444/1/2323 3439/1/2315 3441/1/2318
s 208
f 3447/1/2324 3445/1/2320 3446/1/2325
f 3446/1/2325 3445/1/2320 3442/1/2319
s 205
f 3443/1/2322 3445/1/2321 3447/1/2326
s 208
f 3448/1/2327 3449/1/2328 3447/1/2324
f 3446/1/2325 3448/1/2327 3447/1/2324
f 3447/1/2324 3449/1/2328 3450/1/2329
s 205
f 3451/1/2330 3447/1/2326 3450/1/24
f 3451/1/2330 3443/1/2322 3447/1/2326
f 3450/1/24 3452/1/24 3451/1/2330
s 209
f 3451/1/5 3452/1/5 3453/1/5
f 3451/1/5 3453/1/5 3454/1/5
s 210
f 3455/1/2331 3451/1/2332 3454/1/2332
s 211
f 3451/1/2333 3455/1/2334 3443/1/2317
f 3456/1/2317 3444/1/2317 3455/1/2334
f 3455/1/2334 3459/1/2335 3456/1/2317
s 210
f 3457/1/24 3459/1/24 3455/1/2331
f 3455/1/2331 3458/1/2336 3457/1/24
f 3455/1/2331 3454/1/2332 3458/1/2336
s 211
f 3455/1/2334 3444/1/2317 3443/1/2317
s 202
f 3461/1/2337 3459/1/2338 3460/1/2339
f 3460/1/2339 3459/1/2338 3457/1/2340
f 3461/1/2337 3456/1/2337 3459/1/2338
f 3465/1/2341 3461/1/2337 3460/1/2339
f 3462/1/2342 3464/1/2343 3461/1/2337
f 3465/1/2341 3462/1/2342 3461/1/2337
f 3461/1/2337 3464/1/2343 3463/1/2337
f 3456/1/2337 3461/1/2337 3463/1/2337
f 3466/1/2344 3465/1/2341 3460/1/2339
f 3466/1/2344 3467/1/2345 3465/1/2341
f 3462/1/2342 3465/1/2341 3468/1/2346
f 3465/1/2341 3467/1/2345 3468/1/2346
s 212
f 3470/1/2347 3468/1/2348 3469/1/5
s 213
f 3469/1/10 3468/1/10 3473/1/10
s 212
f 3470/1/2347 3471/1/2349 3468/1/2348
s 202
f 3468/1/2346 3471/1/2350 3472/1/2351
f 3472/1/2351 3462/1/2342 3468/1/2346
f 3468/1/2352 3474/1/2353 3473/1/2354
s 214
f 3474/1/2355 3468/1/2356 3475/1/24
f 3475/1/24 3468/1/2356 3467/1/24
s 202
f 3475/1/2357 3467/1/2345 3477/1/2358
f 3475/1/2357 3477/1/2358 3476/1/2359
f 3474/1/2353 3475/1/2357 3476/1/2359
f 3467/1/2345 3478/1/2360 3477/1/2358
f 3477/1/2358 3478/1/2360 3479/1/5
f 3476/1/2359 3477/1/2358 3479/1/5
f 3478/1/2360 3481/1/5 3479/1/5
s 213
f 3473/1/10 3479/1/10 3469/1/10
s 215
f 3480/1/2361 3469/1/2362 3479/1/2363
s 202
f 3479/1/5 3473/1/2354 3476/1/2359
s 215
f 3479/1/2363 3481/1/2364 3480/1/2361
s 202
f 3481/1/5 3478/1/2360 3482/1/2365
s 216
f 3481/1/2366 3482/1/2367 3483/1/2368
s 215
f 3480/1/2361 3481/1/2364 3484/1/2369
s 216
f 3483/1/2368 3484/1/2370 3481/1/2366
s 215
f 3484/1/2369 3486/1/2371 3480/1/2361
s 216
f 3485/1/2329 3453/1/2372 3484/1/2370
s 215
f 3486/1/2371 3484/1/2369 3453/1/2373
s 216
f 3485/1/2329 3484/1/2370 3483/1/2368
s 217
f 3487/1/2374 3480/1/2374 3486/1/2375
f 3486/1/2375 3449/1/2375 3487/1/2374
s 215
f 3452/1/2373 3486/1/2371 3453/1/2373
s 217
f 3486/1/2375 3452/1/2316 3450/1/2316
f 3450/1/2316 3449/1/2375 3486/1/2375
s 212
f 3489/1/5 3487/1/5 3488/1/5
s 208
f 3488/1/2376 3487/1/2377 3449/1/2328
s 212
f 3489/1/5 3480/1/5 3487/1/5
f 3489/1/2378 3488/1/2379 3448/1/2379
f 3480/1/5 3489/1/5 3490/1/5
f 3490/1/5 3489/1/5 3491/1/5
f 3493/1/2380 3491/1/2380 3489/1/2378
f 3492/1/2381 3489/1/2378 3448/1/2379
f 3489/1/2378 3492/1/2381 3493/1/2380
f 3493/1/2380 3496/1/2382 3494/1/2383
f 3493/1/2380 3494/1/2383 3491/1/2380
s 218
f 3492/1/2384 3495/1/2384 3493/1/2384
s 219
f 3496/1/24 3493/1/24 3495/1/24
s 212
f 3497/1/2385 3494/1/2383 3496/1/2382
f 3496/1/2382 3498/1/2386 3497/1/2385
s 219
f 3495/1/24 3499/1/24 3496/1/24
f 3499/1/24 3498/1/24 3496/1/24
s 212
f 3499/1/2387 3495/1/2388 3503/1/2389
f 3502/1/2390 3499/1/2387 3500/1/2391
f 3503/1/2389 3500/1/2391 3499/1/2387
s 219
f 3501/1/24 3499/1/24 3502/1/24
f 3499/1/24 3501/1/24 3498/1/24
s 220
f 3503/1/2392 3504/1/618 3506/1/2393
s 221
f 3504/1/2394 3503/1/2394 3505/1/2394
s 212
f 3508/1/2395 3505/1/2395 3503/1/2389
s 220
f 3503/1/2392 3506/1/2393 3500/1/2396
s 212
f 3503/1/2389 3495/1/2388 3507/1/2397
f 3503/1/2389 3507/1/2397 3508/1/2395
f 3509/1/2398 3510/1/14 3508/1/14
f 3508/1/14 3512/1/2398 3509/1/2398
f 3505/1/2395 3508/1/2395 3510/1/2395
f 3507/1/14 3511/1/2398 3508/1/14
f 3511/1/2398 3512/1/2398 3508/1/14
f 3446/1/2379 3442/1/2379 3512/1/2398
f 3509/1/2398 3512/1/2398 3442/1/2379
f 3512/1/2398 3511/1/2398 3446/1/2379
f 3511/1/2398 3492/1/2381 3446/1/2379
f 3495/1/14 3492/1/2381 3511/1/2398
f 3511/1/2398 3507/1/14 3495/1/14
f 3510/1/14 3509/1/2398 3515/1/2398
f 3510/1/14 3515/1/2398 3513/1/14
f 3514/1/2395 3510/1/2395 3513/1/2395
f 3510/1/2395 3514/1/2395 3505/1/2395
f 3519/1/2398 3515/1/2398 3516/1/2379
f 3517/1/2379 3516/1/2379 3515/1/2398
f 3515/1/2398 3509/1/2398 3517/1/2379
f 3515/1/2398 3519/1/2398 3518/1/14
f 3518/1/14 3513/1/14 3515/1/2398
f 3518/1/14 3519/1/2398 3520/1/2398
f 3516/1/2379 3521/1/2379 3519/1/2398
f 3520/1/2398 3519/1/2398 3522/1/2379
f 3519/1/2398 3521/1/2379 3522/1/2379
s 208
f 3526/1/2399 3523/1/2400 3522/1/2401
s 212
f 3522/1/2379 3523/1/2379 3525/1/2398
s 208
f 3524/1/2402 3522/1/2401 3521/1/2319
f 3522/1/2401 3524/1/2402 3526/1/2399
s 212
f 3525/1/2398 3520/1/2398 3522/1/2379
s 208
f 3528/1/2403 3526/1/2399 3527/1/2329
s 205
f 3530/1/2404 3527/1/5 3526/1/2405
s 208
f 3526/1/2399 3528/1/2403 3523/1/2400
s 205
f 3526/1/2405 3524/1/2406 3529/1/2407
f 3529/1/2407 3530/1/2404 3526/1/2405
s 222
f 3531/1/2408 3530/1/2408 3532/1/2409
s 223
f 3530/1/24 3531/1/24 3534/1/24
s 224
f 3532/1/2410 3530/1/2411 3529/1/2317
s 205
f 3530/1/2404 3533/1/5 3527/1/5
s 223
f 3534/1/24 3533/1/24 3530/1/24
s 225
f 3535/1/2412 3533/1/2373 3534/1/2373
s 226
f 3534/1/2413 3531/1/2414 3539/1/2415
s 225
f 3534/1/2373 3536/1/2416 3535/1/2412
s 226
f 3536/1/2327 3534/1/2413 3537/1/2329
f 3534/1/2413 3538/1/2335 3537/1/2329
f 3539/1/2415 3538/1/2335 3534/1/2413
s 222
f 3532/1/2409 3539/1/2417 3531/1/2408
f 3532/1/2409 3538/1/5 3539/1/2417
f 3532/1/2409 3540/1/5 3538/1/5
s 202
f 3540/1/2340 3541/1/2340 3538/1/2340
f 3541/1/2340 3537/1/2340 3538/1/2340
s 227
f 3542/1/2418 3541/1/2418 3540/1/2418
s 202
f 3537/1/2340 3541/1/2340 3542/1/2419
f 3543/1/2340 3542/1/2419 3544/1/2420
f 3542/1/2419 3543/1/2340 3537/1/2340
f 3542/1/2419 3547/1/2421 3544/1/2420
f 3540/1/2337 3548/1/2422 3542/1/2419
f 3542/1/2419 3548/1/2422 3545/1/2423
f 3542/1/2419 3545/1/2423 3546/1/2424
f 3546/1/2424 3547/1/2421 3542/1/2419
f 3549/1/2425 3545/1/2423 3548/1/2422
f 3548/1/2422 3552/1/2426 3549/1/2425
f 3550/1/2427 3552/1/2426 3548/1/2422
f 3548/1/2422 3551/1/2337 3550/1/2427
f 3540/1/2337 3551/1/2337 3548/1/2422
f 3553/1/2428 3549/1/2425 3552/1/2426
f 3552/1/2426 3550/1/2427 3553/1/2428
f 3553/1/2428 3556/1/2429 3549/1/2425
f 3556/1/2429 3553/1/2428 3554/1/2430
f 3555/1/2431 3554/1/2430 3553/1/2428
f 3550/1/2427 3555/1/2431 3553/1/2428
s 228
f 3560/1/2432 3549/1/2433 3556/1/2434
s 229
f 3557/1/24 3558/1/24 3556/1/24
f 3559/1/24 3557/1/24 3556/1/24
f 3560/1/24 3556/1/24 3558/1/24
s 202
f 3561/1/2435 3559/1/2436 3556/1/2429
f 3556/1/2429 3554/1/2430 3561/1/2435
f 3559/1/2436 3561/1/2435 3563/1/2437
s 230
f 3562/1/5 3561/1/5 3554/1/5
f 3562/1/5 3563/1/5 3561/1/5
s 202
f 3563/1/2437 3564/1/2437 3559/1/2436
f 3565/1/2438 3564/1/2437 3563/1/2437
f 3563/1/2437 3566/1/2438 3565/1/2438
s 230
f 3562/1/5 3566/1/5 3563/1/5
f 3566/1/5 3562/1/5 3567/1/5
f 3567/1/5 3568/1/5 3566/1/5
s 202
f 3566/1/2438 3568/1/2439 3565/1/2438
f 3568/1/2439 3570/1/9 3569/1/2440
f 3568/1/2439 3569/1/2440 3565/1/2438
s 230
f 3567/1/5 3570/1/5 3568/1/5
s 231
f 3572/1/15 3570/1/15 3571/1/15
s 230
f 3571/1/5 3570/1/5 3573/1/5
s 202
f 3570/1/9 3572/1/9 3569/1/2440
s 230
f 3573/1/5 3570/1/5 3574/1/5
f 3570/1/5 3567/1/5 3574/1/5
s 232
f 3575/1/10 3580/1/10 3574/1/10
f 3575/1/10 3574/1/10 3581/1/10
s 230
f 3574/1/5 3576/1/5 3577/1/5
f 3574/1/5 3578/1/5 3576/1/5
s 202
f 3574/1/2314 3567/1/2441 3581/1/2314
s 230
f 3574/1/5 3577/1/5 3579/1/5
f 3578/1/5 3574/1/5 3583/1/5
f 3574/1/5 3579/1/5 3573/1/5
s 232
f 3580/1/10 3582/1/10 3574/1/10
f 3574/1/10 3582/1/10 3583/1/10
s 233
f 3583/1/9 3582/1/9 3584/1/9
f 3585/1/9 3583/1/9 3584/1/9
s 230
f 3578/1/5 3583/1/5 3585/1/5
s 234
f 3585/1/2442 3584/1/2442 3586/1/2443
f 3578/1/2443 3585/1/2442 3586/1/2443
f 3586/1/2443 3587/1/2444 3576/1/2445
f 3576/1/2445 3578/1/2443 3586/1/2443
s 229
f 3580/1/2446 3587/1/24 3586/1/24
f 3582/1/24 3580/1/2446 3586/1/24
f 3586/1/24 3584/1/24 3582/1/24
s 234
f 3587/1/2444 3588/1/2447 3577/1/2447
s 229
f 3588/1/24 3587/1/24 3580/1/2446
s 234
f 3577/1/2447 3576/1/2445 3587/1/2444
s 229
f 3588/1/24 3580/1/2446 3589/1/24
f 3589/1/24 3591/1/24 3588/1/24
s 234
f 3577/1/2447 3588/1/2447 3590/1/2448
s 229
f 3590/1/24 3588/1/24 3591/1/24
s 235
f 3593/1/2449 3592/1/2450 3591/1/2451
f 3594/1/2452 3591/1/2451 3592/1/2450
f 3591/1/2451 3589/1/2449 3593/1/2449
s 229
f 3591/1/24 3594/1/24 3590/1/24
s 236
f 3596/1/2453 3594/1/2454 3595/1/2454
s 235
f 3592/1/2450 3595/1/2452 3594/1/2452
s 229
f 3597/1/24 3594/1/24 3596/1/24
f 3597/1/24 3590/1/24 3594/1/24
s 237
f 3597/1/2455 3598/1/2456 3599/1/2455
s 229
f 3596/1/24 3598/1/24 3597/1/24
s 238
f 3600/1/2457 3597/1/2458 3599/1/2458
s 229
f 3600/1/24 3601/1/24 3597/1/24
f 3597/1/24 3601/1/24 3590/1/24
s 234
f 3601/1/2459 3579/1/2460 3590/1/2448
s 229
f 3604/1/24 3602/1/2461 3601/1/24
f 3602/1/2461 3603/1/24 3601/1/24
s 234
f 3573/1/2462 3579/1/2460 3601/1/2459
f 3601/1/2459 3603/1/2463 3573/1/2462
s 229
f 3600/1/24 3604/1/24 3601/1/24
f 3604/1/24 3606/1/24 3572/1/24
f 3604/1/24 3572/1/24 3603/1/24
f 3604/1/24 3600/1/24 3605/1/24
f 3604/1/24 3605/1/24 3608/1/24
f 3609/1/24 3606/1/24 3604/1/24
f 3607/1/24 3609/1/24 3604/1/24
f 3610/1/24 3607/1/24 3604/1/24
f 3604/1/24 3608/1/24 3610/1/24
f 3603/1/24 3602/1/2461 3604/1/24
f 3611/1/24 3607/1/24 3610/1/24
f 3613/1/24 3611/1/24 3610/1/24
s 239
f 3610/1/2464 3608/1/2465 3612/1/2464
f 3613/1/2466 3610/1/2464 3612/1/2464
f 3615/1/2467 3613/1/2466 3614/1/2468
f 3612/1/2464 3614/1/2468 3613/1/2466
s 229
f 3613/1/24 3615/1/24 3616/1/2469
f 3611/1/24 3613/1/24 3616/1/2469
f 3620/1/2446 3617/1/2470 3616/1/2469
f 3617/1/2470 3619/1/2471 3616/1/2469
f 3611/1/24 3616/1/2469 3618/1/24
f 3618/1/24 3616/1/2469 3619/1/2471
f 3615/1/24 3620/1/2446 3616/1/2469
f 3621/1/24 3623/1/24 3620/1/2446
f 3622/1/24 3621/1/24 3620/1/2446
f 3622/1/24 3620/1/2446 3615/1/24
f 3623/1/24 3617/1/2470 3620/1/2446
s 238
f 3625/1/2472 3623/1/2472 3621/1/2473
s 237
f 3624/1/2474 3623/1/2475 3625/1/2475
s 229
f 3624/1/24 3617/1/2470 3623/1/24
s 237
f 3625/1/2475 3626/1/2476 3624/1/2474
s 240
f 3625/1/24 3627/1/24 3626/1/24
s 238
f 3621/1/2473 3627/1/2473 3625/1/2472
f 3628/1/2477 3627/1/2473 3621/1/2473
s 240
f 3627/1/24 3629/1/24 3626/1/24
f 3627/1/24 3628/1/24 3629/1/24
s 237
f 3626/1/2476 3629/1/2456 3598/1/2456
f 3598/1/2456 3629/1/2456 3599/1/2455
s 240
f 3599/1/24 3629/1/24 3628/1/24
s 238
f 3599/1/2458 3628/1/2477 3600/1/2457
f 3621/1/2473 3600/1/2457 3628/1/2477
s 237
f 3598/1/2456 3624/1/2474 3626/1/2476
s 229
f 3624/1/24 3598/1/24 3596/1/24
f 3624/1/24 3630/1/24 3617/1/2470
f 3596/1/24 3630/1/24 3624/1/24
s 236
f 3630/1/2478 3596/1/2453 3634/1/2479
f 3631/1/2480 3633/1/2480 3630/1/2478
f 3630/1/2478 3632/1/2478 3631/1/2480
f 3634/1/2479 3632/1/2478 3630/1/2478
s 229
f 3630/1/24 3633/1/24 3617/1/2470
s 241
f 3592/1/24 3632/1/24 3634/1/24
f 3595/1/24 3592/1/24 3634/1/24
s 236
f 3596/1/2453 3595/1/2454 3634/1/2479
s 235
f 3633/1/2481 3631/1/2481 3593/1/2449
f 3589/1/2449 3633/1/2481 3593/1/2449
s 229
f 3589/1/24 3635/1/2482 3633/1/24
f 3633/1/24 3635/1/2482 3617/1/2470
f 3635/1/2482 3580/1/2446 3617/1/2470
f 3589/1/24 3580/1/2446 3635/1/2482
s 241
f 3631/1/24 3632/1/24 3593/1/24
f 3592/1/24 3593/1/24 3632/1/24
s 242
f 3622/1/2483 3636/1/2483 3638/1/2484
f 3637/1/2485 3636/1/2483 3622/1/2483
f 3605/1/2486 3622/1/2483 3638/1/2484
s 229
f 3622/1/24 3605/1/24 3600/1/24
s 242
f 3622/1/2483 3615/1/2485 3637/1/2485
s 229
f 3600/1/24 3621/1/24 3622/1/24
s 243
f 3638/1/24 3636/1/24 3614/1/24
s 242
f 3605/1/2486 3638/1/2484 3639/1/2487
s 243
f 3639/1/24 3638/1/24 3612/1/24
f 3638/1/24 3614/1/24 3612/1/24
s 242
f 3639/1/2487 3608/1/2487 3605/1/2486
s 239
f 3608/1/2465 3639/1/2465 3612/1/2464
s 243
f 3637/1/24 3614/1/24 3636/1/24
s 239
f 3615/1/2467 3614/1/2468 3637/1/2467
s 212
f 3641/1/2488 3619/1/14 3617/1/14
s 229
f 3643/1/24 3618/1/24 3619/1/2471
f 3644/1/24 3619/1/2471 3640/1/24
s 212
f 3619/1/14 3641/1/2488 3640/1/2489
s 229
f 3642/1/24 3643/1/24 3619/1/2471
f 3642/1/24 3619/1/2471 3644/1/24
s 244
f 3646/1/2490 3645/1/2491 3644/1/2491
s 245
f 3642/1/2483 3644/1/2492 3645/1/2492
s 244
f 3644/1/2491 3647/1/2493 3646/1/2490
s 229
f 3647/1/24 3644/1/24 3640/1/24
f 3649/1/24 3647/1/24 3648/1/24
f 3648/1/24 3647/1/24 3640/1/24
s 244
f 3647/1/2493 3649/1/2494 3650/1/2494
f 3650/1/2494 3646/1/2490 3647/1/2493
s 246
f 3646/1/24 3650/1/24 3651/1/24
f 3653/1/24 3651/1/24 3650/1/24
s 244
f 3652/1/2495 3653/1/2495 3650/1/2494
f 3649/1/2494 3652/1/2495 3650/1/2494
s 245
f 3652/1/2496 3654/1/2497 3653/1/2496
f 3654/1/2497 3651/1/2498 3653/1/2496
f 3654/1/2497 3642/1/2483 3651/1/2498
s 229
f 3642/1/24 3654/1/24 3655/1/24
f 3655/1/24 3654/1/24 3606/1/24
f 3654/1/24 3652/1/24 3606/1/24
s 247
f 3643/1/2499 3655/1/2464 3656/1/2464
f 3655/1/2464 3609/1/2465 3656/1/2464
s 229
f 3643/1/24 3642/1/24 3655/1/24
f 3606/1/24 3609/1/24 3655/1/24
s 247
f 3656/1/2464 3657/1/2500 3643/1/2499
s 248
f 3657/1/24 3656/1/24 3659/1/24
s 247
f 3609/1/2465 3658/1/2465 3656/1/2464
s 248
f 3658/1/24 3659/1/24 3656/1/24
s 249
f 3607/1/2456 3659/1/2456 3658/1/2501
s 248
f 3657/1/24 3659/1/24 3660/1/24
s 249
f 3660/1/2502 3659/1/2456 3607/1/2456
s 248
f 3661/1/24 3657/1/24 3660/1/24
s 249
f 3661/1/2475 3660/1/2502 3611/1/2503
f 3607/1/2456 3611/1/2503 3660/1/2502
f 3611/1/2503 3618/1/2475 3661/1/2475
s 247
f 3657/1/2500 3661/1/2504 3618/1/2504
s 249
f 3609/1/2501 3607/1/2456 3658/1/2501
s 247
f 3618/1/2504 3643/1/2499 3657/1/2500
s 229
f 3664/1/24 3652/1/24 3649/1/24
f 3652/1/24 3663/1/24 3662/1/24
f 3652/1/24 3662/1/24 3606/1/24
f 3664/1/24 3663/1/24 3652/1/24
s 250
f 3667/1/2505 3664/1/2505 3665/1/2506
s 229
f 3649/1/24 3665/1/24 3664/1/24
s 251
f 3664/1/2507 3667/1/2507 3666/1/2508
f 3668/1/2508 3664/1/2507 3666/1/2508
s 229
f 3668/1/24 3569/1/24 3664/1/24
f 3664/1/24 3569/1/24 3663/1/24
s 251
f 3669/1/2509 3668/1/2508 3666/1/2508
s 229
f 3669/1/24 3564/1/24 3668/1/24
f 3668/1/24 3564/1/24 3565/1/24
f 3668/1/24 3565/1/24 3569/1/24
s 251
f 3671/1/2467 3669/1/2509 3670/1/2510
f 3666/1/2508 3670/1/2510 3669/1/2509
s 229
f 3669/1/24 3671/1/24 3640/1/24
f 3669/1/24 3672/1/24 3564/1/24
f 3640/1/24 3672/1/24 3669/1/24
s 212
f 3673/1/2511 3672/1/2512 3640/1/2489
f 3673/1/2511 3674/1/2513 3672/1/2512
s 229
f 3672/1/24 3674/1/24 3564/1/24
s 212
f 3673/1/2511 3676/1/2513 3674/1/2513
s 229
f 3674/1/24 3675/1/24 3564/1/24
s 212
f 3677/1/2514 3675/1/2515 3674/1/2513
f 3676/1/2513 3677/1/2514 3674/1/2513
f 3677/1/2514 3678/1/2516 3675/1/2515
s 252
f 3677/1/5 3676/1/5 3679/1/5
f 3678/1/5 3677/1/5 3679/1/5
s 212
f 3680/1/2517 3679/1/2518 3676/1/2519
f 3679/1/2518 3680/1/2517 3681/1/2520
f 3681/1/2520 3682/1/2521 3679/1/2518
s 252
f 3679/1/5 3682/1/5 3678/1/5
s 212
f 3682/1/2521 3681/1/2520 3686/1/2522
f 3683/1/2523 3682/1/2521 3686/1/2522
s 252
f 3682/1/5 3683/1/5 3684/1/5
f 3684/1/5 3685/1/5 3682/1/5
f 3682/1/5 3685/1/5 3678/1/5
s 253
f 3686/1/2524 3681/1/24 3687/1/2525
f 3687/1/2525 3688/1/2526 3686/1/2524
s 212
f 3689/1/2527 3686/1/2522 3688/1/2528
f 3689/1/2527 3683/1/2523 3686/1/2522
f 3689/1/2527 3688/1/2528 3687/1/2529
f 3687/1/2529 3690/1/2530 3689/1/2527
s 252
f 3691/1/5 3689/1/5 3690/1/5
f 3692/1/5 3689/1/5 3691/1/5
f 3693/1/5 3689/1/5 3692/1/5
f 3683/1/5 3689/1/5 3693/1/5
s 212
f 3694/1/2386 3696/1/2531 3693/1/2532
f 3693/1/2532 3692/1/2385 3694/1/2386
s 252
f 3695/1/5 3683/1/5 3693/1/5
s 212
f 3695/1/2533 3693/1/2532 3696/1/2531
s 229
f 3696/1/24 3697/1/24 3699/1/24
f 3698/1/24 3697/1/24 3696/1/24
f 3696/1/24 3700/1/24 3698/1/24
f 3700/1/24 3696/1/24 3694/1/24
s 212
f 3696/1/2531 3699/1/2533 3695/1/2533
s 254
f 3701/1/2534 3700/1/2535 3704/1/2534
s 229
f 3700/1/24 3701/1/24 3698/1/24
s 254
f 3700/1/2535 3702/1/2536 3704/1/2534
f 3702/1/2536 3700/1/2535 3703/1/2537
s 229
f 3694/1/24 3703/1/24 3700/1/24
s 254
f 3706/1/14 3704/1/2534 3705/1/14
s 255
f 3705/1/24 3704/1/24 3707/1/24
s 254
f 3706/1/14 3701/1/2534 3704/1/2534
s 255
f 3704/1/24 3702/1/24 3707/1/24
s 254
f 3708/1/2538 3710/1/2539 3707/1/2540
f 3703/1/2537 3708/1/2538 3707/1/2540
s 255
f 3709/1/24 3705/1/24 3707/1/24
f 3707/1/24 3710/1/24 3709/1/24
s 254
f 3703/1/2537 3707/1/2540 3702/1/2536
f 3711/1/2541 3709/1/2541 3710/1/2539
f 3708/1/2538 3711/1/2541 3710/1/2539
s 256
f 3705/1/2542 3709/1/2542 3711/1/2542
f 3711/1/2542 3706/1/2542 3705/1/2542
s 229
f 3706/1/24 3711/1/24 3712/1/24
f 3712/1/24 3711/1/24 3708/1/24
f 3708/1/24 3715/1/24 3712/1/24
f 3713/1/24 3716/1/24 3712/1/24
f 3712/1/24 3715/1/24 3713/1/24
f 3712/1/24 3716/1/24 3714/1/24
f 3712/1/24 3714/1/24 3706/1/24
s 212
f 3523/1/2379 3717/1/2379 3716/1/2543
f 3716/1/2543 3525/1/2398 3523/1/2379
s 229
f 3716/1/24 3717/1/24 3718/1/24
f 3718/1/24 3714/1/24 3716/1/24
s 212
f 3690/1/2544 3525/1/2398 3716/1/2543
f 3716/1/2543 3713/1/2545 3719/1/2546
f 3716/1/2543 3719/1/2546 3690/1/2544
s 252
f 3691/1/5 3690/1/5 3719/1/5
s 212
f 3691/1/2383 3719/1/2546 3713/1/2545
s 208
f 3528/1/2403 3718/1/2547 3717/1/2317
s 257
f 3535/1/2548 3718/1/2549 3528/1/2548
f 3535/1/2548 3714/1/2549 3718/1/2549
s 208
f 3528/1/2403 3717/1/2317 3523/1/2400
s 229
f 3694/1/24 3715/1/24 3708/1/24
s 212
f 3713/1/2545 3715/1/2382 3691/1/2383
f 3692/1/2385 3715/1/2382 3694/1/2386
f 3692/1/2385 3691/1/2383 3715/1/2382
s 229
f 3714/1/24 3701/1/24 3706/1/24
f 3701/1/24 3714/1/24 3722/1/24
s 225
f 3714/1/2550 3535/1/2412 3536/1/2416
f 3714/1/2550 3720/1/2412 3721/1/2551
f 3714/1/2550 3536/1/2416 3720/1/2412
f 3722/1/2552 3714/1/2550 3721/1/2551
s 229
f 3722/1/24 3698/1/24 3701/1/24
f 3698/1/24 3722/1/24 3723/1/24
f 3723/1/24 3722/1/24 3560/1/24
s 258
f 3722/1/10 3721/1/2553 3724/1/10
f 3549/1/10 3722/1/10 3724/1/10
s 229
f 3549/1/24 3560/1/24 3722/1/24
s 202
f 3725/1/2554 3724/1/2555 3721/1/24
f 3545/1/2423 3549/1/2425 3724/1/2555
f 3724/1/2555 3725/1/2554 3545/1/2423
f 3546/1/2424 3725/1/2554 3726/1/2556
f 3721/1/24 3726/1/2556 3725/1/2554
f 3546/1/2424 3545/1/2423 3725/1/2554
f 3547/1/2421 3546/1/2424 3726/1/2556
f 3547/1/2421 3726/1/2556 3727/1/2557
f 3721/1/24 3727/1/2557 3726/1/2556
f 3727/1/2557 3728/1/2558 3544/1/2420
f 3727/1/2557 3720/1/24 3728/1/2558
f 3544/1/2420 3547/1/2421 3727/1/2557
f 3721/1/24 3720/1/24 3727/1/2557
f 3544/1/2420 3728/1/2558 3543/1/2340
s 226
f 3720/1/2559 3543/1/2560 3728/1/2367
s 259
f 3698/1/2561 3723/1/2562 3729/1/2563
f 3723/1/2562 3730/1/2564 3729/1/2563
s 229
f 3723/1/24 3560/1/24 3731/1/24
s 259
f 3723/1/2562 3731/1/2564 3730/1/2564
s 260
f 3731/1/2565 3732/1/2566 3730/1/2565
s 229
f 3558/1/24 3732/1/24 3731/1/24
f 3731/1/24 3560/1/24 3558/1/24
s 260
f 3732/1/2566 3733/1/2567 3730/1/2565
f 3733/1/2567 3732/1/2566 3735/1/2568
s 229
f 3732/1/24 3558/1/24 3734/1/24
f 3735/1/24 3732/1/24 3734/1/24
s 260
f 3735/1/2568 3736/1/2569 3733/1/2567
f 3735/1/2568 3737/1/2570 3736/1/2569
s 229
f 3738/1/24 3737/1/24 3735/1/24
f 3735/1/24 3734/1/24 3738/1/24
f 3697/1/24 3737/1/24 3738/1/24
f 3738/1/24 3699/1/24 3697/1/24
s 212
f 3695/1/2533 3699/1/2533 3738/1/2571
f 3739/1/2572 3738/1/2571 3734/1/2573
f 3738/1/2571 3739/1/2572 3695/1/2533
s 252
f 3739/1/5 3683/1/5 3695/1/5
s 212
f 3684/1/2573 3739/1/2572 3734/1/2573
s 252
f 3684/1/5 3683/1/5 3739/1/5
s 260
f 3737/1/2570 3697/1/2574 3740/1/2575
f 3737/1/2570 3740/1/2575 3736/1/2569
f 3697/1/2574 3741/1/2574 3740/1/2575
s 261
f 3742/1/24 3740/1/24 3741/1/24
f 3736/1/24 3740/1/24 3742/1/24
s 262
f 3742/1/2576 3741/1/2576 3697/1/2576
f 3697/1/2576 3698/1/2576 3742/1/2576
s 259
f 3729/1/2563 3742/1/2561 3698/1/2561
s 261
f 3742/1/24 3729/1/24 3736/1/24
f 3736/1/24 3729/1/24 3730/1/24
f 3736/1/24 3730/1/24 3733/1/24
s 212
f 3685/1/2577 3684/1/2573 3734/1/2573
f 3685/1/2577 3734/1/2573 3558/1/2578
s 226
f 3720/1/2559 3536/1/2327 3543/1/2560
s 229
f 3694/1/24 3708/1/24 3703/1/24
s 212
f 3690/1/2530 3687/1/2529 3743/1/2579
f 3690/1/2544 3743/1/14 3520/1/2398
f 3525/1/2398 3690/1/2544 3520/1/2398
f 3520/1/2398 3743/1/14 3518/1/14
f 3744/1/2395 3518/1/2395 3743/1/2579
f 3743/1/2579 3687/1/2529 3744/1/2395
f 3518/1/2395 3744/1/2395 3746/1/2395
s 221
f 3687/1/2394 3681/1/2394 3744/1/2394
f 3744/1/2394 3745/1/2394 3746/1/2394
f 3681/1/2394 3745/1/2394 3744/1/2394
s 212
f 3513/1/2395 3746/1/2395 3514/1/2395
f 3746/1/2395 3513/1/2395 3518/1/2395
s 221
f 3745/1/2394 3747/1/2394 3746/1/2394
f 3514/1/2394 3746/1/2394 3747/1/2394
s 212
f 3749/1/2580 3748/1/2140 3747/1/2140
s 221
f 3748/1/2394 3514/1/2394 3747/1/2394
s 212
f 3750/1/2581 3747/1/2140 3745/1/2140
f 3747/1/2140 3750/1/2581 3749/1/2580
s 263
f 3751/1/5 3750/1/5 3680/1/5
s 212
f 3681/1/2520 3680/1/2517 3750/1/2581
s 264
f 3749/1/2582 3750/1/2582 3751/1/2582
s 212
f 3750/1/2581 3745/1/2140 3681/1/2520
s 263
f 3751/1/5 3680/1/5 3752/1/5
f 3753/1/5 3751/1/5 3752/1/5
s 265
f 3751/1/10 3753/1/10 3755/1/10
s 264
f 3754/1/2582 3749/1/2582 3751/1/2582
s 265
f 3757/1/2583 3754/1/10 3751/1/10
f 3755/1/10 3756/1/10 3751/1/10
f 3751/1/10 3756/1/10 3758/1/2584
f 3757/1/2583 3751/1/10 3758/1/2584
s 202
f 3761/1/2585 3758/1/2586 3756/1/2586
s 265
f 3757/1/2583 3758/1/2584 3759/1/2587
s 202
f 3760/1/2588 3759/1/2525 3758/1/24
f 3758/1/24 3761/1/2589 3760/1/2588
f 3763/1/2590 3761/1/2585 3756/1/2586
f 3760/1/2588 3761/1/2589 3762/1/2591
f 3763/1/2590 3762/1/9 3761/1/2585
f 3762/1/9 3763/1/2590 3764/1/2592
s 266
f 3764/1/24 3763/1/24 3581/1/24
f 3581/1/24 3763/1/24 3756/1/24
s 202
f 3765/1/2592 3764/1/2592 3769/1/2593
f 3762/1/9 3764/1/2592 3765/1/2592
s 266
f 3581/1/24 3766/1/24 3764/1/24
f 3767/1/24 3764/1/24 3766/1/24
f 3764/1/24 3767/1/24 3768/1/24
s 202
f 3764/1/2592 3768/1/2304 3769/1/2593
f 3765/1/24 3769/1/24 3770/1/2594
f 3771/1/2595 3770/1/2594 3769/1/24
f 3769/1/24 3772/1/24 3771/1/2595
f 3772/1/24 3769/1/24 3773/1/24
f 3773/1/2302 3769/1/2593 3768/1/2304
f 3772/1/24 3773/1/24 3774/1/24
f 3767/1/2303 3774/1/2306 3773/1/2302
f 3768/1/2304 3767/1/2303 3773/1/2302
f 3772/1/24 3774/1/24 3775/1/2596
f 3777/1/2597 3775/1/2596 3774/1/2306
f 3767/1/2303 3776/1/2598 3774/1/2306
f 3774/1/2306 3776/1/2598 3777/1/2597
f 3777/1/2597 3778/1/2599 3775/1/2596
f 3779/1/2600 3778/1/2599 3777/1/2597
f 3777/1/2597 3776/1/2598 3779/1/2600
s 267
f 3780/1/5 3779/1/5 3785/1/5
s 205
f 3779/1/2314 3780/1/2315 3781/1/2315
f 3779/1/2314 3781/1/2315 3778/1/2314
s 268
f 3782/1/2311 3785/1/2311 3779/1/2311
f 3779/1/2311 3783/1/2311 3782/1/2311
s 269
f 3784/1/2601 3783/1/2601 3779/1/2601
s 202
f 3779/1/2600 3776/1/2598 3784/1/2602
s 270
f 3786/1/2314 3785/1/2314 3782/1/2314
s 267
f 3780/1/5 3785/1/5 3786/1/5
s 271
f 3786/1/2317 3787/1/2317 3788/1/2317
s 270
f 3786/1/2314 3782/1/2314 3787/1/2314
s 271
f 3788/1/2317 3780/1/2317 3786/1/2317
s 272
f 3788/1/24 3787/1/24 3782/1/24
s 205
f 3780/1/2315 3788/1/2315 3789/1/2316
s 272
f 3782/1/24 3783/1/24 3788/1/24
s 205
f 3784/1/2314 3788/1/2315 3783/1/2314
f 3788/1/2315 3791/1/2316 3789/1/2316
f 3784/1/2314 3790/1/2603 3788/1/2315
f 3788/1/2315 3790/1/2603 3791/1/2316
s 208
f 3791/1/2319 3521/1/2319 3516/1/2319
f 3516/1/2319 3793/1/2319 3791/1/2319
f 3792/1/2604 3521/1/2319 3791/1/2319
s 205
f 3790/1/2603 3792/1/2605 3791/1/2316
f 3789/1/2316 3791/1/2316 3793/1/2316
s 208
f 3516/1/2319 3794/1/2319 3793/1/2319
s 205
f 3795/1/2316 3793/1/2316 3794/1/2606
f 3781/1/2315 3793/1/2316 3795/1/2316
f 3780/1/2315 3789/1/2316 3793/1/2316
f 3781/1/2315 3780/1/2315 3793/1/2316
f 3796/1/2315 3795/1/2316 3794/1/2606
f 3796/1/2315 3781/1/2315 3795/1/2316
s 273
f 3781/1/2317 3796/1/2317 3797/1/2317
s 274
f 3796/1/5 3799/1/5 3797/1/5
s 205
f 3798/1/2315 3796/1/2315 3794/1/2606
f 3800/1/1114 3796/1/2315 3798/1/2315
s 274
f 3796/1/5 3800/1/5 3799/1/5
s 275
f 3801/1/2311 3799/1/2311 3800/1/2311
s 205
f 3778/1/2312 3800/1/1114 3771/1/2312
f 3771/1/2312 3800/1/1114 3803/1/2607
s 275
f 3800/1/2311 3778/1/2311 3801/1/2311
s 205
f 3798/1/2315 3802/1/2608 3800/1/1114
f 3800/1/1114 3802/1/2608 3803/1/2607
s 276
f 3804/1/2609 3770/1/2610 3803/1/2610
s 205
f 3807/1/2608 3804/1/2607 3803/1/5
f 3807/1/2608 3803/1/5 3805/1/2611
s 277
f 3805/1/2612 3803/1/2612 3806/1/2612
s 205
f 3803/1/2607 3770/1/2607 3771/1/2312
s 278
f 3806/1/24 3803/1/24 3802/1/24
s 279
f 3809/1/2612 3808/1/2612 3807/1/2612
s 280
f 3811/1/5 3807/1/5 3808/1/5
s 279
f 3807/1/2612 3810/1/2612 3809/1/2612
s 281
f 3805/1/1430 3810/1/1430 3807/1/1430
s 205
f 3807/1/2608 3811/1/2608 3804/1/2607
f 3811/1/2608 3816/1/2608 3804/1/2607
s 280
f 3811/1/5 3813/1/5 3812/1/5
f 3815/1/5 3811/1/5 3812/1/5
f 3808/1/5 3813/1/5 3811/1/5
s 205
f 3811/1/2608 3815/1/2315 3814/1/2315
f 3814/1/2315 3816/1/2608 3811/1/2608
s 282
f 3804/1/24 3816/1/24 3817/1/24
f 3816/1/24 3814/1/24 3818/1/24
f 3816/1/24 3819/1/24 3817/1/24
f 3818/1/24 3819/1/24 3816/1/24
s 283
f 3820/1/2608 3817/1/2607 3819/1/2608
f 3821/1/2314 3820/1/2608 3819/1/2608
f 3819/1/2608 3818/1/2314 3821/1/2314
s 284
f 3821/1/2613 3818/1/2614 3814/1/2613
f 3814/1/2613 3822/1/2613 3821/1/2613
s 285
f 3822/1/5 3823/1/5 3821/1/5
f 3823/1/5 3820/1/5 3821/1/5
s 205
f 3824/1/2608 3823/1/2608 3822/1/2315
f 3824/1/2608 3826/1/2607 3823/1/2608
s 285
f 3825/1/5 3820/1/5 3823/1/5
f 3823/1/5 3827/1/5 3825/1/5
s 205
f 3826/1/2607 3827/1/2607 3823/1/2608
s 286
f 3827/1/2615 3826/1/2616 3828/1/2615
f 3804/1/2617 3827/1/2615 3828/1/2615
s 287
f 3827/1/2612 3804/1/2612 3817/1/2612
f 3817/1/2612 3825/1/2612 3827/1/2612
s 286
f 3829/1/2618 3830/1/2615 3828/1/2615
f 3834/1/2615 3829/1/2618 3828/1/2615
f 3830/1/2615 3831/1/2615 3828/1/2615
s 202
f 3832/1/2619 3828/1/2620 3831/1/2621
s 286
f 3804/1/2617 3828/1/2615 3770/1/2615
s 202
f 3760/1/2588 3770/1/2594 3828/1/2622
f 3832/1/2619 3833/1/2623 3828/1/2620
f 3828/1/2622 3833/1/2624 3760/1/2588
s 286
f 3826/1/2616 3834/1/2615 3828/1/2615
s 288
f 3836/1/2612 3835/1/2612 3834/1/2612
s 289
f 3838/1/5 3834/1/5 3835/1/5
s 288
f 3834/1/2612 3826/1/2612 3836/1/2612
s 205
f 3834/1/2607 3838/1/2608 3837/1/2608
f 3834/1/2607 3837/1/2608 3829/1/2607
s 289
f 3838/1/5 3841/1/5 3839/1/5
f 3840/1/5 3838/1/5 3839/1/5
s 205
f 3837/1/2608 3838/1/2608 3840/1/2315
s 289
f 3838/1/5 3835/1/5 3841/1/5
s 290
f 3843/1/2314 3839/1/2314 3841/1/2608
f 3842/1/2608 3843/1/2314 3841/1/2608
f 3836/1/2607 3842/1/2608 3841/1/2608
f 3836/1/2607 3841/1/2608 3835/1/2607
s 291
f 3839/1/2613 3843/1/2614 3844/1/2613
s 292
f 3824/1/24 3844/1/24 3843/1/24
f 3843/1/24 3842/1/24 3824/1/24
s 291
f 3844/1/2613 3840/1/2613 3839/1/2613
s 205
f 3840/1/2315 3844/1/2315 3845/1/2606
f 3822/1/2315 3844/1/2315 3824/1/2608
f 3844/1/2315 3822/1/2315 3846/1/2606
f 3846/1/2606 3845/1/2606 3844/1/2315
s 208
f 3846/1/2319 3847/1/2319 3516/1/2319
s 205
f 3847/1/2606 3846/1/2606 3822/1/2315
s 208
f 3516/1/2319 3517/1/2319 3846/1/2319
f 3517/1/2319 3848/1/2319 3846/1/2319
s 205
f 3845/1/2606 3846/1/2606 3848/1/2606
s 208
f 3517/1/2319 3849/1/2319 3848/1/2319
s 205
f 3851/1/2316 3848/1/2606 3849/1/2316
f 3840/1/2315 3845/1/2606 3848/1/2606
f 3850/1/2315 3840/1/2315 3848/1/2606
f 3850/1/2315 3848/1/2606 3851/1/2316
f 3852/1/2625 3851/1/2316 3849/1/2316
f 3852/1/2625 3850/1/2315 3851/1/2316
s 293
f 3852/1/15 3853/1/2317 3856/1/15
s 294
f 3853/1/618 3852/1/618 3855/1/618
s 205
f 3854/1/2315 3852/1/2625 3849/1/2316
s 293
f 3856/1/15 3850/1/15 3852/1/15
s 205
f 3852/1/2625 3854/1/2315 3430/1/1114
f 3855/1/1114 3852/1/2625 3430/1/1114
s 295
f 3856/1/2314 3853/1/2314 3857/1/2314
f 3857/1/2314 3858/1/2314 3856/1/2314
s 296
f 3837/1/706 3856/1/706 3858/1/706
f 3837/1/706 3850/1/706 3856/1/706
s 297
f 3858/1/2311 3857/1/2311 3855/1/2311
f 3855/1/2311 3837/1/2311 3858/1/2311
s 294
f 3855/1/618 3857/1/618 3853/1/618
s 205
f 3837/1/2607 3855/1/1114 3859/1/2607
f 3855/1/1114 3430/1/1114 3426/1/2312
f 3426/1/2312 3859/1/2607 3855/1/1114
f 3830/1/2607 3859/1/2607 3861/1/2607
s 298
f 3859/1/2626 3830/1/5 3862/1/5
f 3837/1/2627 3859/1/2626 3860/1/2628
f 3862/1/5 3860/1/2628 3859/1/2626
s 205
f 3426/1/2312 3861/1/2607 3859/1/2607
s 299
f 3830/1/2629 3863/1/2629 3862/1/2630
s 300
f 3860/1/2607 3862/1/2607 3863/1/2607
s 299
f 3830/1/2629 3829/1/2629 3863/1/2629
s 301
f 3863/1/24 3829/1/24 3837/1/24
s 300
f 3863/1/2607 3864/1/2607 3860/1/2607
s 301
f 3837/1/24 3864/1/24 3863/1/24
s 298
f 3837/1/2627 3860/1/2628 3864/1/2627
s 286
f 3830/1/2615 3861/1/2615 3831/1/2615
s 202
f 3831/1/2631 3861/1/2632 3865/1/2633
f 3866/1/5 3861/1/2632 3426/1/2309
f 3861/1/2632 3867/1/2634 3865/1/2633
f 3861/1/2632 3866/1/5 3868/1/5
f 3861/1/2632 3868/1/5 3867/1/2634
f 3867/1/9 3868/1/2592 3417/1/2592
f 3417/1/2592 3868/1/2592 3866/1/2593
f 3417/1/2592 3869/1/2590 3867/1/9
f 3869/1/2590 3870/1/2585 3867/1/9
f 3867/1/2634 3870/1/2635 3865/1/2633
f 3871/1/2586 3757/1/2586 3870/1/2585
f 3870/1/2585 3869/1/2590 3871/1/2586
f 3865/1/2633 3870/1/2635 3757/1/5
s 201
f 3869/1/5 3873/1/5 3871/1/5
s 265
f 3871/1/10 3754/1/10 3757/1/2583
f 3754/1/10 3871/1/10 3872/1/10
s 201
f 3871/1/5 3873/1/5 3872/1/5
f 3417/1/5 3416/1/5 3873/1/5
f 3873/1/5 3869/1/5 3417/1/5
s 202
f 3875/1/2636 3873/1/2314 3416/1/2636
s 302
f 3872/1/10 3873/1/10 3874/1/10
s 202
f 3875/1/2636 3874/1/2314 3873/1/2314
f 3419/1/2637 3877/1/2638 3875/1/2636
f 3875/1/2636 3416/1/2636 3419/1/2637
s 303
f 3875/1/24 3877/1/24 3876/1/24
f 3876/1/24 3878/1/24 3875/1/24
f 3875/1/24 3878/1/24 3879/1/24
f 3874/1/2639 3875/1/24 3879/1/24
f 3879/1/24 3880/1/24 3881/1/24
s 304
f 3883/1/15 3880/1/15 3879/1/15
s 303
f 3881/1/24 3882/1/24 3879/1/24
f 3874/1/2639 3879/1/24 3882/1/24
s 202
f 3884/1/9 3879/1/9 3878/1/2440
s 304
f 3879/1/15 3884/1/15 3883/1/15
s 212
f 3886/1/5 3884/1/5 3885/1/5
s 305
f 3885/1/2640 3884/1/10 3890/1/2641
s 212
f 3884/1/5 3886/1/5 3887/1/5
f 3888/1/5 3884/1/5 3887/1/5
f 3883/1/5 3884/1/5 3888/1/5
s 202
f 3878/1/2440 3889/1/2439 3884/1/9
s 305
f 3884/1/10 3889/1/2642 3890/1/2641
s 212
f 3885/1/5 3890/1/5 3892/1/5
f 3890/1/5 3889/1/5 3891/1/5
f 3892/1/5 3890/1/5 3891/1/5
f 3892/1/5 3891/1/5 3893/1/5
f 3893/1/5 3894/1/5 3892/1/5
f 3886/1/5 3885/1/5 3892/1/5
s 306
f 3892/1/2495 3894/1/2643 3899/1/2644
s 212
f 3896/1/5 3886/1/5 3892/1/5
f 3896/1/5 3892/1/5 3895/1/5
s 307
f 3895/1/2645 3892/1/2496 3897/1/2645
f 3892/1/2496 3898/1/2496 3897/1/2645
s 306
f 3892/1/2495 3899/1/2644 3898/1/2495
f 3900/1/2646 3899/1/2644 3894/1/2643
s 308
f 3897/1/5 3899/1/5 3900/1/5
f 3897/1/5 3898/1/5 3899/1/5
s 306
f 3901/1/2491 3903/1/2491 3900/1/2646
f 3902/1/2646 3901/1/2491 3900/1/2646
f 3894/1/2643 3902/1/2646 3900/1/2646
s 308
f 3900/1/5 3903/1/5 3904/1/5
f 3904/1/5 3897/1/5 3900/1/5
s 307
f 3904/1/2647 3903/1/2492 3901/1/2492
f 3901/1/2492 3905/1/2648 3904/1/2647
f 3897/1/2645 3904/1/2647 3905/1/2648
s 212
f 3906/1/5 3895/1/5 3905/1/5
s 307
f 3905/1/2648 3895/1/2645 3897/1/2645
s 212
f 3905/1/5 3907/1/5 3906/1/5
f 3907/1/5 3905/1/5 3901/1/5
s 309
f 3906/1/2464 3907/1/2468 3911/1/2493
s 212
f 3908/1/5 3909/1/5 3907/1/5
f 3901/1/5 3908/1/5 3907/1/5
s 309
f 3907/1/2468 3909/1/2504 3910/1/2504
f 3910/1/2504 3911/1/2493 3907/1/2468
s 310
f 3911/1/5 3912/1/5 3913/1/5
f 3911/1/5 3910/1/5 3912/1/5
f 3913/1/5 3914/1/5 3911/1/5
s 309
f 3911/1/2493 3914/1/2464 3906/1/2464
s 310
f 3913/1/5 3915/1/5 3914/1/5
s 309
f 3906/1/2464 3914/1/2464 3915/1/2465
s 311
f 3896/1/2501 3915/1/2501 3913/1/2456
s 309
f 3896/1/2465 3906/1/2464 3915/1/2465
s 311
f 3917/1/2649 3916/1/2456 3913/1/2456
f 3916/1/2456 3896/1/2501 3913/1/2456
f 3913/1/2456 3912/1/2503 3917/1/2649
s 212
f 3918/1/5 3916/1/5 3917/1/5
f 3917/1/5 3919/1/5 3918/1/5
f 3919/1/5 3917/1/5 3909/1/5
s 311
f 3909/1/2475 3917/1/2649 3912/1/2503
s 312
f 3918/1/2650 3919/1/2651 3922/1/2651
s 212
f 3920/1/5 3921/1/5 3919/1/5
f 3909/1/5 3920/1/5 3919/1/5
s 312
f 3919/1/2651 3921/1/2467 3922/1/2651
f 3922/1/2651 3923/1/2652 3918/1/2650
s 313
f 3926/1/5 3923/1/5 3922/1/5
s 312
f 3921/1/2467 3924/1/2467 3922/1/2651
s 313
f 3922/1/5 3924/1/5 3925/1/5
f 3925/1/5 3926/1/5 3922/1/5
s 314
f 3927/1/2487 3929/1/2487 3926/1/2486
f 3928/1/2484 3927/1/2487 3926/1/2486
s 313
f 3926/1/5 3929/1/5 3923/1/5
s 314
f 3928/1/2484 3926/1/2486 3925/1/2483
s 312
f 3923/1/2652 3929/1/2465 3927/1/2465
s 212
f 3930/1/5 3931/1/5 3928/1/5
s 314
f 3930/1/2483 3928/1/2484 3925/1/2483
s 212
f 3928/1/5 3931/1/5 3887/1/5
f 3887/1/5 3927/1/5 3928/1/5
f 3930/1/5 3932/1/5 3931/1/5
s 315
f 3931/1/2653 3932/1/2654 3935/1/2655
s 212
f 3933/1/5 3887/1/5 3931/1/5
f 3931/1/5 3934/1/5 3933/1/5
s 315
f 3937/1/2458 3934/1/2458 3931/1/2653
f 3935/1/2655 3936/1/2656 3931/1/2653
f 3931/1/2653 3936/1/2656 3937/1/2458
s 316
f 3934/1/2455 3937/1/2455 3938/1/2456
s 317
f 3938/1/5 3937/1/5 3936/1/5
f 3938/1/5 3936/1/5 3935/1/5
f 3935/1/5 3939/1/5 3938/1/5
s 316
f 3938/1/2456 3939/1/2657 3941/1/2658
f 3940/1/2456 3934/1/2455 3938/1/2456
f 3941/1/2658 3940/1/2456 3938/1/2456
s 212
f 3943/1/5 3941/1/5 3942/1/5
s 316
f 3942/1/2475 3941/1/2658 3939/1/2657
s 212
f 3941/1/5 3943/1/5 3944/1/5
f 3941/1/5 3944/1/5 3940/1/5
f 3940/1/5 3944/1/5 3945/1/5
s 318
f 3948/1/2454 3945/1/2454 3944/1/2659
f 3946/1/2660 3947/1/2659 3944/1/2659
f 3944/1/2659 3943/1/2661 3946/1/2660
f 3944/1/2659 3947/1/2659 3948/1/2454
s 319
f 3945/1/2452 3948/1/2452 3949/1/2662
s 320
f 3949/1/5 3948/1/5 3947/1/5
s 319
f 3950/1/2662 3945/1/2452 3949/1/2662
f 3951/1/2663 3950/1/2662 3949/1/2662
f 3949/1/2662 3952/1/2657 3951/1/2663
s 320
f 3949/1/5 3947/1/5 3946/1/5
f 3946/1/5 3952/1/5 3949/1/5
s 319
f 3952/1/2657 3953/1/2481 3954/1/2481
s 320
f 3946/1/5 3953/1/5 3952/1/5
s 319
f 3954/1/2481 3951/1/2663 3952/1/2657
s 212
f 3951/1/5 3954/1/5 3955/1/2664
f 3956/1/2665 3955/1/2664 3954/1/5
f 3956/1/2665 3954/1/5 3943/1/5
s 318
f 3943/1/2661 3954/1/2480 3953/1/2480
s 212
f 3955/1/2664 3956/1/2665 3959/1/2666
f 3942/1/5 3956/1/2665 3943/1/5
f 3957/1/5 3956/1/2665 3942/1/5
f 3958/1/14 3956/1/2665 3957/1/2667
f 3956/1/2665 3958/1/14 3959/1/2666
f 3955/1/2664 3959/1/2666 3951/1/5
f 3951/1/5 3959/1/2666 3963/1/5
f 3960/1/5 3959/1/2666 3961/1/5
f 3959/1/2666 3960/1/5 3963/1/5
f 3961/1/5 3959/1/2666 3962/1/5
s 321
f 3962/1/10 3959/1/10 3958/1/10
s 322
f 3963/1/2447 3960/1/2445 3964/1/2444
f 3964/1/2444 3966/1/2447 3963/1/2447
f 3965/1/2668 3967/1/2668 3963/1/2447
f 3966/1/2447 3965/1/2668 3963/1/2447
s 212
f 3963/1/5 3950/1/5 3951/1/5
f 3950/1/5 3963/1/5 3967/1/5
f 3967/1/5 3933/1/5 3934/1/5
s 322
f 3965/1/2668 3933/1/2669 3967/1/2668
s 212
f 3945/1/5 3967/1/5 3934/1/5
f 3950/1/5 3967/1/5 3945/1/5
s 303
f 3874/1/2639 3966/1/24 3964/1/24
f 3874/1/2639 3965/1/24 3966/1/24
f 3882/1/24 3965/1/24 3874/1/2639
s 322
f 3933/1/2669 3965/1/2668 3882/1/2670
s 303
f 3874/1/2639 3964/1/24 3968/1/24
s 322
f 3968/1/2443 3964/1/2444 3960/1/2445
s 303
f 3969/1/24 3874/1/2639 3968/1/24
f 3968/1/24 3970/1/24 3969/1/24
s 322
f 3970/1/2442 3968/1/2443 3971/1/2442
f 3968/1/2443 3961/1/2443 3971/1/2442
f 3960/1/2445 3961/1/2443 3968/1/2443
s 212
f 3961/1/5 3962/1/5 3971/1/5
s 323
f 3970/1/9 3971/1/9 3962/1/9
f 3969/1/9 3970/1/9 3962/1/9
s 303
f 3874/1/2639 3969/1/24 3958/1/2671
s 321
f 3958/1/10 3969/1/10 3962/1/10
s 212
f 3972/1/2672 3958/1/14 3957/1/2667
s 302
f 3874/1/10 3958/1/10 3872/1/10
s 212
f 3958/1/14 3972/1/2672 3872/1/14
f 3976/1/2673 3972/1/2672 3973/1/2674
f 3972/1/2672 3908/1/14 3973/1/2674
f 3972/1/2672 3974/1/2519 3977/1/2519
s 324
f 3974/1/24 3972/1/24 3976/1/24
s 212
f 3972/1/2672 3957/1/2667 3920/1/2667
f 3920/1/2667 3908/1/14 3972/1/2672
f 3972/1/2672 3975/1/2675 3872/1/14
f 3977/1/2519 3975/1/2675 3972/1/2672
f 3977/1/2519 3974/1/2519 3979/1/2676
s 325
f 3977/1/24 3978/1/24 3754/1/24
f 3975/1/24 3977/1/24 3754/1/24
s 212
f 3979/1/2676 3978/1/2677 3977/1/2519
f 3504/1/2678 3978/1/2677 3979/1/2676
f 3979/1/2676 3981/1/2521 3504/1/2678
s 219
f 3974/1/706 3980/1/24 3979/1/706
f 3982/1/24 3979/1/706 3980/1/24
f 3982/1/24 3981/1/24 3979/1/706
s 212
f 3982/1/2516 3980/1/2515 3984/1/2516
f 3983/1/2578 3982/1/2516 3984/1/2516
s 219
f 3981/1/24 3982/1/24 3983/1/24
s 212
f 3986/1/5 3984/1/5 3985/1/5
f 3980/1/2515 3985/1/2514 3984/1/2516
f 3984/1/5 3986/1/5 3471/1/2349
f 3471/1/2349 3987/1/5 3984/1/5
f 3984/1/2516 3987/1/2577 3983/1/2578
f 3987/1/5 3471/1/2349 3470/1/2347
f 3987/1/5 3470/1/2347 3988/1/5
f 3988/1/5 3991/1/5 3987/1/5
f 3989/1/2573 3983/1/2578 3987/1/2577
f 3987/1/2577 3990/1/2573 3989/1/2573
f 3987/1/5 3991/1/5 3990/1/5
f 3990/1/5 3991/1/5 3992/1/5
s 326
f 3991/1/2567 3988/1/2565 3993/1/2566
f 3994/1/2568 3992/1/2569 3991/1/2567
f 3991/1/2567 3993/1/2566 3994/1/2568
s 327
f 3994/1/5 3998/1/5 3995/1/5
f 3995/1/5 3996/1/5 3994/1/5
s 326
f 3992/1/2569 3994/1/2568 3996/1/2570
s 327
f 3994/1/5 3993/1/5 3997/1/5
f 3997/1/5 3998/1/5 3994/1/5
s 328
f 3988/1/2564 3999/1/2563 3998/1/2562
f 3988/1/2564 3998/1/2562 3997/1/2564
f 3995/1/2561 3998/1/2562 3999/1/2563
s 212
f 3470/1/2347 3469/1/5 3999/1/5
f 3469/1/5 4000/1/5 3999/1/5
s 328
f 3999/1/2563 4000/1/2561 3995/1/2561
s 212
f 3999/1/5 3988/1/5 3470/1/2347
f 4001/1/5 4000/1/5 3469/1/5
f 4000/1/5 4001/1/5 4002/1/5
f 4000/1/5 4002/1/5 4003/1/5
f 4000/1/5 4003/1/5 4004/1/5
s 329
f 4000/1/2576 4004/1/2576 4005/1/2576
f 4005/1/2576 3995/1/2576 4000/1/2576
s 327
f 3996/1/5 3995/1/5 4005/1/5
s 326
f 4004/1/2574 4006/1/2575 4005/1/2574
f 4006/1/2575 3996/1/2570 4005/1/2574
s 212
f 4007/1/5 4006/1/5 4004/1/5
f 3992/1/5 4006/1/5 4007/1/5
s 326
f 3996/1/2570 4006/1/2575 3992/1/2569
s 212
f 4007/1/5 4004/1/5 4008/1/5
f 4007/1/2679 4008/1/2680 4009/1/2681
f 4007/1/5 3990/1/5 3992/1/5
f 3989/1/2573 3990/1/2573 4007/1/2679
f 4009/1/2681 4010/1/2679 4007/1/2679
f 4007/1/2679 4010/1/2679 3989/1/2573
s 219
f 3502/1/24 4010/1/24 4009/1/24
f 3502/1/24 3989/1/24 4010/1/24
s 212
f 3501/1/2531 4009/1/2681 4008/1/2680
s 219
f 3502/1/24 4009/1/24 3501/1/24
s 212
f 4004/1/5 4003/1/5 4008/1/5
f 4008/1/2680 4003/1/2532 3501/1/2531
f 3497/1/5 4003/1/5 4002/1/5
f 3498/1/2386 4003/1/2532 3497/1/2385
f 3498/1/2386 3501/1/2531 4003/1/2532
f 3497/1/5 4002/1/5 4013/1/5
s 330
f 4002/1/2682 4001/1/2534 4011/1/2535
f 4002/1/2682 4011/1/2535 4012/1/2683
f 4013/1/2683 4002/1/2682 4012/1/2683
s 212
f 3497/1/5 4013/1/5 4014/1/5
s 330
f 4014/1/2684 4013/1/2683 4012/1/2683
s 212
f 3490/1/5 4014/1/5 4015/1/5
s 330
f 4015/1/2541 4014/1/2684 4016/1/2541
s 212
f 3490/1/5 3494/1/5 4014/1/5
f 4014/1/5 3494/1/5 3497/1/5
s 330
f 4014/1/2684 4017/1/2684 4016/1/2541
f 4014/1/2684 4012/1/2683 4017/1/2684
s 331
f 4012/1/5 4016/1/5 4017/1/5
s 332
f 4016/1/2685 4018/1/2542 4019/1/2542
s 331
f 4012/1/5 4018/1/5 4016/1/5
s 332
f 4019/1/2542 4015/1/2685 4016/1/2685
s 212
f 3480/1/5 4019/1/5 4001/1/5
s 330
f 4001/1/2534 4019/1/14 4018/1/14
s 212
f 4019/1/5 3480/1/5 3490/1/5
f 4019/1/5 3490/1/5 4015/1/5
s 330
f 4018/1/14 4020/1/2534 4001/1/2534
s 331
f 4012/1/5 4020/1/5 4018/1/5
s 330
f 4001/1/2534 4020/1/2534 4011/1/2535
s 331
f 4020/1/5 4012/1/5 4011/1/5
s 212
f 3469/1/5 3480/1/5 4001/1/5
s 326
f 3988/1/2565 3997/1/2565 3993/1/2566
s 219
f 3989/1/24 3981/1/24 3983/1/24
f 3989/1/24 3502/1/24 3981/1/24
s 212
f 4021/1/5 3986/1/5 3985/1/5
s 202
f 4022/1/2686 3986/1/2686 4021/1/2437
f 4022/1/2686 3471/1/2350 3986/1/2686
s 303
f 3877/1/24 4022/1/24 4023/1/24
s 202
f 4023/1/2437 4022/1/2686 4021/1/2437
s 303
f 3877/1/24 4024/1/24 4022/1/24
s 202
f 4022/1/2686 4024/1/2687 3471/1/2350
f 4025/1/2688 4024/1/2687 3877/1/2638
f 4024/1/2687 4025/1/2688 3472/1/2351
f 4024/1/2687 3472/1/2351 3471/1/2350
f 3420/1/2305 4026/1/2689 4025/1/2688
f 3420/1/2305 4025/1/2688 3419/1/2637
f 3472/1/2351 4025/1/2688 3464/1/2343
f 4025/1/2688 3877/1/2638 3419/1/2637
f 3464/1/2343 4025/1/2688 4026/1/2689
f 3420/1/2305 3434/1/2313 4026/1/2689
f 4026/1/2689 4027/1/2690 3464/1/2343
s 333
f 4026/1/706 3463/1/706 4027/1/24
f 3463/1/706 4026/1/706 3444/1/2691
s 205
f 3444/1/2323 4026/1/2314 3439/1/2315
f 4026/1/2314 3434/1/2314 3439/1/2315
s 202
f 3464/1/2343 4027/1/2690 3463/1/2337
f 3876/1/2438 4023/1/2437 4021/1/2437
s 303
f 3877/1/24 4023/1/24 3876/1/24
s 212
f 4028/1/5 4021/1/5 3985/1/5
s 202
f 4021/1/2437 4029/1/2438 3876/1/2438
s 212
f 4028/1/5 4029/1/5 4021/1/5
f 3889/1/5 4029/1/5 4028/1/5
s 202
f 3876/1/2438 4029/1/2438 3889/1/2439
s 212
f 4030/1/5 4028/1/5 3985/1/5
s 334
f 4028/1/2650 4030/1/2692 4031/1/2692
s 212
f 4028/1/5 3891/1/5 3889/1/5
s 334
f 3891/1/2507 4028/1/2650 4032/1/2693
f 4031/1/2692 4032/1/2693 4028/1/2650
s 335
f 4034/1/5 4032/1/5 4031/1/5
s 334
f 4032/1/2693 4033/1/2507 3891/1/2507
s 335
f 4034/1/5 4033/1/5 4032/1/5
s 336
f 3893/1/2694 4033/1/2505 4034/1/2695
f 4035/1/2696 3893/1/2694 4034/1/2695
f 4034/1/2695 4036/1/2696 4035/1/2696
s 335
f 4036/1/5 4034/1/5 4031/1/5
s 336
f 4035/1/2696 4036/1/2696 4037/1/2697
s 335
f 4031/1/5 4037/1/5 4036/1/5
s 336
f 4037/1/2697 4038/1/2697 4035/1/2696
s 334
f 4038/1/2467 4037/1/2467 4031/1/2692
s 212
f 4038/1/5 3973/1/5 3902/1/5
f 4030/1/5 3973/1/5 4038/1/5
s 334
f 4030/1/2692 4038/1/2467 4031/1/2692
s 212
f 3902/1/5 4035/1/5 4038/1/5
f 4035/1/5 3894/1/5 3893/1/5
f 4035/1/5 3902/1/5 3894/1/5
s 336
f 3893/1/2694 3891/1/2505 4033/1/2505
s 212
f 4039/1/5 4030/1/5 3985/1/5
f 4030/1/5 4039/1/5 3973/1/5
f 3976/1/2673 3973/1/2674 4039/1/2698
f 4039/1/2698 4040/1/2513 3974/1/2513
f 3974/1/2513 3976/1/2673 4039/1/2698
f 4039/1/5 3985/1/5 4040/1/5
f 3974/1/2513 4040/1/2513 3985/1/2514
f 3980/1/2515 3974/1/2513 3985/1/2514
f 3506/1/2699 3504/1/2678 3981/1/2521
f 3981/1/2521 3502/1/2390 3506/1/2699
s 325
f 3978/1/24 3749/1/24 3754/1/24
s 212
f 3978/1/2677 3504/1/2678 3749/1/2580
f 3975/1/2675 4041/1/14 3872/1/14
s 325
f 3975/1/24 3754/1/24 4041/1/24
s 265
f 3872/1/10 4041/1/10 3754/1/10
s 212
f 3973/1/5 3908/1/5 3901/1/5
f 3973/1/5 3901/1/5 3902/1/5
f 3957/1/5 3942/1/5 3932/1/5
f 3921/1/5 3957/1/5 3932/1/5
f 3920/1/5 3957/1/5 3921/1/5
s 318
f 3943/1/2661 3953/1/2480 3946/1/2660
s 212
f 3945/1/5 3934/1/5 3940/1/5
s 316
f 3939/1/2657 4042/1/2475 3942/1/2475
s 315
f 3932/1/2654 3942/1/2472 4042/1/2472
f 3932/1/2654 4042/1/2472 3935/1/2655
s 317
f 3935/1/5 4042/1/5 3939/1/5
s 212
f 3933/1/5 4043/1/5 3887/1/5
f 4043/1/5 3933/1/5 3888/1/5
s 322
f 3882/1/2670 3888/1/2670 3933/1/2669
s 212
f 3887/1/5 4043/1/5 3888/1/5
f 3932/1/5 3930/1/5 3921/1/5
s 314
f 3921/1/2485 3930/1/2483 3925/1/2483
s 212
f 3927/1/5 3887/1/5 3916/1/5
f 3916/1/5 3918/1/5 3927/1/5
s 312
f 3927/1/2465 3918/1/2650 3923/1/2652
s 314
f 3925/1/2483 3924/1/2485 3921/1/2485
s 212
f 3908/1/5 3920/1/5 3909/1/5
f 3887/1/5 3896/1/5 3916/1/5
s 311
f 3912/1/2503 3910/1/2475 3909/1/2475
s 212
f 3895/1/5 3906/1/5 3896/1/5
f 3887/1/5 3886/1/5 3896/1/5
s 202
f 3878/1/2440 3876/1/2438 3889/1/2439
s 337
f 3883/1/24 3888/1/24 4044/1/24
s 322
f 4044/1/2700 3888/1/2670 3882/1/2670
s 338
f 3883/1/5 4044/1/5 4046/1/5
s 322
f 4045/1/2701 4046/1/2701 4044/1/2700
f 4044/1/2700 3881/1/2700 4045/1/2701
f 3881/1/2700 4044/1/2700 3882/1/2670
s 339
f 3880/1/9 4046/1/9 4045/1/9
f 3880/1/9 3883/1/9 4046/1/9
s 303
f 3881/1/24 3880/1/24 4045/1/24
s 202
f 3421/1/5 3866/1/5 3424/1/5
f 3866/1/5 3426/1/2309 3424/1/5
f 3417/1/2592 3866/1/2593 3418/1/2304
f 3418/1/2304 3866/1/2593 3421/1/2302
f 4047/1/2392 4048/1/2702 3865/1/2633
f 3865/1/2633 4049/1/2392 4047/1/2392
f 3865/1/2633 4048/1/2702 3831/1/2631
f 3865/1/2633 3757/1/5 4049/1/2392
s 265
f 4049/1/2703 4050/1/2704 4047/1/2704
f 4049/1/2703 3759/1/2587 4050/1/2704
f 3759/1/2587 4049/1/2703 3757/1/2583
f 4047/1/2704 4050/1/2704 4051/1/849
s 202
f 3759/1/2525 3760/1/2588 4050/1/2525
f 4051/1/2524 4050/1/2525 3833/1/2624
f 3760/1/2588 3833/1/2624 4050/1/2525
s 265
f 4047/1/2704 4051/1/849 4052/1/849
f 4052/1/849 4051/1/849 4055/1/10
s 202
f 3833/1/2624 4053/1/2705 4051/1/2524
f 4051/1/2524 4053/1/2705 4054/1/24
f 4054/1/24 4055/1/24 4051/1/2524
s 340
f 4057/1/9 4056/1/9 4055/1/9
s 265
f 4055/1/10 4056/1/10 4052/1/849
s 340
f 4058/1/9 4057/1/9 4055/1/9
f 4055/1/9 4054/1/9 4058/1/9
s 202
f 4057/1/2706 4058/1/2707 4059/1/2708
f 4058/1/2707 4054/1/2709 4053/1/2705
f 4053/1/2705 4059/1/2708 4058/1/2707
f 4060/1/2710 4063/1/2711 4059/1/2708
f 4062/1/2712 4060/1/2710 4059/1/2708
f 4059/1/2708 4063/1/2711 4057/1/2706
f 4059/1/2708 4053/1/2705 4061/1/2713
f 4061/1/2713 4062/1/2712 4059/1/2708
f 4056/1/5 4057/1/5 4063/1/2711
f 4063/1/2711 4052/1/2714 4056/1/5
f 4048/1/2702 4052/1/2714 4063/1/2711
f 4060/1/2710 4048/1/2702 4063/1/2711
f 4060/1/2710 4062/1/2712 3831/1/2621
f 4062/1/2712 4061/1/2713 3831/1/2621
f 4061/1/2713 3832/1/2619 3831/1/2621
f 4061/1/2713 3833/1/2623 3832/1/2619
f 3833/1/2624 4061/1/2713 4053/1/2705
f 4060/1/2710 3831/1/2621 4064/1/2715
f 4048/1/2715 4060/1/2710 4064/1/2715
s 341
f 4064/1/2716 3831/1/2716 4048/1/2717
s 202
f 4048/1/2702 4047/1/2392 4052/1/2714
s 342
f 4065/1/2317 4067/1/2317 3854/1/2317
f 3854/1/2317 3431/1/2317 4065/1/2317
s 205
f 3854/1/2315 3849/1/2316 4066/1/2316
f 3431/1/2315 3854/1/2315 4066/1/2316
s 343
f 3429/1/706 3430/1/706 3854/1/706
f 3854/1/706 4067/1/706 3429/1/706
s 344
f 3428/1/2314 3429/1/2314 4067/1/2314
f 4065/1/2314 3428/1/2314 4067/1/2314
s 205
f 4066/1/2316 3849/1/2316 3436/1/2316
f 3431/1/2315 4066/1/2316 3436/1/2316
s 204
f 3431/1/618 3428/1/618 4065/1/618
s 205
f 3840/1/2315 3850/1/2315 3837/1/2608
s 208
f 3436/1/2319 3849/1/2319 3517/1/2319
f 3516/1/2319 3847/1/2319 3794/1/2319
s 205
f 4069/1/2316 3794/1/2606 3847/1/2606
f 3847/1/2606 3822/1/2315 3814/1/2315
f 4068/1/2606 3847/1/2606 3814/1/2315
f 4071/1/2315 3847/1/2606 4068/1/2606
f 4070/1/2315 4069/1/2316 3847/1/2606
f 4071/1/2315 4070/1/2315 3847/1/2606
s 345
f 3812/1/2613 4074/1/2613 4071/1/2613
f 4071/1/2613 3815/1/2613 3812/1/2613
s 205
f 3815/1/2315 4071/1/2315 4068/1/2606
f 4072/1/2608 4070/1/2315 4071/1/2315
f 4072/1/2608 4071/1/2315 4073/1/2608
s 346
f 4073/1/24 4071/1/24 4074/1/24
s 347
f 4075/1/2608 4074/1/2314 3812/1/2314
s 346
f 4074/1/24 4075/1/24 4073/1/24
s 347
f 4075/1/2608 3812/1/2314 3813/1/2608
f 4075/1/2608 3813/1/2608 3808/1/2607
f 3809/1/2607 4075/1/2608 3808/1/2607
s 346
f 4073/1/24 4075/1/24 3809/1/24
s 205
f 4072/1/2608 4073/1/2608 3810/1/2607
s 346
f 3809/1/24 3810/1/24 4073/1/24
s 348
f 4076/1/5 4077/1/5 4072/1/5
f 4072/1/5 3805/1/5 4076/1/5
s 205
f 3810/1/2607 3805/1/2607 4072/1/2608
s 348
f 4072/1/5 4077/1/5 4078/1/5
f 4078/1/5 4070/1/5 4072/1/5
s 349
f 4070/1/2613 4078/1/2718 4079/1/2613
s 350
f 4080/1/2608 4079/1/2314 4078/1/2314
f 4078/1/2314 4077/1/2608 4080/1/2608
f 4080/1/2608 4077/1/2608 4076/1/2607
f 4076/1/2607 3806/1/2607 4080/1/2608
s 278
f 3802/1/24 4080/1/24 3806/1/24
f 4079/1/24 4080/1/24 3802/1/24
s 349
f 3798/1/2613 4070/1/2613 4079/1/2613
s 278
f 3802/1/24 3798/1/24 4079/1/24
s 277
f 3806/1/2612 4076/1/2612 3805/1/2612
s 205
f 4070/1/2315 3798/1/2315 4069/1/2316
f 3798/1/2315 3794/1/2606 4069/1/2316
f 3814/1/2315 3815/1/2315 4068/1/2606
s 292
f 3824/1/24 3842/1/24 3836/1/24
f 3826/1/24 3824/1/24 3836/1/24
s 283
f 3820/1/2608 3825/1/2607 3817/1/2607
s 351
f 3797/1/2314 3799/1/2314 3801/1/2314
s 352
f 3801/1/24 3778/1/24 3781/1/24
s 351
f 3797/1/2314 3801/1/2314 4081/1/2314
s 352
f 3781/1/24 4081/1/24 3801/1/24
s 273
f 3797/1/2317 4081/1/2317 3781/1/2317
s 208
f 3521/1/2319 3792/1/2604 3524/1/2402
s 205
f 3529/1/2407 3524/1/2406 3792/1/2605
f 3790/1/2603 3529/1/2407 3792/1/2605
s 224
f 3529/1/2317 3790/1/2317 3532/1/2410
s 353
f 3790/1/2719 3784/1/5 4083/1/5
s 224
f 3532/1/2410 3790/1/2317 4082/1/2317
s 353
f 4082/1/2720 3790/1/2719 4084/1/2721
f 4083/1/5 4084/1/2721 3790/1/2719
s 202
f 4084/1/2337 4083/1/2337 3551/1/2337
f 3551/1/2337 4085/1/2337 4084/1/2337
s 224
f 4082/1/2317 4084/1/2317 4085/1/2317
s 202
f 3540/1/2337 4085/1/2337 3551/1/2337
s 224
f 4085/1/2317 3540/1/2317 4082/1/2317
s 202
f 4083/1/2337 4086/1/2722 3550/1/2427
s 353
f 4083/1/5 3784/1/5 4086/1/5
s 202
f 3550/1/2427 3551/1/2337 4083/1/2337
f 4086/1/2722 3784/1/2602 3555/1/2431
f 3555/1/2431 3550/1/2427 4086/1/2722
s 224
f 3540/1/2317 3532/1/2410 4082/1/2317
s 202
f 3776/1/2598 3555/1/2431 3784/1/2602
f 3778/1/2599 3771/1/2595 3775/1/2596
s 266
f 4087/1/24 3776/1/24 3767/1/24
s 202
f 3555/1/2431 3776/1/2598 4087/1/2723
f 4087/1/2723 3562/1/2724 3555/1/2431
f 3562/1/2724 4087/1/2723 3766/1/2725
s 266
f 3767/1/24 3766/1/24 4087/1/24
s 202
f 3772/1/24 3775/1/2596 3771/1/2595
f 3770/1/2594 3762/1/2591 3765/1/24
f 3762/1/2591 3770/1/2594 3760/1/2588
f 3567/1/2441 3766/1/2725 3581/1/2314
f 3567/1/2441 3562/1/2724 3766/1/2725
s 266
f 3755/1/24 3581/1/24 3756/1/24
s 232
f 3581/1/10 3755/1/10 3575/1/10
s 212
f 3641/1/2488 3575/1/14 3755/1/14
f 3755/1/14 4088/1/2726 3641/1/2488
f 3755/1/14 3753/1/14 4088/1/2726
s 263
f 3752/1/5 4088/1/5 3753/1/5
s 212
f 4088/1/2726 3752/1/2519 3676/1/2519
f 3676/1/2519 3641/1/2488 4088/1/2726
f 3676/1/2519 3752/1/2519 3680/1/2517
f 4089/1/2140 3748/1/2140 3749/1/2580
f 3749/1/2580 3504/1/2678 4089/1/2140
s 221
f 3505/1/2394 4089/1/2394 3504/1/2394
f 4089/1/2394 3514/1/2394 3748/1/2394
f 4089/1/2394 3505/1/2394 3514/1/2394
s 212
f 3678/1/2516 3685/1/2577 3558/1/2578
f 3678/1/2516 3557/1/2516 3675/1/2515
f 3558/1/2578 3557/1/2516 3678/1/2516
s 354
f 3641/1/5 3676/1/5 3673/1/5
s 229
f 3675/1/24 3557/1/24 3559/1/24
f 3675/1/24 3559/1/24 3564/1/24
s 212
f 3640/1/2489 3641/1/2488 3673/1/2511
s 251
f 3670/1/2510 4090/1/2467 3671/1/2467
s 250
f 3648/1/2727 3671/1/2697 4090/1/2697
s 229
f 3648/1/24 3640/1/24 3671/1/24
s 250
f 4090/1/2697 4091/1/2728 3648/1/2727
s 355
f 4090/1/24 3670/1/24 4091/1/24
s 250
f 4091/1/2728 4092/1/2506 3665/1/2506
f 3665/1/2506 3648/1/2727 4091/1/2728
s 355
f 4092/1/24 4091/1/24 3670/1/24
s 250
f 3665/1/2506 4092/1/2506 3667/1/2505
s 355
f 3667/1/24 4092/1/24 3666/1/24
f 3670/1/24 3666/1/24 4092/1/24
s 229
f 3648/1/24 3665/1/24 3649/1/24
s 356
f 3663/1/24 3569/1/15 3662/1/2729
s 229
f 3606/1/24 3662/1/24 3572/1/24
s 356
f 3569/1/15 3572/1/2730 3662/1/2729
s 245
f 3642/1/2483 4093/1/2483 3651/1/2498
s 246
f 3651/1/24 4093/1/24 3646/1/24
s 245
f 3645/1/2492 4093/1/2483 3642/1/2483
s 246
f 3645/1/24 3646/1/24 4093/1/24
s 212
f 3617/1/14 3575/1/14 3641/1/2488
f 3575/1/14 3617/1/14 3580/1/14
s 229
f 4094/1/24 3603/1/24 3572/1/24
s 234
f 4094/1/2700 4095/1/2700 3603/1/2463
f 4095/1/2700 3573/1/2462 3603/1/2463
f 4096/1/2701 4097/1/2701 4095/1/2700
f 4095/1/2700 4094/1/2700 4096/1/2701
s 357
f 3571/1/5 4095/1/5 4097/1/5
s 358
f 3571/1/24 3573/1/24 4095/1/24
s 359
f 4097/1/9 4096/1/9 4098/1/9
f 4098/1/9 3571/1/9 4097/1/9
s 231
f 3571/1/15 4098/1/15 3572/1/15
s 229
f 3572/1/24 4098/1/24 4094/1/24
f 4094/1/24 4098/1/24 4096/1/24
s 234
f 3590/1/2448 3579/1/2460 3577/1/2447
s 202
f 3562/1/2724 3554/1/2430 3555/1/2431
s 226
f 3537/1/2329 3543/1/2560 3536/1/2327
s 257
f 3535/1/2548 3528/1/2548 3527/1/2316
f 3533/1/2316 3535/1/2548 3527/1/2316
s 208
f 3517/1/2319 3442/1/2319 3436/1/2319
s 212
f 3442/1/2379 3517/1/2379 3509/1/2398
f 3502/1/2390 3500/1/2391 3506/1/2699
f 3494/1/5 3490/1/5 3491/1/5
f 3492/1/2381 3448/1/2379 3446/1/2379
s 208
f 3449/1/2328 3448/1/2327 3488/1/2376
s 202
f 3466/1/2344 3485/1/2340 3483/1/2340
f 3466/1/2344 3460/1/2339 3485/1/2340
f 3457/1/2340 3485/1/2340 3460/1/2339
s 216
f 3457/1/2372 3453/1/2372 3485/1/2329
s 202
f 4099/1/2731 3466/1/2344 3483/1/2340
f 3483/1/2340 3482/1/2365 4099/1/2731
f 4099/1/2731 3482/1/2365 3478/1/2360
f 3467/1/2345 4099/1/2731 3478/1/2360
f 3467/1/2345 3466/1/2344 4099/1/2731
f 3474/1/2353 3476/1/2359 3473/1/2354
f 3464/1/2343 3462/1/2342 3472/1/2351
f 3456/1/2337 3463/1/2337 4100/1/2337
s 333
f 3444/1/2691 4100/1/2732 3463/1/706
s 211
f 3456/1/2317 4100/1/2317 4101/1/2376
s 333
f 4101/1/2733 4100/1/2732 3444/1/2691
s 211
f 4101/1/2376 3444/1/2317 3456/1/2317
s 216
f 3453/1/2372 3457/1/2372 3458/1/2734
f 3458/1/2734 3454/1/2735 3453/1/2372
s 360
f 3439/1/618 4102/1/618 3438/1/618
f 3439/1/618 3434/1/618 4102/1/618
s 361
f 4102/1/2314 3433/1/2314 3437/1/2314
s 202
f 3433/1/2311 4102/1/2311 3434/1/2313
s 361
f 3437/1/2314 3438/1/2314 4102/1/2314
s 362
f 4104/1/2736 4103/1/2737 4105/1/2738
f 4103/1/2737 4104/1/2736 4106/1/2736
f 4109/1/2739 4105/1/2738 4103/1/2737
f 4106/1/2736 4107/1/2737 4103/1/2737
f 4107/1/2737 4108/1/2740 4103/1/2737
f 4103/1/2737 4108/1/2740 4109/1/2739
f 4112/1/2741 4109/1/2739 4108/1/2740
s 363
f 4109/1/15 4111/1/15 4110/1/15
f 4109/1/15 4110/1/15 4105/1/15
f 4112/1/15 4111/1/15 4109/1/15
s 362
f 4113/1/2742 4112/1/2741 4108/1/2740
f 4114/1/2743 4112/1/2741 4113/1/2742
s 363
f 4114/1/15 4115/1/15 4112/1/15
f 4112/1/15 4115/1/15 4111/1/15
f 4114/1/15 4116/1/15 4115/1/15
s 364
f 4115/1/2744 4117/1/2745 4111/1/2745
f 4116/1/2746 4118/1/2747 4115/1/2744
f 4115/1/2744 4118/1/2747 4117/1/2745
f 4122/1/2748 4117/1/2745 4118/1/2747
f 4118/1/2747 4120/1/2749 4119/1/2750
f 4119/1/2750 4121/1/2751 4118/1/2747
f 4116/1/2746 4120/1/2749 4118/1/2747
f 4121/1/2751 4122/1/2748 4118/1/2747
f 4126/1/2752 4117/1/2745 4122/1/2748
f 4122/1/2748 4123/1/2752 4126/1/2752
f 4125/1/2753 4123/1/2752 4122/1/2748
f 4122/1/2748 4121/1/2751 4124/1/2751
f 4124/1/2751 4125/1/2753 4122/1/2748
f 4110/1/2752 4126/1/2752 4127/1/2754
f 4117/1/2745 4126/1/2752 4110/1/2752
f 4128/1/2755 4127/1/2754 4126/1/2752
f 4123/1/2752 4128/1/2755 4126/1/2752
f 4129/1/2756 4127/1/2754 4128/1/2755
f 4128/1/2755 4130/1/2756 4129/1/2756
f 4132/1/2756 4130/1/2756 4128/1/2755
f 4131/1/2754 4128/1/2755 4123/1/2752
f 4128/1/2755 4131/1/2754 4132/1/2756
s 365
f 4132/1/9 4135/1/2757 4133/1/2757
f 4133/1/2757 4134/1/9 4132/1/9
f 4130/1/9 4132/1/9 4134/1/9
s 364
f 4135/1/2758 4132/1/2756 4131/1/2754
f 4135/1/2758 4136/1/2759 4137/1/2760
f 4131/1/2754 4136/1/2759 4135/1/2758
s 365
f 4138/1/2761 4133/1/2757 4135/1/2757
s 364
f 4138/1/2762 4135/1/2758 4137/1/2760
s 365
f 4138/1/2761 4140/1/2763 4133/1/2757
s 364
f 4137/1/2760 4139/1/2764 4138/1/2762
s 365
f 4138/1/2761 4139/1/2765 4141/1/2766
f 4141/1/2766 4140/1/2763 4138/1/2761
s 362
f 4140/1/2767 4141/1/2768 4142/1/2769
f 4152/1/2770 4142/1/2769 4141/1/15
f 4143/1/2771 4141/1/15 4144/1/15
f 4141/1/15 4143/1/2771 4145/1/2772
s 365
f 4139/1/2765 4144/1/2773 4141/1/2766
s 362
f 4141/1/15 4145/1/2772 4146/1/2774
f 4141/1/15 4146/1/2774 4147/1/2775
f 4141/1/15 4147/1/2775 4148/1/2776
f 4141/1/15 4148/1/2776 4149/1/2777
f 4141/1/15 4149/1/2777 4150/1/2778
f 4141/1/15 4150/1/2778 4151/1/2779
f 4141/1/15 4151/1/2779 4152/1/2770
f 4152/1/2770 4154/1/2780 4153/1/2781
f 4142/1/2769 4152/1/2770 4153/1/2781
f 4154/1/2780 4152/1/2770 4151/1/2779
f 4153/1/2781 4154/1/2780 4156/1/2737
f 4154/1/2780 4155/1/2782 4157/1/2740
f 4151/1/2779 4155/1/2782 4154/1/2780
f 4154/1/2780 4157/1/2740 4156/1/2737
f 4158/1/2783 4157/1/2740 4155/1/2782
f 4157/1/2740 4158/1/2783 4160/1/2784
f 4156/1/2737 4157/1/2740 4159/1/2785
f 4157/1/2740 4160/1/2784 4159/1/2785
f 4162/1/2786 4161/1/2743 4160/1/2784
f 4160/1/2784 4161/1/2743 4113/1/2742
f 4159/1/2785 4160/1/2784 4113/1/2742
f 4158/1/2783 4162/1/2786 4160/1/2784
f 4166/1/2787 4163/1/2788 4162/1/2786
f 4161/1/2743 4162/1/2786 4163/1/2788
f 4164/1/2789 4162/1/2786 4158/1/2783
f 4164/1/2789 4165/1/2790 4162/1/2786
f 4165/1/2790 4166/1/2787 4162/1/2786
f 4163/1/2788 4166/1/2787 4167/1/2791
f 4147/1/2775 4167/1/2791 4166/1/2787
f 4148/1/2776 4166/1/2787 4165/1/2790
f 4148/1/2776 4147/1/2775 4166/1/2787
f 4167/1/2791 4170/1/2792 4168/1/9
f 4167/1/2791 4168/1/9 4169/1/2793
f 4167/1/2791 4169/1/2793 4163/1/2788
f 4170/1/2792 4167/1/2791 4147/1/2775
f 4168/1/9 4170/1/2792 4171/1/2794
f 4146/1/2774 4171/1/2794 4170/1/2792
f 4147/1/2775 4146/1/2774 4170/1/2792
f 4171/1/2794 4172/1/2795 4168/1/9
f 4171/1/2794 4173/1/2796 4172/1/2795
f 4145/1/2772 4173/1/2796 4171/1/2794
f 4146/1/2774 4145/1/2772 4171/1/2794
f 4145/1/2772 4143/1/2771 4173/1/2796
f 4173/1/2796 4143/1/2771 4174/1/2797
f 4174/1/2797 4175/1/2798 4173/1/2796
f 4173/1/2796 4175/1/2798 4176/1/2799
f 4173/1/2796 4176/1/2799 4177/1/9
f 4173/1/2796 4177/1/9 4172/1/2795
f 4172/1/2795 4177/1/9 4178/1/2795
f 4177/1/9 4176/1/2799 4180/1/2799
f 4177/1/9 4179/1/9 4178/1/2795
f 4177/1/9 4180/1/2799 4179/1/9
f 4181/1/9 4182/1/2799 4180/1/2799
f 4180/1/2799 4183/1/9 4181/1/9
f 4180/1/2799 4182/1/2799 4184/1/9
f 4183/1/9 4180/1/2799 4176/1/2799
f 4179/1/9 4180/1/2799 4184/1/9
f 4184/1/9 4185/1/2795 4178/1/2795
f 4178/1/2795 4179/1/9 4184/1/9
f 4185/1/2795 4184/1/9 4187/1/2800
f 4186/1/2799 4187/1/2800 4184/1/9
f 4184/1/9 4182/1/2799 4186/1/2799
f 4187/1/2800 4188/1/2801 4185/1/2795
s 363
f 4189/1/15 4187/1/15 4186/1/2802
f 4188/1/2803 4187/1/15 4189/1/15
f 4189/1/15 4190/1/2803 4188/1/2803
s 364
f 4189/1/2804 4192/1/2805 4190/1/2806
s 363
f 4189/1/15 4186/1/2802 4191/1/2802
s 364
f 4193/1/14 4189/1/2804 4191/1/2807
f 4189/1/2804 4193/1/14 4192/1/2805
f 4193/1/14 4191/1/2807 4195/1/2807
f 4197/1/2805 4192/1/2805 4193/1/14
f 4193/1/14 4195/1/2807 4194/1/2807
f 4194/1/2807 4196/1/2808 4193/1/14
f 4196/1/2808 4197/1/2805 4193/1/14
f 4201/1/14 4192/1/2805 4197/1/2805
f 4197/1/2805 4198/1/14 4201/1/14
f 4200/1/14 4198/1/14 4197/1/2805
f 4199/1/2805 4197/1/2805 4196/1/2808
f 4197/1/2805 4199/1/2805 4200/1/14
f 4201/1/14 4202/1/14 4190/1/2806
f 4190/1/2806 4192/1/2805 4201/1/14
f 4202/1/14 4201/1/14 4203/1/2807
f 4204/1/2807 4203/1/2807 4201/1/14
f 4198/1/14 4204/1/2807 4201/1/14
f 4204/1/2807 4205/1/2809 4207/1/2810
f 4206/1/2807 4205/1/2809 4204/1/2807
f 4206/1/2807 4204/1/2807 4198/1/14
f 4204/1/2807 4207/1/2810 4203/1/2807
f 4208/1/2807 4203/1/2807 4207/1/2810
f 4208/1/2807 4207/1/2810 4209/1/2811
f 4209/1/2811 4207/1/2810 4120/1/2749
f 4119/1/2750 4120/1/2749 4207/1/2810
f 4205/1/2809 4119/1/2750 4207/1/2810
s 363
f 4208/1/15 4209/1/15 4210/1/15
s 364
f 4209/1/2811 4120/1/2749 4116/1/2746
s 363
f 4210/1/15 4209/1/15 4116/1/15
s 362
f 4211/1/2812 4210/1/2812 4114/1/2743
f 4212/1/2793 4210/1/2812 4211/1/2812
s 363
f 4210/1/15 4116/1/15 4114/1/15
f 4212/1/15 4208/1/15 4210/1/15
s 362
f 4214/1/9 4212/1/2793 4213/1/2793
f 4211/1/2812 4213/1/2793 4212/1/2793
s 363
f 4202/1/15 4208/1/15 4212/1/15
f 4212/1/15 4214/1/15 4202/1/15
s 362
f 4215/1/9 4214/1/9 4213/1/2793
f 4188/1/2801 4214/1/9 4215/1/9
s 363
f 4214/1/15 4188/1/2803 4190/1/2803
f 4190/1/2803 4202/1/15 4214/1/15
s 362
f 4215/1/9 4213/1/2793 4216/1/2793
f 4216/1/2793 4217/1/9 4215/1/9
f 4217/1/9 4178/1/2795 4215/1/9
f 4178/1/2795 4185/1/2795 4215/1/9
f 4185/1/2795 4188/1/2801 4215/1/9
f 4169/1/2793 4217/1/9 4216/1/2793
f 4168/1/9 4178/1/2795 4217/1/9
f 4169/1/2793 4168/1/9 4217/1/9
f 4218/1/2812 4216/1/2793 4213/1/2793
f 4163/1/2788 4169/1/2793 4216/1/2793
f 4163/1/2788 4216/1/2793 4218/1/2812
f 4218/1/2812 4213/1/2793 4211/1/2812
f 4218/1/2812 4211/1/2812 4219/1/2813
f 4219/1/2813 4161/1/2743 4218/1/2812
f 4163/1/2788 4218/1/2812 4161/1/2743
f 4211/1/2812 4114/1/2743 4219/1/2813
f 4113/1/2742 4219/1/2813 4114/1/2743
f 4161/1/2743 4219/1/2813 4113/1/2742
s 364
f 4203/1/2807 4208/1/2807 4202/1/14
f 4221/1/2814 4220/1/2809 4206/1/2807
f 4206/1/2807 4220/1/2809 4205/1/2809
f 4198/1/14 4200/1/14 4206/1/2807
f 4221/1/2814 4206/1/2807 4200/1/14
f 4221/1/2814 4222/1/2815 4220/1/2809
f 4200/1/14 4223/1/2816 4221/1/2814
f 4224/1/2817 4222/1/2815 4221/1/2814
f 4225/1/2818 4221/1/2814 4223/1/2816
f 4221/1/2814 4225/1/2818 4224/1/2817
f 4224/1/2817 4225/1/2818 4139/1/10
f 4226/1/2819 4225/1/2818 4223/1/2816
f 4139/1/10 4225/1/2818 4226/1/2819
f 4227/1/2820 4228/1/2821 4226/1/2819
f 4226/1/2819 4223/1/2816 4227/1/2820
f 4139/1/10 4226/1/2819 4228/1/2821
f 4229/1/2822 4228/1/2821 4227/1/2820
f 4228/1/2821 4229/1/2822 4139/1/10
f 4229/1/2822 4227/1/2820 4232/1/2823
f 4229/1/2822 4230/1/2824 4139/1/10
f 4231/1/2825 4230/1/2824 4229/1/2822
f 4229/1/2822 4232/1/2823 4231/1/2825
f 4199/1/2805 4233/1/2826 4232/1/2823
f 4232/1/2823 4233/1/2826 4234/1/2807
f 4232/1/2823 4227/1/2820 4199/1/2805
f 4234/1/2807 4231/1/2825 4232/1/2823
f 4234/1/2807 4194/1/2807 4235/1/14
f 4236/1/14 4234/1/2807 4235/1/14
f 4194/1/2807 4234/1/2807 4233/1/2826
f 4231/1/2825 4234/1/2807 4236/1/14
f 4238/1/2827 4237/1/2828 4236/1/14
f 4236/1/14 4237/1/2828 4231/1/2825
f 4236/1/14 4239/1/2805 4238/1/2827
f 4239/1/2805 4236/1/14 4235/1/14
f 4238/1/2827 4239/1/2805 4241/1/2829
f 4240/1/2829 4241/1/2829 4239/1/2805
f 4239/1/2805 4242/1/2805 4240/1/2829
f 4239/1/2805 4235/1/14 4242/1/2805
f 4242/1/2805 4235/1/14 4243/1/14
f 4245/1/2829 4240/1/2829 4242/1/2805
f 4243/1/14 4244/1/2805 4242/1/2805
f 4242/1/2805 4244/1/2805 4245/1/2829
f 4245/1/2829 4246/1/2829 4247/1/2830
f 4244/1/2805 4246/1/2829 4245/1/2829
f 4248/1/2830 4245/1/2829 4247/1/2830
f 4248/1/2830 4240/1/2829 4245/1/2829
f 4249/1/2830 4248/1/2830 4250/1/2831
f 4249/1/2830 4240/1/2829 4248/1/2830
f 4251/1/2832 4250/1/2831 4248/1/2830
f 4248/1/2830 4247/1/2830 4251/1/2832
f 4252/1/2833 4250/1/2831 4251/1/2832
f 4252/1/2833 4251/1/2832 4254/1/2834
f 4251/1/2832 4253/1/2835 4255/1/2836
f 4247/1/2830 4253/1/2835 4251/1/2832
f 4255/1/2836 4254/1/2834 4251/1/2832
s 363
f 4255/1/15 4253/1/15 4256/1/15
f 4256/1/15 4257/1/15 4255/1/15
f 4258/1/15 4255/1/15 4257/1/15
s 364
f 4254/1/2834 4255/1/2836 4258/1/2837
s 363
f 4257/1/15 4259/1/15 4258/1/15
f 4260/1/2838 4258/1/15 4259/1/15
s 364
f 4258/1/2837 4260/1/2839 4261/1/2839
f 4262/1/2837 4258/1/2837 4261/1/2839
f 4254/1/2834 4258/1/2837 4262/1/2837
f 4262/1/2837 4263/1/2837 4252/1/2833
f 4252/1/2833 4254/1/2834 4262/1/2837
f 4264/1/2839 4263/1/2837 4262/1/2837
f 4264/1/2839 4262/1/2837 4261/1/2839
f 4265/1/2839 4264/1/2839 4266/1/2840
f 4265/1/2839 4263/1/2837 4264/1/2839
f 4266/1/2840 4264/1/2839 4267/1/2840
f 4264/1/2839 4261/1/2839 4267/1/2840
s 365
f 4266/1/9 4267/1/9 4269/1/9
s 364
f 4268/1/2840 4267/1/2840 4261/1/2839
s 365
f 4267/1/9 4268/1/9 4270/1/9
f 4270/1/9 4269/1/9 4267/1/9
s 362
f 4271/1/2841 4269/1/2842 4270/1/2842
f 4272/1/2843 4271/1/2841 4270/1/2842
s 363
f 4272/1/2844 4270/1/2845 4268/1/2846
s 362
f 4272/1/2843 4259/1/2847 4273/1/2848
f 4273/1/2848 4271/1/2841 4272/1/2843
s 363
f 4259/1/15 4272/1/2844 4260/1/2838
f 4268/1/2846 4260/1/2838 4272/1/2844
s 362
f 4275/1/2849 4274/1/2848 4273/1/2848
f 4271/1/2841 4273/1/2848 4274/1/2848
f 4275/1/2849 4273/1/2848 4276/1/2849
f 4276/1/2849 4273/1/2848 4259/1/2847
f 4275/1/2849 4276/1/2849 4277/1/2850
f 4276/1/2849 4257/1/2849 4256/1/2851
f 4256/1/2851 4277/1/2850 4276/1/2849
f 4257/1/2849 4276/1/2849 4259/1/2847
f 4277/1/2850 4278/1/2851 4275/1/2849
f 4278/1/2851 4277/1/2850 4279/1/2852
f 4279/1/2852 4277/1/2850 4256/1/2851
f 4280/1/2853 4278/1/2851 4279/1/2852
f 4281/1/2854 4280/1/2853 4279/1/2852
f 4279/1/2852 4282/1/2854 4281/1/2854
f 4282/1/2854 4279/1/2852 4283/1/2855
f 4256/1/2851 4283/1/2855 4279/1/2852
s 363
f 4283/1/15 4256/1/15 4253/1/15
f 4253/1/15 4284/1/15 4283/1/15
f 4285/1/15 4283/1/15 4284/1/15
s 362
f 4283/1/2855 4285/1/2856 4282/1/2854
f 4286/1/2857 4282/1/2854 4285/1/2856
f 4287/1/2857 4286/1/2857 4285/1/2856
s 363
f 4288/1/15 4287/1/15 4285/1/15
f 4285/1/15 4246/1/15 4288/1/15
f 4284/1/15 4246/1/15 4285/1/15
f 4288/1/15 4290/1/15 4289/1/15
f 4289/1/15 4287/1/15 4288/1/15
s 364
f 4243/1/14 4290/1/14 4288/1/2805
f 4244/1/2805 4288/1/2805 4246/1/2829
f 4243/1/14 4288/1/2805 4244/1/2805
s 363
f 4290/1/15 4191/1/2802 4186/1/2802
f 4186/1/2802 4289/1/15 4290/1/15
s 364
f 4195/1/2807 4191/1/2807 4290/1/14
f 4290/1/14 4243/1/14 4195/1/2807
s 362
f 4287/1/2857 4289/1/9 4181/1/9
f 4182/1/2799 4181/1/9 4289/1/9
f 4186/1/2799 4182/1/2799 4289/1/9
f 4181/1/9 4286/1/2857 4287/1/2857
f 4291/1/2857 4286/1/2857 4181/1/9
f 4291/1/2857 4282/1/2854 4286/1/2857
f 4292/1/2857 4291/1/2857 4183/1/9
f 4292/1/2857 4281/1/2854 4291/1/2857
f 4291/1/2857 4281/1/2854 4282/1/2854
f 4183/1/9 4291/1/2857 4181/1/9
f 4293/1/2854 4292/1/2857 4295/1/2858
f 4292/1/2857 4293/1/2854 4281/1/2854
f 4183/1/9 4294/1/9 4292/1/2857
f 4295/1/2858 4292/1/2857 4294/1/9
f 4295/1/2858 4296/1/2859 4293/1/2854
f 4298/1/2860 4296/1/2859 4295/1/2858
f 4297/1/2861 4298/1/2860 4295/1/2858
f 4297/1/2861 4295/1/2858 4299/1/2862
f 4299/1/2862 4295/1/2858 4294/1/9
f 4175/1/2798 4299/1/2862 4294/1/9
f 4297/1/2861 4299/1/2862 4175/1/2798
f 4298/1/2860 4300/1/2863 4296/1/2859
f 4300/1/2863 4298/1/2860 4301/1/2864
f 4298/1/2860 4297/1/2861 4301/1/2864
f 4302/1/2865 4301/1/2864 4303/1/2866
f 4301/1/2864 4302/1/2865 4308/1/2867
f 4304/1/2868 4303/1/2866 4301/1/2864
f 4305/1/2869 4304/1/2868 4301/1/2864
f 4301/1/2864 4144/1/2870 4305/1/2869
f 4174/1/2797 4144/1/15 4301/1/2864
f 4297/1/2861 4174/1/2797 4301/1/2864
f 4306/1/2871 4300/1/2863 4301/1/2864
f 4307/1/2872 4306/1/2871 4301/1/2864
f 4308/1/2867 4307/1/2872 4301/1/2864
f 4308/1/2867 4302/1/2865 4309/1/2873
f 4309/1/2873 4310/1/2874 4308/1/2867
f 4307/1/2872 4308/1/2867 4310/1/2874
f 4310/1/2874 4309/1/2873 4312/1/2848
f 4307/1/2872 4310/1/2874 4311/1/2875
f 4314/1/2851 4311/1/2875 4310/1/2874
f 4310/1/2874 4312/1/2848 4313/1/2849
f 4310/1/2874 4313/1/2849 4314/1/2851
f 4311/1/2875 4314/1/2851 4315/1/2853
f 4280/1/2853 4315/1/2853 4314/1/2851
f 4278/1/2851 4314/1/2851 4313/1/2849
f 4314/1/2851 4278/1/2851 4280/1/2853
f 4316/1/2876 4311/1/2875 4315/1/2853
f 4293/1/2854 4315/1/2853 4280/1/2853
f 4315/1/2853 4293/1/2854 4296/1/2859
f 4296/1/2859 4316/1/2876 4315/1/2853
f 4306/1/2871 4311/1/2875 4316/1/2876
f 4316/1/2876 4296/1/2859 4300/1/2863
f 4300/1/2863 4306/1/2871 4316/1/2876
f 4313/1/2849 4312/1/2848 4274/1/2848
f 4313/1/2849 4275/1/2849 4278/1/2851
f 4274/1/2848 4275/1/2849 4313/1/2849
f 4318/1/2841 4312/1/2848 4309/1/2873
f 4312/1/2848 4318/1/2841 4317/1/2877
f 4312/1/2848 4317/1/2877 4274/1/2848
f 4318/1/2841 4303/1/2866 4304/1/2868
f 4309/1/2873 4303/1/2866 4318/1/2841
f 4304/1/2868 4319/1/2842 4318/1/2841
f 4317/1/2877 4318/1/2841 4319/1/2842
f 4319/1/2842 4320/1/2842 4317/1/2877
s 365
f 4319/1/9 4321/1/9 4320/1/9
f 4304/1/2878 4321/1/9 4319/1/9
s 364
f 4321/1/2840 4323/1/2879 4322/1/2880
f 4322/1/2880 4265/1/2839 4321/1/2840
s 365
f 4304/1/2878 4323/1/2881 4321/1/9
s 364
f 4266/1/2840 4321/1/2840 4265/1/2839
s 365
f 4321/1/9 4266/1/9 4320/1/9
s 364
f 4325/1/2882 4322/1/2880 4323/1/2879
s 365
f 4305/1/2883 4324/1/2884 4323/1/2881
f 4305/1/2883 4323/1/2881 4304/1/2878
s 364
f 4325/1/2882 4323/1/2879 4324/1/2885
f 4325/1/2882 4326/1/2886 4322/1/2880
f 4326/1/2886 4325/1/2882 4327/1/10
f 4324/1/2885 4327/1/2887 4325/1/2882
f 4327/1/10 4329/1/2888 4328/1/2889
f 4327/1/10 4328/1/2889 4333/1/2890
f 4327/1/10 4330/1/2891 4326/1/2886
f 4230/1/2824 4327/1/10 4139/1/10
s 365
f 4139/1/2765 4327/1/2892 4144/1/2773
s 364
f 4331/1/2893 4329/1/2888 4327/1/10
f 4327/1/10 4332/1/2894 4330/1/2891
s 365
f 4144/1/2773 4327/1/2892 4324/1/2884
s 364
f 4230/1/2824 4331/1/2893 4327/1/10
f 4327/1/10 4333/1/2890 4332/1/2894
f 4335/1/2895 4333/1/2890 4328/1/2889
f 4332/1/2894 4333/1/2890 4334/1/2896
f 4333/1/2890 4335/1/2895 4334/1/2896
f 4328/1/2889 4336/1/2897 4335/1/2895
f 4335/1/2895 4336/1/2897 4241/1/2829
f 4334/1/2896 4335/1/2895 4337/1/2831
f 4335/1/2895 4241/1/2829 4249/1/2830
f 4335/1/2895 4249/1/2830 4337/1/2831
f 4338/1/2898 4334/1/2896 4337/1/2831
f 4337/1/2831 4339/1/2833 4338/1/2898
f 4250/1/2831 4337/1/2831 4249/1/2830
f 4339/1/2833 4337/1/2831 4250/1/2831
f 4339/1/2833 4252/1/2833 4263/1/2837
f 4340/1/2837 4339/1/2833 4263/1/2837
f 4339/1/2833 4250/1/2831 4252/1/2833
f 4338/1/2898 4339/1/2833 4340/1/2837
f 4340/1/2837 4265/1/2839 4322/1/2880
f 4322/1/2880 4341/1/2899 4340/1/2837
f 4265/1/2839 4340/1/2837 4263/1/2837
f 4341/1/2899 4338/1/2898 4340/1/2837
f 4326/1/2886 4330/1/2891 4341/1/2899
f 4326/1/2886 4341/1/2899 4322/1/2880
f 4330/1/2891 4338/1/2898 4341/1/2899
f 4332/1/2894 4334/1/2896 4338/1/2898
f 4338/1/2898 4330/1/2891 4332/1/2894
f 4328/1/2889 4238/1/2827 4336/1/2897
f 4336/1/2897 4238/1/2827 4241/1/2829
f 4237/1/2828 4331/1/2893 4230/1/2824
f 4329/1/2888 4331/1/2893 4237/1/2828
f 4329/1/2888 4237/1/2828 4238/1/2827
f 4328/1/2889 4329/1/2888 4238/1/2827
s 365
f 4144/1/2773 4324/1/2884 4305/1/2883
s 362
f 4317/1/2877 4320/1/2842 4269/1/2842
s 365
f 4320/1/9 4266/1/9 4269/1/9
s 362
f 4274/1/2848 4317/1/2877 4271/1/2841
f 4269/1/2842 4271/1/2841 4317/1/2877
f 4306/1/2871 4307/1/2872 4311/1/2875
f 4303/1/2866 4309/1/2873 4302/1/2865
f 4175/1/2798 4174/1/2797 4297/1/2861
f 4175/1/2798 4294/1/9 4176/1/2799
f 4176/1/2799 4294/1/9 4183/1/9
f 4280/1/2853 4281/1/2854 4293/1/2854
s 364
f 4246/1/2829 4284/1/2830 4247/1/2830
f 4247/1/2830 4284/1/2830 4253/1/2835
f 4261/1/2839 4260/1/2839 4268/1/2840
f 4249/1/2830 4241/1/2829 4240/1/2829
f 4194/1/2807 4195/1/2807 4243/1/14
f 4235/1/14 4194/1/2807 4243/1/14
f 4230/1/2824 4231/1/2825 4237/1/2828
f 4233/1/2826 4199/1/2805 4196/1/2808
f 4233/1/2826 4196/1/2808 4194/1/2807
f 4227/1/2820 4223/1/2816 4200/1/14
f 4227/1/2820 4200/1/14 4199/1/2805
f 4343/1/2900 4224/1/2817 4139/1/10
f 4224/1/2817 4342/1/2901 4222/1/2815
f 4224/1/2817 4343/1/2900 4342/1/2901
f 4344/1/2902 4342/1/2901 4343/1/2900
f 4343/1/2900 4347/1/2903 4344/1/2902
f 4343/1/2900 4139/1/10 4137/1/2760
f 4343/1/2900 4137/1/2760 4346/1/2904
f 4343/1/2900 4346/1/2904 4345/1/2905
f 4345/1/2905 4347/1/2903 4343/1/2900
f 4347/1/2903 4348/1/2906 4344/1/2902
f 4347/1/2903 4345/1/2905 4348/1/2906
f 4124/1/2751 4344/1/2902 4348/1/2906
f 4350/1/2907 4348/1/2906 4345/1/2905
f 4349/1/2752 4125/1/2753 4348/1/2906
f 4348/1/2906 4350/1/2907 4349/1/2752
f 4348/1/2906 4125/1/2753 4124/1/2751
f 4350/1/2907 4136/1/2759 4349/1/2752
f 4346/1/2904 4136/1/2759 4350/1/2907
f 4345/1/2905 4346/1/2904 4350/1/2907
f 4123/1/2752 4349/1/2752 4131/1/2754
f 4136/1/2759 4131/1/2754 4349/1/2752
f 4125/1/2753 4349/1/2752 4123/1/2752
f 4346/1/2904 4137/1/2760 4136/1/2759
f 4342/1/2901 4344/1/2902 4124/1/2751
f 4342/1/2901 4351/1/2749 4220/1/2809
f 4222/1/2815 4342/1/2901 4220/1/2809
f 4342/1/2901 4124/1/2751 4351/1/2749
f 4205/1/2809 4220/1/2809 4351/1/2749
f 4351/1/2749 4119/1/2750 4205/1/2809
f 4119/1/2750 4351/1/2749 4124/1/2751
s 362
f 4168/1/9 4172/1/2795 4178/1/2795
f 4174/1/2797 4143/1/2771 4144/1/15
f 4149/1/2777 4165/1/2790 4164/1/2789
f 4165/1/2790 4149/1/2777 4148/1/2776
f 4150/1/2778 4164/1/2789 4155/1/2782
f 4164/1/2789 4150/1/2778 4149/1/2777
f 4155/1/2782 4164/1/2789 4158/1/2783
f 4113/1/2742 4108/1/2740 4159/1/2785
f 4107/1/2737 4159/1/2785 4108/1/2740
f 4156/1/2737 4159/1/2785 4107/1/2737
f 4153/1/2781 4156/1/2737 4352/1/2908
f 4352/1/2908 4156/1/2737 4107/1/2737
f 4153/1/2781 4352/1/2908 4134/1/2909
f 4353/1/2909 4134/1/2909 4352/1/2908
f 4352/1/2908 4106/1/2736 4353/1/2909
f 4107/1/2737 4106/1/2736 4352/1/2908
f 4353/1/2909 4106/1/2736 4354/1/2909
s 365
f 4353/1/9 4354/1/9 4129/1/9
f 4134/1/9 4353/1/9 4130/1/9
f 4130/1/9 4353/1/9 4129/1/9
s 362
f 4106/1/2736 4104/1/2736 4354/1/2909
f 4355/1/2909 4354/1/2909 4104/1/2736
s 365
f 4356/1/9 4354/1/9 4355/1/9
f 4356/1/9 4129/1/9 4354/1/9
s 363
f 4358/1/2910 4356/1/2911 4355/1/2845
f 4358/1/2910 4357/1/2912 4356/1/2911
s 364
f 4357/1/2913 4127/1/2754 4356/1/2756
f 4127/1/2754 4129/1/2756 4356/1/2756
s 362
f 4105/1/2738 4358/1/2736 4104/1/2736
s 363
f 4105/1/15 4357/1/2912 4358/1/2910
s 362
f 4104/1/2736 4358/1/2736 4355/1/2909
s 363
f 4105/1/15 4110/1/15 4357/1/2912
s 364
f 4110/1/2752 4127/1/2754 4357/1/2913
s 362
f 4155/1/2782 4151/1/2779 4150/1/2778
f 4134/1/2909 4133/1/2914 4153/1/2781
f 4142/1/2769 4153/1/2781 4133/1/2914
f 4142/1/2769 4133/1/2914 4140/1/2767
s 364
f 4124/1/2751 4121/1/2751 4119/1/2750
f 4110/1/2752 4111/1/2745 4117/1/2745
s 366
f 4360/1/2915 4361/1/2916 4359/1/2917
s 367
f 4364/1/2918 4363/1/2231 4362/1/2919
s 166
g chasis_grey
usemtl grey
f 2796/1/1563 2797/1/1563 2795/1/1564
f 2795/1/1564 2798/1/1565 2796/1/1563
f 2795/1/1564 2797/1/1566 2800/1/1567
f 2799/1/1568 2798/1/1565 2795/1/1564
f 2799/1/1568 2795/1/1564 2800/1/1567
f 2799/1/1568 2800/1/1567 2801/1/1574
f 2810/1/1585 2809/1/1586 2812/1/1586
f 2801/1/1574 2809/1/1587 2810/1/1585
f 2813/1/1590 2810/1/1585 2812/1/1586
f 2813/1/1590 2812/1/1591 2815/1/1592
f 2817/1/1595 2813/1/1590 2815/1/1592
f 2815/1/1592 2816/1/1597 2818/1/1598
f 2818/1/1598 2817/1/1595 2815/1/1592
f 2818/1/1598 2798/1/1565 2799/1/1568
f 2798/1/1565 2818/1/1598 2816/1/1597
f 2799/1/1568 2817/1/1595 2818/1/1598
f 2799/1/1568 2819/1/1599 2817/1/1595
f 2819/1/1599 2810/1/1585 2817/1/1595
f 2810/1/1585 2813/1/1590 2817/1/1595
f 2819/1/1599 2799/1/1568 2801/1/1574
f 2810/1/1585 2819/1/1599 2801/1/1574
f 2816/1/1597 2796/1/1600 2798/1/1565
s 170
f 2924/1/1725 2925/1/1725 2923/1/1726
f 2923/1/1726 2926/1/1727 2924/1/1725
f 2923/1/1726 2925/1/1728 2929/1/1729
f 2927/1/1730 2926/1/1727 2923/1/1726
f 2927/1/1730 2923/1/1726 2928/1/1731
f 2928/1/1731 2923/1/1726 2929/1/1729
f 2929/1/1729 2930/1/1735 2932/1/1736
f 2932/1/1736 2928/1/1731 2929/1/1729
f 2933/1/1738 2928/1/1731 2932/1/1736
f 2934/1/1739 2932/1/1736 2930/1/1735
f 2932/1/1736 2934/1/1739 2933/1/1738
f 2933/1/1738 2934/1/1739 2935/1/1740
f 2935/1/1740 2934/1/1739 2936/1/1741
f 2934/1/1739 2937/1/1741 2936/1/1741
f 2930/1/1735 2937/1/1742 2934/1/1739
f 2926/1/1727 2927/1/1730 2957/1/1880
f 2927/1/1730 2933/1/1738 2957/1/1880
f 2933/1/1738 2956/1/1881 2957/1/1880
f 2957/1/1880 2924/1/1882 2926/1/1727
f 2935/1/1740 2936/1/1883 2956/1/1881
f 2933/1/1738 2935/1/1740 2956/1/1881
f 2933/1/1738 2927/1/1730 2928/1/1731
