# Blender 4.5.3 LTS
# www.blender.org
mtllib cofre.mtl
g cofre_Mesh
v -4.567962 -0.953342 -0.666273
v -5.198030 -0.617014 -0.658325
v -5.004822 -0.617014 -0.658314
v -4.567962 -1.057056 -0.668731
v -5.004822 -0.720728 -0.660772
v -4.567962 -0.953342 -0.666273
v -5.198030 -0.617014 -0.658325
v -5.198030 -0.720727 -0.660782
v -5.004822 -0.720728 -0.660772
v -9.409046 -0.640188 0.329579
v -9.409046 -0.762124 0.326690
v -9.409063 -0.158871 1.021060
v -9.409061 -0.080055 0.949331
v -9.405370 -0.618442 -0.597511
v -9.405370 -0.723127 -0.599993
v -9.409082 0.272319 1.711349
v -9.409082 0.186619 1.709319
v -4.567962 -0.953342 -0.666273
v -9.293686 0.272752 1.705342
v -9.221305 -0.619265 -0.563264
v -9.289996 -0.621755 -0.502497
v -9.336698 -0.617011 -0.658432
v -9.336698 -0.720725 -0.660890
v -5.198030 -0.617014 -0.658325
v -5.004822 -0.617014 -0.658314
v -9.293651 -0.658411 0.329153
v -9.293665 -0.081080 0.947558
v -5.198030 -0.720727 -0.660782
v -9.409215 0.417149 6.794524
v -9.409232 -0.275235 7.429273
v -9.409230 -0.334638 7.416506
v -9.409232 -0.396237 7.496634
v -9.409232 -0.275235 7.429273
v -9.409230 -0.334638 7.416506
v -9.409232 -0.396237 7.496634
v -9.409232 -0.275235 7.429273
v -9.343060 -0.275234 7.429276
v -9.409232 -0.396237 7.496634
v -9.343062 -0.396236 7.496638
v -9.343060 -0.275234 7.429276
v -9.343172 0.857696 11.740299
v -9.302729 -0.263593 9.197400
v -9.343172 0.996083 11.743578
v 4.146892 -0.864454 -0.560216
v 4.628584 -0.953348 -0.666031
v 4.628582 -0.955771 -0.563709
v -0.344429 -0.955770 -0.563840
v 0.515016 -0.955770 -0.563817
v 3.093350 -0.955771 -0.563749
v -9.343062 -0.396236 7.496638
v -9.343060 -0.275234 7.429276
v -9.343172 0.857696 11.740299
v -9.343107 -0.380738 9.233170
v -9.302729 -0.263593 9.197400
v -9.302716 -0.303785 8.633951
v -9.302725 -0.276989 9.009583
v -9.302723 -0.290388 8.821766
v -9.343093 -0.423264 8.637028
v 9.368615 -0.405016 -0.089066
v 9.369145 -0.410273 0.042828
v 9.348118 -0.410196 0.042814
v 9.347591 -0.404935 -0.089088
v 9.469430 -0.396248 7.497129
v 9.403150 0.857683 11.740790
v 9.362857 -0.303797 8.634439
v 9.403264 -0.275247 7.429769
v 9.469430 -0.275246 7.429773
v 9.403264 -0.396246 7.497128
v 9.403214 -0.380750 9.233661
v 9.362842 -0.263605 9.197888
v 9.362845 -0.277000 9.010071
v 9.403230 -0.423275 8.637524
v 9.362849 -0.290400 8.822254
v 2.409652 0.359887 -0.351294
v 2.409188 -0.529869 -0.383857
v 2.409194 -0.523863 -0.547952
v 2.409658 0.365887 -0.515389
v 2.749528 0.515190 -0.345592
v 2.579628 0.515192 -0.345601
v 2.579632 0.521198 -0.509696
v 2.749532 0.521199 -0.509695
v 2.918616 -0.529871 -0.383843
v 2.919302 0.359886 -0.351283
v 2.919306 0.365889 -0.515375
v 2.918622 -0.523864 -0.547936
v 2.578903 -0.685176 -0.389535
v 2.748701 -0.685178 -0.389531
v 2.748706 -0.679172 -0.553632
v 2.578908 -0.679172 -0.553632
v 2.059059 -0.529867 -0.383867
v 2.059523 0.359882 -0.351305
v 2.059529 0.365888 -0.515400
v 2.059065 -0.523864 -0.547959
v 1.719389 -0.685176 -0.389564
v 1.889183 -0.685178 -0.389554
v 1.889189 -0.679172 -0.553654
v 1.719395 -0.679170 -0.553664
v 1.549873 0.359883 -0.351321
v 1.549635 -0.529869 -0.383880
v 1.549640 -0.523863 -0.547975
v 1.549879 0.365888 -0.515412
v 1.889710 0.515192 -0.345624
v 1.719811 0.515191 -0.345625
v 1.719817 0.521198 -0.509719
v 1.889715 0.521199 -0.509717
v 0.690097 0.359887 -0.351339
v 0.690083 -0.529867 -0.383902
v 0.690087 -0.523862 -0.547998
v 0.690102 0.365891 -0.515437
v 1.029891 0.515192 -0.345641
v 0.859995 0.515191 -0.345648
v 0.860001 0.521198 -0.509742
v 1.029897 0.521200 -0.509740
v 1.199505 -0.529867 -0.383889
v 1.199744 0.359887 -0.351329
v 1.199750 0.365888 -0.515422
v 1.199511 -0.523865 -0.547988
v 0.859874 -0.685175 -0.389586
v 1.029670 -0.685177 -0.389577
v 1.029675 -0.679171 -0.553677
v 0.859879 -0.679171 -0.553677
v 0.339953 -0.529866 -0.383912
v 0.339968 0.359888 -0.351350
v 0.339972 0.365889 -0.515451
v 0.339958 -0.523863 -0.548005
v 0.000361 -0.685175 -0.389609
v 0.170154 -0.685177 -0.389600
v 0.170160 -0.679171 -0.553700
v 0.000365 -0.679170 -0.553705
v -0.169679 0.359889 -0.351366
v -0.169473 -0.529868 -0.383926
v -0.169468 -0.523862 -0.548021
v -0.169674 0.365891 -0.515460
v 0.170075 0.515193 -0.345670
v 0.000177 0.515193 -0.345670
v 0.000182 0.521200 -0.509768
v 0.170080 0.521200 -0.509763
v -1.029456 0.359888 -0.351385
v -1.029027 -0.529866 -0.383947
v -1.029022 -0.523862 -0.548043
v -1.029452 0.365891 -0.515483
v -0.689745 0.515193 -0.345692
v -0.859641 0.515193 -0.345692
v -0.859635 0.521199 -0.509787
v -0.689740 0.521201 -0.509784
v -0.519601 -0.529866 -0.383935
v -0.519809 0.359889 -0.351373
v -0.519804 0.365892 -0.515471
v -0.519596 -0.523863 -0.548027
v -0.859157 -0.685175 -0.389627
v -0.689360 -0.685174 -0.389625
v -0.689355 -0.679171 -0.553723
v -0.859151 -0.679171 -0.553723
v -1.379154 -0.529866 -0.383958
v -1.379586 0.359885 -0.351395
v -1.379581 0.365891 -0.515489
v -1.379148 -0.523863 -0.548050
v -1.718669 -0.685173 -0.389653
v -1.548873 -0.685172 -0.389647
v -1.548867 -0.679170 -0.553746
v -1.718665 -0.679170 -0.553746
v -1.889236 0.359884 -0.351407
v -1.888581 -0.529867 -0.383971
v -1.888576 -0.523862 -0.548066
v -1.889232 0.365893 -0.515504
v -1.549558 0.515195 -0.345714
v -1.719454 0.515195 -0.345714
v -1.719449 0.521199 -0.509810
v -1.549553 0.521202 -0.509807
v -2.238710 -0.529865 -0.383981
v -2.239365 0.359889 -0.351418
v -2.239360 0.365893 -0.515516
v -2.238704 -0.523862 -0.548073
v -2.578182 -0.685174 -0.389672
v -2.408389 -0.685172 -0.389669
v -2.408385 -0.679170 -0.553768
v -2.578178 -0.679170 -0.553768
v -2.749014 0.359889 -0.351431
v -2.748130 -0.529865 -0.383991
v -2.748126 -0.523860 -0.548088
v -2.749010 0.365893 -0.515527
v -2.409375 0.515195 -0.345737
v -2.579271 0.515195 -0.345742
v -2.579266 0.521201 -0.509837
v -2.409370 0.521202 -0.509830
v 4.455805 -0.590553 -0.417659
v 4.723914 -0.272773 -0.409986
v 4.723770 -0.265849 -0.598094
v 4.455657 -0.583630 -0.605767
v 3.816319 -0.596353 -0.418342
v 4.146719 -0.680720 -0.421054
v 4.146575 -0.673797 -0.609161
v 3.816178 -0.589431 -0.606451
v 3.642166 0.313118 -0.385663
v 3.524343 0.064640 -0.394632
v 3.524199 0.071564 -0.582739
v 3.642024 0.320042 -0.573770
v 4.189216 0.559944 -0.375923
v 3.928508 0.523371 -0.377516
v 3.928364 0.530294 -0.565623
v 4.189072 0.566864 -0.564035
v 4.670397 0.267383 -0.386579
v 4.427384 0.489863 -0.378358
v 4.427241 0.496789 -0.566462
v 4.670253 0.274304 -0.574690
v -3.696489 -0.578054 -0.417884
v -3.559360 -0.461282 -0.413967
v -3.559216 -0.454368 -0.602079
v -3.696347 -0.571138 -0.606000
v -4.369700 -0.562754 -0.416924
v -4.048274 -0.668733 -0.420847
v -4.048130 -0.661817 -0.608957
v -4.369556 -0.555834 -0.605036
v -4.321302 0.474734 -0.379148
v -4.559713 0.247236 -0.387594
v -4.559572 0.254156 -0.575711
v -4.321160 0.481649 -0.567261
v -3.802816 0.505770 -0.378352
v -4.074251 0.548852 -0.376543
v -4.074107 0.555771 -0.564656
v -3.802674 0.512688 -0.566472
v 4.194705 0.643435 -0.561221
v 3.899161 0.601974 -0.562960
v 3.899281 0.596523 -0.414876
v 4.194824 0.637988 -0.413138
v 4.731833 0.319700 -0.573065
v 4.465140 0.563865 -0.564024
v 4.465255 0.558415 -0.415938
v 4.731953 0.314252 -0.424977
v 4.147894 -0.751591 -0.612023
v 4.498451 -0.649320 -0.608222
v 4.498567 -0.654772 -0.460133
v 4.148013 -0.757038 -0.463940
v 3.618996 -0.527222 -0.604507
v 3.781804 -0.658110 -0.608953
v 3.781920 -0.663560 -0.460867
v 3.619113 -0.532672 -0.456421
v -3.771627 0.583742 -0.563832
v -4.079269 0.632569 -0.561834
v -4.079381 0.627127 -0.413750
v -3.771739 0.578298 -0.415746
v -4.050725 -0.739985 -0.611834
v -3.660826 -0.639483 -0.608488
v -3.660938 -0.644925 -0.460404
v -4.050837 -0.745430 -0.463749
v -4.677199 -0.286579 -0.599018
v -4.414564 -0.620017 -0.607433
v -4.414673 -0.625464 -0.459343
v -4.677311 -0.292027 -0.450929
v -4.359995 0.548353 -0.564836
v -4.360106 0.542911 -0.416747
v 3.531363 -0.598791 -0.458771
v 3.735286 -0.762727 -0.464529
v 3.735213 -0.759338 -0.556592
v 3.531289 -0.595404 -0.550825
v 3.850539 0.700955 -0.411007
v 3.495138 0.439990 -0.420878
v 3.495062 0.443380 -0.512933
v 3.850465 0.704344 -0.503069
v 4.518778 0.655740 -0.412526
v 4.198942 0.749843 -0.409099
v 4.198867 0.753229 -0.501155
v 4.518702 0.659128 -0.504584
v 4.560627 -0.747161 -0.463765
v 4.886529 -0.360938 -0.453110
v 4.886455 -0.357552 -0.545164
v 4.560553 -0.743774 -0.555825
v -4.772577 -0.345217 -0.452641
v -4.479024 -0.717866 -0.462967
v -4.478954 -0.714481 -0.555023
v -4.772503 -0.341829 -0.544699
v -4.082896 0.741011 -0.409641
v -4.415398 0.641261 -0.413294
v -4.415326 0.644646 -0.505350
v -4.082824 0.744396 -0.501697
v -3.375111 0.412461 -0.422065
v -3.720378 0.683465 -0.411853
v -3.720305 0.686849 -0.503911
v -3.375039 0.415845 -0.514122
v -3.612650 -0.745795 -0.464119
v -3.409977 -0.573221 -0.458032
v -3.409905 -0.569835 -0.550093
v -3.612578 -0.742407 -0.556177
v -4.051373 -0.858873 -0.468055
v -4.051299 -0.855489 -0.560112
v -4.705100 0.364826 -0.423598
v -4.705028 0.368211 -0.515654
v 4.146966 -0.867841 -0.468157
v 4.146892 -0.864454 -0.560216
v 4.812498 0.386839 -0.422516
v 4.812424 0.390225 -0.514570
v 3.344252 0.121790 -0.432404
v 3.344178 0.125175 -0.524459
v -4.622078 0.298268 -0.574129
v -4.622190 0.292827 -0.426046
v -3.499873 -0.502430 -0.603800
v -3.499985 -0.507876 -0.455715
v -3.464880 0.342976 -0.573041
v -3.464992 0.337531 -0.424955
v 3.582283 0.369295 -0.571910
v 3.450573 0.091539 -0.581947
v 3.450693 0.086089 -0.433862
v 3.582398 0.363845 -0.423825
v 4.793213 -0.299971 -0.599403
v 4.793328 -0.305419 -0.451320
v -3.526096 0.288575 -0.386720
v -3.525952 0.295492 -0.574840
v -4.607398 -0.260956 -0.409651
v -4.607256 -0.254041 -0.597762
v 3.677203 -0.484507 -0.414616
v 3.677059 -0.477582 -0.602727
v -3.223191 -0.095839 -0.440532
v -3.239465 0.106840 -0.433144
v -3.239393 0.110228 -0.525202
v -3.223119 -0.092454 -0.532588
v -3.257100 -0.291575 -0.447676
v -3.257028 -0.288193 -0.539736
v -4.793167 0.168488 -0.431781
v -4.825161 -0.091795 -0.442446
v -4.825088 -0.088412 -0.534497
v -4.793092 0.171876 -0.523839
v 4.908520 0.184117 -0.430979
v 4.908444 0.187505 -0.523032
v 4.944742 -0.092283 -0.442297
v 4.944670 -0.088893 -0.534354
v 3.325024 -0.096594 -0.440369
v 3.363380 -0.306909 -0.448038
v 3.363304 -0.303521 -0.540096
v 3.324950 -0.093209 -0.532424
v -3.347444 0.072691 -0.434538
v -3.361853 -0.253397 -0.446387
v -3.334116 -0.093283 -0.440575
v -4.719314 -0.089634 -0.442452
v -4.691211 0.138957 -0.432795
v 3.434831 -0.094090 -0.440414
v 4.808022 0.153664 -0.432016
v 4.839981 -0.090166 -0.442316
v 3.466428 -0.267369 -0.446703
v -4.691100 0.144403 -0.580885
v -4.719200 -0.084189 -0.590538
v -3.347332 0.078135 -0.582625
v -3.361744 -0.247952 -0.594473
v -3.334004 -0.087839 -0.588662
v 3.434711 -0.088638 -0.588503
v 3.466309 -0.261919 -0.594788
v 4.839859 -0.084715 -0.590400
v 4.807904 0.159112 -0.580105
v -3.433633 -0.223002 -0.593607
v -3.409617 -0.084384 -0.588591
v -4.643157 -0.081063 -0.590362
v -4.617945 0.124028 -0.581572
v -3.421162 0.059394 -0.583367
v 4.734978 0.137671 -0.580832
v 4.763713 -0.081557 -0.590226
v 3.510405 -0.085137 -0.588431
v 3.537866 -0.235728 -0.593882
v -3.421305 0.052478 -0.395257
v -3.433777 -0.229918 -0.405496
v -3.409761 -0.091297 -0.400477
v -4.643299 -0.087982 -0.402249
v -4.618089 0.117112 -0.393461
v 4.763857 -0.088480 -0.402113
v 4.735126 0.130749 -0.392729
v 3.538010 -0.242647 -0.405775
v 3.510549 -0.092060 -0.400323
v -3.404120 2.018496 3.252247
v -3.404232 1.798456 2.346809
v -3.404082 2.091843 3.554051
v 3.422350 2.399063 6.161236
v 3.422471 2.433040 6.444349
v 3.465062 2.550650 6.449191
v 3.464939 2.510856 6.117602
v -3.362216 2.433045 6.444172
v -3.362079 2.399068 6.161059
v -3.404665 2.510859 6.117420
v -3.404808 2.550656 6.449009
v -3.362077 2.392666 6.107718
v -3.361940 2.358687 5.824610
v -3.404527 2.471066 5.785828
v 3.422230 2.358684 5.824789
v 3.422352 2.392661 6.107901
v 3.464818 2.471062 5.786012
v 3.422109 2.318889 5.493199
v 3.422230 2.352867 5.776313
v 3.464695 2.431268 5.454427
v -3.361938 2.352872 5.776138
v -3.361804 2.318895 5.493018
v -3.404385 2.431272 5.454248
v -3.361801 2.313077 5.444550
v -3.361665 2.279098 5.161431
v -3.404249 2.391474 5.122652
v 3.421988 2.279096 5.161603
v 3.422109 2.313073 5.444728
v 3.464571 2.391471 5.122835
v 3.421865 2.239300 4.830015
v 3.421988 2.273276 5.113136
v 3.464452 2.351677 4.791244
v -3.361665 2.273281 5.112957
v -3.361528 2.239304 4.829841
v -3.404107 2.351680 4.791062
v -3.361387 2.193797 4.466084
v -3.361424 2.131166 4.208394
v -3.404006 2.238538 4.157669
v -3.403969 2.311884 4.459474
v 3.421799 2.131165 4.208571
v 3.421746 2.193793 4.466259
v 3.464325 2.311881 4.459656
v 3.464382 2.238533 4.157843
v -3.361525 2.233488 4.781366
v -3.361387 2.199508 4.498253
v 3.421746 2.199503 4.498427
v 3.421867 2.233483 4.781540
v 3.421848 2.057818 3.906761
v 3.421799 2.120443 4.164456
v 3.464435 2.165186 3.856039
v -3.361424 2.120449 4.164277
v -3.361464 2.057823 3.906587
v -3.404042 2.165189 3.855856
v -3.361461 2.047100 3.862464
v -3.361501 1.984475 3.604769
v -3.361499 1.973751 3.560656
v -3.361536 1.911126 3.302967
v -3.361536 1.900405 3.258846
v -3.361575 1.837780 3.001156
v -3.404157 1.945148 2.950434
v 3.422009 1.837775 3.001331
v 3.421958 1.900400 3.259020
v 3.464541 2.018491 3.252421
v 3.464594 1.945143 2.950613
v 3.422064 1.764429 2.699526
v 3.422009 1.827052 2.957207
v 3.464649 1.871797 2.648798
v -3.361575 1.827057 2.957033
v -3.361612 1.764431 2.699349
v -3.404197 1.871802 2.648618
v -3.361612 1.753713 2.655221
v -3.361650 1.691087 2.397542
v 3.422170 1.617731 2.095906
v 3.422117 1.680360 2.353587
v 3.464706 1.798451 2.346988
v 3.464757 1.725105 2.045178
v -3.361647 1.680365 2.353413
v -3.361687 1.617739 2.095729
v -3.404272 1.725108 2.044996
v -3.361684 1.607015 2.051611
v -3.361722 1.544390 1.793922
v -3.404309 1.651761 1.743196
v 3.422223 1.544388 1.794093
v 3.422174 1.607011 2.051785
v 3.464810 1.651756 1.743376
v 3.422276 1.471039 1.492286
v 3.422225 1.533665 1.749975
v 3.464865 1.578407 1.441563
v -3.361722 1.533669 1.749801
v -3.361761 1.471044 1.492112
v -3.404348 1.578413 1.441383
v -3.361761 1.460321 1.447988
v -3.361799 1.397694 1.190297
v -3.404385 1.505067 1.139568
v 3.422329 1.397693 1.190469
v 3.422276 1.460316 1.448163
v 3.464918 1.505061 1.139746
v 3.422382 1.323273 0.884245
v 3.422329 1.385896 1.141927
v 3.464971 1.431715 0.837936
v -3.361799 1.385901 1.141752
v -3.361836 1.323275 0.884068
v -3.404425 1.431718 0.837755
v 0.030126 2.433103 6.444560
v 3.421850 2.047092 3.862641
v 3.421903 1.984470 3.604949
v 3.422064 1.753706 2.655398
v 3.422117 1.691083 2.397716
v 3.765077 2.610636 6.750015
v 0.030119 2.610638 6.749916
v 0.030119 2.512525 6.770399
v 3.765077 2.512523 6.770499
v -3.704843 2.610641 6.749818
v -3.704843 2.512528 6.770301
v 0.030273 1.323256 0.884063
v 3.421908 1.973746 3.560831
v 3.421954 1.911121 3.303146
v 3.464490 2.091838 3.554231
v -3.704783 2.311884 4.459468
v -3.704783 2.213767 4.479953
v -3.704679 1.371781 0.537173
v -3.704682 1.273664 0.557663
v 0.030282 1.371778 0.537273
v 3.765241 1.371776 0.537370
v 3.765239 1.273659 0.557860
v 0.030281 1.273662 0.557759
v 3.765137 2.311878 4.459664
v 3.765137 2.213764 4.480151
v 0.030275 1.431695 0.837740
v 0.030126 2.550722 6.449450
v 4.421135 2.189480 5.192381
v 4.235841 2.171310 5.053087
v 4.050545 2.171314 5.053085
v 3.865247 2.189480 5.192366
v 3.865223 2.306546 6.089827
v 4.050515 2.324713 6.229106
v 4.235811 2.324711 6.229110
v 4.421109 2.306546 6.089842
v -3.990249 2.324718 6.228894
v -3.804950 2.306550 6.089626
v -3.804926 2.189484 5.192163
v -3.990221 2.171316 5.052873
v -4.175516 2.171316 5.052867
v -4.360815 2.189484 5.192148
v -4.360839 2.306551 6.089610
v -4.175545 2.324717 6.228888
v -5.198165 2.213770 4.479916
v -4.360815 2.304616 5.176381
v -4.175516 2.286447 5.037101
v 3.865247 2.304610 5.176600
v 4.050545 2.286442 5.037316
v 5.258461 2.512522 6.770540
v 4.421109 2.421675 6.074073
v 4.235811 2.439843 6.213343
v 3.765266 0.972764 -0.435806
v 5.258622 1.273660 0.557896
v 5.258649 0.972764 -0.435766
v 3.865223 2.421676 6.074058
v 4.050515 2.439844 6.213335
v 4.235841 2.286444 5.037324
v 4.421135 2.304610 5.176611
v 5.258520 2.213764 4.480186
v -4.360839 2.421681 6.073843
v -5.198224 2.512529 6.770264
v 3.764946 2.631156 11.784475
v -3.704975 2.631161 11.784283
v -5.198063 1.273665 0.557624
v -5.198356 2.631163 11.784242
v -3.704654 0.972769 -0.436003
v -5.198035 0.972771 -0.436042
v -4.175545 2.439849 6.213123
v -3.804926 2.304615 5.176396
v -3.990221 2.286449 5.037104
v 5.258328 2.631156 11.784518
v -3.990249 2.439850 6.213127
v -3.804950 2.421681 6.073857
v 7.241303 1.001501 0.247280
v 8.799473 0.996631 0.247211
v 8.800804 -0.154059 0.219940
v 7.241303 -0.154059 0.219894
v 7.241303 -0.072230 0.221835
v -8.740226 -0.154048 0.219477
v -8.738894 0.996642 0.246749
v -7.180729 1.001510 0.246902
v -7.180729 -0.072221 0.221457
v -7.180729 -0.154050 0.219516
v -7.180731 1.001170 0.363936
v -5.622320 1.003603 0.364035
v -5.617240 -0.063738 0.338739
v -7.180731 -0.063737 0.338699
v 5.682889 1.003596 0.364334
v 7.241299 1.001161 0.364314
v 7.241299 -0.063746 0.339077
v 5.677808 -0.063743 0.339034
v 9.469620 0.031451 -0.038932
v 9.469553 0.039730 -0.027450
v 9.469394 0.043796 -0.012847
v 9.469284 0.043444 -0.002717
v 9.469190 0.038413 0.011466
v 9.469083 0.029620 0.022157
v 9.469094 0.021706 0.027459
v 9.469115 0.010224 0.031193
v 9.469144 -0.003411 0.031047
v 9.469174 -0.015026 0.026930
v 9.469197 -0.023180 0.021034
v 9.469121 -0.032371 0.008241
v 9.469070 -0.036090 -0.005746
v 9.468992 -0.035769 -0.015349
v 9.468877 -0.031020 -0.029245
v 9.468818 -0.020849 -0.041394
v 9.468946 -0.012543 -0.046550
v 9.469129 -0.000984 -0.049817
v 9.469337 0.012448 -0.049183
v 9.469503 0.023743 -0.044781
v 9.510304 0.528560 1.105774
v 9.510314 0.536015 0.785356
v 9.354219 0.543470 0.464931
v 9.354197 0.521110 1.426193
v 9.510304 0.315456 1.089142
v 9.510314 0.321447 0.814825
v 9.378870 0.327440 0.540504
v 9.378847 0.309461 1.363456
v 9.378870 0.510247 0.539678
v 9.510314 0.503908 0.810752
v 9.510304 0.283466 1.115046
v 9.510314 0.290340 0.790414
v 9.354204 0.478144 1.168617
v 9.354212 0.488107 0.729611
v 9.378847 0.491235 1.352878
v 9.354212 0.340025 0.727849
v 9.354204 0.332103 1.170174
v 9.404415 0.332103 1.170174
v 9.404415 0.478147 1.168620
v 9.404423 0.488106 0.729616
v 9.404423 0.340025 0.727849
v 9.371744 0.394524 0.070452
v 9.372627 0.399647 -0.060687
v 9.351604 0.399727 -0.060716
v 9.350722 0.394603 0.070445
v -9.312030 0.399659 -0.061183
v -9.311156 0.394535 0.069960
v -9.290134 0.394613 0.069953
v -9.291010 0.399740 -0.061205
v -9.343883 0.332116 1.169679
v -9.368980 0.333437 1.095891
v -9.368973 0.338718 0.801137
v -9.343871 0.340036 0.727357
v -9.293661 0.340036 0.727357
v -9.293671 0.332116 1.169679
v -9.343871 0.488119 0.729120
v -9.368973 0.486445 0.802894
v -9.368980 0.479831 1.094331
v -9.343883 0.478157 1.168128
v -9.293671 0.478157 1.168133
v -9.293661 0.488117 0.729124
v -9.318324 0.309473 1.362965
v -9.318324 0.491247 1.352382
v -9.318301 0.510257 0.539191
v -9.318301 0.327453 0.540015
v -9.449770 0.497582 1.081314
v -9.449772 0.528574 1.105274
v -9.449762 0.536026 0.784858
v -9.449762 0.503920 0.810256
v -9.449762 0.321461 0.814325
v -9.449772 0.315470 1.088643
v -9.293678 0.521120 1.425700
v -9.293653 0.543481 0.464440
v -9.408533 -0.000971 -0.050319
v -9.408355 -0.012531 -0.047046
v -9.408224 -0.020839 -0.041892
v -9.408281 -0.031007 -0.029745
v -9.408401 -0.035757 -0.015839
v -9.408479 -0.036080 -0.006238
v -9.408529 -0.032360 0.007744
v -9.408606 -0.023168 0.020533
v -9.408583 -0.015014 0.026434
v -9.408550 -0.003397 0.030548
v -9.408520 0.010236 0.030697
v -9.408501 0.021718 0.026963
v -9.408490 0.029633 0.021655
v -9.408598 0.038423 0.010973
v -9.408692 0.043454 -0.003216
v -9.408802 0.043809 -0.013342
v -9.408956 0.039742 -0.027946
v -9.409028 0.031464 -0.039433
v -9.408912 0.023755 -0.045277
v -9.408740 0.012458 -0.049682
v -9.449772 0.283475 1.114547
v -9.449762 0.290351 0.789916
v -9.293653 0.297226 0.465284
v -9.293678 0.276602 1.439193
v -9.308552 -0.410260 0.042333
v -9.308018 -0.405005 -0.089558
v -9.286994 -0.404925 -0.089575
v -9.287534 -0.410185 0.042321
v 9.368615 -0.405016 -0.089066
v 9.369145 -0.410273 0.042828
v 9.348118 -0.410196 0.042814
v 9.347591 -0.404935 -0.089088
v 9.429524 0.338706 0.801633
v 9.429517 0.333424 1.096386
v 9.429517 0.479820 1.094828
v 9.429524 0.486435 0.803387
v 9.510306 0.497572 1.081813
v 9.354197 0.276591 1.439678
v 9.354219 0.297216 0.465771
v -9.293649 0.545842 0.347138
v -9.293649 0.297792 0.337950
v -9.309635 0.036895 0.206888
v -9.309708 -0.035457 0.206089
v -9.309610 -0.047466 0.270213
v -9.309577 0.045970 0.272937
v -9.309605 0.141974 0.157594
v -9.309597 0.098233 0.186920
v -9.309585 0.126333 0.248413
v -9.309610 0.180993 0.213682
v -9.310575 0.215109 0.026181
v -9.310124 0.188619 0.100911
v -9.310238 0.262991 0.164283
v -9.311755 0.195656 -0.107362
v -9.311069 0.217095 -0.030416
v -9.312426 0.274175 -0.165462
v -9.311512 0.109189 -0.200583
v -9.312049 0.151776 -0.168267
v -9.312484 0.193765 -0.221428
v -9.311838 0.140403 -0.259798
v -9.309719 -0.022404 -0.227442
v -9.310698 0.048879 -0.224057
v -9.310866 0.061501 -0.288763
v -9.309702 -0.030415 -0.291465
v -9.308222 -0.130357 -0.181339
v -9.308849 -0.084216 -0.209954
v -9.308679 -0.109529 -0.267807
v -9.307959 -0.163804 -0.234057
v -9.308932 -0.208961 -0.043789
v -9.308438 -0.183782 -0.117464
v -9.307885 -0.263875 -0.184808
v -9.309501 -0.191023 0.084174
v -9.309260 -0.210759 0.009999
v -9.309230 -0.276651 0.146184
v -9.309798 -0.097535 0.184122
v -9.309862 -0.142706 0.151417
v -9.309733 -0.180147 0.201989
v -9.309668 -0.126983 0.240651
v -9.287907 -0.208883 -0.043809
v -9.287418 -0.183703 -0.117477
v -9.288479 -0.190944 0.084161
v -9.288239 -0.210680 0.009980
v -9.290048 0.217176 -0.030421
v -9.289551 0.215191 0.026160
v -9.289101 0.188699 0.100889
v -9.288581 0.142052 0.157581
v -9.288573 0.098315 0.186905
v -9.288610 0.036977 0.206878
v -9.288686 -0.035377 0.206072
v -9.288776 -0.097452 0.184108
v -9.288841 -0.142624 0.151401
v -9.290733 0.195735 -0.107376
v -9.287198 -0.130276 -0.181354
v -9.287829 -0.084137 -0.209961
v -9.288697 -0.022323 -0.227459
v -9.289676 0.048960 -0.224073
v -9.290491 0.109267 -0.200603
v -9.291027 0.151857 -0.168289
v -9.291404 0.274254 -0.165475
v -9.291464 0.193844 -0.221441
v -9.290818 0.140481 -0.259811
v -9.289843 0.061582 -0.288786
v -9.288678 -0.030336 -0.291484
v -9.287655 -0.109450 -0.267821
v -9.286935 -0.163727 -0.234071
v -9.286863 -0.263798 -0.184817
v -9.288206 -0.276571 0.146172
v -9.288710 -0.180070 0.201980
v -9.288646 -0.126905 0.240638
v -9.288589 -0.047387 0.270200
v -9.288557 0.046051 0.272914
v -9.288565 0.126415 0.248392
v -9.288585 0.181069 0.213666
v -9.289216 0.263071 0.164271
v -9.288960 0.157693 0.082662
v -9.288486 0.118406 0.130407
v -9.289862 0.181756 -0.026011
v -9.289381 0.180166 0.019260
v -9.290870 0.126582 -0.142609
v -9.290555 0.163574 -0.091263
v -9.289600 0.041651 -0.188404
v -9.290367 0.092134 -0.168745
v -9.287864 -0.070044 -0.176629
v -9.288678 -0.018369 -0.191243
v -9.287555 -0.152609 -0.099272
v -9.287288 -0.107161 -0.153608
v -9.288423 -0.175276 0.005750
v -9.288081 -0.173842 -0.037158
v -9.288990 -0.117572 0.125410
v -9.288657 -0.158650 0.068255
v -9.288752 -0.029222 0.170156
v -9.288888 -0.081138 0.151783
v -9.288528 0.083033 0.154121
v -9.288623 0.031712 0.170832
v -9.368776 0.120218 -0.020343
v -9.368462 0.119179 0.009273
v -9.369435 0.084117 -0.096637
v -9.369228 0.108323 -0.063042
v -9.368609 0.028551 -0.126598
v -9.369107 0.061580 -0.113738
v -9.367471 -0.044530 -0.118902
v -9.368001 -0.010720 -0.128457
v -9.367267 -0.098549 -0.068283
v -9.367094 -0.068814 -0.103835
v -9.367836 -0.113384 0.000433
v -9.367609 -0.112445 -0.027640
v -9.368208 -0.075628 0.078725
v -9.367990 -0.102504 0.041330
v -9.368049 -0.017825 0.108007
v -9.368141 -0.051791 0.095987
v -9.367905 0.055625 0.097510
v -9.367966 0.022046 0.108445
v -9.368185 0.104473 0.050751
v -9.367878 0.078772 0.082001
v 9.429824 0.108311 -0.062551
v 9.429370 0.120208 -0.019851
v 9.429053 0.119167 0.009769
v 9.428779 0.104463 0.051243
v 9.428464 0.078759 0.082497
v 9.428493 0.055613 0.098000
v 9.428551 0.022034 0.108935
v 9.428637 -0.017836 0.108500
v 9.428729 -0.051802 0.096479
v 9.428794 -0.075638 0.079217
v 9.428577 -0.102515 0.041822
v 9.428426 -0.113395 0.000931
v 9.428205 -0.112455 -0.027148
v 9.427863 -0.098563 -0.067789
v 9.427691 -0.068826 -0.103339
v 9.428066 -0.044542 -0.118406
v 9.428598 -0.010732 -0.127961
v 9.429205 0.028536 -0.126105
v 9.429707 0.061568 -0.113242
v 9.430033 0.084106 -0.096140
v 9.349976 0.180156 0.019747
v 9.349548 0.157679 0.083156
v 9.349074 0.118397 0.130895
v 9.349113 0.083020 0.154610
v 9.349205 0.031699 0.171321
v 9.349336 -0.029235 0.170646
v 9.349476 -0.081152 0.152277
v 9.349582 -0.117583 0.125902
v 9.349245 -0.158662 0.068745
v 9.349013 -0.175286 0.006242
v 9.348677 -0.173853 -0.036666
v 9.348154 -0.152619 -0.098785
v 9.347889 -0.107170 -0.153120
v 9.348464 -0.070054 -0.176137
v 9.349283 -0.018379 -0.190756
v 9.350204 0.041641 -0.187911
v 9.350970 0.092122 -0.168261
v 9.351473 0.126569 -0.142120
v 9.351151 0.163564 -0.090771
v 9.350457 0.181742 -0.025518
v 9.349192 0.036964 0.207362
v 9.349264 -0.035387 0.206559
v 9.349359 -0.097463 0.184593
v 9.349423 -0.142637 0.151890
v 9.349067 -0.190956 0.084652
v 9.348830 -0.210692 0.010471
v 9.348498 -0.208894 -0.043324
v 9.348016 -0.183713 -0.116985
v 9.347801 -0.130289 -0.180860
v 9.348429 -0.084148 -0.209475
v 9.349298 -0.022334 -0.226966
v 9.350277 0.048947 -0.223583
v 9.351091 0.109256 -0.200111
v 9.351625 0.151844 -0.167800
v 9.351333 0.195722 -0.106886
v 9.350643 0.217163 -0.029937
v 9.350146 0.215177 0.026653
v 9.349687 0.188686 0.101383
v 9.349169 0.142042 0.158073
v 9.349157 0.098302 0.187394
v 9.370191 0.180984 0.214170
v 9.370824 0.262979 0.164774
v 9.349798 0.263059 0.164762
v 9.349169 0.181059 0.214153
v 9.370155 0.045958 0.273427
v 9.370163 0.126322 0.248898
v 9.349141 0.126402 0.248876
v 9.349133 0.046038 0.273409
v 9.370252 -0.126995 0.241142
v 9.370187 -0.047479 0.270703
v 9.349165 -0.047399 0.270686
v 9.349230 -0.126915 0.241125
v 9.369812 -0.276662 0.146676
v 9.370316 -0.180158 0.202481
v 9.349292 -0.180083 0.202469
v 9.348790 -0.276584 0.146667
v 9.368490 -0.263890 -0.184315
v 9.347463 -0.263807 -0.184329
v 9.369284 -0.109541 -0.267317
v 9.368566 -0.163817 -0.233568
v 9.347544 -0.163737 -0.233585
v 9.348262 -0.109461 -0.267335
v 9.371473 0.061490 -0.288271
v 9.370308 -0.030430 -0.290972
v 9.349286 -0.030348 -0.290993
v 9.350450 0.061568 -0.288291
v 9.373089 0.193753 -0.220937
v 9.372445 0.140390 -0.259302
v 9.351423 0.140473 -0.259329
v 9.352065 0.193834 -0.220954
v 9.373029 0.274163 -0.164971
v 9.352007 0.274243 -0.164983
v 9.369852 -0.210770 0.010485
v 9.369528 -0.208972 -0.043304
v 9.369038 -0.183793 -0.116974
v 9.370089 -0.191037 0.084668
v 9.372113 0.109175 -0.200089
v 9.372653 0.151764 -0.167771
v 9.370319 -0.022414 -0.226949
v 9.371299 0.048869 -0.223570
v 9.368823 -0.130368 -0.180847
v 9.369452 -0.084228 -0.209464
v 9.372355 0.195646 -0.106870
v 9.370444 -0.142717 0.151909
v 9.370292 -0.035468 0.206582
v 9.370380 -0.097545 0.184614
v 9.370179 0.098221 0.187411
v 9.370217 0.036884 0.207378
v 9.370710 0.188607 0.101402
v 9.370191 0.141963 0.158086
v 9.371665 0.217084 -0.029924
v 9.371168 0.215099 0.026673
v 9.354225 0.297780 0.338436
v 9.354225 0.545829 0.347627
v 4.628584 -1.057062 -0.668489
v 5.065446 -0.720732 -0.660510
v -9.409183 0.495216 5.616652
v -9.409215 0.417149 6.794524
v -9.409204 1.845408 6.416763
v -9.409219 1.956144 6.989806
v -9.409232 -0.275235 7.429273
v -9.409263 -0.303786 8.633946
v -9.409082 0.917316 1.740214
v -9.409082 0.272319 1.711349
v -9.409117 0.369209 3.073807
v -9.409153 0.501675 4.437088
v -9.409153 1.610882 4.463378
v -9.409082 0.186619 1.709319
v 6.404171 2.442705 11.803932
v 6.404170 2.266945 11.806583
v 6.404234 2.324074 9.396058
v 6.404234 2.429235 9.395721
v 9.469428 1.984324 7.565452
v 9.469318 2.031230 11.768606
v 9.469318 0.996071 11.744074
v 9.469386 -0.263604 9.197895
v 9.355166 2.197264 7.407631
v 9.354954 2.281130 8.828112
v 9.354927 2.284702 9.028898
v 9.354514 2.219409 11.783941
v 9.403150 0.857683 11.740790
v 9.403150 0.996072 11.744070
v 9.362857 -0.303797 8.634439
v 9.403264 -0.275247 7.429769
v 9.469430 -0.275246 7.429773
v 9.469401 -0.303797 8.634444
v 9.288981 2.168763 6.825894
v 9.120638 2.327167 6.715095
v 9.120596 2.336718 6.909290
v 9.288988 2.174323 6.939469
v 9.444759 1.502703 7.480938
v 9.444757 1.426553 7.627594
v 9.362884 1.426553 7.627589
v 9.362885 1.502703 7.480938
v 9.202471 2.336718 6.909290
v 9.370857 2.174323 6.939469
v 9.444751 1.437948 7.817356
v 9.444751 1.520977 7.832353
v 9.362876 1.520977 7.832353
v 9.362880 1.437948 7.817356
v 9.444761 1.621027 7.458745
v 9.444755 1.633351 7.663981
v 9.362880 1.633351 7.663981
v 9.362885 1.621028 7.458740
v 5.258622 1.129708 0.556482
v 5.258622 1.173560 0.555524
v 7.742771 2.113029 4.504699
v 7.785938 2.021134 4.504514
v 5.672037 0.801865 -0.437032
v 5.672770 -0.044884 -0.456797
v 8.871566 0.835924 -0.437598
v 8.871721 0.759716 -0.500343
v 8.803185 0.775127 -0.436306
v 9.281927 -0.619277 -0.562778
v 9.281864 0.610587 -0.523512
v 9.360335 0.636515 -0.455789
v 9.350613 -0.621765 -0.502010
v 9.091513 0.754570 -0.499543
v 9.118206 0.828812 -0.437082
v 8.870583 -0.196120 -0.523259
v 7.170877 -0.196142 -0.522920
v 7.239466 -0.137978 -0.458632
v 8.802131 -0.137986 -0.458253
v 7.170877 -0.103056 -0.520880
v 5.604044 -0.103048 -0.521097
v 7.239466 -0.045690 -0.456617
v 5.603262 0.791721 -0.500175
v 5.258649 0.797795 -0.499499
v 5.258649 0.872665 -0.438136
v 5.604204 0.869890 -0.438846
v 8.867588 1.071772 0.292873
v 5.646666 1.074267 0.382394
v 4.628584 -0.953348 -0.666031
v 4.628582 -0.955771 -0.563709
v 5.258653 -0.619445 -0.555723
v 5.258655 -0.617018 -0.658045
v 5.065443 -0.619444 -0.555726
v 5.065446 -0.617020 -0.658054
v -2.922764 -0.955769 -0.563909
v -4.567962 -0.953342 -0.666273
v -4.567965 -0.955766 -0.563951
v -2.063320 -0.955769 -0.563886
v -1.203875 -0.955769 -0.563863
v -0.344429 -0.955770 -0.563840
v 0.515016 -0.955770 -0.563817
v 1.374459 -0.955770 -0.563795
v 2.233903 -0.955771 -0.563772
v 3.093350 -0.955771 -0.563749
v 3.765266 0.872668 -0.438179
v -3.704654 0.872670 -0.438374
v -3.704652 0.897902 -0.497363
v -5.198035 0.897902 -0.497404
v -5.586099 1.074272 0.382099
v -5.543589 0.869898 -0.439138
v -5.611423 0.801872 -0.437331
v -8.810946 0.835937 -0.438064
v -8.807010 1.071783 0.292411
v -8.742569 0.775138 -0.436769
v -5.542646 0.791727 -0.500463
v -5.543433 -0.103040 -0.521389
v -5.612155 -0.044877 -0.457096
v -7.110267 -0.103047 -0.521258
v -7.110267 -0.196133 -0.523298
v -7.178854 -0.137968 -0.459014
v -7.178854 -0.045681 -0.456995
v -8.809967 -0.196107 -0.523726
v -8.811103 0.759728 -0.500811
v -8.741514 -0.137975 -0.458715
v -9.030892 0.754580 -0.500019
v -9.221243 0.610598 -0.523997
v -9.299719 0.636525 -0.456281
v -9.057588 0.828821 -0.437558
v -9.293686 1.180761 1.697433
v -9.293686 0.272752 1.705342
v -9.293686 0.515125 1.696373
v -5.198063 1.173569 0.555251
v -5.198063 1.129714 0.556204
v -7.725584 2.021139 4.504108
v -7.682415 2.113039 4.504299
v -9.384555 1.621039 7.458247
v -9.384559 1.426564 7.627101
v -9.302688 1.426565 7.627105
v -9.302686 1.621040 7.458251
v -9.384564 1.437960 7.816862
v -9.384562 1.633363 7.663487
v -9.302690 1.633363 7.663487
v -9.302693 1.437961 7.816866
v -9.060393 2.327177 6.714618
v -9.228744 2.168775 6.825401
v -9.228757 2.174335 6.938981
v -9.060369 2.336729 6.908807
v -9.343060 -0.275234 7.429276
v -9.302729 -0.263593 9.197400
v -9.343172 0.996083 11.743578
v -9.409344 0.996083 11.743578
v -9.409278 -0.263593 9.197395
v -9.294537 2.267466 11.784593
v -9.294961 2.197276 7.407143
v -9.409236 1.984337 7.564952
v -9.409344 2.031242 11.768110
v -9.228791 2.197276 7.407143
v -9.060313 2.355831 7.297186
v -9.060340 2.346280 7.102993
v -9.228778 2.191715 7.293561
v -9.302716 -0.303785 8.633951
v -9.310647 2.191715 7.293561
v -9.142211 2.346280 7.102991
v -9.142236 2.336729 6.908804
v -9.310628 2.174337 6.938977
v -9.384596 -0.266261 8.950236
v -9.384594 -0.272309 8.872375
v -9.302723 -0.272309 8.872378
v -9.302725 -0.266260 8.950241
v -9.384557 1.610599 7.533380
v -9.384559 1.615906 7.627182
v -9.302688 1.615906 7.627182
v -9.302688 1.610599 7.533380
v -9.384557 1.502716 7.480446
v -9.302686 1.502716 7.480446
v -9.384566 1.520990 7.831859
v -9.302695 1.520990 7.831859
v -9.221305 -0.619265 -0.563264
v -9.289996 -0.621755 -0.502497
v -5.198035 0.797802 -0.499776
v -5.198035 0.872672 -0.438412
v -7.248041 1.076981 0.293573
v -7.213114 1.068625 0.379548
v -5.198030 -0.617014 -0.658325
v -5.198032 -0.619438 -0.555999
v -5.004824 -0.619438 -0.555992
v -2.924501 0.797802 -0.499718
v 3.094705 0.797797 -0.499556
v 2.234816 0.797797 -0.499579
v 1.374931 0.797799 -0.499605
v 0.515042 0.797798 -0.499624
v -0.344842 0.797800 -0.499651
v -1.204727 0.797801 -0.499672
v -2.064616 0.797801 -0.499695
v 3.765266 0.897897 -0.497166
v 5.258649 0.897896 -0.497128
v 9.469447 0.417138 6.795024
v 7.273681 1.068616 0.379926
v 7.308613 1.076971 0.293960
v 9.397324 -0.720735 -0.660392
v 9.397324 -0.617023 -0.657936
v 9.465992 -0.618454 -0.597015
v 9.465992 -0.723139 -0.599497
v 9.354189 1.180750 1.697919
v 9.469582 0.917304 1.740710
v 9.469582 0.272306 1.711851
v 9.354189 0.272739 1.705831
v 9.354189 0.515115 1.696859
v 9.444757 1.615894 7.627672
v 9.444759 1.610587 7.533873
v 9.362885 1.610586 7.533869
v 9.362884 1.615894 7.627670
v 9.444722 -0.272319 8.872871
v 9.444720 -0.266273 8.950730
v 9.362845 -0.266273 8.950730
v 9.362849 -0.272319 8.872869
v 9.202434 2.346267 7.103474
v 9.370859 2.191704 7.294053
v 9.362842 -0.263605 9.197888
v 9.120524 2.355820 7.297666
v 9.288994 2.197264 7.407631
v 9.288990 2.191704 7.294053
v 9.120559 2.346269 7.103470
v 6.804747 2.333553 8.996065
v 6.804747 2.426938 8.995451
v 6.304107 2.480464 9.354095
v 6.304044 2.530615 11.800821
v -9.302688 1.984336 7.564956
v -9.302725 -0.276989 9.009583
v -9.302723 -0.290388 8.821766
v -9.302690 1.438714 7.682613
v -9.302693 1.426645 7.775733
v -9.302676 1.961602 7.101188
v -9.302672 1.956144 6.989806
v -9.302686 1.978878 7.453574
v -8.805909 2.408491 6.691572
v -8.805817 2.437068 7.270854
v -5.198165 2.113674 4.477542
v -8.602427 2.340497 6.417901
v -5.198224 2.412430 6.767890
v -8.805966 2.530098 11.822644
v -5.198356 2.531064 11.781869
v -9.060959 2.443534 11.810898
v -9.293651 0.913582 0.377335
v -9.061251 1.089505 0.403530
v -9.293758 1.849412 4.479967
v -9.061359 1.977288 4.505026
v -9.060514 2.254551 6.415962
v -9.294698 2.079003 6.402165
v -9.294913 2.168775 6.825401
v 5.258328 2.531057 11.782145
v 8.865944 2.266702 11.816862
v -9.384547 1.961602 7.101188
v -9.384555 1.978878 7.453572
v -9.384564 1.426645 7.775733
v -9.384562 1.438714 7.682608
v -9.293651 -0.658411 0.329153
v -9.293665 -0.081080 0.947558
v 5.258655 -0.720731 -0.660503
v 9.469618 -0.762136 0.327186
v 5.258461 2.412423 6.768167
v 5.258520 2.113665 4.477816
v 9.469599 -0.158883 1.021556
v 9.469582 0.186605 1.709819
v 9.469547 0.369199 3.074302
v 9.469511 0.501664 4.437588
v 9.469481 0.495205 5.617152
v 9.354223 -0.658421 0.329640
v 9.354223 0.913569 0.377830
v 9.354208 -0.081090 0.948045
v 9.469460 1.845393 6.417262
v 9.469618 -0.640200 0.330075
v 9.469603 -0.080067 0.949832
v 9.469511 1.610872 4.463877
v 9.469447 1.956132 6.990302
v 9.121823 1.089494 0.404010
v 9.121717 1.977277 4.505506
v 9.120774 2.254540 6.416440
v 9.355149 2.168763 6.825894
v 9.354961 2.078990 6.402657
v 9.354116 1.849400 4.480457
v 8.866153 2.408480 6.692039
v 8.662682 2.340487 6.418355
v 8.865880 2.471144 8.895100
v 8.866031 2.437057 7.271319
v 6.763274 2.470934 8.895053
v 9.120638 2.386343 8.853767
v 8.865891 2.426686 8.995514
v 9.111261 2.362796 8.956581
v 9.191958 2.302567 8.951242
v 8.865940 2.333552 8.996123
v 9.444755 1.438702 7.683104
v 9.444751 1.426633 7.776227
v 9.444761 1.978866 7.454062
v 9.444769 1.961590 7.101681
v 9.362885 1.978866 7.454062
v 9.362894 1.961591 7.101676
v 9.362880 1.426633 7.776221
v 9.362880 1.438702 7.683102
v 9.362898 1.956132 6.990300
v 9.362845 -0.277000 9.010071
v 9.362884 1.984324 7.565444
v 9.362849 -0.290400 8.822254
vn 0.0001 0.0237 -0.9997
vn -0.0001 0.2187 0.9758
vn -0.0000 -0.0237 0.9997
vn -0.0001 -0.0237 0.9997
vn -0.0000 0.8120 0.5836
vn -0.0001 0.2188 0.9758
vn 0.6220 0.6450 -0.4440
vn 0.6032 0.7813 -0.1605
vn 1.0000 -0.0000 0.0019
vn 0.7139 -0.6026 0.3568
vn 0.9034 0.3327 0.2705
vn 0.8409 -0.0128 0.5410
vn 0.8744 -0.2705 0.4028
vn 0.7152 0.6781 -0.1695
vn 0.2745 0.6033 0.7488
vn 0.3550 -0.0221 0.9346
vn 0.0009 -0.9996 -0.0284
vn 0.1231 -0.6566 0.7441
vn -0.0408 -0.9986 -0.0324
vn -0.0066 -0.9996 -0.0268
vn -0.1606 -0.9867 -0.0234
vn -0.0741 -0.9350 0.3467
vn -0.1453 -0.9279 0.3434
vn -0.0371 -0.8009 0.5976
vn 0.7142 -0.3870 0.5833
vn -0.0000 0.8120 0.5837
vn 1.0000 -0.0000 -0.0000
vn -0.0000 -0.7440 -0.6682
vn 0.0001 -0.4864 -0.8737
vn 0.4402 -0.4368 -0.7845
vn -0.0000 -0.7441 -0.6681
vn 0.4401 -0.4368 -0.7845
vn 0.5466 -0.7927 -0.2699
vn 0.9944 -0.1015 0.0302
vn 0.7007 -0.0169 0.7132
vn 0.4657 -0.5068 0.7255
vn -0.0000 -0.3095 0.9509
vn 0.0001 -0.3844 0.9232
vn 0.1372 -0.9903 -0.0235
vn 0.7624 -0.6305 0.1453
vn 0.5829 -0.8119 0.0322
vn 0.9925 -0.1221 0.0087
vn 0.9914 -0.1302 0.0093
vn 0.9943 -0.1026 0.0304
vn 0.9937 -0.1118 -0.0031
vn 0.4647 -0.5070 0.7260
vn 0.5464 -0.7927 -0.2704
vn 0.4407 -0.4367 -0.7843
vn 0.1075 -0.4516 0.8857
vn -0.0000 -0.0372 0.9993
vn 0.0001 -0.2135 0.9769
vn -0.5524 -0.6560 -0.5143
vn -0.6924 -0.3508 -0.6305
vn -0.0000 -0.4864 -0.8737
vn -0.0000 -0.9379 -0.3469
vn -0.9943 -0.1026 0.0304
vn -0.6690 -0.7299 0.1402
vn -0.5532 -0.5974 0.5806
vn -0.9925 -0.1221 0.0087
vn -0.5828 -0.8125 0.0127
vn -0.9914 -0.1303 0.0093
vn -0.9937 -0.1118 -0.0031
vn -0.0047 -0.9652 0.2616
vn -0.0032 -0.7799 -0.6259
vn -0.0023 -0.9426 -0.3340
vn -0.0032 -0.8221 0.5693
vn 0.9637 -0.2668 -0.0097
vn 0.8470 -0.5312 -0.0194
vn 0.9640 0.2659 0.0098
vn 0.8475 0.5305 0.0194
vn -0.3622 -0.9315 -0.0341
vn 0.2399 -0.9701 -0.0355
vn 0.4780 -0.8778 -0.0321
vn -0.9637 0.2669 0.0097
vn -0.8475 -0.5305 -0.0196
vn -0.9640 -0.2657 -0.0098
vn -0.8471 0.5311 0.0194
vn 0.2402 0.9701 0.0355
vn 0.4784 0.8775 0.0321
vn -0.3620 0.9316 0.0341
vn -0.9637 0.2667 0.0098
vn -0.8474 -0.5306 -0.0194
vn -0.9639 -0.2659 -0.0098
vn -0.8471 0.5310 0.0192
vn -0.2400 0.9701 0.0356
vn 0.3622 0.9315 0.0341
vn -0.4782 0.8777 0.0322
vn 0.9638 -0.2666 -0.0097
vn 0.8471 -0.5311 -0.0194
vn 0.9639 0.2660 0.0098
vn 0.8474 0.5306 0.0194
vn 0.3620 -0.9316 -0.0341
vn -0.4783 -0.8776 -0.0322
vn -0.2401 -0.9701 -0.0353
vn 0.9638 -0.2664 -0.0097
vn 0.8472 -0.5309 -0.0194
vn 0.9639 0.2662 0.0098
vn 0.8473 0.5307 0.0194
vn -0.3621 -0.9315 -0.0341
vn 0.2400 -0.9701 -0.0355
vn 0.4781 -0.8777 -0.0321
vn -0.9638 0.2665 0.0099
vn -0.8473 -0.5308 -0.0194
vn -0.9639 -0.2661 -0.0099
vn -0.8472 0.5309 0.0195
vn -0.3621 0.9315 0.0341
vn 0.2401 0.9701 0.0355
vn 0.4783 0.8776 0.0321
vn -0.9638 0.2663 0.0099
vn -0.8472 -0.5309 -0.0194
vn -0.9638 -0.2664 -0.0098
vn -0.8473 0.5307 0.0195
vn -0.3622 0.9315 0.0341
vn 0.9639 -0.2662 -0.0097
vn 0.8473 -0.5308 -0.0194
vn 0.9638 0.2665 0.0098
vn 0.8472 0.5309 0.0195
vn 0.3621 -0.9315 -0.0341
vn -0.4782 -0.8777 -0.0322
vn -0.2400 -0.9701 -0.0355
vn 0.9639 -0.2660 -0.0097
vn 0.8474 -0.5307 -0.0194
vn 0.9637 0.2667 0.0098
vn 0.8472 0.5310 0.0195
vn -0.4781 -0.8777 -0.0321
vn -0.9639 0.2661 0.0098
vn -0.8471 -0.5310 -0.0193
vn -0.9638 -0.2666 -0.0099
vn -0.8474 0.5306 0.0193
vn 0.2400 0.9701 0.0355
vn 0.4782 0.8777 0.0321
vn -0.9640 0.2659 0.0097
vn -0.8470 -0.5312 -0.0194
vn -0.9637 -0.2667 -0.0097
vn -0.8475 0.5305 0.0193
vn 0.4781 0.8777 0.0321
vn -0.3623 0.9314 0.0341
vn 0.9640 -0.2658 -0.0097
vn 0.8474 -0.5305 -0.0194
vn 0.9637 0.2669 0.0098
vn 0.8471 0.5311 0.0195
vn 0.3622 -0.9315 -0.0341
vn -0.4780 -0.8778 -0.0319
vn -0.9640 0.2657 0.0097
vn -0.8470 -0.5313 -0.0195
vn -0.9637 -0.2669 -0.0100
vn -0.8476 0.5304 0.0192
vn 0.4780 0.8777 0.0321
vn 0.9640 -0.2656 -0.0097
vn 0.8475 -0.5304 -0.0194
vn 0.9636 0.2671 0.0098
vn 0.8470 0.5312 0.0195
vn -0.2399 -0.9701 -0.0355
vn -0.4779 -0.8778 -0.0321
vn -0.8973 0.4411 0.0169
vn -0.8973 0.4410 0.0169
vn -0.5462 0.8371 0.0312
vn -0.5453 0.8376 0.0313
vn 0.3817 0.9237 0.0337
vn -0.1070 0.9936 0.0367
vn 0.0732 0.9966 0.0366
vn 0.5106 0.8592 0.0312
vn 0.9477 -0.3189 -0.0125
vn 0.7714 -0.6358 -0.0240
vn 0.7713 -0.6360 -0.0240
vn 0.9790 -0.2039 -0.0082
vn -0.0015 -0.9993 -0.0367
vn -0.1448 -0.9888 -0.0364
vn 0.2982 -0.9538 -0.0355
vn 0.4533 -0.8908 -0.0330
vn -0.5573 -0.8298 -0.0302
vn -0.4234 -0.9054 -0.0330
vn -0.8050 -0.5929 -0.0212
vn -0.8045 -0.5936 -0.0212
vn -0.5276 0.8490 0.0309
vn -0.3916 0.9195 0.0333
vn -0.7364 0.6761 0.0243
vn -0.8144 0.5799 0.0209
vn 0.5739 0.8184 0.0305
vn 0.5732 0.8189 0.0306
vn 0.1296 0.9909 0.0364
vn -0.0637 0.9973 0.0367
vn 0.5700 -0.8211 -0.0298
vn 0.8169 -0.5765 -0.0206
vn 0.8167 -0.5767 -0.0206
vn 0.4326 -0.9010 -0.0328
vn -0.3203 -0.9467 -0.0350
vn 0.1426 -0.9891 -0.0363
vn -0.0089 -0.9993 -0.0368
vn -0.4771 -0.8782 -0.0327
vn -0.2981 0.9539 0.0355
vn 0.1448 0.9888 0.0363
vn 0.0015 0.9993 0.0367
vn -0.4533 0.8907 0.0330
vn 0.5572 0.8298 0.0301
vn 0.8048 0.5932 0.0212
vn 0.8049 0.5930 0.0212
vn 0.4232 0.9054 0.0329
vn 0.1077 -0.9935 -0.0366
vn -0.0739 -0.9966 -0.0366
vn 0.5462 -0.8371 -0.0312
vn 0.5455 -0.8375 -0.0313
vn -0.5107 -0.8592 -0.0312
vn -0.3817 -0.9237 -0.0337
vn -0.7178 -0.6958 -0.0250
vn -0.7990 -0.6009 -0.0215
vn 0.0089 0.9993 0.0367
vn -0.1425 0.9891 0.0362
vn 0.3196 0.9469 0.0350
vn 0.4777 0.8779 0.0327
vn 0.0643 -0.9973 -0.0368
vn 0.5276 -0.8490 -0.0310
vn 0.3916 -0.9195 -0.0334
vn -0.1303 -0.9908 -0.0365
vn -0.5745 -0.8179 -0.0305
vn -0.5739 -0.8183 -0.0305
vn -0.9064 -0.4220 -0.0162
vn -0.9067 -0.4215 -0.0162
vn -0.4325 0.9010 0.0328
vn -0.5702 0.8210 0.0297
vn 0.7178 0.6958 0.0250
vn 0.7990 0.6009 0.0215
vn 0.4527 -0.8911 -0.0331
vn 0.2988 -0.9537 -0.0355
vn 0.7713 -0.6360 -0.0241
vn 0.7714 -0.6359 -0.0241
vn -0.1448 -0.9888 -0.0363
vn -0.4232 -0.9054 -0.0329
vn -0.8974 0.4408 0.0169
vn -0.8975 0.4407 0.0169
vn -0.5455 0.8375 0.0312
vn -0.5451 0.8378 0.0313
vn 0.9066 0.4217 0.0162
vn 0.5734 0.8187 0.0305
vn 0.5743 0.8180 0.0305
vn 0.9067 0.4216 0.0162
vn 0.1425 -0.9891 -0.0363
vn 0.5701 -0.8211 -0.0298
vn 0.4325 -0.9010 -0.0328
vn -0.0089 -0.9993 -0.0367
vn -0.7893 -0.6136 -0.0232
vn -0.7892 -0.6137 -0.0232
vn -0.3203 -0.9467 -0.0351
vn -0.8144 0.5799 0.0208
vn -0.3916 0.9195 0.0334
vn 0.8170 -0.5763 -0.0206
vn 0.0733 0.9966 0.0366
vn -0.8049 -0.5931 -0.0212
vn -0.8046 -0.5935 -0.0212
vn 0.9790 -0.2039 -0.0083
vn -0.8170 0.5762 0.0206
vn -0.8166 0.5768 0.0206
vn 0.8144 -0.5799 -0.0207
vn 0.7364 -0.6761 -0.0242
vn 0.7892 0.6137 0.0232
vn 0.7893 0.6136 0.0232
vn -0.7713 0.6360 0.0240
vn -0.7714 0.6359 0.0240
vn -0.9477 0.3189 0.0124
vn -0.9790 0.2038 0.0083
vn 0.8973 -0.4411 -0.0169
vn 0.8973 -0.4410 -0.0169
vn 0.9064 0.4220 0.0162
vn 0.7178 0.6958 0.0251
vn -0.9816 -0.1907 -0.0078
vn -0.9537 -0.3005 -0.0118
vn -1.0000 0.0036 -0.0006
vn -0.9961 0.0876 0.0024
vn -0.9253 0.3790 0.0132
vn -0.9612 0.2757 0.0094
vn 0.9999 -0.0138 0.0001
vn 0.9954 0.0957 0.0045
vn 0.9756 -0.2197 -0.0071
vn 0.9486 -0.3162 -0.0111
vn -0.9728 -0.2315 -0.0078
vn -0.9433 -0.3318 -0.0114
vn -0.9951 0.0990 0.0044
vn -0.9999 -0.0162 0.0002
vn 0.9958 0.0910 0.0026
vn 0.9177 0.3970 0.0138
vn 0.9572 0.2893 0.0099
vn 1.0000 0.0014 -0.0008
vn 0.0030 0.0374 -0.9993
vn 0.0007 0.0356 -0.9994
vn 0.0011 0.0356 -0.9994
vn 0.0029 0.0382 -0.9993
vn -0.0002 0.0362 -0.9993
vn -0.0003 0.0371 -0.9993
vn -0.0003 0.0360 -0.9994
vn 0.0008 0.0376 -0.9993
vn 0.0007 0.0375 -0.9993
vn 0.0013 0.0367 -0.9993
vn 0.0013 0.0366 -0.9993
vn 0.0012 0.0363 -0.9993
vn 0.0009 0.0363 -0.9993
vn 0.0009 0.0362 -0.9993
vn 0.0001 0.0358 -0.9994
vn -0.0009 0.0365 -0.9993
vn -0.0008 0.0362 -0.9993
vn -0.0000 0.0355 -0.9994
vn -0.0001 0.0379 -0.9993
vn 0.0030 0.0369 -0.9993
vn 0.0037 0.0333 -0.9994
vn -0.0004 0.0339 -0.9994
vn 0.0020 0.0335 -0.9994
vn -0.0010 0.0411 -0.9992
vn -0.0009 0.0420 -0.9991
vn 0.0026 0.0411 -0.9992
vn 0.0018 0.0419 -0.9991
vn -0.0012 0.0363 -0.9993
vn -0.0014 0.0367 -0.9993
vn -0.0014 0.0366 -0.9993
vn -0.0012 0.0362 -0.9993
vn -0.0009 0.0375 -0.9993
vn -0.0009 0.0376 -0.9993
vn 0.0004 0.0374 -0.9993
vn 0.0006 0.0372 -0.9993
vn 0.0004 0.0360 -0.9994
vn 0.0003 0.0362 -0.9993
vn -0.0007 0.0355 -0.9994
vn -0.0007 0.0354 -0.9994
vn -0.0030 0.0392 -0.9992
vn -0.0030 0.0373 -0.9993
vn -0.0027 0.0411 -0.9992
vn -0.0020 0.0418 -0.9991
vn 0.0011 0.0414 -0.9991
vn -0.0019 0.0337 -0.9994
vn 0.0008 0.0362 -0.9993
vn 0.0010 0.0420 -0.9991
vn -0.0028 0.0346 -0.9994
vn -0.0043 0.0364 -0.9993
vn -0.0000 0.0383 -0.9993
vn 0.0003 0.0379 -0.9993
vn 0.0011 0.0363 -0.9993
vn -0.0003 0.0358 -0.9994
vn 0.0005 0.0359 -0.9994
vn 0.0013 0.0363 -0.9993
vn -0.0010 0.0362 -0.9993
vn -0.9756 0.2197 0.0071
vn -0.9954 -0.0957 -0.0046
vn -0.9999 0.0137 -0.0000
vn -0.9486 0.3162 0.0112
vn 0.9537 0.3005 0.0118
vn 0.9816 0.1907 0.0078
vn 0.9612 -0.2757 -0.0095
vn 1.0000 -0.0036 0.0006
vn 0.9961 -0.0876 -0.0025
vn 0.9253 -0.3789 -0.0132
vn -0.9572 -0.2893 -0.0098
vn -0.9177 -0.3970 -0.0139
vn -0.9959 -0.0910 -0.0026
vn -1.0000 -0.0014 0.0008
vn 0.9728 0.2315 0.0077
vn 0.9433 0.3318 0.0115
vn 0.9999 0.0162 -0.0002
vn 0.9951 -0.0990 -0.0044
vn 0.0007 0.0362 -0.9993
vn 0.0005 0.0362 -0.9993
vn 0.0006 0.0362 -0.9993
vn -0.0003 0.0356 -0.9994
vn -0.0011 0.0359 -0.9994
vn -0.0010 0.0357 -0.9994
vn -0.0002 0.0355 -0.9994
vn -0.0005 0.0368 -0.9993
vn 0.0042 0.0344 -0.9994
vn 0.0035 0.0336 -0.9994
vn 0.0014 0.0374 -0.9993
vn 0.0032 0.0342 -0.9994
vn 0.0003 0.0423 -0.9991
vn 0.0008 0.0425 -0.9991
vn 0.0026 0.0428 -0.9991
vn 0.0019 0.0386 -0.9993
vn 0.0025 0.0407 -0.9992
vn 0.0026 0.0431 -0.9991
vn 0.0001 0.0365 -0.9993
vn 0.0002 0.0364 -0.9993
vn -0.0006 0.0367 -0.9993
vn -0.0007 0.0367 -0.9993
vn -0.0006 0.0374 -0.9993
vn 0.0003 0.0373 -0.9993
vn 0.0008 0.0364 -0.9993
vn -0.0025 0.0404 -0.9992
vn -0.0020 0.0385 -0.9993
vn -0.0027 0.0427 -0.9991
vn -0.0027 0.0430 -0.9991
vn -0.0003 0.0423 -0.9991
vn -0.0032 0.0343 -0.9994
vn -0.0013 0.0374 -0.9993
vn -0.0012 0.0424 -0.9991
vn -0.0032 0.0336 -0.9994
vn -0.0041 0.0347 -0.9994
vn 0.0006 0.0368 -0.9993
vn 0.0006 0.0367 -0.9993
vn 0.0012 0.0357 -0.9994
vn 0.0012 0.0359 -0.9994
vn 0.0004 0.0356 -0.9994
vn 0.0003 0.0355 -0.9994
vn -0.0006 0.0362 -0.9993
vn -0.0007 0.0362 -0.9993
vn -0.0003 0.0373 -0.9993
vn -0.0008 0.0365 -0.9993
vn 0.0008 0.0374 -0.9993
vn 0.0007 0.0367 -0.9993
vn 0.0008 0.0367 -0.9993
vn -0.0001 0.0364 -0.9993
vn -0.0000 0.0364 -0.9993
vn -0.9962 0.0876 0.0024
vn -0.9612 0.2758 0.0094
vn 0.9954 0.0957 0.0046
vn 0.9999 -0.0137 -0.0001
vn 0.9486 -0.3162 -0.0112
vn 0.9755 -0.2197 -0.0070
vn -0.9433 -0.3318 -0.0115
vn 0.9177 0.3970 0.0139
vn 1.0000 0.0014 -0.0007
vn -0.9399 -0.2198 0.2613
vn -0.0001 -0.2361 -0.9717
vn -0.8468 0.3727 -0.3795
vn 0.5187 -0.8379 -0.1701
vn 0.6032 -0.7913 0.0995
vn 0.4383 -0.8250 0.3568
vn 0.3424 -0.5165 0.7849
vn -0.4383 -0.8250 0.3567
vn -0.6496 -0.7546 0.0928
vn -0.4496 -0.8132 -0.3695
vn -0.3424 -0.5164 0.7849
vn -0.4488 -0.8870 0.1084
vn -0.4551 -0.8050 -0.3807
vn -0.3377 -0.5383 0.7721
vn 0.6595 -0.7044 -0.2626
vn 0.6109 -0.7860 0.0951
vn 0.3262 -0.8350 0.4431
vn 0.4551 -0.8049 -0.3807
vn 0.5508 -0.8284 0.1016
vn 0.4568 -0.6890 0.5626
vn -0.5979 -0.7957 0.0969
vn -0.6595 -0.7044 -0.2626
vn -0.2693 -0.7115 0.6491
vn -0.4817 -0.8297 0.2822
vn -0.4568 -0.6890 0.5626
vn 0.5970 -0.7943 -0.1125
vn 0.2693 -0.7115 0.6491
vn 0.5459 -0.6785 -0.4915
vn 0.6326 -0.7689 0.0926
vn -0.5894 -0.8020 0.0970
vn -0.5229 -0.8342 -0.1753
vn -0.6485 -0.7480 0.1410
vn -0.6025 -0.6982 0.3866
vn -0.4566 -0.8427 -0.2853
vn -0.3398 -0.4319 0.8354
vn 0.6610 -0.7288 -0.1787
vn 0.6359 -0.7717 0.0104
vn 0.6181 -0.7724 0.1461
vn 0.3279 -0.7739 0.5418
vn 0.4566 -0.8427 -0.2853
vn 0.7579 -0.5772 -0.3041
vn 0.3398 -0.4319 0.8355
vn -0.2683 -0.8945 -0.3575
vn -0.6610 -0.7288 -0.1788
vn -0.3280 -0.7739 0.5417
vn -0.6442 -0.1908 0.7407
vn -0.4097 -0.5174 -0.7513
vn -0.6611 -0.7287 -0.1788
vn -0.5477 -0.7288 -0.4110
vn -0.2712 -0.6230 0.7337
vn -0.8290 -0.3807 0.4096
vn -0.9108 -0.3946 0.1214
vn -0.6610 -0.7288 -0.1787
vn 0.9092 -0.4079 0.0838
vn 0.7509 -0.2583 0.6079
vn 0.4595 -0.6117 0.6440
vn 0.6305 -0.5423 -0.5553
vn 0.2712 -0.6230 0.7337
vn -0.7471 -0.5959 -0.2945
vn -0.4595 -0.6117 0.6439
vn -0.8192 -0.2670 0.5076
vn -0.4097 -0.5175 -0.7513
vn -0.5241 -0.8482 -0.0762
vn -0.3398 -0.4320 0.8354
vn 0.5476 -0.7289 -0.4109
vn 0.6422 -0.5205 -0.5627
vn 0.8191 -0.2670 0.5077
vn -0.4592 -0.6123 0.6436
vn -0.5394 -0.8406 0.0504
vn -0.4595 -0.6117 0.6440
vn -0.8255 -0.5451 0.1466
vn -0.5476 -0.7288 -0.4110
vn -0.2712 -0.6229 0.7337
vn 0.5241 -0.8482 -0.0762
vn 0.7054 -0.6884 0.1689
vn 0.4722 -0.7095 0.5231
vn 0.9536 -0.1678 -0.2498
vn -0.6181 -0.7045 0.3487
vn -0.4932 -0.7540 0.4339
vn 0.6389 -0.7687 -0.0312
vn 0.4326 -0.9011 -0.0292
vn 0.4542 -0.6227 0.6371
vn 0.3419 -0.7604 -0.5522
vn -0.5222 -0.7209 0.4556
vn -0.4326 -0.9011 -0.0292
vn -0.3419 -0.7604 -0.5522
vn -0.0000 -0.7920 0.6105
vn 0.3398 -0.4320 0.8354
vn 0.0491 -0.9714 -0.2324
vn -0.0000 -0.2044 -0.9789
vn -0.0000 -0.9030 -0.4296
vn -0.0486 -0.9938 -0.0996
vn -0.0000 -0.9561 -0.2931
vn 0.7207 -0.2935 0.6280
vn 0.4688 -0.8366 -0.2833
vn 0.4097 -0.5174 -0.7513
vn 0.6441 -0.1909 0.7407
vn -0.4306 0.8437 -0.3205
vn -0.0000 0.2044 0.9789
vn -1.0000 -0.0000 -0.0000
vn -0.0002 0.2362 0.9717
vn 0.6654 0.7303 -0.1545
vn -0.3776 0.8010 -0.4646
vn -0.8294 0.3126 -0.4630
vn 0.3796 -0.9108 0.1626
vn 0.0306 -0.9733 0.2273
vn 0.0086 -0.9853 0.1706
vn -0.0080 -0.9827 0.1852
vn -0.0307 -0.9733 0.2273
vn -0.0000 -0.9807 0.1956
vn -0.0000 -0.7325 -0.6807
vn -0.0000 -0.4368 0.8996
vn 0.2137 0.9318 -0.2935
vn 0.2237 0.9300 -0.2918
vn 0.2188 0.9309 -0.2926
vn -0.1200 0.9620 -0.2453
vn -0.0000 0.9892 -0.1468
vn -0.0000 0.9834 -0.1815
vn -0.0000 0.9916 -0.1293
vn -0.0000 0.9916 -0.1294
vn -0.0000 0.9878 -0.1554
vn -0.0000 0.9951 -0.0993
vn -0.0000 0.9962 -0.0872
vn -0.0000 0.9571 -0.2898
vn -0.0000 0.9626 -0.2710
vn -0.0000 0.9652 -0.2616
vn -0.0000 0.9864 -0.1641
vn -0.0000 0.9947 -0.1031
vn -0.0000 0.9997 -0.0237
vn -0.0000 0.9636 -0.2672
vn -0.4216 0.1230 0.8984
vn -0.9561 0.0398 0.2905
vn -0.8112 0.0793 0.5793
vn -0.2118 0.1324 0.9683
vn 0.3186 0.1286 0.9391
vn 0.3187 0.1286 0.9391
vn 0.8112 0.0782 0.5795
vn 0.9560 0.0405 0.2904
vn 0.4216 -0.1231 -0.8984
vn 0.2118 -0.1322 -0.9683
vn 0.8112 -0.0782 -0.5795
vn 0.9560 -0.0405 -0.2904
vn -0.8112 -0.0794 -0.5794
vn -0.3185 -0.1286 -0.9391
vn -0.3190 -0.1286 -0.9390
vn -0.9560 -0.0398 -0.2906
vn 0.9560 0.0405 0.2905
vn -0.3187 -0.1286 -0.9391
vn -0.3182 -0.1286 -0.9393
vn 0.2118 -0.1321 -0.9683
vn 0.4216 -0.1230 -0.8984
vn -0.9560 0.0398 0.2905
vn 0.3190 0.1286 0.9390
vn -0.4217 0.1230 0.8984
vn -0.2118 0.1326 0.9683
vn 0.9744 -0.2220 0.0358
vn 0.7937 -0.4440 -0.4157
vn 0.8997 -0.0885 0.4274
vn 0.9754 -0.2158 0.0438
vn 0.8745 -0.2700 0.4030
vn 0.7151 0.6782 -0.1694
vn -0.7845 -0.5802 -0.2189
vn -0.9621 -0.2725 0.0015
vn -0.7215 -0.6003 -0.3450
vn -0.8747 -0.1853 -0.4478
vn -0.9589 -0.2835 0.0106
vn -0.3436 0.0298 -0.9386
vn -0.7472 -0.6627 -0.0502
vn -0.6457 -0.7628 0.0337
vn -0.6185 -0.7223 -0.3095
vn -0.4035 -0.9149 -0.0090
vn -0.0000 0.9997 0.0237
vn -0.3524 -0.9347 0.0459
vn -0.3975 -0.9145 0.0748
vn -0.5774 -0.7243 -0.3770
vn -0.8866 -0.4620 0.0226
vn -0.0000 0.8186 0.5744
vn -0.0000 0.7336 0.6796
vn -0.0000 0.8875 0.4608
vn -0.0000 0.1827 0.9832
vn -0.0000 0.3319 0.9433
vn -0.0000 0.4766 0.8791
vn -0.0000 0.1777 -0.9841
vn -0.0001 -0.3975 -0.9176
vn -0.0000 -0.1029 -0.9947
vn -0.0000 0.9120 0.4102
vn -0.0000 0.9982 -0.0599
vn -0.9485 -0.2225 0.2256
vn -0.4091 -0.8342 0.3697
vn -0.4178 -0.8243 0.3819
vn -0.3692 -0.8627 0.3456
vn -1.0000 0.0016 0.0092
vn -0.6707 -0.4306 0.6040
vn -0.8884 -0.2779 0.3653
vn -0.5295 -0.5685 0.6296
vn 0.8826 -0.3826 0.2731
vn 0.8114 -0.4271 0.3990
vn 0.8824 -0.3831 0.2731
vn 0.8775 -0.2960 0.3773
vn 0.3471 -0.2616 0.9006
vn 0.3162 -0.7743 0.5482
vn -0.9813 -0.0076 0.1926
vn -0.9783 -0.1282 0.1631
vn -0.3005 -0.2185 0.9284
vn -0.1234 -0.6578 0.7431
vn -0.0925 -0.5135 0.8531
vn -0.3056 -0.8018 0.5135
vn -0.6650 -0.5006 0.5543
vn -0.1224 -0.1848 0.9751
vn 0.1469 -0.3065 0.9405
vn 0.5619 -0.6614 0.4969
vn -0.3128 -0.3562 0.8805
vn -0.6535 -0.6801 0.3322
vn -0.1298 -0.1645 0.9778
vn -0.4013 -0.7436 0.5349
vn -0.8153 -0.5195 0.2556
vn -0.0044 -0.1454 0.9894
vn -0.4182 -0.2641 0.8691
vn 0.1022 -0.9425 0.3183
vn 0.5678 -0.6188 0.5429
vn -0.2133 -0.8629 0.4581
vn 0.1052 -0.3671 0.9242
vn 0.1382 -0.9901 -0.0234
vn 0.1618 -0.9865 -0.0235
vn 0.0041 -0.0332 0.9994
vn -0.0000 0.0237 -0.9997
vn -0.0001 -0.3844 0.9232
vn -0.1372 -0.9903 -0.0235
vn -0.0000 -0.2771 0.9608
vn -0.0000 -0.6536 -0.7569
vn 0.0001 -0.2142 0.9768
vn -0.0000 -0.4523 0.8919
vn -0.0000 -0.5301 0.8479
vn -0.0000 -0.4530 0.8915
vn -0.0000 -0.6339 0.7734
vn -0.0000 -0.3477 0.9376
vn -0.0166 -0.4111 0.9115
vn -0.0394 -0.6334 0.7728
vn 0.4013 -0.7436 0.5349
vn 0.2133 -0.8629 0.4581
vn 0.6706 -0.4306 0.6040
vn 0.8884 -0.2779 0.3654
vn -0.5678 -0.6188 0.5428
vn -0.1022 -0.9425 0.3182
vn -0.3162 -0.7743 0.5481
vn -0.8776 -0.2960 0.3772
vn 0.5295 -0.5685 0.6296
vn 0.1297 -0.1645 0.9778
vn 0.4182 -0.2641 0.8691
vn 0.6649 -0.5007 0.5542
vn 0.1223 -0.1848 0.9751
vn 0.3128 -0.3563 0.8805
vn 0.6535 -0.6801 0.3322
vn -0.3471 -0.2616 0.9006
vn -0.1469 -0.3065 0.9405
vn -0.5616 -0.6620 0.4963
vn 0.3055 -0.8018 0.5136
vn 0.9782 -0.1282 0.1631
vn 0.3005 -0.2185 0.9284
vn 0.0924 -0.5141 0.8528
vn 0.0004 -0.9997 -0.0234
vn 0.6989 -0.7150 -0.0146
vn 1.0000 -0.0083 0.0024
vn 0.6977 -0.7162 -0.0146
vn -0.0000 -0.9997 -0.0237
vn 1.0000 0.0017 0.0094
vn 0.7144 -0.3869 0.5831
vn 0.8806 -0.4208 0.2177
vn 0.4178 -0.8243 0.3819
vn 0.4091 -0.8343 0.3697
vn 0.9488 -0.2220 0.2247
vn 0.3692 -0.8627 0.3456
vn -0.0000 -0.6556 -0.7551
vn -0.0000 0.6174 0.7866
vn 0.5774 -0.7243 -0.3770
vn 0.3974 -0.9146 0.0748
vn 0.3524 -0.9347 0.0459
vn 0.8866 -0.4620 0.0227
vn -0.0000 0.8963 -0.4434
vn -0.0000 0.9710 0.2392
vn -0.0000 0.9709 0.2393
vn 0.9509 -0.3096 0.0042
vn 0.6996 -0.7144 0.0124
vn 0.6063 -0.3813 -0.6979
vn 0.9411 -0.1302 -0.3120
vn 0.4720 -0.7868 -0.3977
vn 0.2896 -0.9544 -0.0724
vn 0.4928 -0.8697 0.0291
vn 0.3465 0.0246 -0.9377
vn 0.2636 -0.9423 -0.2064
vn 0.5469 -0.7022 -0.4559
vn 0.8007 -0.5983 0.0294
vn 0.3761 -0.9255 0.0455
vn -0.0000 0.9035 0.4285
vn -0.0000 0.9970 -0.0774
vn -0.0000 -0.9984 0.0565
vn -0.0000 -0.9113 -0.4118
vn -0.0000 0.3320 0.9433
vn -0.0000 -0.2531 -0.9674
vn 0.0001 0.1777 -0.9841
vn -1.0000 -0.0003 0.0032
vn 1.0000 -0.0001 0.0028
vn -0.8826 -0.3827 0.2730
vn -0.8114 -0.4271 0.3990
vn 0.9812 -0.0077 0.1926
vn 0.1228 -0.6577 0.7432
vn 0.0044 -0.1455 0.9894
vn 0.8153 -0.5195 0.2556
vn -0.3914 -0.7897 0.4724
vn -0.1484 -0.8427 0.5176
vn -0.1054 -0.3671 0.9242
vn -0.1614 -0.9866 -0.0234
vn -0.1387 -0.9901 -0.0234
vn -0.1083 -0.4516 0.8856
vn -0.0040 -0.0331 0.9994
vn -0.0761 0.0236 -0.9968
vn -0.0070 -0.1399 0.9901
vn -0.0000 -0.1621 0.9868
vn 0.0081 -0.1399 0.9901
vn -0.0000 -0.2088 0.9780
vn -0.0000 0.9226 0.3858
vn -0.0000 -0.1622 0.9868
vn 0.0885 0.0236 -0.9958
vn 0.0242 -0.3473 0.9374
vn 0.0305 -0.6336 0.7731
vn -0.0004 -0.4516 0.8922
vn 0.3914 -0.7897 0.4724
vn 0.1483 -0.8427 0.5176
vn -0.3808 0.5566 0.7384
vn -0.7775 0.5793 0.2447
vn -0.8410 -0.0127 0.5410
vn -0.2355 -0.0230 0.9716
vn -0.0003 -0.9997 -0.0232
vn -0.6989 -0.7150 -0.0161
vn -0.0000 -0.9997 -0.0227
vn -1.0000 -0.0082 0.0024
vn 0.5619 -0.6614 0.4967
vn -1.0000 -0.0083 0.0024
vn -0.6649 -0.5004 0.5545
vn -1.0000 -0.0001 0.0027
vn 1.0000 0.0001 0.0037
vn 1.0000 -0.0010 0.0022
vn -0.8998 -0.0885 0.4273
vn -0.9747 -0.1296 0.1820
vn -0.7138 -0.3876 0.5833
vn -0.8745 -0.2705 0.4027
vn -0.0000 -0.9113 -0.4117
vn -0.8008 -0.5983 0.0293
vn -0.5468 -0.7022 -0.4560
vn -0.2636 -0.9423 -0.2064
vn -0.3761 -0.9255 0.0454
vn -0.0000 0.9995 -0.0321
vn -0.0000 0.8701 0.4929
vn 0.0001 0.8963 -0.4434
vn -0.5258 -0.8500 0.0310
vn -0.2896 -0.9544 -0.0724
vn -0.4720 -0.7868 -0.3977
vn -0.3666 -0.2646 -0.8919
vn -0.2455 -0.6806 -0.6903
vn -0.3913 -0.9201 0.0149
vn -0.1608 -0.9859 -0.0459
vn 0.9944 -0.1012 0.0300
vn 0.9942 -0.1070 0.0053
vn 0.9927 -0.1206 0.0086
vn 0.9916 -0.1288 0.0092
vn 1.0000 0.0001 -0.0000
vn 0.9939 -0.1103 -0.0031
vn 0.6640 -0.5173 -0.5400
vn 0.9869 -0.1609 0.0079
vn 0.6480 -0.5535 -0.5232
vn 0.2097 -0.9665 0.1480
vn 0.1547 -0.9874 0.0347
vn 0.0004 -0.9936 0.1128
vn 0.2854 -0.9026 0.3222
vn 0.0022 -0.9833 0.1818
vn -0.0012 -0.9998 0.0218
vn 0.2113 -0.9772 0.0197
vn 0.4527 -0.7040 -0.5473
vn 0.2434 -0.9401 0.2387
vn 0.9634 -0.2570 0.0766
vn 0.3797 -0.9105 0.1639
vn 0.7588 -0.6419 0.1100
vn 0.5151 -0.7350 -0.4411
vn 0.6959 -0.7073 0.1243
vn 0.3559 -0.9175 0.1775
vn 0.0134 0.0199 -0.9997
vn 0.0090 0.0166 -0.9998
vn 0.0178 -0.0151 -0.9997
vn 0.0001 0.0246 -0.9997
vn 0.0090 0.0167 -0.9998
vn -0.0028 0.0318 -0.9995
vn -0.0000 0.0244 -0.9997
vn -0.0389 0.0421 -0.9984
vn -0.0000 0.5870 0.8096
vn -0.0000 0.5909 0.8067
vn -0.0000 0.5914 0.8063
vn -0.0000 0.5827 0.8127
vn -0.0000 0.5699 0.8217
vn -0.0000 -0.5883 -0.8086
vn 0.7769 -0.4319 -0.4582
vn -0.0000 -0.5940 -0.8045
vn -0.0000 -0.5700 -0.8216
vn -0.0000 0.6281 0.7781
vn -0.0000 0.5999 0.8001
vn -0.0000 0.6556 0.7551
vn -0.0000 0.6218 0.7831
vn 0.9999 0.0160 -0.0059
vn 0.9998 0.0190 -0.0107
vn 1.0000 0.0070 -0.0007
vn 0.9992 0.0032 0.0387
vn 0.9998 -0.0086 0.0180
vn 0.9981 -0.0035 0.0613
vn 0.9980 0.0040 0.0625
vn 0.9999 0.0155 -0.0062
vn 0.9999 0.0131 -0.0105
vn 0.9996 0.0045 0.0288
vn 0.9995 -0.0018 0.0303
vn 0.9998 0.0139 -0.0111
vn 0.9998 0.0102 -0.0159
vn -0.0000 0.2914 0.9566
vn 0.0001 0.5768 0.8169
vn -0.0001 -0.0367 0.9993
vn -0.0000 -0.0366 0.9993
vn -0.0000 -0.0380 0.9993
vn -0.0019 -0.0400 0.9992
vn 0.0001 -0.0405 0.9992
vn -0.0053 -0.0350 0.9994
vn -0.0027 -0.0383 0.9993
vn -0.0000 -0.0374 0.9993
vn -0.0009 -0.0365 0.9993
vn -0.0002 -0.2135 0.9769
vn -0.0011 -0.0365 0.9993
vn -0.0005 -0.0364 0.9993
vn 0.0002 -0.0355 0.9994
vn -0.0002 -0.0360 0.9994
vn -0.0016 -0.0388 0.9992
vn -0.0005 -0.0371 0.9993
vn 0.9999 -0.0073 0.0125
vn 0.9999 -0.0067 0.0137
vn 0.9999 -0.0147 0.0004
vn 0.9999 -0.0138 0.0094
vn 1.0000 -0.0033 -0.0061
vn 0.9997 0.0093 -0.0228
vn 0.9998 0.0051 -0.0212
vn 0.9999 0.0010 -0.0131
vn 0.9998 -0.0059 0.0174
vn 0.9994 0.0137 0.0305
vn 0.0011 -0.0366 0.9993
vn 0.0005 -0.0372 0.9993
vn 0.0012 -0.0403 0.9992
vn 0.0016 -0.0387 0.9992
vn -0.0000 -0.0379 0.9993
vn -0.9488 -0.2223 0.2244
vn -0.9997 0.0093 -0.0229
vn -0.9998 0.0141 -0.0107
vn -0.9998 0.0045 -0.0198
vn -0.9999 -0.0147 0.0004
vn -1.0000 -0.0033 -0.0062
vn -0.9999 0.0002 -0.0118
vn -0.9981 -0.0035 0.0612
vn -0.9998 -0.0086 0.0179
vn -0.9992 0.0032 0.0387
vn -0.9980 0.0040 0.0626
vn -0.9994 0.0138 0.0304
vn -0.9996 0.0045 0.0288
vn -0.9995 -0.0019 0.0303
vn -0.9701 -0.2322 0.0712
vn -0.9999 0.0160 -0.0059
vn -1.0000 0.0070 -0.0007
vn -0.9998 0.0102 -0.0159
vn -0.9999 0.0131 -0.0105
vn -0.9998 -0.0062 0.0168
vn -0.9999 -0.0066 0.0137
vn -0.9998 0.0188 -0.0108
vn -0.9999 -0.0072 0.0132
vn -0.9999 -0.0139 0.0093
vn -0.9999 0.0155 -0.0062
vn -0.9744 -0.2220 0.0358
vn -0.7526 0.6225 -0.2147
vn -1.0000 -0.0000 0.0020
vn -0.6212 0.6455 -0.4443
vn -0.7139 -0.6025 0.3568
vn -0.7151 0.6782 -0.1695
vn -0.9755 -0.2158 0.0438
vn -0.6708 -0.5108 -0.5377
vn -0.0003 -0.0355 0.9994
vn 0.0001 -0.0360 0.9994
vn -0.0008 -0.0407 0.9992
vn 0.0030 -0.0382 0.9993
vn 0.0002 -0.0371 0.9993
vn 0.0052 -0.0355 0.9994
vn 0.0004 -0.0364 0.9993
vn 0.0010 -0.0366 0.9993
vn -0.2201 -0.9450 0.2420
vn -0.3274 -0.9316 0.1577
vn -0.3559 -0.9175 0.1775
vn -0.0007 -0.9996 -0.0284
vn 0.0408 -0.9986 -0.0324
vn 0.0072 -0.9996 -0.0261
vn 0.0741 -0.9350 0.3467
vn 0.1452 -0.9279 0.3434
vn -0.6959 -0.7073 0.1243
vn -0.5151 -0.7349 -0.4411
vn -0.7984 -0.5928 0.1053
vn 0.0370 -0.8009 0.5976
vn 0.0007 -0.9955 0.0946
vn -0.2854 -0.9026 0.3222
vn -0.1769 -0.9754 0.1317
vn 0.0029 -0.9998 0.0221
vn -0.0867 -0.9880 -0.1280
vn -0.2045 -0.9783 0.0341
vn -0.1623 -0.9572 -0.2395
vn -0.4283 -0.8967 -0.1115
vn -0.3653 -0.6391 -0.6768
vn -0.1064 -0.4299 -0.8966
vn -0.0022 -0.9833 0.1818
vn -0.3205 -0.8673 -0.3808
vn -0.0869 -0.8871 -0.4533
vn -0.0489 -0.9985 -0.0237
vn -0.9869 -0.1609 0.0079
vn -0.7769 -0.4319 -0.4582
vn -0.6480 -0.5535 -0.5232
vn -0.0000 0.6167 0.7872
vn -0.0001 0.6269 0.7791
vn -0.0000 0.6141 0.7892
vn -0.7529 -0.4737 -0.4569
vn -0.9939 -0.1103 -0.0032
vn -0.9944 -0.1012 0.0300
vn -0.9916 -0.1287 0.0092
vn -0.9942 -0.1070 0.0052
vn -0.5538 -0.5971 0.5804
vn -0.4450 -0.0212 0.8953
vn -0.9944 -0.1011 0.0301
vn -0.9927 -0.1206 0.0086
vn -1.0000 -0.0001 -0.0000
vn -1.0000 -0.0002 -0.0000
vn -1.0000 -0.0000 -0.0001
vn -1.0000 0.0001 -0.0000
vn -0.0001 0.5909 0.8067
vn -0.0000 0.5929 0.8053
vn -0.0000 0.5871 0.8095
vn -0.0001 -0.2763 0.9611
vn -0.0000 -0.2764 0.9610
vn -0.0000 -0.3830 0.9238
vn -0.0000 -0.3081 0.9514
vn -0.0001 -0.0366 0.9993
vn -0.0005 0.0307 -0.9995
vn 0.0052 0.0197 -0.9998
vn 0.0020 0.0243 -0.9997
vn -0.0017 0.0304 -0.9995
vn -0.0026 0.0383 -0.9993
vn -0.0041 0.0428 -0.9991
vn -0.0024 0.0408 -0.9992
vn -0.0005 0.0383 -0.9993
vn -0.0012 0.0402 -0.9992
vn 0.0004 0.0370 -0.9993
vn 0.0011 0.0364 -0.9993
vn 0.0013 0.0360 -0.9994
vn 0.0014 0.0364 -0.9993
vn -0.0024 0.0242 -0.9997
vn -0.0058 0.0196 -0.9998
vn 0.0005 0.0308 -0.9995
vn 0.0026 0.0352 -0.9994
vn 0.0035 0.0398 -0.9992
vn 0.0016 0.0372 -0.9993
vn 0.0023 0.0409 -0.9992
vn 0.0009 0.0388 -0.9992
vn 0.0008 0.0395 -0.9992
vn -0.0006 0.0364 -0.9993
vn -0.0003 0.0372 -0.9993
vn -0.0011 0.0362 -0.9993
vn -0.0008 0.0366 -0.9993
vn -0.0010 0.0364 -0.9993
vn -0.0029 0.0349 -0.9994
vn -0.0000 0.0366 -0.9993
vn 0.0001 0.0366 -0.9993
vn 0.9973 -0.0719 -0.0134
vn 0.9328 -0.3216 -0.1626
vn 0.9547 -0.2081 -0.2128
vn 0.9459 -0.1433 -0.2910
vn 0.9577 -0.0325 -0.2861
vn 0.9593 0.0597 -0.2760
vn 0.9602 0.1370 -0.2433
vn 0.9607 0.2070 -0.1850
vn 0.9600 0.2621 -0.0985
vn 0.9721 0.2340 -0.0174
vn 0.9586 0.2810 0.0474
vn 0.9582 0.2541 0.1318
vn 0.9582 0.1998 0.2049
vn 0.9590 0.1367 0.2481
vn 0.9596 0.0596 0.2751
vn 0.9506 -0.0520 0.3060
vn 0.9606 -0.1391 0.2407
vn 0.9597 -0.2111 0.1853
vn 0.9593 -0.2634 0.1014
vn 0.9500 -0.3109 0.0300
vn -0.0000 0.9997 0.0233
vn 0.8012 0.5883 -0.1093
vn 0.8774 0.4204 0.2313
vn 0.7674 0.6292 0.1232
vn 0.8042 0.5710 -0.1651
vn 0.8781 -0.4173 -0.2343
vn 0.9613 -0.1091 -0.2531
vn 0.9306 -0.2237 -0.2897
vn 0.7676 -0.6285 -0.1254
vn 0.9307 0.2281 0.2860
vn 0.9640 0.1619 -0.2110
vn 0.8853 -0.4609 0.0624
vn 0.8034 -0.5854 0.1093
vn 0.8822 -0.4631 -0.0851
vn 0.8843 0.4625 -0.0642
vn 0.8742 0.4783 0.0829
vn -0.0000 0.0106 0.9999
vn 0.5822 0.0086 0.8130
vn 0.4900 0.5248 0.6961
vn -0.0002 0.9424 0.3344
vn 0.3785 0.0110 -0.9256
vn 0.7544 0.0078 -0.6564
vn -0.0000 0.0119 -0.9999
vn 0.0001 0.0119 -0.9999
vn 0.0031 0.9671 -0.2544
vn 0.0023 0.7933 0.6088
vn 0.0045 0.9450 0.3271
vn 0.0047 0.8358 -0.5489
vn -0.0034 0.9450 0.3272
vn -0.0027 0.7933 0.6088
vn -0.0040 0.9671 -0.2544
vn -0.0037 0.8358 -0.5490
vn -0.0000 -0.9998 -0.0179
vn -0.0001 -0.9998 -0.0179
vn -0.5835 0.6221 0.5221
vn -0.0000 0.4516 0.8922
vn -0.0000 0.9997 0.0227
vn -0.6975 0.7107 0.0924
vn -0.8843 0.4625 -0.0643
vn -0.8103 0.5443 0.2170
vn -0.8033 -0.5854 0.1092
vn -0.8822 -0.4632 -0.0851
vn -0.8853 -0.4608 0.0624
vn -0.8781 -0.4173 -0.2343
vn -0.8654 0.4862 -0.1214
vn -0.8743 0.4783 0.0829
vn -0.9637 -0.1605 0.2133
vn -0.9306 -0.2238 -0.2898
vn -0.7676 -0.6285 -0.1254
vn -0.8042 -0.5707 0.1662
vn -0.6218 0.7739 -0.1203
vn -0.8966 0.4212 0.1370
vn -0.9322 -0.0899 0.3507
vn -0.9545 -0.2089 -0.2131
vn -0.9327 -0.3218 -0.1627
vn -0.9687 -0.2445 -0.0427
vn -0.9956 -0.0457 -0.0814
vn -0.9706 -0.2399 0.0214
vn -0.9584 -0.2666 0.1024
vn -0.9593 -0.2122 0.1866
vn -0.9600 -0.1399 0.2426
vn -0.9503 -0.0520 0.3069
vn -0.9594 0.0596 0.2756
vn -0.9590 0.1367 0.2483
vn -0.9584 0.1991 0.2045
vn -0.9587 0.2525 0.1310
vn -0.9593 0.2784 0.0471
vn -0.9733 0.2291 -0.0168
vn -0.9615 0.2575 -0.0961
vn -0.9620 0.2037 -0.1821
vn -0.9610 0.1355 -0.2409
vn -0.9604 0.0590 -0.2724
vn -0.9364 -0.0355 -0.3492
vn -0.0000 -0.9998 -0.0212
vn -0.9616 -0.1090 -0.2519
vn -0.9640 0.1619 -0.2111
vn -0.9307 0.2281 0.2859
vn -0.3784 0.0098 0.9256
vn -0.5822 0.0097 -0.8130
vn 0.0032 -0.9420 -0.3356
vn 0.0025 -0.7809 -0.6246
vn 0.0036 -0.9647 0.2632
vn 0.0032 -0.8231 0.5679
vn 0.0001 -0.9998 -0.0179
vn -0.0001 0.9997 0.0227
vn 0.9409 0.3203 0.1102
vn 0.9638 -0.1603 0.2131
vn 0.8042 -0.5706 0.1663
vn 0.9321 -0.0898 0.3508
vn -0.9753 0.0621 -0.2118
vn -0.9125 0.1743 0.3702
vn -0.9755 0.0617 -0.2111
vn -0.9323 -0.0891 0.3505
vn -0.9761 0.0023 0.2173
vn -0.9941 0.0010 -0.1087
vn -0.9761 0.0031 -0.2173
vn -1.0000 0.0004 0.0014
vn -1.0000 0.0003 0.0009
vn -1.0000 0.0005 0.0008
vn -1.0000 0.0006 0.0018
vn -1.0000 0.0002 0.0001
vn -1.0000 0.0001 0.0004
vn -1.0000 -0.0030 0.0023
vn -1.0000 -0.0031 0.0020
vn -1.0000 -0.0047 0.0041
vn -1.0000 -0.0043 0.0057
vn -1.0000 -0.0049 0.0058
vn -1.0000 -0.0053 0.0042
vn -1.0000 -0.0039 0.0083
vn -1.0000 -0.0040 0.0072
vn -1.0000 -0.0034 0.0078
vn -1.0000 -0.0023 0.0081
vn -1.0000 -0.0073 0.0029
vn -0.9999 -0.0122 -0.0006
vn -0.9999 -0.0117 -0.0009
vn -1.0000 -0.0066 0.0030
vn -0.9999 -0.0129 0.0001
vn -0.9999 -0.0125 0.0002
vn -0.9999 -0.0129 0.0011
vn -0.9999 -0.0133 0.0017
vn -0.9999 -0.0126 0.0026
vn -0.9999 -0.0124 0.0022
vn -1.0000 -0.0069 -0.0012
vn -1.0000 -0.0066 -0.0008
vn -1.0000 -0.0024 -0.0060
vn -1.0000 -0.0037 -0.0052
vn -1.0000 -0.0028 -0.0064
vn -1.0000 -0.0016 -0.0056
vn -1.0000 -0.0039 -0.0037
vn -1.0000 -0.0040 -0.0028
vn -1.0000 -0.0041 -0.0017
vn -1.0000 -0.0046 -0.0018
vn -1.0000 -0.0026 0.0003
vn -1.0000 -0.0000 0.0021
vn -1.0000 0.0001 0.0024
vn -1.0000 -0.0031 0.0003
vn -0.0031 0.8999 0.4360
vn -0.0035 0.9913 0.1313
vn -0.0034 0.9734 0.2289
vn -0.0028 0.8393 0.5436
vn -0.0037 0.9285 -0.3714
vn -0.0038 0.9979 -0.0641
vn -0.0038 0.9868 -0.1618
vn -0.0036 0.8763 -0.4818
vn 0.0037 -0.9907 -0.1362
vn 0.0038 -0.9856 0.1690
vn 0.0038 -0.9978 0.0667
vn 0.0036 -0.9715 -0.2369
vn 0.0027 -0.8402 -0.5422
vn 0.0021 -0.6716 -0.7409
vn 0.0020 -0.6717 -0.7408
vn 0.0030 -0.8977 -0.4405
vn 0.0010 -0.3954 -0.9185
vn 0.0010 -0.4785 -0.8781
vn -0.0000 -0.2051 -0.9788
vn 0.0001 -0.0970 -0.9953
vn -0.0025 0.4217 -0.9067
vn -0.0023 0.5068 -0.8621
vn -0.0014 0.2288 -0.9735
vn -0.0015 0.1200 -0.9928
vn -0.0033 0.7084 -0.7058
vn -0.0033 0.7083 -0.7059
vn 0.0037 -0.9254 0.3790
vn 0.0037 -0.8741 0.4858
vn -0.0018 0.4459 0.8951
vn -0.0007 0.3603 0.9328
vn -0.0020 0.6553 0.7554
vn -0.0019 0.6551 0.7556
vn 0.0011 0.0598 0.9982
vn -0.0004 0.1676 0.9859
vn 0.0008 -0.1543 0.9880
vn 0.0023 -0.2606 0.9654
vn 0.0034 -0.7157 0.6984
vn 0.0035 -0.7159 0.6982
vn 0.0032 -0.5283 0.8490
vn 0.0021 -0.4471 0.8945
vn -0.0027 0.5944 -0.8042
vn -0.0029 0.6169 -0.7870
vn -0.0027 0.5775 -0.8164
vn -0.0018 0.4279 -0.9038
vn -0.0011 0.1361 -0.9907
vn -0.0024 0.2423 -0.9702
vn -0.0028 0.5082 -0.8612
vn 0.0003 -0.1833 -0.9831
vn 0.0015 -0.4511 -0.8925
vn 0.0004 -0.3700 -0.9290
vn -0.0011 -0.0768 -0.9970
vn 0.0012 -0.4855 -0.8742
vn 0.0012 -0.4854 -0.8743
vn 0.0014 -0.4819 -0.8762
vn 0.0015 -0.5212 -0.8534
vn 0.0027 -0.5772 0.8166
vn 0.0025 -0.5395 0.8420
vn 0.0023 -0.5125 0.8587
vn 0.0024 -0.5451 0.8384
vn 0.0024 -0.5451 0.8383
vn 0.0024 -0.4319 0.9019
vn 0.0014 -0.1372 0.9905
vn 0.0005 0.1871 0.9823
vn 0.0005 0.0789 0.9969
vn 0.0013 -0.2449 0.9695
vn -0.0013 0.5262 0.8504
vn -0.0007 0.3764 0.9265
vn -0.0008 0.4585 0.8887
vn -0.0018 0.5609 0.8279
vn -0.0015 0.5386 0.8425
vn -0.9008 0.2731 0.3377
vn -1.0000 -0.0033 -0.0001
vn -1.0000 -0.0069 0.0037
vn -0.9006 0.3618 0.2409
vn -0.8999 0.4219 0.1108
vn -1.0000 -0.0063 0.0057
vn -0.9999 -0.0040 0.0103
vn -0.8543 0.5191 -0.0259
vn -1.0000 -0.0012 0.0079
vn -1.0000 -0.0072 -0.0002
vn -0.9026 0.2907 -0.3174
vn -0.8701 0.4471 -0.2074
vn -0.9999 -0.0129 -0.0020
vn -0.9999 -0.0140 -0.0003
vn -0.9018 0.0537 -0.4288
vn -0.9020 0.1828 -0.3911
vn -0.9289 -0.0754 -0.3626
vn -0.9999 -0.0136 0.0020
vn -0.9999 -0.0131 0.0036
vn -0.9384 -0.1511 -0.3109
vn -0.8996 -0.2716 -0.3420
vn -1.0000 -0.0076 0.0023
vn -1.0000 -0.0004 -0.0054
vn -0.8985 -0.3659 -0.2426
vn -0.8977 -0.4273 -0.1073
vn -1.0000 -0.0024 -0.0075
vn -1.0000 -0.0054 -0.0047
vn -0.8173 -0.5731 0.0605
vn -1.0000 -0.0063 -0.0014
vn -1.0000 -0.0028 0.0024
vn -0.9002 -0.2927 0.3224
vn -0.8991 -0.3854 0.2073
vn -1.0000 0.0001 0.0032
vn -1.0000 0.0009 0.0020
vn -0.9583 -0.0483 0.2818
vn -0.9003 -0.1820 0.3953
vn -0.9014 0.0434 0.4308
vn -1.0000 0.0012 0.0005
vn -1.0000 0.0001 -0.0011
vn -0.9011 0.1722 0.3979
vn -0.7681 0.6294 0.1178
vn -0.7884 0.6096 -0.0823
vn -0.7746 0.4567 -0.4375
vn -0.7988 0.5375 -0.2703
vn -0.7752 0.1288 -0.6184
vn -0.7755 0.3064 -0.5520
vn -0.7244 -0.2875 -0.6266
vn -0.7738 -0.0749 -0.6290
vn -0.7685 -0.4293 -0.4744
vn -0.7676 -0.5612 -0.3096
vn -0.7676 -0.6307 -0.1139
vn -0.8123 -0.5800 0.0614
vn -0.7720 -0.4573 0.4414
vn -0.7698 -0.5827 0.2607
vn -0.7266 -0.1183 0.6768
vn -0.7735 -0.2999 0.5583
vn -0.7732 0.1063 0.6251
vn -0.7718 0.2858 0.5681
vn -0.7698 0.4332 0.4689
vn -0.7687 0.5590 0.3109
vn 0.7988 0.5374 -0.2704
vn 0.7884 0.6097 -0.0822
vn 0.7681 0.6294 0.1178
vn 0.7687 0.5590 0.3110
vn 0.7697 0.4332 0.4689
vn 0.7717 0.2858 0.5682
vn 0.7732 0.1064 0.6252
vn 0.7266 -0.1182 0.6768
vn 0.7735 -0.3000 0.5583
vn 0.7720 -0.4573 0.4414
vn 0.7697 -0.5827 0.2607
vn 0.8123 -0.5800 0.0615
vn 0.7676 -0.6307 -0.1138
vn 0.7676 -0.5612 -0.3096
vn 0.7686 -0.4292 -0.4744
vn 0.7244 -0.2875 -0.6265
vn 0.7739 -0.0750 -0.6289
vn 0.7753 0.1288 -0.6184
vn 0.7756 0.3064 -0.5519
vn 0.7747 0.4567 -0.4374
vn 0.8999 0.4219 0.1108
vn 0.9005 0.3619 0.2410
vn 0.9008 0.2731 0.3377
vn 0.9011 0.1722 0.3979
vn 0.9014 0.0434 0.4308
vn 0.9582 -0.0480 0.2820
vn 0.9003 -0.1820 0.3954
vn 0.9002 -0.2928 0.3224
vn 0.8992 -0.3854 0.2074
vn 0.8173 -0.5730 0.0606
vn 0.8977 -0.4274 -0.1072
vn 0.8985 -0.3659 -0.2426
vn 0.8996 -0.2716 -0.3420
vn 0.9383 -0.1510 -0.3110
vn 0.9289 -0.0754 -0.3625
vn 0.9018 0.0537 -0.4288
vn 0.9020 0.1828 -0.3911
vn 0.9027 0.2907 -0.3174
vn 0.8701 0.4470 -0.2074
vn 0.8543 0.5192 -0.0258
vn 1.0000 0.0012 0.0005
vn 1.0000 0.0009 0.0022
vn 1.0000 0.0004 0.0032
vn 1.0000 -0.0029 0.0026
vn 1.0000 -0.0063 -0.0013
vn 1.0000 -0.0054 -0.0046
vn 1.0000 -0.0031 -0.0075
vn 1.0000 -0.0006 -0.0059
vn 1.0000 -0.0075 0.0023
vn 0.9999 -0.0132 0.0035
vn 0.9999 -0.0137 0.0019
vn 0.9999 -0.0141 -0.0000
vn 0.9999 -0.0123 -0.0023
vn 1.0000 -0.0075 -0.0005
vn 1.0000 -0.0012 0.0080
vn 0.9999 -0.0038 0.0100
vn 1.0000 -0.0063 0.0060
vn 1.0000 -0.0069 0.0038
vn 1.0000 -0.0031 -0.0002
vn 1.0000 -0.0000 -0.0010
vn 0.0012 0.5261 0.8504
vn 0.0017 0.5609 0.8279
vn 0.0015 0.5386 0.8425
vn 0.0005 0.3764 0.9264
vn 0.0008 0.4585 0.8887
vn -0.0002 0.1870 0.9824
vn -0.0005 0.0788 0.9969
vn -0.0019 -0.2449 0.9696
vn -0.0015 -0.1372 0.9905
vn -0.0023 -0.4319 0.9019
vn -0.0025 -0.5124 0.8587
vn -0.0023 -0.5394 0.8421
vn -0.0024 -0.5451 0.8384
vn -0.0024 -0.5451 0.8383
vn -0.0025 -0.5772 0.8166
vn -0.0046 -0.9652 0.2615
vn -0.0031 -0.8221 0.5693
vn -0.0014 -0.5212 -0.8534
vn -0.0014 -0.4819 -0.8762
vn -0.0009 -0.4510 -0.8925
vn -0.0005 -0.3699 -0.9291
vn -0.0012 -0.4855 -0.8742
vn -0.0012 -0.4854 -0.8743
vn 0.0014 0.1360 -0.9907
vn 0.0018 0.2423 -0.9702
vn 0.0008 -0.0768 -0.9970
vn 0.0031 0.5082 -0.8612
vn 0.0028 0.4279 -0.9038
vn 0.0029 0.5775 -0.8164
vn 0.0028 0.5944 -0.8042
vn 0.0027 0.6171 -0.7869
vn 0.0031 0.9913 0.1313
vn 0.0038 0.9734 0.2289
vn 0.0039 0.9979 -0.0640
vn 0.0034 0.9868 -0.1618
vn 0.0028 0.8999 0.4360
vn 0.0034 0.8393 0.5436
vn 0.0040 0.9285 -0.3713
vn 0.0036 0.8763 -0.4818
vn -0.0029 -0.5284 0.8490
vn -0.0037 -0.7159 0.6982
vn -0.0036 -0.7157 0.6984
vn -0.0025 -0.4471 0.8945
vn -0.0012 -0.1543 0.9880
vn -0.0000 0.1676 0.9859
vn -0.0004 0.0598 0.9982
vn -0.0017 -0.2606 0.9654
vn 0.0020 0.6553 0.7554
vn 0.0007 0.3603 0.9328
vn 0.0011 0.4460 0.8950
vn 0.0020 0.6555 0.7552
vn -0.0041 -0.8741 0.4858
vn -0.0033 -0.9254 0.3790
vn 0.0033 0.7083 -0.7059
vn 0.0033 0.7084 -0.7058
vn 0.0020 0.2288 -0.9735
vn 0.0028 0.5067 -0.8621
vn 0.0025 0.4217 -0.9067
vn 0.0015 0.1200 -0.9928
vn -0.0008 -0.3953 -0.9185
vn 0.0006 -0.0970 -0.9953
vn 0.0001 -0.2051 -0.9787
vn -0.0012 -0.4784 -0.8781
vn -0.0020 -0.6717 -0.7408
vn -0.0021 -0.6716 -0.7409
vn -0.0025 -0.8402 -0.5422
vn -0.0032 -0.8978 -0.4404
vn -0.0033 -0.9978 0.0668
vn -0.0042 -0.9856 0.1690
vn -0.0037 -0.9907 -0.1362
vn -0.0030 -0.9715 -0.2369
vn 1.0000 -0.0026 0.0003
vn 1.0000 -0.0041 -0.0016
vn 1.0000 -0.0047 -0.0017
vn 1.0000 -0.0030 0.0003
vn 1.0000 -0.0039 -0.0036
vn 1.0000 -0.0041 -0.0032
vn 1.0000 -0.0035 -0.0055
vn 1.0000 -0.0028 -0.0063
vn 1.0000 -0.0016 -0.0059
vn 1.0000 -0.0028 -0.0057
vn 1.0000 -0.0068 -0.0011
vn 1.0000 -0.0064 -0.0008
vn 0.9999 -0.0127 0.0021
vn 0.9999 -0.0129 0.0012
vn 0.9999 -0.0133 0.0018
vn 0.9999 -0.0126 0.0027
vn 0.9999 -0.0129 0.0002
vn 0.9999 -0.0125 0.0002
vn 0.9999 -0.0122 -0.0005
vn 0.9999 -0.0124 -0.0011
vn 1.0000 -0.0074 0.0027
vn 1.0000 -0.0034 0.0078
vn 1.0000 -0.0025 0.0075
vn 1.0000 -0.0066 0.0030
vn 1.0000 -0.0039 0.0083
vn 1.0000 -0.0040 0.0073
vn 1.0000 -0.0043 0.0058
vn 1.0000 -0.0049 0.0056
vn 1.0000 -0.0053 0.0043
vn 1.0000 -0.0047 0.0041
vn 1.0000 -0.0030 0.0023
vn 1.0000 -0.0033 0.0023
vn 1.0000 0.0001 0.0004
vn 1.0000 0.0003 0.0009
vn 1.0000 0.0005 0.0009
vn 1.0000 0.0002 0.0001
vn 1.0000 0.0007 0.0019
vn 1.0000 0.0004 0.0015
vn 1.0000 -0.0000 0.0021
vn 1.0000 0.0001 0.0024
vn 0.9752 0.0621 -0.2125
vn 0.9755 0.0617 -0.2111
vn 0.9616 -0.1093 -0.2516
vn 0.9761 0.0023 0.2173
vn 0.9941 0.0013 -0.1086
vn 0.9761 0.0026 -0.2173
vn 0.9127 0.1735 0.3700
vn 0.9122 0.1750 0.3705
s 16
g off
g cofre_dkgrey
usemtl dkgrey
f 77//67 74//68 75//69
f 75//69 76//70 77//67
f 81//71 78//71 79//72
f 79//72 80//73 81//71
f 82//74 83//75 84//76
f 82//74 84//76 85//77
f 89//78 86//79 87//80
f 87//80 88//80 89//78
f 90//81 91//82 92//83
f 90//81 92//83 93//84
f 96//85 97//86 94//86
f 94//86 95//87 96//85
f 101//88 98//89 99//90
f 99//90 100//91 101//88
f 104//92 105//93 102//94
f 102//94 103//92 104//92
f 109//95 106//96 107//97
f 107//97 108//98 109//95
f 113//99 110//99 111//100
f 111//100 112//101 113//99
f 114//102 115//103 116//104
f 114//102 116//104 117//105
f 119//106 120//106 121//107
f 118//108 119//106 121//107
f 122//109 123//110 124//111
f 122//109 124//111 125//112
f 127//113 128//113 129//107
f 126//108 127//113 129//107
f 133//114 130//115 131//116
f 131//116 132//117 133//114
f 136//118 137//119 134//120
f 134//120 135//118 136//118
f 141//121 138//122 139//123
f 139//123 140//124 141//121
f 142//120 143//118 144//118
f 142//120 144//118 145//125
f 146//126 147//127 148//128
f 146//126 148//128 149//129
f 153//130 150//131 151//113
f 151//113 152//113 153//130
f 154//132 155//133 156//134
f 154//132 156//134 157//135
f 161//130 158//136 159//137
f 159//137 160//137 161//130
f 165//138 162//139 163//140
f 163//140 164//141 165//138
f 166//120 167//142 168//142
f 166//120 168//142 169//143
f 170//144 171//145 172//146
f 170//144 172//146 173//147
f 177//130 174//148 175//137
f 175//137 176//137 177//130
f 181//149 178//150 179//151
f 179//151 180//152 181//149
f 182//153 183//142 184//142
f 182//153 184//142 185//154
s 17
f 187//155 188//156 189//157
f 186//158 187//155 189//157
f 190//159 191//160 192//161
f 190//159 192//161 193//162
f 196//163 197//164 194//165
f 194//165 195//166 196//163
f 201//167 198//168 199//169
f 199//169 200//170 201//167
f 203//171 204//172 205//173
f 202//174 203//171 205//173
s 18
f 209//175 206//176 207//177
f 207//177 208//178 209//175
f 213//179 210//180 211//181
f 211//181 212//182 213//179
f 214//183 215//184 216//185
f 214//183 216//185 217//186
f 218//187 219//188 220//189
f 218//187 220//189 221//190
s 19
f 224//191 225//192 222//193
f 222//193 223//194 224//191
f 228//195 229//196 226//197
f 226//197 227//198 228//195
f 233//199 230//200 231//201
f 231//201 232//202 233//199
f 235//203 236//204 237//205
f 234//206 235//203 237//205
s 20
f 239//207 240//208 241//209
f 238//210 239//207 241//209
f 242//211 243//212 244//213
f 242//211 244//213 245//214
f 247//215 248//216 249//217
f 246//218 247//215 249//217
f 240//208 239//207 250//219
f 250//219 251//220 240//208
s 16
f 252//221 253//159 254//162
f 252//221 254//162 255//222
f 259//223 256//224 257//225
f 257//225 258//226 259//223
f 261//227 262//167 263//228
f 260//171 261//227 263//228
f 265//229 266//230 267//231
f 264//232 265//229 267//231
f 268//233 269//234 270//235
f 268//233 270//235 271//236
f 272//237 273//238 274//239
f 272//237 274//239 275//240
f 278//190 279//241 276//242
f 276//242 277//243 278//190
f 281//177 282//244 283//175
f 280//245 281//177 283//175
f 284//181 285//182 270//235
f 269//234 284//181 270//235
f 285//182 284//181 280//245
f 280//245 283//175 285//182
f 275//240 278//190 277//243
f 277//243 272//237 275//240
f 287//246 274//239 273//238
f 273//238 286//185 287//246
f 288//160 264//232 267//231
f 288//160 267//231 289//247
f 291//248 290//249 260//171
f 260//171 263//228 291//248
f 262//167 261//227 256//224
f 256//224 259//223 262//167
f 293//163 258//226 257//225
f 257//225 292//250 293//163
f 289//247 254//162 253//159
f 253//159 288//160 289//247
s 20
f 251//220 250//219 294//251
f 294//251 295//252 251//220
f 247//215 242//211 245//214
f 247//215 245//214 248//216
f 243//212 296//253 297//254
f 243//212 297//254 244//213
f 299//255 298//256 238//210
f 238//210 241//209 299//255
s 19
f 303//257 300//258 301//259
f 301//259 302//260 303//257
f 230//200 233//199 236//204
f 235//203 230//200 236//204
f 305//261 232//202 231//201
f 231//201 304//262 305//261
f 227//198 222//193 225//192
f 227//198 225//192 228//195
f 303//257 224//191 223//194
f 223//194 300//258 303//257
s 18
f 221//190 307//241 306//242
f 306//242 218//187 221//190
f 217//186 220//189 219//188
f 219//188 214//183 217//186
f 308//263 210//180 213//179
f 308//263 213//179 309//236
f 212//182 211//181 206//176
f 206//176 209//175 212//182
s 17
f 198//168 201//167 204//172
f 203//171 198//168 204//172
f 200//170 199//169 194//165
f 194//165 197//164 200//170
f 193//162 311//222 310//264
f 310//264 190//159 193//162
f 191//160 186//158 189//157
f 191//160 189//157 192//161
s 16
f 185//154 172//146 171//145
f 171//145 182//153 185//154
f 178//150 181//149 184//142
f 183//142 178//150 184//142
f 174//148 177//130 180//152
f 179//151 174//148 180//152
f 173//147 176//137 175//137
f 175//137 170//144 173//147
f 169//143 156//134 155//133
f 155//133 166//120 169//143
f 162//139 165//138 168//142
f 167//142 162//139 168//142
f 158//136 161//130 164//141
f 163//140 158//136 164//141
f 157//135 160//137 159//137
f 159//137 154//132 157//135
f 150//131 153//130 140//124
f 139//123 150//131 140//124
f 149//129 152//113 151//113
f 151//113 146//126 149//129
f 145//125 148//128 147//127
f 147//127 142//120 145//125
f 138//122 141//121 144//118
f 143//118 138//122 144//118
f 137//119 124//111 123//110
f 123//110 134//120 137//119
f 130//115 133//114 136//118
f 135//118 130//115 136//118
f 126//108 129//107 132//117
f 131//116 126//108 132//117
f 125//112 128//113 127//113
f 127//113 122//109 125//112
f 118//108 121//107 108//98
f 107//97 118//108 108//98
f 119//106 114//102 117//105
f 119//106 117//105 120//106
f 113//99 116//104 115//103
f 115//103 110//99 113//99
f 106//96 109//95 112//101
f 111//100 106//96 112//101
f 105//93 92//83 91//82
f 91//82 102//94 105//93
f 98//89 101//88 104//92
f 103//92 98//89 104//92
f 94//86 97//86 100//91
f 99//90 94//86 100//91
f 93//84 96//85 95//87
f 95//87 90//81 93//84
f 86//79 89//78 76//70
f 75//69 86//79 76//70
f 85//77 88//80 87//80
f 87//80 82//74 85//77
f 81//71 84//76 83//75
f 83//75 78//71 81//71
f 74//68 77//67 80//73
f 79//72 74//68 80//73
f 313//265 314//266 315//267
f 312//268 313//265 315//267
f 282//244 281//177 316//269
f 316//269 317//270 282//244
f 312//268 315//267 317//270
f 316//269 312//268 317//270
f 314//266 313//265 276//242
f 276//242 279//241 314//266
f 319//271 320//272 321//273
f 318//274 319//271 321//273
f 287//246 286//185 318//274
f 318//274 321//273 287//246
f 320//272 319//271 268//233
f 268//233 271//236 320//272
f 291//248 323//275 322//276
f 322//276 290//249 291//248
f 325//277 266//230 265//229
f 265//229 324//278 325//277
f 324//278 322//276 323//275
f 324//278 323//275 325//277
f 326//279 327//280 328//281
f 326//279 328//281 329//282
f 329//282 293//163 292//250
f 292//250 326//279 329//282
f 327//280 252//221 255//222
f 327//280 255//222 328//281
s 21
f 286//283 273//284 251//285
f 251//285 295//286 286//283
f 272//287 277//288 241//288
f 241//288 240//289 272//287
f 299//290 276//291 313//292
f 330//293 299//290 313//292
f 312//294 316//295 331//296
f 331//296 332//294 312//294
f 281//297 280//298 244//299
f 244//299 297//300 281//297
f 245//301 284//301 269//302
f 248//303 245//301 269//302
f 249//304 268//305 319//306
f 333//307 249//304 319//306
f 319//306 318//308 334//309
f 334//309 333//307 319//306
f 248//303 269//302 268//305
f 249//304 248//303 268//305
f 280//298 284//301 245//301
f 245//301 244//299 280//298
f 331//296 316//295 281//297
f 297//300 331//296 281//297
f 330//293 313//292 312//294
f 332//294 330//293 312//294
f 241//288 277//288 276//291
f 299//290 241//288 276//291
f 273//284 272//287 240//289
f 240//289 251//285 273//284
f 318//308 286//283 295//286
f 295//286 334//309 318//308
s 22
f 326//310 292//311 302//312
f 302//312 335//313 326//310
f 303//314 257//315 256//316
f 224//317 303//314 256//316
f 225//318 261//319 260//320
f 228//321 225//318 260//320
f 229//322 290//323 322//324
f 336//325 229//322 322//324
f 324//326 265//327 305//328
f 305//328 337//329 324//326
f 232//330 264//331 288//332
f 233//333 232//330 288//332
f 253//334 252//335 237//336
f 237//336 236//337 253//334
f 252//335 327//338 338//338
f 338//338 237//336 252//335
f 233//333 288//332 253//334
f 236//337 233//333 253//334
f 265//327 264//331 232//330
f 232//330 305//328 265//327
f 336//325 322//324 324//326
f 337//329 336//325 324//326
f 228//321 260//320 290//323
f 229//322 228//321 290//323
f 224//317 256//316 261//319
f 225//318 224//317 261//319
f 292//311 257//315 303//314
f 303//314 302//312 292//311
f 338//338 327//338 326//310
f 335//313 338//338 326//310
s 20
f 339//339 340//340 333//341
f 339//339 333//341 334//342
f 334//342 295//252 294//251
f 294//251 339//339 334//342
f 249//217 333//341 340//340
f 340//340 246//218 249//217
f 341//343 298//256 299//255
f 341//343 299//255 330//344
f 342//345 343//346 332//347
f 342//345 332//347 331//348
f 331//348 297//254 296//253
f 296//253 342//345 331//348
f 343//346 341//343 330//344
f 343//346 330//344 332//347
s 19
f 345//349 338//350 335//351
f 344//352 345//349 335//351
f 344//352 335//351 302//260
f 301//259 344//352 302//260
f 338//350 345//349 234//206
f 234//206 237//205 338//350
f 347//353 336//354 337//355
f 346//356 347//353 337//355
f 305//261 304//262 346//356
f 346//356 337//355 305//261
f 336//354 347//353 226//197
f 226//197 229//196 336//354
s 23
f 343//357 342//358 348//359
f 348//359 349//357 343//357
f 296//360 243//361 209//362
f 209//362 208//363 296//360
f 242//364 247//365 213//366
f 213//366 212//364 242//364
f 309//367 246//368 340//369
f 350//370 309//367 340//369
f 339//371 294//372 216//373
f 216//373 351//374 339//371
f 217//375 250//376 239//377
f 220//378 217//375 239//377
f 221//379 238//379 298//380
f 307//316 221//379 298//380
f 307//316 298//380 341//381
f 352//381 307//316 341//381
f 239//377 238//379 221//379
f 221//379 220//378 239//377
f 294//372 250//376 217//375
f 217//375 216//373 294//372
f 350//370 340//369 339//371
f 351//374 350//370 339//371
f 213//366 247//365 246//368
f 309//367 213//366 246//368
f 243//361 242//364 212//364
f 212//364 209//362 243//361
f 342//358 296//360 208//363
f 208//363 348//359 342//358
f 352//381 341//381 343//357
f 349//357 352//381 343//357
s 24
f 205//382 226//383 347//384
f 353//385 205//382 347//384
f 346//386 304//387 188//388
f 188//388 354//389 346//386
f 189//390 231//391 230//392
f 192//393 189//390 230//392
f 193//394 235//395 234//396
f 311//397 193//394 234//396
f 356//398 345//398 344//399
f 355//399 356//398 344//399
f 301//298 300//400 197//400
f 197//400 196//401 301//298
f 200//402 223//291 222//403
f 201//404 200//402 222//403
f 222//403 227//405 204//406
f 204//406 201//404 222//403
f 197//400 300//400 223//291
f 200//402 197//400 223//291
f 344//399 301//298 196//401
f 196//401 355//399 344//399
f 311//397 234//396 345//398
f 356//398 311//397 345//398
f 192//393 230//392 235//395
f 193//394 192//393 235//395
f 304//387 231//391 189//390
f 189//390 188//388 304//387
f 347//384 346//386 354//389
f 354//389 353//385 347//384
f 204//406 227//405 226//383
f 205//382 204//406 226//383
s 18
f 306//242 307//241 352//266
f 357//265 306//242 352//266
f 359//407 349//267 348//408
f 358//269 359//407 348//408
f 358//269 348//408 208//178
f 207//177 358//269 208//178
f 349//267 359//407 357//265
f 357//265 352//266 349//267
f 350//409 360//410 308//263
f 308//263 309//236 350//409
f 216//185 215//184 361//411
f 361//411 351//412 216//185
f 360//410 350//409 351//412
f 361//411 360//410 351//412
s 17
f 353//275 354//277 362//278
f 362//278 363//413 353//275
f 363//413 202//174 205//173
f 363//413 205//173 353//275
f 187//155 362//278 354//277
f 187//155 354//277 188//156
f 364//414 310//264 311//222
f 364//414 311//222 356//281
f 195//166 365//279 355//415
f 195//166 355//415 196//163
f 356//281 355//415 365//279
f 365//279 364//414 356//281
s 1
g cofre_tan
usemtl tan
f 2//1 3//1 1//1
s 2
f 5//2 4//3 6//3
s 3
f 7//4 8//5 5//6
s 4
f 12//7 11//8 10//9
f 13//10 12//7 10//9
f 10//9 11//8 15//11
f 10//9 15//11 14//12
f 13//10 16//13 17//14
f 17//14 12//7 13//10
f 14//12 15//11 23//15
f 14//12 23//15 22//16
f 22//17 20//18 21//19
f 21//19 14//20 22//17
f 20//18 22//17 24//21
f 10//22 14//20 21//19
f 26//23 10//22 21//19
f 10//22 26//23 27//24
f 27//24 13//10 10//22
f 19//25 16//13 13//10
f 13//10 27//24 19//25
s 5
f 25//3 9//2 18//3
f 9//2 25//3 24//4
s 4
f 23//15 28//26 24//3
f 24//3 22//16 23//15
s 6
f 30//27 31//27 29//27
s 7
f 32//27 34//27 33//27
s 8
f 35//28 36//29 37//30
s 9
f 38//31 40//32 39//33
s 10
f 42//34 43//35 41//36
s 11
f 48//37 47//38 45//39
s 12
f 53//40 58//41 57//42
f 53//40 57//42 56//43
f 56//43 54//44 53//40
f 57//42 58//41 55//45
f 54//44 52//46 53//40
f 50//47 51//48 55//45
f 55//45 58//41 50//47
s 13
f 46//49 44//50 49//51
s 14
f 68//52 66//53 67//54
f 67//54 63//55 68//52
f 70//56 69//57 64//58
f 73//59 72//60 69//57
f 71//61 73//59 69//57
f 71//61 69//57 70//56
f 65//62 66//53 68//52
f 65//62 68//52 72//60
f 72//60 73//59 65//62
s 25
f 368//416 367//417 366//418
s 16
f 369//419 372//420 371//421
f 371//421 370//422 369//419
f 376//423 375//424 374//425
f 376//423 374//425 373//426
f 375//424 379//427 378//428
f 375//424 378//428 377//429
f 380//430 382//431 372//420
f 372//420 381//432 380//430
f 383//433 385//434 382//431
f 382//431 384//435 383//433
f 379//427 388//436 387//437
f 379//427 387//437 386//438
f 388//436 391//439 390//428
f 388//436 390//428 389//440
f 392//430 394//441 385//434
f 385//434 393//442 392//430
f 395//443 397//444 394//441
f 394//441 396//442 395//443
f 391//439 400//445 399//446
f 391//439 399//446 398//440
f 404//447 403//448 402//449
f 404//447 402//449 401//450
f 405//451 408//452 407//453
f 407//453 406//454 405//451
f 400//445 404//447 410//428
f 400//445 410//428 409//440
f 411//430 407//453 397//444
f 397//444 412//442 411//430
f 413//455 415//456 408//452
f 408//452 414//457 413//455
f 403//448 418//458 417//459
f 403//448 417//459 416//460
s 26
f 418//461 368//462 420//463
f 418//461 420//463 419//460
s 25
f 368//416 366//418 422//464
f 368//416 422//464 421//465
s 27
f 366//466 425//467 424//468
f 366//466 424//468 423//465
f 426//455 429//469 428//470
f 428//470 427//471 426//455
f 430//451 432//472 429//469
f 429//469 431//473 430//451
f 425//467 435//474 434//449
f 425//467 434//449 433//475
s 28
f 435//476 367//477 437//478
f 435//476 437//478 436//479
s 16
f 438//480 441//481 440//482
f 440//482 439//473 438//480
f 367//483 444//484 443//478
f 367//483 443//478 442//485
f 444//484 447//486 446//487
f 444//484 446//487 445//488
f 448//489 450//490 441//491
f 441//491 449//471 448//489
f 451//489 453//492 450//490
f 450//490 452//471 451//489
f 447//486 456//493 455//464
f 447//486 455//464 454//465
f 456//493 459//494 458//449
f 456//493 458//449 457//485
f 460//451 462//495 453//492
f 453//492 461//473 460//451
f 465//496 462//495 464//497
f 465//496 464//497 463//498
f 466//499 459//494 468//500
f 468//500 467//501 466//499
f 469//502 373//426 374//425
f 469//502 374//425 369//419
f 370//422 469//502 369//419
f 383//433 384//435 386//438
f 383//433 386//438 387//437
f 402//449 405//451 406//454
f 401//450 402//449 406//454
s 26
f 419//460 420//463 471//455
f 419//460 471//455 470//503
s 27
f 423//465 424//468 426//455
f 423//465 426//455 427//471
s 28
f 437//478 473//480 472//454
f 436//479 437//478 472//454
s 16
f 445//488 446//487 448//489
f 445//488 448//489 449//471
f 458//449 460//451 461//473
f 457//485 458//449 461//473
f 474//504 477//505 476//505
f 476//505 475//506 474//504
f 479//505 478//507 475//506
f 476//505 479//505 475//506
f 480//508 463//498 464//497
f 480//508 464//497 466//499
f 466//499 467//501 480//508
f 454//465 455//464 451//489
f 451//489 452//471 454//465
f 443//478 438//480 439//473
f 439//473 442//485 443//478
s 27
f 434//449 430//451 431//473
f 431//473 433//475 434//449
s 25
f 421//465 422//464 482//489
f 482//489 481//471 421//465
s 16
f 416//460 417//459 413//455
f 413//455 414//457 416//460
f 396//442 398//440 399//446
f 395//443 396//442 399//446
f 412//442 409//440 410//428
f 410//428 411//430 412//442
f 393//442 389//440 390//428
f 390//428 392//430 393//442
f 381//432 377//429 378//428
f 378//428 380//430 381//432
f 464//497 462//495 459//494
f 459//494 466//499 464//497
f 461//473 453//492 456//493
f 456//493 457//485 461//473
f 458//449 459//494 462//495
f 462//495 460//451 458//449
f 455//464 456//493 453//492
f 453//492 451//489 455//464
f 450//490 447//486 454//465
f 450//490 454//465 452//471
f 441//491 444//484 445//488
f 441//491 445//488 449//471
f 446//487 447//486 450//490
f 450//490 448//489 446//487
f 444//484 441//481 438//480
f 444//484 438//480 443//478
f 439//473 440//482 367//483
f 367//483 442//485 439//473
s 28
f 432//509 435//476 436//479
f 432//509 436//479 472//454
f 367//477 440//510 473//480
f 367//477 473//480 437//478
s 27
f 434//449 435//474 432//472
f 432//472 430//451 434//449
f 431//473 429//469 425//467
f 425//467 433//475 431//473
f 428//470 366//466 423//465
f 428//470 423//465 427//471
f 425//467 429//469 426//455
f 425//467 426//455 424//468
s 25
f 422//464 366//418 428//511
f 428//511 482//489 422//464
f 483//512 368//416 421//465
f 483//512 421//465 481//471
s 26
f 470//503 415//482 418//461
f 418//461 419//460 470//503
f 368//462 483//481 471//455
f 368//462 471//455 420//463
s 16
f 418//458 415//456 413//455
f 418//458 413//455 417//459
f 414//457 408//452 403//448
f 403//448 416//460 414//457
f 412//442 397//444 400//445
f 400//445 409//440 412//442
f 410//428 404//447 407//453
f 407//453 411//430 410//428
f 407//453 404//447 401//450
f 407//453 401//450 406//454
f 402//449 403//448 408//452
f 408//452 405//451 402//449
f 400//445 397//444 395//443
f 400//445 395//443 399//446
f 396//442 394//441 391//439
f 391//439 398//440 396//442
f 393//442 385//434 388//436
f 388//436 389//440 393//442
f 390//428 391//439 394//441
f 394//441 392//430 390//428
f 388//436 385//434 383//433
f 388//436 383//433 387//437
f 382//431 379//427 386//438
f 382//431 386//438 384//435
f 372//420 375//424 377//429
f 372//420 377//429 381//432
f 378//428 379//427 382//431
f 382//431 380//430 378//428
f 374//425 375//424 372//420
f 372//420 369//419 374//425
s 25
f 418//513 367//417 368//416
s 16
f 485//27 484//27 478//27
f 479//27 485//27 478//27
f 486//27 484//27 485//27
f 485//27 487//27 486//27
f 488//514 491//514 490//514
s 29
f 490//514 489//514 488//514
s 16
f 486//514 487//514 491//514
f 491//514 488//514 486//514
f 493//515 492//515 489//515
f 490//515 493//515 489//515
f 493//515 477//515 474//515
f 493//515 474//515 492//515
s 27
f 432//472 428//470 429//469
s 26
f 471//455 483//481 415//482
f 415//482 470//503 471//455
s 25
f 482//489 428//511 483//512
f 483//512 481//471 482//489
s 28
f 473//480 440//510 432//509
f 432//509 472//454 473//480
s 30
f 415//516 483//517 428//518
f 428//518 432//519 415//516
s 28
f 415//520 432//509 440//510
s 16
f 489//521 441//491 450//490
f 462//495 489//521 450//490
f 450//490 453//492 462//495
f 489//521 462//495 465//496
f 474//504 372//420 382//431
f 394//441 492//522 385//434
f 394//441 397//444 492//522
f 379//427 478//507 484//523
f 379//427 484//523 391//439
f 391//439 388//436 379//427
f 484//523 486//524 444//484
f 484//523 444//484 367//483
f 484//523 367//483 418//458
f 418//458 403//448 484//523
f 444//484 486//524 456//493
f 456//493 447//486 444//484
f 486//524 459//494 456//493
f 488//525 489//521 465//496
f 488//525 465//496 494//526
f 459//494 486//524 468//500
f 475//506 478//507 376//423
f 475//506 376//423 495//527
f 372//420 474//504 371//421
f 371//421 474//504 475//506
f 475//506 495//527 371//421
f 391//439 484//523 400//445
f 484//523 404//447 400//445
f 468//500 486//524 488//525
f 488//525 494//526 468//500
f 484//523 403//448 404//447
f 478//507 379//427 375//424
f 478//507 375//424 376//423
f 385//434 492//522 474//504
f 474//504 382//431 385//434
f 492//522 397//444 407//453
f 408//452 492//522 407//453
f 441//491 489//521 492//522
f 492//522 408//452 441//491
s 31
f 441//528 415//529 440//530
s 16
f 441//491 408//452 415//456
f 467//501 468//500 494//526
f 494//526 480//508 467//501
f 494//526 465//496 463//498
f 494//526 463//498 480//508
f 370//422 371//421 495//527
f 495//527 469//502 370//422
f 495//527 376//423 373//426
f 495//527 373//426 469//502
s 25
f 366//418 367//417 435//531
s 27
f 366//466 435//474 425//467
s 16
f 485//532 512//533 513//534
f 513//534 514//535 485//532
f 515//534 516//534 493//536
f 477//537 517//538 518//534
f 518//534 519//534 477//537
f 520//539 490//540 521//541
f 520//539 521//541 522//539
f 523//534 477//537 524//534
f 526//534 527//542 493//536
f 525//535 526//534 493//536
f 513//534 512//533 529//543
f 528//534 513//534 529//543
f 479//538 531//544 530//544
f 476//544 479//538 530//544
f 530//544 477//537 476//544
f 512//533 485//532 487//545
f 487//545 532//541 512//533
f 533//544 531//544 479//538
f 479//538 529//543 533//544
f 535//539 532//541 487//545
f 487//545 534//539 535//539
f 491//539 520//539 534//539
f 491//539 534//539 487//545
f 491//539 490//540 520//539
f 528//534 529//543 479//538
f 536//535 528//534 479//538
f 537//534 485//532 538//535
f 493//536 477//537 523//534
f 523//534 515//534 493//536
f 517//538 527//542 526//534
f 526//534 518//534 517//538
f 493//536 527//542 521//541
f 490//540 493//536 521//541
f 530//544 539//544 517//538
f 477//537 530//544 517//538
f 516//534 525//535 493//536
f 514//535 538//535 485//532
f 540//534 536//535 479//538
s 32
f 497//546 496//547 526//548
f 497//546 526//548 525//549
f 498//550 516//551 515//552
f 499//553 498//550 515//552
f 524//554 501//555 500//556
f 500//556 523//557 524//554
f 503//558 502//559 519//560
f 503//558 519//560 518//561
s 33
f 528//557 510//556 509//562
f 509//562 513//552 528//557
f 540//563 504//564 511//565
f 511//565 536//566 540//563
f 506//567 505//558 541//561
f 506//567 541//561 537//548
f 508//568 507//569 538//570
f 508//568 538//570 514//551
f 513//552 509//562 508//568
f 508//568 514//551 513//552
f 507//569 506//567 537//548
f 507//569 537//548 538//570
f 505//558 504//564 540//563
f 505//558 540//563 541//561
f 536//566 511//565 510//556
f 510//556 528//557 536//566
s 32
f 496//547 503//558 518//561
f 496//547 518//561 526//548
f 501//555 524//554 519//560
f 502//559 501//555 519//560
f 523//557 500//556 499//553
f 499//553 515//552 523//557
f 498//550 497//546 525//549
f 498//550 525//549 516//551
s 16
f 519//534 524//534 477//537
f 541//534 540//534 479//538
f 479//538 485//532 537//534
f 537//534 541//534 479//538
f 904//571 903//27 902//27
f 905//572 907//27 906//27
f 906//27 904//571 905//572
f 903//27 904//571 906//27
f 908//573 912//574 911//27
f 908//573 911//27 910//27
f 910//27 909//575 908//573
f 909//575 910//27 913//576
f 912//574 904//571 902//27
f 902//27 911//27 912//574
f 916//577 915//515 914//578
f 917//579 916//577 914//578
f 919//580 918//581 921//515
f 921//515 920//582 919//580
f 923//583 922//584 918//581
f 923//583 918//581 919//580
f 923//583 919//580 925//585
f 925//585 924//586 923//583
s 34
f 929//587 928//587 931//587
f 931//587 930//587 929//587
s 16
f 934//588 933//589 932//590
f 935//591 934//588 932//590
s 35
f 936//592 939//593 938//594
f 938//594 937//594 936//592
f 940//595 934//595 935//596
f 935//596 941//597 940//595
s 16
f 945//598 944//599 943//600
f 945//598 943//600 942//598
s 36
f 947//601 946//602 949//602
f 949//602 948//601 947//601
s 16
f 951//603 950//604 953//605
f 953//605 952//606 951//603
f 559//607 556//608 954//609
f 955//610 559//607 954//609
f 558//27 546//27 542//611
f 557//612 558//27 542//613
f 958//614 957//615 956//616
f 962//617 961//618 960//619
f 962//617 960//619 959//620
f 963//621 964//622 956//616
f 956//616 957//615 963//621
f 967//623 966//624 965//625
f 968//626 967//623 965//625
f 969//627 971//628 955//610
f 955//610 970//629 969//627
f 975//630 974//631 973//632
f 975//630 973//632 972//633
f 956//616 976//634 543//635
f 543//635 958//614 956//616
f 556//608 977//636 975//630
f 954//609 556//608 975//630
f 980//637 979//49 978//638
f 981//639 980//637 978//638
f 982//640 979//49 980//637
s 37
f 978//641 983//641 981//641
s 38
f 989//642 985//643 978//39
s 16
f 990//37 978//638 992//644
s 39
f 992//645 991//645 990//645
s 16
f 978//638 993//646 992//644
f 978//638 979//49 993//646
f 994//647 520//3 534//3
f 534//3 995//648 994//649
f 535//650 997//651 996//652
f 535//650 996//652 534//653
f 999//654 998//655 553//656
f 553//656 1000//657 999//654
f 548//658 1002//659 1001//660
f 1003//661 548//658 1001//660
f 1006//662 1005//663 1004//664
f 1000//657 1006//662 1004//664
f 1009//665 1008//666 1007//667
f 1010//668 1009//665 1007//667
f 1012//669 1011//670 1013//671
f 1013//671 1003//661 1012//669
f 1017//672 1016//673 1015//674
f 1017//672 1015//674 1014//675
f 1004//664 999//654 1000//657
f 1010//668 1006//662 554//676
f 1010//668 554//676 555//677
f 550//678 1010//668 555//679
f 1013//671 1009//665 551//680
f 551//680 547//680 1013//671
f 1000//657 553//656 554//681
f 554//681 1006//662 1000//657
f 1019//682 1018//683 908//573
f 909//575 1019//682 908//573
f 1020//27 1018//683 1019//682
f 1023//684 1022//685 1021//686
f 1024//687 1023//684 1021//686
s 40
f 1028//688 1027//688 1026//688
f 1028//688 1026//688 1025//688
s 41
f 1029//689 1032//689 1031//601
f 1031//601 1030//601 1029//689
s 16
f 1034//690 1033//691 1036//692
f 1036//692 1035//693 1034//690
s 42
f 1039//694 1038//695 1041//696
f 1041//696 1040//694 1039//694
s 16
f 1044//697 1043//698 1042//699
f 1045//700 1044//697 1042//699
f 1049//701 1048//702 1047//703
f 1049//701 1047//703 1046//693
f 1041//27 1044//697 1045//700
f 1040//704 1041//27 1045//700
s 43
f 907//587 1050//587 1037//587
f 906//587 907//587 1037//587
s 16
f 1052//705 1051//706 1054//707
f 1054//707 1053//708 1052//705
s 44
f 1056//709 1055//710 1058//710
f 1058//710 1057//709 1056//709
s 45
f 1062//711 1061//712 1060//712
f 1062//711 1060//712 1059//711
s 46
f 1064//592 1063//593 1026//594
f 1027//594 1064//592 1026//594
f 1053//595 1054//597 1035//713
f 1035//713 1036//595 1053//595
s 16
f 1066//714 1032//715 1029//598
f 1066//714 1029//598 1065//714
s 41
f 1025//602 1030//601 1031//601
f 1031//601 1028//602 1025//602
s 16
f 547//716 548//658 1003//661
f 547//716 1003//661 1013//671
f 1009//665 1010//668 550//678
f 550//678 551//717 1009//665
f 549//718 550//515 555//515
f 555//515 552//719 549//718
f 1012//669 1003//661 1001//660
f 1015//674 1016//673 1068//720
f 1068//720 1067//721 1015//674
f 1001//660 1017//672 1014//675
f 1001//660 1014//675 1012//669
f 1011//670 1008//666 1009//665
f 1009//665 1013//671 1011//670
f 1006//662 1010//668 1007//667
f 1006//662 1007//667 1005//663
f 1069//722 1070//723 999//654
f 999//654 1004//664 1069//722
f 1071//724 1002//659 548//658
f 548//658 549//718 1071//724
f 1071//724 549//718 552//719
f 552//719 1072//725 1071//724
f 1074//726 1073//727 985//728
f 1074//726 985//728 986//729
f 1075//730 1074//726 986//729
s 47
f 1076//731 995//731 534//731
s 16
f 996//652 1076//732 534//653
f 994//649 1079//733 1078//733
f 1078//733 1077//734 994//649
f 994//649 995//648 1081//735
f 1079//733 994//649 1081//735
s 48
f 1081//736 1080//736 1079//736
s 16
f 995//648 1082//737 1081//735
f 995//648 1083//733 1082//737
f 995//648 1076//732 1083//733
s 49
f 994//738 1077//738 520//738
s 16
f 1084//739 520//740 1077//734
f 520//740 1084//739 1085//741
f 1085//649 522//650 520//740
f 557//612 542//613 1088//742
f 557//612 1088//742 1087//743
f 543//635 976//634 1088//742
f 542//613 543//635 1088//742
f 1089//744 1092//745 1091//746
f 1091//746 1090//747 1089//744
f 972//633 970//629 955//610
f 955//610 954//609 972//633
f 969//627 966//624 967//623
f 967//623 971//628 969//627
f 968//626 965//625 957//615
f 958//614 968//626 957//615
f 960//619 961//618 964//622
f 964//622 963//621 960//619
f 975//630 972//633 954//609
f 559//748 955//610 971//628
f 971//628 558//749 559//750
f 546//751 558//749 971//628
f 545//680 967//623 968//626
f 545//680 968//752 544//680
f 546//751 971//628 967//623
f 546//753 967//754 545//755
f 958//614 543//635 544//756
f 544//757 968//626 958//614
f 1094//758 1093//759 1096//760
f 1096//760 1095//761 1094//758
f 1097//515 1096//760 1093//759
s 50
f 938//688 949//688 946//688
f 938//688 946//688 937//688
s 36
f 945//689 942//689 947//601
f 948//601 945//689 947//601
s 51
f 1101//762 1100//711 1099//711
f 1101//762 1099//711 1098//712
s 52
f 1103//710 1102//709 1105//709
f 1105//709 1104//710 1103//710
s 16
f 941//763 1107//764 1106//765
f 940//766 941//763 1106//765
s 53
f 921//767 1108//768 927//769
f 920//769 921//767 927//769
s 16
f 1109//770 1112//771 1111//772
f 1111//772 1110//591 1109//770
f 1113//773 916//577 917//579
f 1114//774 1113//773 917//579
f 1116//775 1115//776 917//579
f 917//579 914//578 1116//775
f 1038//777 1066//27 1117//778
f 1119//779 1027//27 1120//27
f 1119//779 1120//27 1057//27
f 1032//27 1118//780 1058//27
f 1032//27 1058//27 1121//27
f 1062//27 1028//27 1031//27
f 1031//27 1061//781 1062//27
f 1064//27 1050//782 1123//783
f 1064//27 1123//783 1122//784
f 1124//785 1049//701 1046//693
f 1124//785 1046//693 1117//778
f 1032//27 1066//27 1038//777
f 1038//777 1118//780 1032//27
f 1123//783 1034//690 1035//693
f 1035//693 1122//784 1123//783
f 1027//27 1028//27 1062//27
f 1027//27 1062//27 1120//27
f 1031//27 1032//27 1121//27
f 1031//27 1121//27 1061//781
f 1058//27 1118//780 1119//779
f 1119//779 1057//27 1058//27
f 1050//782 1064//27 1027//27
f 1050//782 1027//27 1119//779
f 1117//778 1066//27 1124//785
f 1125//786 1126//787 1048//702
f 1125//786 1048//702 1036//692
f 1036//692 1033//691 1125//786
f 1129//788 1128//789 1024//687
f 1129//788 1024//687 1127//790
f 1126//787 1129//788 1131//791
f 1131//791 1130//792 1126//787
f 1036//692 1048//702 1052//705
f 1036//692 1052//705 1053//708
f 1128//789 1125//786 1033//691
f 1128//789 1033//691 1023//684
f 1023//684 1024//687 1128//789
f 1047//703 1126//787 1130//792
f 1130//792 1132//793 1047//703
f 1043//698 1047//703 1132//793
f 1042//699 1043//698 1132//793
f 1048//702 1126//787 1047//703
f 1021//686 1127//790 1024//687
f 1128//789 1129//788 1125//786
f 1129//788 1126//787 1125//786
f 1017//672 1134//794 1133//795
f 1133//795 1016//673 1017//672
f 1018//683 1133//795 1134//794
f 1018//683 1134//794 1136//796
f 1136//796 1135//797 1018//683
f 1033//691 1139//798 1138//799
f 1138//799 1137//800 1033//691
f 1138//799 1135//797 1136//796
f 1136//796 1137//800 1138//799
f 1018//683 1135//797 912//574
f 1018//683 912//574 908//573
f 1139//798 905//572 904//571
f 904//571 1138//799 1139//798
f 904//571 912//574 1135//797
f 904//571 1135//797 1138//799
s 54
f 915//801 1140//802 1116//803
f 1116//803 914//803 915//801
s 16
f 530//804 539//641 1140//805
f 1040//704 1045//700 1042//699
f 1131//806 533//641 531//807
f 919//580 920//582 1141//808
f 1141//808 925//585 919//580
s 42
f 1043//809 1044//810 1117//811
f 1043//809 1117//811 1046//812
f 1117//811 1044//810 1041//696
f 1041//696 1038//695 1117//811
f 1046//812 1047//813 1043//809
s 16
f 1123//783 905//572 1139//798
f 1139//798 1034//690 1123//783
f 1123//783 1050//814 907//814
f 907//814 905//572 1123//783
f 1033//691 1034//690 1139//798
f 1063//27 1142//784 1025//27
f 1025//27 1026//27 1063//27
f 1030//27 1143//815 1065//27
f 1030//27 1065//27 1029//27
f 1142//784 1054//707 1051//706
f 1142//784 1051//706 1143//815
f 1025//27 1142//784 1143//815
f 1143//815 1030//27 1025//27
s 55
f 1056//27 1145//27 1144//27
f 1055//27 1056//27 1144//27
f 1060//27 1144//27 1145//27
f 1145//27 1059//27 1060//27
s 45
f 1121//816 1144//816 1060//712
f 1061//712 1121//816 1060//712
f 1055//817 1144//816 1121//816
f 1121//816 1058//817 1055//817
s 44
f 1145//818 1120//819 1062//820
f 1062//820 1059//820 1145//818
f 1120//819 1145//818 1056//709
f 1057//709 1120//819 1056//709
s 46
f 1054//597 1142//821 1122//821
f 1122//821 1035//713 1054//597
f 1122//821 1142//821 1063//593
f 1064//592 1122//821 1063//593
s 16
f 1066//714 1065//714 1143//815
f 1124//785 1066//714 1143//815
f 1052//705 1048//702 1049//701
f 1049//701 1051//706 1052//705
f 1124//785 1143//815 1051//706
f 1049//701 1124//785 1051//706
f 1072//725 1134//794 1002//659
f 1002//659 1071//724 1072//725
f 1022//685 1134//794 1072//725
f 1072//725 998//655 1022//685
f 1023//684 1033//691 1137//800
f 1023//684 1137//800 1136//796
f 1134//794 1022//685 1023//684
f 1023//684 1136//796 1134//794
f 1002//659 1134//794 1017//672
f 1002//659 1017//672 1001//660
f 1070//723 1022//685 998//655
f 998//655 999//654 1070//723
f 1067//721 1073//727 1074//726
f 1016//673 1133//795 607//822
f 607//822 608//823 1016//673
f 1133//795 745//824 607//822
f 673//825 1146//826 741//827
f 741//827 742//828 673//825
f 732//829 1016//673 731//830
f 745//824 1133//795 744//831
f 1147//27 655//27 656//27
f 631//27 1018//683 1020//27
f 673//825 1147//27 1146//826
f 655//27 1147//27 673//825
f 1133//795 632//27 672//832
f 656//27 631//27 1020//27
f 656//27 1020//27 1019//682
f 1133//795 1018//683 631//27
f 631//27 632//27 1133//795
f 1147//27 656//27 1019//682
f 1133//795 672//832 744//831
f 1016//673 732//829 733//833
f 744//831 672//832 673//825
f 1016//673 730//834 731//830
f 1016//673 608//823 730//834
f 900//3 978//3 985//3
f 978//3 900//3 901//835
f 901//835 983//3 978//3
f 1148//836 1089//744 1090//747
f 1090//747 981//3 1148//836
f 1148//836 981//3 983//3
f 983//3 901//835 1148//836
f 1069//722 274//837 275//838
f 1076//732 275//838 278//839
f 321//840 1069//722 1074//726
f 1074//726 320//841 321//840
f 1075//730 986//729 270//842
f 271//843 1075//730 270//842
f 986//729 285//844 270//842
f 315//845 984//846 1076//732
f 1076//732 314//847 315//845
f 984//846 315//845 317//848
f 283//849 984//846 282//850
f 320//841 1074//726 271//843
f 1015//674 1067//721 1011//670
f 1015//674 1011//670 1012//669
f 1012//669 1014//675 1015//674
f 1005//663 1074//726 1069//722
f 1005//663 1069//722 1004//664
f 1008//666 1074//726 1005//663
f 1005//663 1007//667 1008//666
f 1067//721 1074//726 1008//666
f 1008//666 1011//670 1067//721
f 1069//722 1076//732 996//652
f 1069//722 996//652 997//651
f 274//837 1069//722 287//851
f 1074//726 1075//730 271//843
f 314//847 1076//732 279//852
f 984//846 317//848 282//850
f 984//846 283//849 285//844
f 984//846 285//844 986//729
f 1069//722 321//840 287//851
f 1069//722 275//838 1076//732
f 1076//732 278//839 279//852
f 553//656 998//655 1072//725
f 552//719 553//656 1072//725
f 1146//826 740//853 741//827
f 740//853 1146//826 739//854
f 1146//826 1068//720 659//855
f 659//855 660//856 1146//826
f 1068//720 737//857 659//855
f 1068//720 734//858 735//859
f 1068//720 735//859 736//860
f 737//857 1068//720 736//860
f 734//858 1068//720 1016//673
f 1016//673 733//833 734//858
f 1146//826 738//861 739//854
f 1146//826 660//856 738//861
f 673//825 743//862 744//831
f 673//825 742//828 743//862
f 1070//723 1069//27 997//27
f 1070//723 997//27 535//27
f 532//27 512//27 1127//27
f 1127//27 1021//686 532//27
f 1131//27 1129//27 529//27
f 1131//27 529//27 533//27
f 1070//723 1021//686 1022//685
f 512//27 529//27 1129//27
f 1129//27 1127//27 512//27
f 535//27 532//27 1021//686
f 1021//686 1070//723 535//27
f 1077//734 262//838 973//632
f 973//632 262//838 263//838
f 1077//734 293//863 258//864
f 323//865 973//632 291//866
f 259//867 1077//734 258//864
f 1084//739 1077//734 973//632
f 973//632 1085//741 1084//739
f 973//632 263//838 291//866
f 1077//734 259//867 262//838
f 951//603 974//631 950//604
f 517//515 1150//515 1140//515
f 1140//515 539//515 517//515
f 1151//515 527//515 521//515
f 951//868 1151//515 521//515
f 1085//515 973//515 974//631
f 974//631 522//515 1085//515
f 951//868 521//515 522//515
f 974//631 951//603 522//515
f 1150//515 517//515 527//515
f 1151//515 1150//515 527//515
f 961//618 962//617 870//869
f 870//869 871//870 961//618
f 962//617 867//871 870//869
f 962//617 664//872 863//873
f 962//617 863//873 866//874
f 856//875 1157//876 898//877
f 898//877 853//878 856//875
f 898//877 852//879 853//878
f 849//880 898//877 899//881
f 1158//882 604//883 848//884
f 1158//882 848//884 849//880
f 1159//515 671//515 898//877
f 1097//515 583//515 670//515
f 670//515 1096//760 1097//515
f 1093//759 583//515 1097//515
f 671//515 1159//515 670//515
f 877//885 961//618 875//886
f 861//887 1157//876 860//888
f 867//871 962//617 866//874
f 898//877 849//880 852//879
f 670//515 1159//515 1096//760
f 583//515 1093//759 1158//882
f 583//515 1158//882 582//515
f 1159//515 898//877 1157//876
f 582//515 1158//882 899//881
f 961//618 877//885 603//889
f 604//883 1158//882 961//618
f 961//618 603//889 604//883
f 849//880 899//881 1158//882
f 1157//876 857//890 860//888
f 1157//876 856//875 857//890
f 1157//876 861//887 663//891
f 664//872 962//617 1157//876
f 1157//876 663//891 664//872
f 961//618 874//892 875//886
f 961//618 871//870 874//892
f 930//515 1160//893 1086//515
f 1092//745 1149//894 1161//895
f 1161//895 1091//746 1092//745
f 1161//895 1149//894 1152//896
f 1152//896 1162//897 1161//895
f 1153//898 1095//761 1162//897
f 1153//898 1162//897 1152//896
f 1154//515 1095//761 1153//898
f 1155//515 1163//899 1094//758
f 1154//515 1155//515 1094//758
f 1094//758 1095//761 1154//515
f 1156//515 1160//893 1163//899
f 1156//515 1163//899 1155//515
f 930//515 931//515 1164//900
f 930//515 1164//900 1160//893
f 1160//893 1156//515 1086//515
f 993//646 289//901 254//901
f 993//646 254//901 255//902
f 980//637 325//903 266//904
f 289//905 979//49 267//906
f 973//632 980//637 970//629
f 970//629 972//633 973//632
f 970//629 980//637 966//624
f 970//629 966//624 969//627
f 966//624 980//637 959//620
f 966//624 959//620 965//625
f 965//625 959//620 960//619
f 957//615 965//625 960//619
f 960//619 963//621 957//615
f 328//907 993//646 255//902
f 267//906 979//49 982//640
f 982//640 266//904 267//906
f 980//637 973//632 323//865
f 323//865 325//903 980//637
f 266//904 982//640 980//637
f 993//646 328//907 329//908
f 1087//743 1165//909 950//604
f 1087//743 950//604 977//636
f 976//634 1165//909 1087//743
f 976//634 1087//743 1088//742
f 977//636 950//604 974//631
f 977//636 974//631 975//630
f 964//622 1165//909 976//634
f 976//634 956//616 964//622
f 953//605 950//604 1165//909
f 1166//910 953//605 1165//909
f 933//589 953//605 1167//911
f 953//605 1166//910 1167//911
f 1087//743 977//636 556//608
f 556//608 557//612 1087//743
f 981//639 1090//912 959//620
f 959//620 980//637 981//639
f 962//913 959//620 1090//912
f 1091//914 962//913 1090//912
f 962//913 1091//914 1161//915
f 1161//915 1157//916 962//913
f 1169//917 1168//918 933//589
f 1169//917 933//589 1167//911
f 1165//909 1158//882 1170//919
f 1170//919 1166//910 1165//909
f 1093//759 1170//919 1158//882
f 1158//882 1165//909 964//622
f 1158//882 964//622 961//618
f 1166//910 1170//919 1169//917
f 1167//911 1166//910 1169//917
f 1170//919 1163//899 1160//893
f 1160//893 1169//917 1170//919
f 1163//899 1170//919 1093//759
f 1093//759 1094//758 1163//899
f 1160//893 1164//900 1168//918
f 1160//893 1168//918 1169//917
f 1159//920 1157//916 1161//915
f 1162//897 1159//920 1161//915
f 1162//897 1095//761 1096//760
f 1159//920 1162//897 1096//760
f 1150//921 1172//922 1171//923
f 1140//924 1150//921 1115//776
f 1115//776 1116//775 1140//924
f 1175//925 1174//926 1173//927
f 917//579 1115//776 1175//925
f 1114//774 917//579 1175//925
f 1173//927 1176//928 1178//929
f 1178//929 1177//930 1173//927
f 1176//928 1109//770 922//584
f 923//583 1176//928 922//584
f 1176//928 1173//927 1174//926
f 1176//928 1174//926 1109//770
f 1112//771 1174//926 1171//923
f 934//588 1112//771 1171//923
f 1171//923 933//589 934//588
f 952//606 1172//922 1150//921
f 1150//921 1151//931 952//606
f 1151//931 951//603 952//606
f 934//588 940//766 1106//765
f 1112//771 934//588 1106//765
f 1172//922 952//606 953//605
f 1172//922 953//605 933//589
f 933//589 1171//923 1172//922
f 1175//925 1150//921 1171//923
f 1174//926 1175//925 1171//923
f 1176//928 923//583 1179//932
f 1179//932 1178//929 1176//928
f 1114//774 1175//925 1173//927
f 1177//930 1114//774 1173//927
f 1150//921 1175//925 1115//776
f 1174//926 1112//771 1109//770
f 1179//932 923//583 924//586
f 1180//933 1141//934 915//680
f 1180//933 915//680 916//577
f 1113//773 1180//933 916//577
f 925//585 1141//934 1180//933
f 924//586 925//585 1180//933
f 1180//933 1179//932 924//586
s 56
f 1182//515 1181//515 1102//515
f 1102//515 1103//515 1182//515
f 1181//515 1182//515 1098//515
f 1181//515 1098//515 1099//515
s 16
f 1107//764 941//763 1184//935
f 1184//935 1183//936 1107//764
f 1183//936 1184//935 946//515
f 947//515 1183//936 946//515
f 946//515 1184//935 936//515
f 946//515 936//515 937//515
f 943//515 1183//936 947//515
f 947//515 942//515 943//515
f 1111//772 1112//771 1106//765
f 1111//772 1106//765 1107//764
f 1183//936 943//600 944//599
f 944//599 1185//937 1183//936
f 1107//764 1183//936 1185//937
f 1185//937 1111//772 1107//764
s 35
f 1186//938 1184//939 941//597
f 935//596 1186//938 941//597
f 939//593 936//592 1184//939
f 1186//938 939//593 1184//939
s 51
f 1182//816 1103//817 1104//817
f 1104//817 1187//816 1182//816
f 1101//762 1098//712 1182//816
f 1187//816 1101//762 1182//816
s 52
f 1105//709 1102//709 1181//940
f 1188//940 1105//709 1181//940
f 1181//940 1099//820 1100//820
f 1100//820 1188//940 1181//940
s 16
f 1189//941 928//942 939//515
f 939//515 1186//935 1189//941
f 1108//943 944//515 945//515
f 1108//943 945//515 1190//944
f 944//515 1191//945 1185//937
s 57
f 926//946 927//947 1108//948
s 16
f 938//515 939//515 928//942
f 1192//949 938//515 928//942
f 948//515 949//515 1100//950
f 948//515 1100//950 1101//951
f 1104//515 1190//944 945//515
f 945//515 1187//515 1104//515
f 1188//952 938//515 1192//949
f 1192//949 1105//953 1188//952
f 1192//949 1190//944 1104//515
f 1192//949 1104//515 1105//953
f 1187//515 945//515 948//515
f 948//515 1101//951 1187//515
f 1100//950 949//515 938//515
f 938//515 1188//952 1100//950
f 935//591 932//590 1189//941
f 1186//935 935//591 1189//941
f 1110//591 1111//772 1185//937
f 1185//937 1191//945 1110//591
f 1191//945 944//515 1108//943
f 1168//918 1164//900 1189//941
f 1168//918 1189//941 932//590
f 932//590 933//589 1168//918
f 928//814 1189//941 1164//900
f 1164//900 931//814 928//814
s 53
f 918//954 1191//955 1108//768
f 921//767 918//954 1108//768
f 1109//813 1110//812 922//956
f 1191//955 918//954 922//956
f 922//956 1110//812 1191//955
s 16
f 984//846 987//957 176//838
f 176//838 177//838 984//846
f 1083//733 1076//732 184//838
f 184//838 185//838 1083//733
f 987//957 988//958 160//838
f 160//838 161//838 987//957
f 1082//737 1083//733 168//838
f 168//838 169//838 1082//737
f 1081//735 1082//737 144//838
f 144//838 145//838 1081//735
f 988//958 989//959 152//838
f 152//838 153//838 988//958
f 989//959 990//960 128//838
f 128//838 129//838 989//959
f 1080//838 1081//735 136//838
f 136//838 137//838 1080//838
f 1079//733 113//838 116//838
f 990//960 121//838 108//838
f 991//838 97//838 100//838
f 1078//733 105//838 92//838
f 1077//734 81//838 84//838
f 992//644 89//838 76//838
f 993//646 1077//734 84//838
f 993//646 84//838 85//838
f 1078//733 992//644 76//838
f 1078//733 76//838 77//838
f 1079//733 991//838 100//838
f 1079//733 100//838 101//838
f 992//644 1078//733 92//838
f 992//644 92//838 93//838
f 991//838 1079//733 116//838
f 991//838 116//838 117//838
f 1080//838 990//960 108//838
f 1080//838 108//838 109//838
f 133//838 1081//735 989//959
f 989//959 132//961 133//838
f 990//960 1080//838 124//961
f 990//960 124//961 125//838
f 149//838 989//959 1081//735
f 1081//735 148//961 149//838
f 141//838 1082//737 988//958
f 988//958 140//961 141//838
f 165//838 1083//733 987//957
f 987//957 164//961 165//838
f 157//838 988//958 1082//737
f 1082//737 156//961 157//838
f 181//838 1076//732 984//846
f 984//846 180//961 181//838
f 173//838 987//957 1083//733
f 1083//733 172//961 173//838
f 176//838 987//957 173//838
f 184//838 1076//732 181//838
f 160//838 988//958 157//838
f 168//838 1083//733 165//838
f 144//838 1082//737 141//838
f 152//838 989//959 149//838
f 128//838 990//960 125//838
f 136//838 1081//735 133//838
f 112//838 1080//838 109//838
f 120//838 991//838 117//838
f 96//838 992//644 93//838
f 104//838 1079//733 101//838
f 80//838 1078//733 77//838
f 88//838 993//646 85//838
f 89//838 992//644 993//646
f 993//646 88//838 89//838
f 81//838 1077//734 1078//733
f 1078//733 80//838 81//838
f 105//838 1078//733 1079//733
f 1079//733 104//838 105//838
f 97//838 991//838 992//644
f 992//644 96//838 97//838
f 121//838 990//960 991//838
f 991//838 120//838 121//838
f 113//838 1079//733 1080//838
f 1080//838 112//838 113//838
f 1080//838 137//838 124//961
f 989//959 129//838 132//961
f 988//958 153//838 140//961
f 1081//735 145//838 148//961
f 1082//737 169//838 156//961
f 987//957 161//838 164//961
f 1083//733 185//838 172//961
f 984//846 177//838 180//961
f 1077//734 993//646 329//908
f 329//908 293//863 1077//734
f 1177//930 1180//933 1113//773
f 1113//773 1114//774 1177//930
f 1178//929 1180//933 1177//930
f 1179//932 1180//933 1178//929
s 58
g cofre_grey
usemtl grey
f 187//962 186//963 191//964
f 187//962 191//964 190//965
f 187//962 190//965 310//966
f 362//967 187//962 310//966
f 363//968 362//967 310//966
f 363//968 310//966 364//969
f 202//970 363//968 364//969
f 203//971 202//970 364//969
f 203//971 364//969 365//295
f 198//972 203//971 365//295
f 198//972 365//295 195//973
f 198//972 195//973 194//974
f 194//974 199//290 198//972
s 59
f 211//975 210//976 308//977
f 206//978 211//975 308//977
f 206//978 308//977 360//979
f 207//980 206//978 360//979
f 207//980 360//979 361//981
f 358//982 207//980 361//981
f 358//982 361//981 215//983
f 359//984 358//982 215//983
f 359//984 215//983 214//985
f 357//986 359//984 214//985
f 357//986 214//985 219//987
f 357//986 219//987 218//988
f 218//988 306//989 357//986
s 16
f 546//641 542//641 543//641
f 546//641 543//641 544//641
f 544//641 545//641 546//641
f 548//641 549//641 550//641
f 547//641 548//641 550//641
f 547//641 550//641 551//641
f 553//641 554//641 555//641
f 552//641 553//641 555//641
f 558//641 559//641 556//641
f 556//641 557//641 558//641
g cofre_flgrey
usemtl flgrey
f 82//838 83//838 78//838
f 82//838 78//838 79//838
f 87//838 82//838 79//838
f 86//838 87//838 79//838
f 75//838 86//838 79//838
f 79//838 74//961 75//838
s 60
f 110//990 115//990 114//990
f 111//990 110//990 114//990
f 111//990 114//990 119//990
f 111//990 119//990 118//990
f 111//990 118//990 107//990
f 107//990 106//990 111//990
s 61
f 139//990 138//991 143//990
f 139//990 143//990 142//990
f 139//990 142//990 147//990
f 139//990 147//990 146//990
f 139//990 146//990 151//990
f 151//990 150//990 139//990
s 62
f 179//990 178//990 183//990
f 179//990 183//990 182//990
f 179//990 182//990 171//990
f 179//990 171//990 170//990
f 179//990 170//990 175//990
f 174//990 179//990 175//990
s 63
f 163//990 162//991 167//990
f 163//990 167//990 166//990
f 163//990 166//990 155//990
f 163//990 155//990 154//990
f 163//990 154//990 159//990
f 158//990 163//990 159//990
s 64
f 131//990 130//991 135//990
f 131//990 135//990 134//990
f 131//990 134//990 123//990
f 131//990 123//990 122//990
f 131//990 122//990 127//990
f 126//991 131//990 127//990
s 65
f 102//990 91//990 90//990
f 103//990 102//990 90//990
f 98//990 103//990 90//990
f 98//990 90//990 95//990
f 98//990 95//990 94//990
f 94//990 99//990 98//990
s 66
f 499//534 500//534 501//534
f 499//534 501//534 502//534
f 499//534 502//534 503//534
f 499//534 503//534 496//534
f 499//534 496//534 497//534
f 497//534 498//534 499//534
s 67
f 509//534 510//534 511//534
f 509//534 511//534 504//534
f 509//534 504//534 505//534
f 509//534 505//534 506//534
f 509//534 506//534 507//534
f 507//534 508//534 509//534
s 15
g cofre_florange
usemtl florange
f 61//63 62//64 59//65
f 59//65 60//66 61//63
s 68
f 573//992 574//993 575//994
f 573//992 575//994 576//995
f 573//992 576//995 577//996
f 573//992 577//996 578//997
f 573//992 578//997 579//998
f 573//992 579//998 560//999
f 573//992 560//999 561//1000
f 573//992 561//1000 562//1001
f 573//992 562//1001 563//1002
f 573//992 563//1002 564//1003
f 573//992 564//1003 565//1004
f 573//992 565//1004 566//1005
f 573//992 566//1005 567//1006
f 573//992 567//1006 568//1007
f 573//992 568//1007 569//1008
f 573//992 569//1008 570//1009
f 573//992 570//1009 571//1010
f 571//1010 572//1011 573//992
s 16
f 582//1012 583//1012 580//1012
f 580//1012 581//1012 582//1012
f 586//1013 587//1014 584//1015
f 584//1015 585//1016 586//1013
f 588//1017 582//1018 581//1019
f 588//1017 581//1019 589//1020
f 584//1015 590//1021 591//1022
f 584//1015 591//1022 585//1016
f 593//1023 588//1017 594//1024
f 592//1025 593//1023 594//1024
f 596//1026 587//1014 586//1013
f 595//1027 596//1026 586//1013
s 69
f 596//1028 597//1029 598//1030
f 598//1030 592//1031 596//1028
f 599//1032 600//1033 595//1034
f 599//1032 595//1034 593//1035
s 16
f 603//1036 604//1037 601//1038
f 601//1038 602//1039 603//1036
f 606//1040 607//1041 608//1042
f 605//1043 606//1040 608//1042
s 70
f 612//1044 613//1044 614//1044
f 611//1045 612//1044 614//1044
f 611//1045 614//1044 609//1044
f 609//1044 610//1044 611//1045
s 71
f 618//1046 619//1047 620//1048
f 617//1049 618//1046 620//1048
f 617//1049 620//1048 615//1048
f 615//1048 616//1048 617//1049
s 16
f 614//1050 621//1051 622//1052
f 619//1053 614//1050 622//1052
f 620//1054 623//1055 624//1056
f 613//1057 620//1054 624//1056
f 626//1058 627//1059 628//1060
f 625//1061 626//1058 628//1060
f 621//1051 624//1056 629//1062
f 629//1062 630//1063 621//1051
f 631//1012 632//1012 627//1012
f 627//1012 626//1012 631//1012
f 622//1052 631//1064 626//1058
f 622//1052 626//1058 625//1061
s 72
f 635//1065 636//1066 637//1067
f 634//1068 635//1065 637//1067
f 634//1068 637//1067 638//1069
f 634//1068 638//1069 639//1070
f 634//1068 639//1070 640//1071
f 634//1068 640//1071 641//1072
f 634//1068 641//1072 642//1073
f 634//1068 642//1073 643//1074
f 634//1068 643//1074 644//1075
f 634//1068 644//1075 645//1076
f 634//1068 645//1076 646//1077
f 634//1068 646//1077 647//1078
f 634//1068 647//1078 648//1079
f 634//1068 648//1079 649//1080
f 634//1068 649//1080 650//1081
f 634//1068 650//1081 651//1082
f 634//1068 651//1082 652//1083
f 633//1084 634//1068 652//1083
s 16
f 628//1060 623//1055 622//1052
f 625//1061 628//1060 622//1052
f 654//1085 655//1085 656//1085
s 73
f 653//1085 654//1085 656//1085
s 16
f 627//1059 632//1086 623//1055
f 623//1055 628//1060 627//1059
f 654//1087 653//1088 630//1063
f 630//1063 629//1062 654//1087
f 622//1052 623//1055 620//1054
f 620//1054 619//1053 622//1052
f 624//1056 621//1051 614//1050
f 614//1050 613//1057 624//1056
s 71
f 619//1047 618//1046 609//1089
f 609//1089 614//1028 619//1047
f 612//1090 615//1090 620//1035
f 612//1090 620//1035 613//1034
s 16
f 658//1091 659//1092 660//1093
f 657//1094 658//1091 660//1093
s 74
f 596//1044 595//1044 600//1044
f 596//1044 600//1044 665//1095
f 596//1044 665//1095 666//1044
f 666//1044 597//1044 596//1044
s 69
f 599//1048 593//1048 592//1031
f 668//1096 599//1048 592//1031
f 668//1096 592//1031 598//1030
f 598//1030 667//1097 668//1096
s 16
f 594//1024 587//1014 596//1026
f 596//1026 592//1025 594//1024
f 586//1013 588//1017 593//1023
f 593//1023 595//1027 586//1013
f 589//1020 581//1019 580//1098
f 580//1098 669//1099 589//1020
f 590//1085 670//1085 671//1085
s 75
f 591//1085 590//1085 671//1085
s 16
f 594//1024 588//1017 589//1020
f 589//1020 669//1099 594//1024
f 580//1098 583//1100 594//1024
f 594//1024 669//1099 580//1098
f 624//1056 655//1101 654//1087
f 624//1056 654//1087 629//1062
f 653//1088 656//1102 621//1051
f 621//1051 630//1063 653//1088
f 672//515 673//515 655//1103
f 672//515 655//1101 632//1086
f 623//1055 632//1086 655//1101
f 624//1056 623//1055 655//1101
f 621//1051 656//1102 631//1104
f 622//1052 621//1051 631//1064
s 71
f 618//1046 617//1049 610//1105
f 610//1105 609//1089 618//1046
f 611//1106 610//1105 617//1049
f 617//1049 616//1107 611//1106
f 616//1107 615//1090 612//1090
f 611//1106 616//1107 612//1090
s 76
f 676//1108 677//1109 674//1110
f 674//1110 675//1111 676//1108
f 679//1112 680//1113 681//1114
f 678//1115 679//1112 681//1114
f 684//1116 606//1117 682//1118
f 682//1118 683//1119 684//1116
f 686//1120 605//1121 687//1122
f 685//1123 686//1120 687//1122
f 690//1124 691//1125 688//1126
f 688//1126 689//1127 690//1124
f 693//1128 694//1129 695//1130
f 692//1131 693//1128 695//1130
f 697//1132 698//1133 699//1134
f 696//1135 697//1132 699//1134
f 702//1136 658//1137 700//1138
f 700//1138 701//1139 702//1136
f 704//1140 657//1141 705//1142
f 703//1143 704//1140 705//1142
f 708//1144 709//1145 706//1146
f 706//1146 707//1147 708//1144
f 703//1143 705//1142 708//1144
f 707//1147 703//1143 708//1144
f 658//1137 657//1141 704//1140
f 704//1140 700//1138 658//1137
f 699//1134 702//1136 701//1139
f 701//1139 696//1135 699//1134
f 692//1131 695//1130 698//1133
f 697//1132 692//1131 698//1133
f 691//1125 694//1129 693//1128
f 693//1128 688//1126 691//1125
f 685//1123 687//1122 690//1124
f 689//1127 685//1123 690//1124
f 606//1117 605//1121 686//1120
f 686//1120 682//1118 606//1117
f 681//1114 684//1116 683//1119
f 683//1119 678//1115 681//1114
f 674//1110 677//1109 680//1113
f 679//1112 674//1110 680//1113
f 709//1145 676//1108 675//1111
f 675//1111 706//1146 709//1145
s 77
f 701//1148 700//1149 710//1150
f 701//1148 710//1150 711//1151
f 712//1152 713//1153 704//1154
f 704//1154 703//1155 712//1152
f 713//1153 710//1150 700//1149
f 700//1149 704//1154 713//1153
f 682//1156 686//1157 714//1158
f 682//1156 714//1158 715//1159
f 716//1160 717//1161 678//1162
f 678//1162 683//1163 716//1160
f 679//1164 718//1165 719//1166
f 674//1167 679//1164 719//1166
f 721//1168 706//1169 675//1170
f 675//1170 720//1171 721//1168
f 703//1155 707//1172 722//1173
f 703//1155 722//1173 712//1152
f 706//1169 721//1168 722//1173
f 707//1172 706//1169 722//1173
f 674//1167 719//1166 720//1171
f 675//1170 674//1167 720//1171
f 718//1165 679//1164 678//1162
f 678//1162 717//1161 718//1165
f 683//1163 682//1156 715//1159
f 683//1163 715//1159 716//1160
f 723//1174 714//1158 686//1157
f 686//1157 685//1175 723//1174
f 725//1176 697//1177 696//1178
f 696//1178 724//1179 725//1176
f 692//1180 726//1181 727//1182
f 693//1183 692//1180 727//1182
f 729//1184 689//1185 688//1186
f 688//1186 728//1187 729//1184
f 729//1184 723//1174 685//1175
f 685//1175 689//1185 729//1184
f 728//1187 688//1186 693//1183
f 693//1183 727//1182 728//1187
f 697//1177 725//1176 726//1181
f 692//1180 697//1177 726//1181
f 711//1151 724//1179 696//1178
f 696//1178 701//1148 711//1151
s 16
f 687//1188 730//1189 731//1190
f 690//1190 687//1188 731//1190
f 732//1191 733//1192 694//1193
f 694//1193 691//1194 732//1191
f 734//1195 735//1196 698//1197
f 698//1197 695//1198 734//1195
f 699//1199 736//1200 737//1201
f 702//1202 699//1199 737//1201
f 659//1092 658//1091 702//1202
f 702//1202 737//1201 659//1092
f 699//1199 698//1197 735//1196
f 699//1199 735//1196 736//1200
f 695//1198 694//1193 733//1192
f 695//1198 733//1192 734//1195
f 731//1190 732//1191 691//1194
f 691//1194 690//1190 731//1190
f 730//1189 687//1188 605//1043
f 605//1043 608//1042 730//1189
f 657//1094 660//1093 738//1203
f 705//1204 657//1094 738//1203
f 709//1205 708//1206 739//1207
f 709//1205 739//1207 740//1208
f 741//1209 742//1210 677//1211
f 677//1211 676//1212 741//1209
f 681//1213 680//1214 743//1215
f 681//1213 743//1215 744//1213
f 607//1041 606//1040 684//1216
f 684//1216 745//1217 607//1041
f 745//1217 684//1216 681//1213
f 681//1213 744//1213 745//1217
f 680//1214 677//1211 742//1210
f 680//1214 742//1210 743//1215
f 676//1212 709//1205 740//1208
f 676//1212 740//1208 741//1209
f 739//1207 708//1206 705//1204
f 705//1204 738//1203 739//1207
s 72
f 747//1218 717//1219 716//1220
f 746//1221 747//1218 716//1220
f 749//1222 715//1223 714//1224
f 748//1225 749//1222 714//1224
f 723//1226 729//1227 750//1228
f 750//1228 751//1229 723//1226
f 728//1230 727//1231 752//1232
f 752//1232 753//1233 728//1230
f 755//1234 726//1235 725//1236
f 754//1237 755//1234 725//1236
f 757//1238 724//1239 711//1240
f 756//1241 757//1238 711//1240
f 759//1242 710//1243 713//1244
f 758//1245 759//1242 713//1244
f 712//1246 722//1247 760//1248
f 760//1248 761//1249 712//1246
f 721//1250 720//1251 762//1252
f 762//1252 763//1253 721//1250
f 765//1254 719//1255 718//1256
f 764//1257 765//1254 718//1256
f 762//1252 720//1251 719//1255
f 765//1254 762//1252 719//1255
f 722//1247 721//1250 763//1253
f 763//1253 760//1248 722//1247
f 713//1244 712//1246 761//1249
f 761//1249 758//1245 713//1244
f 756//1241 711//1240 710//1243
f 759//1242 756//1241 710//1243
f 754//1237 725//1236 724//1239
f 757//1238 754//1237 724//1239
f 727//1231 726//1235 755//1234
f 755//1234 752//1232 727//1231
f 729//1227 728//1230 753//1233
f 753//1233 750//1228 729//1227
f 714//1224 723//1226 751//1229
f 751//1229 748//1225 714//1224
f 746//1221 716//1220 715//1223
f 749//1222 746//1221 715//1223
f 764//1257 718//1256 717//1219
f 747//1218 764//1257 717//1219
f 767//1258 749//1222 748//1225
f 766//1259 767//1258 748//1225
f 751//1229 750//1228 768//1260
f 768//1260 769//1261 751//1229
f 753//1233 752//1232 770//1262
f 770//1262 771//1263 753//1233
f 755//1234 754//1237 772//1264
f 772//1264 773//1265 755//1234
f 775//1266 757//1238 756//1241
f 774//1267 775//1266 756//1241
f 777//1268 759//1242 758//1245
f 776//1269 777//1268 758//1245
f 761//1249 760//1248 778//1270
f 778//1270 779//1271 761//1249
f 763//1253 762//1252 780//1272
f 780//1272 781//1273 763//1253
f 783//1274 765//1254 764//1257
f 782//1275 783//1274 764//1257
f 785//1276 747//1218 746//1221
f 784//1277 785//1276 746//1221
f 784//1277 746//1221 749//1222
f 767//1258 784//1277 749//1222
f 782//1275 764//1257 747//1218
f 785//1276 782//1275 747//1218
f 780//1272 762//1252 765//1254
f 783//1274 780//1272 765//1254
f 760//1248 763//1253 781//1273
f 781//1273 778//1270 760//1248
f 758//1245 761//1249 779//1271
f 779//1271 776//1269 758//1245
f 774//1267 756//1241 759//1242
f 777//1268 774//1267 759//1242
f 772//1264 754//1237 757//1238
f 775//1266 772//1264 757//1238
f 752//1232 755//1234 773//1265
f 773//1265 770//1262 752//1232
f 750//1228 753//1233 771//1263
f 771//1263 768//1260 750//1228
f 766//1259 748//1225 751//1229
f 769//1261 766//1259 751//1229
f 771//1263 770//1262 652//1083
f 652//1083 651//1082 771//1263
f 773//1265 772//1264 634//1068
f 634//1068 633//1084 773//1265
f 635//1065 775//1266 774//1267
f 636//1066 635//1065 774//1267
f 637//1067 777//1268 776//1269
f 638//1069 637//1067 776//1269
f 779//1271 778//1270 640//1071
f 640//1071 639//1070 779//1271
f 781//1273 780//1272 642//1073
f 642//1073 641//1072 781//1273
f 643//1074 783//1274 782//1275
f 644//1075 643//1074 782//1275
f 645//1076 785//1276 784//1277
f 646//1077 645//1076 784//1277
f 647//1078 767//1258 766//1259
f 648//1079 647//1078 766//1259
f 769//1261 768//1260 650//1081
f 650//1081 649//1080 769//1261
f 766//1259 769//1261 649//1080
f 649//1080 648//1079 766//1259
f 646//1077 784//1277 767//1258
f 647//1078 646//1077 767//1258
f 644//1075 782//1275 785//1276
f 645//1076 644//1075 785//1276
f 642//1073 780//1272 783//1274
f 643//1074 642//1073 783//1274
f 778//1270 781//1273 641//1072
f 641//1072 640//1071 778//1270
f 776//1269 779//1271 639//1070
f 639//1070 638//1069 776//1269
f 636//1066 774//1267 777//1268
f 637//1067 636//1066 777//1268
f 634//1068 772//1264 775//1266
f 635//1065 634//1068 775//1266
f 770//1262 773//1265 633//1084
f 633//1084 652//1083 770//1262
f 768//1260 771//1263 651//1082
f 651//1082 650//1081 768//1260
s 68
f 561//1000 786//1278 787//1279
f 562//1001 561//1000 787//1279
f 788//1280 789//1281 564//1003
f 564//1003 563//1002 788//1280
f 790//1282 791//1283 566//1005
f 566//1005 565//1004 790//1282
f 792//1284 793//1285 568//1007
f 568//1007 567//1006 792//1284
f 569//1008 794//1286 795//1287
f 570//1009 569//1008 795//1287
f 571//1010 796//1288 797//1289
f 572//1011 571//1010 797//1289
f 798//1290 799//1291 574//993
f 574//993 573//992 798//1290
f 800//1292 801//1293 576//995
f 576//995 575//994 800//1292
f 577//996 802//1294 803//1295
f 578//997 577//996 803//1295
f 579//998 804//1296 805//1297
f 560//999 579//998 805//1297
f 578//997 803//1295 804//1296
f 579//998 578//997 804//1296
f 576//995 801//1293 802//1294
f 577//996 576//995 802//1294
f 799//1291 800//1292 575//994
f 575//994 574//993 799//1291
f 797//1289 798//1290 573//992
f 573//992 572//1011 797//1289
f 570//1009 795//1287 796//1288
f 571//1010 570//1009 796//1288
f 568//1007 793//1285 794//1286
f 569//1008 568//1007 794//1286
f 791//1283 792//1284 567//1006
f 567//1006 566//1005 791//1283
f 789//1281 790//1282 565//1004
f 565//1004 564//1003 789//1281
f 787//1279 788//1280 563//1002
f 563//1002 562//1001 787//1279
f 560//999 805//1297 786//1278
f 561//1000 560//999 786//1278
f 806//1298 807//1299 789//1281
f 789//1281 788//1280 806//1298
f 808//1300 809//1301 791//1283
f 791//1283 790//1282 808//1300
f 810//1302 811//1303 793//1285
f 793//1285 792//1284 810//1302
f 794//1286 812//1304 813//1305
f 795//1287 794//1286 813//1305
f 796//1288 814//1306 815//1307
f 797//1289 796//1288 815//1307
f 816//1308 817//1309 799//1291
f 799//1291 798//1290 816//1308
f 818//1310 819//1311 801//1293
f 801//1293 800//1292 818//1310
f 802//1294 820//1312 821//1313
f 803//1295 802//1294 821//1313
f 804//1296 822//1314 823//1315
f 805//1297 804//1296 823//1315
f 824//1316 825//1317 787//1279
f 787//1279 786//1278 824//1316
f 825//1317 806//1298 788//1280
f 788//1280 787//1279 825//1317
f 805//1297 823//1315 824//1316
f 786//1278 805//1297 824//1316
f 803//1295 821//1313 822//1314
f 804//1296 803//1295 822//1314
f 801//1293 819//1311 820//1312
f 802//1294 801//1293 820//1312
f 817//1309 818//1310 800//1292
f 800//1292 799//1291 817//1309
f 815//1307 816//1308 798//1290
f 798//1290 797//1289 815//1307
f 795//1287 813//1305 814//1306
f 796//1288 795//1287 814//1306
f 793//1285 811//1303 812//1304
f 794//1286 793//1285 812//1304
f 809//1301 810//1302 792//1284
f 792//1284 791//1283 809//1301
f 807//1299 808//1300 790//1282
f 790//1282 789//1281 807//1299
f 826//1318 827//1319 811//1303
f 811//1303 810//1302 826//1318
f 812//1304 828//1320 829//1321
f 813//1305 812//1304 829//1321
f 814//1306 830//1322 831//1323
f 815//1307 814//1306 831//1323
f 832//1324 833//1325 817//1309
f 817//1309 816//1308 832//1324
f 834//1326 835//1327 819//1311
f 819//1311 818//1310 834//1326
f 820//1312 836//1328 837//1329
f 821//1313 820//1312 837//1329
f 822//1314 838//1330 839//1331
f 823//1315 822//1314 839//1331
f 824//1316 840//1332 841//1333
f 825//1317 824//1316 841//1333
f 842//1334 843//1335 807//1299
f 807//1299 806//1298 842//1334
f 844//1336 845//1337 809//1301
f 809//1301 808//1300 844//1336
f 843//1335 844//1336 808//1300
f 808//1300 807//1299 843//1335
f 841//1333 842//1334 806//1298
f 806//1298 825//1317 841//1333
f 823//1315 839//1331 840//1332
f 824//1316 823//1315 840//1332
f 821//1313 837//1329 838//1330
f 822//1314 821//1313 838//1330
f 835//1327 836//1328 820//1312
f 820//1312 819//1311 835//1327
f 833//1325 834//1326 818//1310
f 818//1310 817//1309 833//1325
f 831//1323 832//1324 816//1308
f 816//1308 815//1307 831//1323
f 813//1305 829//1321 830//1322
f 814//1306 813//1305 830//1322
f 811//1303 827//1319 828//1320
f 812//1304 811//1303 828//1320
f 845//1337 826//1318 810//1302
f 810//1302 809//1301 845//1337
s 16
f 846//1338 847//1339 848//1340
f 846//1338 848//1340 849//1338
f 851//1341 852//1342 853//1343
f 850//1344 851//1341 853//1343
f 855//1345 856//1346 857//1347
f 854//1348 855//1345 857//1347
f 858//1349 859//1350 860//1351
f 858//1349 860//1351 861//1352
f 861//1352 663//1353 662//1354
f 662//1354 858//1349 861//1352
f 860//1351 859//1350 854//1348
f 854//1348 857//1347 860//1351
f 856//1346 855//1345 850//1344
f 850//1344 853//1343 856//1346
f 852//1342 851//1341 846//1338
f 846//1338 849//1338 852//1342
f 847//1339 601//1038 604//1037
f 847//1339 604//1037 848//1340
f 862//1355 661//65 664//64
f 862//1355 664//64 863//1356
f 867//1357 864//1358 865//1359
f 865//1359 866//1360 867//1357
f 871//1361 868//1362 869//1363
f 869//1363 870//1195 871//1361
f 873//1364 874//1365 875//1366
f 872//1366 873//1364 875//1366
f 602//1039 876//1367 877//1368
f 602//1039 877//1368 603//1036
f 875//1366 877//1368 876//1367
f 876//1367 872//1366 875//1366
f 874//1365 873//1364 868//1362
f 868//1362 871//1361 874//1365
f 864//1358 867//1357 870//1195
f 869//1363 864//1358 870//1195
f 863//1356 866//1360 865//1359
f 865//1359 862//1355 863//1356
s 78
f 879//1369 832//1370 831//1371
f 878//1372 879//1369 831//1371
f 832//1370 879//1369 880//1373
f 880//1373 833//1374 832//1370
f 878//1372 831//1371 830//1375
f 881//1376 878//1372 830//1375
f 882//1377 883//1378 839//1379
f 882//1377 839//1379 838//1380
f 837//1381 836//1382 884//1383
f 884//1383 885//1384 837//1381
f 886//1385 887//1386 835//1387
f 886//1385 835//1387 834//1388
f 833//1374 880//1373 886//1385
f 886//1385 834//1388 833//1374
f 836//1382 835//1387 887//1386
f 887//1386 884//1383 836//1382
f 885//1384 882//1377 838//1380
f 885//1384 838//1380 837//1381
f 888//1389 840//1390 839//1379
f 883//1378 888//1389 839//1379
f 829//1391 889//1392 881//1376
f 881//1376 830//1375 829//1391
f 890//1393 891//1394 828//1395
f 890//1393 828//1395 827//1396
f 892//1397 893//1398 826//1399
f 892//1397 826//1399 845//1400
f 895//1401 844//1402 843//1403
f 894//1404 895//1401 843//1403
f 841//1405 896//1406 897//1407
f 897//1407 842//1408 841//1405
f 896//1406 841//1405 840//1390
f 888//1389 896//1406 840//1390
f 894//1404 843//1403 842//1408
f 897//1407 894//1404 842//1408
f 895//1401 892//1397 845//1400
f 895//1401 845//1400 844//1402
f 893//1398 890//1393 827//1396
f 893//1398 827//1396 826//1399
f 829//1391 828//1395 891//1394
f 891//1394 889//1392 829//1391
s 79
f 859//1409 858//1410 881//1411
f 881//1411 889//1412 859//1409
f 878//1413 662//1414 661//1415
f 879//1416 878//1413 661//1415
f 880//1417 862//1418 865//1419
f 886//1420 880//1417 865//1419
f 864//1421 869//1422 884//1423
f 884//1423 887//1424 864//1421
f 885//1425 868//1426 873//1427
f 882//1428 885//1425 873//1427
f 872//1429 876//1430 888//1431
f 888//1431 883//1432 872//1429
f 896//1433 602//1434 601//1435
f 897//1436 896//1433 601//1435
f 894//1437 847//1438 846//1439
f 895//1440 894//1437 846//1439
f 851//1441 850//1442 893//1443
f 893//1443 892//1444 851//1441
f 890//1445 855//1446 854//1447
f 891//1448 890//1445 854//1447
f 893//1443 850//1442 855//1446
f 890//1445 893//1443 855//1446
f 846//1439 851//1441 892//1444
f 892//1444 895//1440 846//1439
f 897//1436 601//1435 847//1438
f 894//1437 897//1436 847//1438
f 876//1430 602//1434 896//1433
f 896//1433 888//1431 876//1430
f 882//1428 873//1427 872//1429
f 883//1432 882//1428 872//1429
f 869//1422 868//1426 885//1425
f 885//1425 884//1423 869//1422
f 865//1419 864//1421 887//1424
f 887//1424 886//1420 865//1419
f 879//1416 661//1415 862//1418
f 880//1417 879//1416 862//1418
f 858//1410 662//1414 878//1413
f 878//1413 881//1411 858//1410
f 891//1448 854//1447 859//1409
f 889//1412 891//1448 859//1409
s 16
f 671//1449 582//1018 588//1017
f 588//1017 586//1013 671//1449
f 591//1022 671//1449 586//1013
f 586//1013 585//1016 591//1022
f 671//1450 898//27 899//27
f 899//27 582//1451 671//1450
s 69
f 667//1097 666//1452 665//1453
f 668//1454 667//1097 665//1453
f 600//1033 599//1032 668//1454
f 668//1454 665//1453 600//1033
f 666//1452 667//1097 598//1030
f 666//1452 598//1030 597//1029
s 16
f 583//1100 670//1455 587//1014
f 587//1014 594//1024 583//1100
f 587//1014 670//1456 590//1021
f 587//1014 590//1021 584//1015
