# Blender 4.5.3 LTS
# www.blender.org
mtllib llanta_delantera_izquierda.mtl
g llantas.001_Mesh
v -0.657645 0.230837 1.809428
v -0.550774 0.230837 1.809432
v -0.549276 0.294803 1.723638
v -0.659145 0.294803 1.723634
v -0.657645 0.150408 1.817883
v -0.725832 0.230837 1.742555
v -0.725832 0.136502 1.752471
v -0.671580 0.197953 1.575647
v -0.671580 0.133967 1.582369
v -0.725830 0.141433 1.653411
v -0.725830 0.205421 1.646682
v -0.659145 0.070001 1.747260
v -0.550774 0.150408 1.817887
v -0.549272 0.070001 1.668168
v -0.549276 0.070001 1.747262
v -0.659143 0.070001 1.668166
v -0.549272 0.278360 1.646266
v -0.659143 0.278360 1.646264
v -0.536827 0.133967 1.582371
v -0.536827 0.197953 1.575650
v -0.659135 0.923900 1.390711
v -0.549264 0.923898 1.390720
v -0.536821 0.821720 1.358910
v -0.671577 0.821720 1.358906
v -0.671577 0.766002 1.391071
v -0.536821 0.766002 1.391075
v -0.549268 0.742463 1.495468
v -0.659137 0.742463 1.495464
v -0.659139 0.774634 1.567727
v -0.549270 0.774634 1.567729
v -0.550767 0.876813 1.599546
v -0.657637 0.876813 1.599544
v -0.657637 0.946851 1.559104
v -0.725825 0.919653 1.498013
v -0.725826 0.837508 1.545439
v -0.725825 0.801719 1.452936
v -0.725825 0.857437 1.420762
v -0.659137 0.970390 1.454705
v -0.549268 0.970390 1.454709
v -0.550767 0.946851 1.559106
v -0.657622 1.499144 1.039194
v -0.550751 1.499144 1.039196
v -0.549253 1.478187 0.934242
v -0.659122 1.478187 0.934240
v -0.657626 1.451609 1.104620
v -0.725813 1.449450 0.994440
v -0.725815 1.393699 1.071180
v -0.671563 1.303403 0.907196
v -0.671563 1.265589 0.959244
v -0.725813 1.323380 1.001232
v -0.725813 1.361195 0.949179
v -0.659128 1.345325 1.117116
v -0.550755 1.451609 1.104622
v -0.549257 1.286546 1.064190
v -0.549257 1.345325 1.117118
v -0.659128 1.286546 1.064188
v -0.549253 1.409688 0.894697
v -0.659122 1.409688 0.894695
v -0.536810 1.265589 0.959247
v -0.536810 1.303403 0.907198
v -0.659105 1.651730 0.243974
v -0.549236 1.651730 0.243978
v -0.536795 1.559719 0.298620
v -0.671548 1.559719 0.298619
v -0.671548 1.546342 0.361549
v -0.536795 1.546342 0.361550
v -0.549240 1.608170 0.448897
v -0.659111 1.608170 0.448892
v -0.659113 1.683395 0.473340
v -0.549240 1.683395 0.473342
v -0.550738 1.775409 0.418694
v -0.657609 1.775409 0.418692
v -0.657605 1.792222 0.339586
v -0.725794 1.728626 0.318922
v -0.725798 1.708906 0.411700
v -0.725794 1.616212 0.376402
v -0.725794 1.629589 0.313467
v -0.659105 1.730394 0.252240
v -0.549236 1.730394 0.252242
v -0.550734 1.792222 0.339588
v -0.659088 1.608170 -0.448948
v -0.549217 1.608170 -0.448943
v -0.536774 1.546342 -0.361592
v -0.671529 1.546342 -0.361594
v -0.671531 1.559719 -0.298668
v -0.536778 1.559719 -0.298665
v -0.549223 1.651730 -0.244017
v -0.659092 1.651730 -0.244020
v -0.659092 1.730394 -0.252288
v -0.549223 1.730394 -0.252284
v -0.550717 1.792222 -0.339633
v -0.657588 1.792222 -0.339636
v -0.657586 1.775409 -0.418742
v -0.725775 1.708906 -0.411756
v -0.725777 1.728626 -0.318974
v -0.725777 1.629589 -0.313520
v -0.725777 1.616212 -0.376453
v -0.659088 1.683395 -0.473389
v -0.549215 1.683395 -0.473387
v -0.550715 1.775409 -0.418740
v -0.657569 1.451610 -1.104665
v -0.550698 1.451610 -1.104662
v -0.549200 1.345325 -1.117157
v -0.659071 1.345325 -1.117161
v -0.657569 1.499145 -1.039238
v -0.725756 1.393699 -1.071230
v -0.725760 1.449450 -0.994492
v -0.671514 1.265589 -0.959294
v -0.671516 1.303403 -0.907242
v -0.725760 1.361195 -0.949231
v -0.725760 1.323380 -1.001284
v -0.659075 1.478188 -0.934290
v -0.550698 1.499145 -1.039237
v -0.549206 1.409688 -0.894742
v -0.549204 1.478188 -0.934289
v -0.659075 1.409688 -0.894744
v -0.549200 1.286546 -1.064236
v -0.659071 1.286546 -1.064238
v -0.536763 1.303403 -0.907240
v -0.536759 1.265589 -0.959292
v -0.659062 0.742463 -1.495522
v -0.549191 0.742463 -1.495517
v -0.536749 0.766002 -1.391119
v -0.671505 0.766002 -1.391122
v -0.671505 0.821720 -1.358956
v -0.536749 0.821720 -1.358954
v -0.549192 0.923901 -1.390762
v -0.659064 0.923901 -1.390764
v -0.659062 0.970390 -1.454754
v -0.549191 0.970390 -1.454753
v -0.550685 0.946851 -1.559152
v -0.657556 0.946851 -1.559154
v -0.657554 0.876813 -1.599589
v -0.725745 0.837508 -1.545491
v -0.725747 0.919653 -1.498063
v -0.725747 0.857438 -1.420815
v -0.725747 0.801719 -1.452987
v -0.659058 0.774635 -1.567777
v -0.549189 0.774635 -1.567775
v -0.550683 0.876813 -1.599586
v -0.657548 0.150408 -1.817930
v -0.550677 0.150408 -1.817928
v -0.549183 0.070001 -1.747305
v -0.659052 0.070001 -1.747309
v -0.657548 0.230837 -1.809476
v -0.725739 0.136502 -1.752525
v -0.725739 0.230837 -1.742609
v -0.671499 0.133967 -1.582418
v -0.671499 0.197954 -1.575693
v -0.725743 0.205421 -1.646739
v -0.725743 0.141433 -1.653462
v -0.659052 0.294803 -1.723684
v -0.550677 0.230837 -1.809474
v -0.549187 0.278360 -1.646313
v -0.549183 0.294803 -1.723682
v -0.659056 0.278360 -1.646315
v -0.549187 0.070001 -1.668210
v -0.659056 0.070001 -1.668213
v -0.536744 0.197954 -1.575690
v -0.536744 0.133967 -1.582415
v -0.659058 -0.614563 -1.552466
v -0.549189 -0.614563 -1.552463
v -0.536744 -0.521231 -1.500100
v -0.671499 -0.521231 -1.500102
v -0.671499 -0.460044 -1.519986
v -0.536744 -0.460044 -1.519984
v -0.549187 -0.415312 -1.617205
v -0.659056 -0.415312 -1.617207
v -0.659052 -0.431757 -1.694572
v -0.549183 -0.431757 -1.694570
v -0.550681 -0.525090 -1.746934
v -0.657550 -0.525090 -1.746936
v -0.657550 -0.602006 -1.721946
v -0.725743 -0.588102 -1.656537
v -0.725743 -0.497891 -1.685851
v -0.725745 -0.482118 -1.587925
v -0.725745 -0.543308 -1.568041
v -0.659056 -0.646735 -1.624722
v -0.549187 -0.646735 -1.624720
v -0.550681 -0.602006 -1.721944
v -0.657561 -1.250327 -1.328218
v -0.550691 -1.250327 -1.328216
v -0.549196 -1.251646 -1.221209
v -0.659065 -1.251646 -1.221210
v -0.657561 -1.190227 -1.382335
v -0.725753 -1.211020 -1.274120
v -0.725751 -1.140532 -1.337593
v -0.671508 -1.086306 -1.158407
v -0.671508 -1.038495 -1.201463
v -0.725753 -1.086291 -1.254544
v -0.725754 -1.134104 -1.211498
v -0.659064 -1.083667 -1.372461
v -0.550691 -1.190227 -1.382333
v -0.549192 -1.037174 -1.308467
v -0.549192 -1.083667 -1.372458
v -0.659065 -1.037174 -1.308470
v -0.549198 -1.192869 -1.168279
v -0.659067 -1.192869 -1.168284
v -0.536755 -1.038495 -1.201461
v -0.536755 -1.086306 -1.158404
v -0.659082 -1.564911 -0.582102
v -0.549213 -1.564911 -0.582100
v -0.536770 -1.463550 -0.616421
v -0.671524 -1.463550 -0.616424
v -0.671522 -1.437381 -0.675198
v -0.536767 -1.437381 -0.675197
v -0.549208 -1.479698 -0.773492
v -0.659079 -1.479698 -0.773495
v -0.659079 -1.548199 -0.813044
v -0.549208 -1.548199 -0.813042
v -0.550706 -1.649560 -0.778718
v -0.657578 -1.649560 -0.778720
v -0.657580 -1.682455 -0.704836
v -0.725768 -1.624544 -0.671408
v -0.725766 -1.585965 -0.758053
v -0.725768 -1.502638 -0.704257
v -0.725770 -1.528807 -0.645480
v -0.659082 -1.640139 -0.606543
v -0.549213 -1.640139 -0.606541
v -0.550708 -1.682455 -0.704833
v -0.657597 -1.823672 0.040411
v -0.550727 -1.823672 0.040413
v -0.549232 -1.745035 0.112998
v -0.659103 -1.745035 0.112996
v -0.657596 -1.823672 -0.040461
v -0.725787 -1.757169 0.047398
v -0.725785 -1.757169 -0.047455
v -0.671541 -1.587730 0.032143
v -0.671539 -1.587730 -0.032193
v -0.725785 -1.659164 -0.032196
v -0.725787 -1.659164 0.032140
v -0.659096 -1.745035 -0.113042
v -0.550725 -1.823672 -0.040459
v -0.549227 -1.666371 -0.104777
v -0.549227 -1.745035 -0.113040
v -0.659096 -1.666371 -0.104779
v -0.549230 -1.666371 0.104731
v -0.659103 -1.666371 0.104729
v -0.536784 -1.587730 -0.032191
v -0.536787 -1.587730 0.032144
v -0.659120 -1.479698 0.773446
v -0.549251 -1.479698 0.773448
v -0.536804 -1.437381 0.675154
v -0.671560 -1.437381 0.675152
v -0.671556 -1.463550 0.616375
v -0.536802 -1.463550 0.616377
v -0.549244 -1.564911 0.582055
v -0.659115 -1.564911 0.582053
v -0.659115 -1.640139 0.606493
v -0.549245 -1.640139 0.606498
v -0.550746 -1.682455 0.704789
v -0.657618 -1.682455 0.704787
v -0.657620 -1.649560 0.778670
v -0.725804 -1.585965 0.758004
v -0.725804 -1.624544 0.671352
v -0.725802 -1.528807 0.645430
v -0.725804 -1.502638 0.704205
v -0.659120 -1.548200 0.812994
v -0.549251 -1.548200 0.812997
v -0.550748 -1.649560 0.778673
v -0.657633 -1.190227 1.382282
v -0.550763 -1.190227 1.382284
v -0.549264 -1.083667 1.372413
v -0.659135 -1.083667 1.372411
v -0.657633 -1.250327 1.328170
v -0.725823 -1.140532 1.337537
v -0.725819 -1.211020 1.274069
v -0.671571 -1.038495 1.201413
v -0.671571 -1.086306 1.158362
v -0.725817 -1.134104 1.211448
v -0.725819 -1.086291 1.254494
v -0.659130 -1.251646 1.221160
v -0.550763 -1.250327 1.328173
v -0.549261 -1.192869 1.168237
v -0.549261 -1.251646 1.221162
v -0.659130 -1.192869 1.168235
v -0.549263 -1.037175 1.308425
v -0.659132 -1.037175 1.308422
v -0.536818 -1.086306 1.158364
v -0.536818 -1.038495 1.201415
v -0.659143 -0.415312 1.617156
v -0.549270 -0.415312 1.617157
v -0.536823 -0.460044 1.519939
v -0.671578 -0.460044 1.519937
v -0.671578 -0.521232 1.500054
v -0.536823 -0.521232 1.500057
v -0.549270 -0.614563 1.552421
v -0.659139 -0.614563 1.552418
v -0.659143 -0.646735 1.624672
v -0.549272 -0.646735 1.624676
v -0.550772 -0.602006 1.721899
v -0.657643 -0.602006 1.721895
v -0.657643 -0.525090 1.746885
v -0.725830 -0.497891 1.685794
v -0.725830 -0.588102 1.656481
v -0.725826 -0.543308 1.567990
v -0.725826 -0.482118 1.587869
v -0.659143 -0.431758 1.694524
v -0.549272 -0.431758 1.694526
v -0.550772 -0.525090 1.746887
v -0.550774 0.230837 1.809430
v -0.549274 0.294803 1.723636
v -0.550774 0.150407 1.817885
v -0.549272 0.070001 1.668166
v -0.549274 0.070001 1.747260
v -0.549272 0.278359 1.646264
v -0.536825 0.133966 1.582369
v -0.536825 0.197953 1.575648
v -0.549264 0.923898 1.390718
v -0.536821 0.821719 1.358908
v -0.536821 0.766002 1.391074
v -0.549266 0.742462 1.495467
v -0.549268 0.774634 1.567727
v -0.550767 0.876812 1.599544
v -0.549266 0.970390 1.454707
v -0.550767 0.946851 1.559104
v -0.550751 1.499144 1.039194
v -0.549251 1.478187 0.934240
v -0.550753 1.451609 1.104620
v -0.549257 1.286545 1.064188
v -0.549257 1.345325 1.117116
v -0.549251 1.409688 0.894695
v -0.536808 1.265588 0.959245
v -0.536808 1.303403 0.907196
v -0.549234 1.651730 0.243976
v -0.536793 1.559718 0.298619
v -0.536793 1.546341 0.361549
v -0.549240 1.608170 0.448895
v -0.549240 1.683395 0.473340
v -0.550736 1.775409 0.418692
v -0.549234 1.730394 0.252240
v -0.550734 1.792222 0.339586
v -0.549217 1.608170 -0.448945
v -0.536774 1.546341 -0.361594
v -0.536776 1.559718 -0.298667
v -0.549223 1.651730 -0.244019
v -0.549223 1.730394 -0.252286
v -0.550717 1.792222 -0.339635
v -0.549215 1.683395 -0.473389
v -0.550713 1.775409 -0.418742
v -0.550696 1.451609 -1.104664
v -0.549200 1.345325 -1.117159
v -0.550696 1.499144 -1.039238
v -0.549204 1.409688 -0.894744
v -0.549202 1.478187 -0.934290
v -0.549200 1.286545 -1.064238
v -0.536761 1.303403 -0.907242
v -0.536759 1.265589 -0.959294
v -0.549191 0.742463 -1.495519
v -0.536748 0.766002 -1.391121
v -0.536748 0.821720 -1.358956
v -0.549192 0.923900 -1.390764
v -0.549191 0.970390 -1.454754
v -0.550685 0.946851 -1.559154
v -0.549187 0.774634 -1.567777
v -0.550681 0.876812 -1.599588
v -0.550677 0.150408 -1.817929
v -0.549183 0.070001 -1.747307
v -0.550677 0.230837 -1.809475
v -0.549185 0.278359 -1.646315
v -0.549183 0.294803 -1.723684
v -0.549185 0.070001 -1.668212
v -0.536744 0.197953 -1.575692
v -0.536744 0.133967 -1.582417
v -0.549187 -0.614564 -1.552465
v -0.536744 -0.521232 -1.500102
v -0.536744 -0.460045 -1.519986
v -0.549185 -0.415312 -1.617207
v -0.549183 -0.431758 -1.694571
v -0.550679 -0.525090 -1.746936
v -0.549185 -0.646736 -1.624722
v -0.550679 -0.602006 -1.721946
v -0.550689 -1.250328 -1.328218
v -0.549194 -1.251646 -1.221210
v -0.550689 -1.190227 -1.382335
v -0.549192 -1.037174 -1.308469
v -0.549192 -1.083667 -1.372459
v -0.549198 -1.192869 -1.168281
v -0.536753 -1.038496 -1.201463
v -0.536753 -1.086306 -1.158406
v -0.549211 -1.564911 -0.582102
v -0.536768 -1.463550 -0.616423
v -0.536767 -1.437382 -0.675198
v -0.549208 -1.479698 -0.773494
v -0.549208 -1.548200 -0.813044
v -0.550704 -1.649561 -0.778720
v -0.549211 -1.640139 -0.606543
v -0.550708 -1.682455 -0.704835
v -0.550727 -1.823672 0.040411
v -0.549232 -1.745036 0.112996
v -0.550725 -1.823672 -0.040461
v -0.549225 -1.666372 -0.104779
v -0.549225 -1.745036 -0.113042
v -0.549230 -1.666372 0.104729
v -0.536784 -1.587730 -0.032193
v -0.536785 -1.587730 0.032143
v -0.549249 -1.479698 0.773446
v -0.536804 -1.437382 0.675152
v -0.536801 -1.463550 0.616375
v -0.549242 -1.564911 0.582053
v -0.549244 -1.640139 0.606496
v -0.550744 -1.682455 0.704787
v -0.549249 -1.548200 0.812995
v -0.550746 -1.649561 0.778671
v -0.550761 -1.190227 1.382282
v -0.549264 -1.083667 1.372411
v -0.550761 -1.250328 1.328171
v -0.549259 -1.192869 1.168235
v -0.549259 -1.251646 1.221160
v -0.549263 -1.037175 1.308423
v -0.536816 -1.086306 1.158362
v -0.536816 -1.038496 1.201413
v -0.549268 -0.415312 1.617156
v -0.536823 -0.460045 1.519937
v -0.536823 -0.521232 1.500055
v -0.549268 -0.614564 1.552419
v -0.549272 -0.646736 1.624674
v -0.550772 -0.602006 1.721897
v -0.549272 -0.431758 1.694524
v -0.550772 -0.525091 1.746885
v 1.442116 -0.956699 2.148807
v 1.442110 -0.489038 2.300757
v 1.442120 -1.382550 1.902943
v 1.442153 -2.237010 0.726878
v 1.442140 -2.037006 1.176091
v 1.442165 -2.339245 0.245889
v 1.442203 -2.037006 -1.176036
v 1.442190 -2.237010 -0.726817
v 1.442212 -1.747975 -1.573852
v 1.442232 -0.489038 -2.300698
v 1.442227 -0.956698 -2.148750
v 1.442232 -0.000003 -2.352100
v 1.442222 1.382544 -1.902884
v 1.442227 0.956693 -2.148750
v 1.442212 1.747969 -1.573852
v 1.442178 2.339239 -0.245839
v 1.442190 2.237004 -0.726817
v 1.442165 2.339239 0.245889
v 1.442131 1.747969 1.573910
v 1.442140 2.037000 1.176092
v 1.442120 1.382544 1.902944
v 1.442110 0.489032 2.300757
v 1.442116 0.956692 2.148807
v 1.442110 -0.000003 2.352155
v 1.442153 2.237004 0.726878
v 1.442203 2.037000 -1.176036
v 1.442232 0.489032 -2.300698
v 1.442222 -1.382550 -1.902884
v 1.442178 -2.339245 -0.245840
v 1.442131 -1.747975 1.573910
v -1.238319 -1.087677 2.442915
v -1.238323 -0.555991 2.615670
v -1.238311 -1.571828 2.163386
v -1.238275 -2.543266 0.826317
v -1.238290 -2.315882 1.337032
v -1.238262 -2.659501 0.279483
v -1.238218 -2.315882 -1.337111
v -1.238234 -2.543266 -0.826397
v -1.238207 -1.987281 -1.789394
v -1.238186 -0.555990 -2.615750
v -1.238188 -1.087677 -2.442997
v -1.238184 -0.000003 -2.674189
v -1.238198 1.571822 -2.163473
v -1.238188 1.087671 -2.442997
v -1.238207 1.987275 -1.789394
v -1.238245 2.659493 -0.279567
v -1.238234 2.543262 -0.826397
v -1.238262 2.659493 0.279483
v -1.238302 1.987275 1.789312
v -1.238290 2.315876 1.337032
v -1.238311 1.571822 2.163386
v -1.238323 0.555982 2.615670
v -1.238319 1.087670 2.442915
v -1.238326 -0.000003 2.674108
v -1.238275 2.543262 0.826318
v -1.238218 2.315876 -1.337111
v -1.238186 0.555982 -2.615750
v -1.238198 -1.571828 -2.163473
v -1.238245 -2.659501 -0.279568
v -1.238302 -1.987282 1.789312
v -0.482545 1.837242 0.240010
v -0.482570 1.407731 1.204708
v -0.482577 1.050976 1.525927
v -0.482587 0.046667 1.852247
v -0.482587 -0.430765 1.802071
v -0.482573 -1.345279 1.274073
v -0.482562 -1.627452 0.885695
v -0.482536 -1.847005 -0.147221
v -0.482522 -1.747195 -0.616796
v -0.482500 -1.126500 -1.471108
v -0.482492 -0.710753 -1.711136
v -0.482490 0.339453 -1.821519
v -0.482496 0.796021 -1.673175
v -0.482513 1.580775 -0.966575
v -0.482526 1.776032 -0.528020
v -0.482532 1.837242 -0.240050
v -0.482507 1.407731 -1.204752
v -0.482498 1.050976 -1.525974
v -0.482490 0.046668 -1.852291
v -0.482490 -0.430765 -1.802112
v -0.482505 -1.345279 -1.274115
v -0.482515 -1.627452 -0.885742
v -0.482543 -1.847005 0.147177
v -0.482555 -1.747195 0.616753
v -0.482577 -1.126500 1.471061
v -0.482585 -0.710754 1.711094
v -0.482587 0.339453 1.821474
v -0.482583 0.796020 1.673133
v -0.482564 1.580775 0.966535
v -0.482553 1.776032 0.527978
v 0.887170 -0.186302 0.876484
v 0.887193 -0.000003 0.000013
v 0.887170 -0.000003 0.896061
v 0.887178 -0.665898 0.599588
v 0.887176 -0.526687 0.724931
v 0.887184 -0.776003 0.448038
v 0.887198 -0.891141 -0.093648
v 0.887193 -0.891141 0.093676
v 0.887203 -0.852197 -0.276882
v 0.887212 -0.526687 -0.724906
v 0.887210 -0.665897 -0.599558
v 0.887216 -0.364458 -0.818570
v 0.887218 0.186296 -0.876453
v 0.887218 -0.000003 -0.896038
v 0.887216 0.364452 -0.818570
v 0.887205 0.775997 -0.448013
v 0.887210 0.665891 -0.599558
v 0.887203 0.852190 -0.276882
v 0.887188 0.852190 0.276906
v 0.887193 0.891135 0.093676
v 0.887184 0.775997 0.448039
v 0.887172 0.364452 0.818599
v 0.887176 0.526681 0.724931
v 0.887170 0.186296 0.876484
v 0.887178 0.665891 0.599589
v 0.887198 0.891135 -0.093648
v 0.887212 0.526681 -0.724906
v 0.887218 -0.186302 -0.876453
v 0.887205 -0.776003 -0.448013
v 0.887188 -0.852197 0.276906
v 0.887172 -0.364458 0.818599
v 0.698242 -0.410017 0.920910
v 0.698239 -0.209590 0.986036
v 0.698245 -0.592522 0.815544
v 0.698257 -0.958719 0.311517
v 0.698253 -0.873002 0.504038
v 0.698262 -1.002535 0.105380
v 0.698279 -0.873002 -0.504020
v 0.698275 -0.958719 -0.311495
v 0.698285 -0.749135 -0.674508
v 0.698292 -0.209590 -0.986018
v 0.698290 -0.410016 -0.920895
v 0.698292 -0.000003 -1.008048
v 0.698287 0.592516 -0.815524
v 0.698290 0.410008 -0.920895
v 0.698285 0.749129 -0.674508
v 0.698270 1.002529 -0.105357
v 0.698275 0.958714 -0.311495
v 0.698262 1.002529 0.105380
v 0.698247 0.749129 0.674531
v 0.698253 0.872996 0.504038
v 0.698245 0.592516 0.815544
v 0.698239 0.209582 0.986036
v 0.698242 0.410008 0.920910
v 0.698239 -0.000003 1.008066
v 0.698257 0.958714 0.311517
v 0.698279 0.872996 -0.504020
v 0.698292 0.209582 -0.986018
v 0.698287 -0.592522 -0.815524
v 0.698270 -1.002535 -0.105357
v 0.698247 -0.749135 0.674531
v 0.698236 -0.253253 1.191457
v 0.698236 -0.000003 1.218077
v 0.698245 -0.905203 0.815053
v 0.698239 -0.715965 0.985448
v 0.698250 -1.054880 0.609045
v 0.698270 -1.211395 -0.127312
v 0.698262 -1.211395 0.127330
v 0.698275 -1.158453 -0.376393
v 0.698292 -0.715965 -0.985430
v 0.698287 -0.905203 -0.815035
v 0.698294 -0.495436 -1.112753
v 0.698297 0.253246 -1.191439
v 0.698300 -0.000003 -1.218058
v 0.698294 0.495430 -1.112753
v 0.698283 1.054873 -0.609025
v 0.698287 0.905195 -0.815035
v 0.698275 1.158447 -0.376393
v 0.698257 1.158447 0.376413
v 0.698262 1.211389 0.127330
v 0.698250 1.054873 0.609045
v 0.698237 0.495430 1.112769
v 0.698239 0.715959 0.985448
v 0.698236 0.253246 1.191457
v 0.698245 0.905195 0.815053
v 0.698270 1.211389 -0.127312
v 0.698292 0.715959 -0.985430
v 0.698297 -0.253253 -1.191439
v 0.698283 -1.054880 -0.609025
v 0.698257 -1.158453 0.376413
v 0.698237 -0.495436 1.112769
v 1.843598 -0.392977 1.848843
v 1.631054 -0.395890 1.862531
v 1.631051 -0.000003 1.904137
v 1.843596 -0.000003 1.890143
v 1.631056 -0.774474 1.739521
v 1.631062 -1.119208 1.540487
v 1.843614 -1.404624 1.264768
v 1.631069 -1.415029 1.274128
v 1.843606 -1.110977 1.529170
v 1.843621 -1.636882 0.945090
v 1.631076 -1.649007 0.952084
v 1.631086 -1.810913 0.588431
v 1.631099 -1.893676 0.199067
v 1.843653 -1.879750 -0.197533
v 1.631109 -1.893676 -0.198999
v 1.843643 -1.879750 0.197609
v 1.843663 -1.797598 -0.584034
v 1.631119 -1.810913 -0.588369
v 1.631128 -1.649007 -0.952014
v 1.631136 -1.415029 -1.274060
v 1.843687 -1.110977 -1.529091
v 1.631143 -1.119208 -1.540420
v 1.843680 -1.404624 -1.264683
v 1.843693 -0.768778 -1.726658
v 1.631149 -0.774474 -1.739453
v 1.631151 -0.395889 -1.862463
v 1.631153 -0.000003 -1.904072
v 1.843695 0.392971 -1.848763
v 1.631151 0.395881 -1.862463
v 1.843695 -0.000003 -1.890064
v 1.843693 0.768770 -1.726658
v 1.631149 0.774468 -1.739453
v 1.631143 1.119202 -1.540420
v 1.631136 1.415023 -1.274060
v 1.843670 1.636873 -0.945014
v 1.631128 1.648999 -0.952013
v 1.843680 1.404618 -1.264683
v 1.843663 1.797592 -0.584034
v 1.631119 1.810907 -0.588369
v 1.631109 1.893670 -0.198999
v 1.631099 1.893670 0.199067
v 1.843632 1.797592 0.584113
v 1.631086 1.810907 0.588431
v 1.843643 1.879747 0.197610
v 1.843621 1.636873 0.945090
v 1.631076 1.648999 0.952084
v 1.631069 1.415023 1.274129
v 1.631062 1.119202 1.540487
v 1.843600 0.768769 1.726739
v 1.631056 0.774468 1.739521
v 1.843606 1.110971 1.529170
v 1.631054 0.395881 1.862531
v 1.843598 0.392971 1.848843
v 1.843614 1.404618 1.264768
v 1.843653 1.879747 -0.197533
v 1.843687 1.110972 -1.529090
v 1.843695 -0.392977 -1.848763
v 1.843670 -1.636881 -0.945015
v 1.843632 -1.797598 0.584113
v 1.843600 -0.768779 1.726739
v 1.938062 -0.837114 1.880223
v 1.938057 -0.427910 2.013180
v 1.938068 -1.209732 1.665086
v 1.938094 -1.957384 0.636031
v 1.938085 -1.782382 1.029100
v 1.938105 -2.046843 0.215173
v 1.938137 -1.782381 -1.029017
v 1.938126 -1.957384 -0.635951
v 1.938147 -1.529480 -1.377105
v 1.938164 -0.427910 -2.013097
v 1.938161 -0.837114 -1.880139
v 1.938164 -0.000003 -2.058072
v 1.938154 1.209726 -1.665007
v 1.938161 0.837108 -1.880139
v 1.938147 1.529473 -1.377105
v 1.938117 2.046834 -0.215088
v 1.938126 1.957378 -0.635950
v 1.938105 2.046834 0.215173
v 1.938075 1.529473 1.377190
v 1.938085 1.782375 1.029100
v 1.938068 1.209726 1.665087
v 1.938057 0.427901 2.013180
v 1.938062 0.837108 1.880223
v 1.938057 -0.000003 2.058151
v 1.938094 1.957378 0.636031
v 1.938137 1.782375 -1.029016
v 1.938164 0.427902 -2.013097
v 1.938154 -1.209732 -1.665007
v 1.938117 -2.046843 -0.215088
v 1.938075 -1.529480 1.377190
v 0.072392 -0.366779 1.725542
v 0.875340 -0.378424 1.780341
v 0.875337 -0.000003 1.820110
v 0.072392 -0.000003 1.764092
v 1.654663 -0.442464 2.081646
v 1.654663 -0.000003 2.128154
v 0.875343 -0.740304 1.662755
v 1.654667 -0.865586 1.944165
v 0.875348 -1.069831 1.472504
v 1.654673 -1.250879 1.721715
v 0.072408 -1.310984 1.180405
v 0.875355 -1.352600 1.217896
v 0.072400 -1.036914 1.427178
v 1.654680 -1.581503 1.424019
v 0.072415 -1.527757 0.882046
v 0.875362 -1.576255 0.910065
v 1.654690 -1.843005 1.064088
v 0.875373 -1.731020 0.562456
v 1.654700 -2.023961 0.657655
v 0.875383 -1.810134 0.190268
v 1.654713 -2.116462 0.222479
v 0.072446 -1.754435 -0.184406
v 0.875392 -1.810134 -0.190237
v 0.072434 -1.754435 0.184393
v 1.654724 -2.116462 -0.222409
v 0.072451 -1.677760 -0.545144
v 0.875400 -1.731020 -0.562432
v 1.654737 -2.023961 -0.657588
v 0.875409 -1.576255 -0.910036
v 1.654747 -1.843005 -1.064021
v 0.875421 -1.352600 -1.217871
v 1.654756 -1.581503 -1.423956
v 0.072476 -1.036914 -1.427190
v 0.875425 -1.069830 -1.472473
v 0.072470 -1.310984 -1.180419
v 1.654764 -1.250879 -1.721645
v 0.072481 -0.717527 -1.611590
v 0.875430 -0.740303 -1.662728
v 1.654770 -0.865586 -1.944096
v 0.875435 -0.378423 -1.780313
v 1.654774 -0.442464 -2.081582
v 0.875435 -0.000003 -1.820089
v 1.654774 -0.000003 -2.128078
v 0.072483 0.366773 -1.725554
v 0.875435 0.378417 -1.780313
v 0.072483 -0.000003 -1.764107
v 1.654774 0.442458 -2.081582
v 0.072481 0.717521 -1.611590
v 0.875430 0.740297 -1.662728
v 1.654770 0.865580 -1.944096
v 0.875425 1.069825 -1.472473
v 1.654764 1.250873 -1.721645
v 0.875421 1.352594 -1.217871
v 1.654756 1.581495 -1.423956
v 0.072463 1.527748 -0.882055
v 0.875409 1.576249 -0.910036
v 0.072470 1.310976 -1.180419
v 1.654747 1.843000 -1.064021
v 0.072451 1.677752 -0.545143
v 0.875400 1.731014 -0.562432
v 1.654737 2.023956 -0.657588
v 0.875392 1.810125 -0.190237
v 1.654724 2.116456 -0.222409
v 0.875383 1.810125 0.190269
v 1.654713 2.116456 0.222479
v 0.072425 1.677752 0.545129
v 0.875373 1.731014 0.562457
v 0.072434 1.754429 0.184394
v 1.654700 2.023956 0.657655
v 0.072415 1.527748 0.882046
v 0.875362 1.576249 0.910066
v 1.654690 1.842999 1.064089
v 0.875355 1.352594 1.217897
v 1.654680 1.581495 1.424019
v 0.875348 1.069824 1.472504
v 1.654673 1.250873 1.721715
v 0.072398 0.717520 1.611576
v 0.875343 0.740297 1.662755
v 0.072400 1.036906 1.427178
v 1.654667 0.865580 1.944165
v 0.875340 0.378417 1.780341
v 1.654663 0.442457 2.081646
v 0.072392 0.366773 1.725542
v 0.072408 1.310976 1.180405
v 0.072446 1.754429 -0.184406
v 0.072476 1.036906 -1.427190
v 0.072483 -0.366779 -1.725554
v 0.072463 -1.527757 -0.882055
v 0.072425 -1.677760 0.545129
v 0.072398 -0.717527 1.611576
v 0.072392 -0.791558 1.777850
v 0.072387 -0.404622 1.903576
v 0.072398 -1.143897 1.574426
v 0.072423 -1.850861 0.601372
v 0.072411 -1.685380 0.973047
v 0.072432 -1.935448 0.203417
v 0.072464 -1.685380 -0.973061
v 0.072455 -1.850861 -0.601386
v 0.072472 -1.446242 -1.302207
v 0.072489 -0.404622 -1.903585
v 0.072483 -0.791558 -1.777863
v 0.072489 -0.000003 -1.946114
v 0.072480 1.143891 -1.574440
v 0.072483 0.791549 -1.777863
v 0.072472 1.446237 -1.302207
v 0.072446 1.935443 -0.203429
v 0.072455 1.850855 -0.601386
v 0.072432 1.935443 0.203417
v 0.072406 1.446236 1.302198
v 0.072411 1.685374 0.973047
v 0.072398 1.143890 1.574426
v 0.072387 0.404615 1.903576
v 0.072392 0.791549 1.777850
v 0.072387 -0.000003 1.946101
v 0.072423 1.850855 0.601372
v 0.072464 1.685374 -0.973061
v 0.072489 0.404615 -1.903585
v 0.072480 -1.143896 -1.574441
v 0.072446 -1.935448 -0.203429
v 0.072406 -1.446242 1.302198
v 1.265000 -0.430820 2.026858
v 1.265000 -0.000003 2.072139
v 0.887144 -0.413354 1.944679
v 0.887144 -0.000003 1.988122
v 1.265005 -0.842807 1.892995
v 0.887146 -0.808639 1.816242
v 1.265010 -1.217963 1.676396
v 0.887153 -1.168586 1.608427
v 1.265018 -1.539885 1.386538
v 0.887158 -1.477456 1.330323
v 1.265027 -1.794507 1.036078
v 0.887169 -1.721757 0.994069
v 1.265036 -1.970701 0.640341
v 0.887178 -1.890809 0.614375
v 1.265048 -2.060766 0.216618
v 0.887188 -1.977221 0.207828
v 1.265059 -2.060766 -0.216575
v 0.887201 -1.977221 -0.207799
v 1.265070 -1.970701 -0.640295
v 0.887210 -1.890809 -0.614344
v 1.265082 -1.794507 -1.036034
v 0.887220 -1.721757 -0.994043
v 1.265090 -1.539885 -1.386493
v 0.887231 -1.477456 -1.330293
v 1.265097 -1.217962 -1.676353
v 0.887238 -1.168585 -1.608400
v 1.265105 -0.842807 -1.892949
v 0.887242 -0.808639 -1.816214
v 1.265107 -0.430819 -2.026812
v 0.887245 -0.413353 -1.944652
v 1.265109 -0.000003 -2.072093
v 0.887248 -0.000003 -1.988098
v 1.265107 0.430814 -2.026812
v 0.887245 0.413348 -1.944652
v 1.265105 0.842801 -1.892949
v 0.887242 0.808633 -1.816214
v 1.265097 1.217954 -1.676353
v 0.887238 1.168579 -1.608400
v 1.265090 1.539876 -1.386493
v 0.887231 1.477450 -1.330292
v 1.265082 1.794499 -1.036033
v 0.887220 1.721749 -0.994043
v 1.265070 1.970693 -0.640295
v 0.887210 1.890800 -0.614343
v 1.265059 2.060760 -0.216575
v 0.887201 1.977215 -0.207799
v 1.265048 2.060760 0.216618
v 0.887188 1.977215 0.207829
v 1.265036 1.970693 0.640341
v 0.887178 1.890800 0.614375
v 1.265027 1.794499 1.036078
v 0.887169 1.721749 0.994070
v 1.265018 1.539876 1.386538
v 0.887158 1.477450 1.330323
v 1.265010 1.217954 1.676397
v 0.887153 1.168579 1.608427
v 1.265005 0.842801 1.892995
v 0.887146 0.808633 1.816243
v 1.265000 0.430814 2.026858
v 0.887144 0.413347 1.944679
v -0.482587 -0.395890 1.862476
v -0.647905 -0.413354 1.944639
v -0.647907 -0.000003 1.988088
v -0.482591 -0.000003 1.904084
v -1.049380 -0.430820 2.026800
v -1.143844 -0.459930 2.163743
v -1.143848 -0.000003 2.212084
v -1.049380 -0.000003 2.072078
v -1.214702 -0.503592 2.369161
v -1.214702 -0.000003 2.422094
v -0.647901 -0.808642 1.816203
v -1.049374 -0.842807 1.892935
v -1.143842 -0.899754 2.020835
v -1.214696 -0.985173 2.212694
v -0.647897 -1.168586 1.608388
v -1.049371 -1.217963 1.676338
v -1.143834 -1.300256 1.789609
v -1.214691 -1.423697 1.959504
v -0.482573 -1.415029 1.274073
v -0.647890 -1.477456 1.330283
v -0.482579 -1.119208 1.540432
v -1.049363 -1.539885 1.386478
v -1.143827 -1.643930 1.480158
v -1.214681 -1.799999 1.620682
v -0.482564 -1.649007 0.952027
v -0.647880 -1.721757 0.994031
v -1.049352 -1.794507 1.036019
v -1.143817 -1.915758 1.106020
v -1.214670 -2.097633 1.211029
v -0.647871 -1.890809 0.614334
v -1.049342 -1.970701 0.640281
v -1.143806 -2.103857 0.683543
v -1.214656 -2.303588 0.748443
v -0.647859 -1.977221 0.207790
v -1.049333 -2.060766 0.216558
v -1.143795 -2.200007 0.231193
v -1.214645 -2.408866 0.253141
v -0.482532 -1.893676 -0.199054
v -0.647848 -1.977221 -0.207838
v -0.482543 -1.893676 0.199010
v -1.049320 -2.060766 -0.216634
v -1.143781 -2.200007 -0.231268
v -1.214632 -2.408866 -0.253225
v -0.482522 -1.810916 -0.588426
v -0.647837 -1.890809 -0.614382
v -1.049310 -1.970701 -0.640356
v -1.143770 -2.103857 -0.683623
v -1.214617 -2.303588 -0.748522
v -0.647827 -1.721757 -0.994082
v -1.049299 -1.794507 -1.036092
v -1.143760 -1.915758 -1.106100
v -1.214607 -2.097633 -1.211109
v -0.647818 -1.477456 -1.330332
v -1.049291 -1.539885 -1.386552
v -1.143749 -1.643930 -1.480239
v -1.214596 -1.799999 -1.620767
v -0.482498 -1.119208 -1.540477
v -0.647810 -1.168585 -1.608439
v -0.482505 -1.415029 -1.274115
v -1.049284 -1.217962 -1.676415
v -1.143740 -1.300256 -1.789686
v -1.214588 -1.423697 -1.959588
v -0.482492 -0.774474 -1.739507
v -0.647804 -0.808642 -1.816253
v -1.049276 -0.842807 -1.893008
v -1.143734 -0.899754 -2.020912
v -1.214581 -0.985173 -2.212770
v -0.647803 -0.413353 -1.944691
v -1.049272 -0.430819 -2.026871
v -1.143730 -0.459930 -2.163823
v -1.214575 -0.503592 -2.369246
v -0.647801 -0.000003 -1.988137
v -1.049270 -0.000003 -2.072151
v -1.143730 -0.000003 -2.212159
v -1.214575 -0.000003 -2.422174
v -0.482490 0.395884 -1.862520
v -0.647803 0.413348 -1.944691
v -0.482488 -0.000003 -1.904128
v -1.049272 0.430814 -2.026871
v -1.143730 0.459924 -2.163823
v -1.214575 0.503586 -2.369246
v -0.482492 0.774468 -1.739507
v -0.647804 0.808633 -1.816253
v -1.049276 0.842801 -1.893008
v -1.143734 0.899748 -2.020912
v -1.214581 0.985168 -2.212770
v -0.647810 1.168579 -1.608438
v -1.049284 1.217957 -1.676414
v -1.143740 1.300250 -1.789686
v -1.214588 1.423691 -1.959588
v -0.647818 1.477450 -1.330332
v -1.049291 1.539876 -1.386552
v -1.143749 1.643924 -1.480239
v -1.214596 1.799993 -1.620767
v -0.482513 1.648999 -0.952068
v -0.647827 1.721749 -0.994082
v -0.482505 1.415023 -1.274115
v -1.049299 1.794499 -1.036092
v -1.143760 1.915749 -1.106100
v -1.214607 2.097627 -1.211108
v -0.482522 1.810910 -0.588426
v -0.647837 1.890800 -0.614382
v -1.049310 1.970693 -0.640355
v -1.143770 2.103848 -0.683623
v -1.214617 2.303581 -0.748522
v -0.647848 1.977215 -0.207838
v -1.049320 2.060760 -0.216634
v -1.143781 2.200001 -0.231268
v -1.214632 2.408860 -0.253225
v -0.647859 1.977215 0.207790
v -1.049333 2.060760 0.216558
v -1.143795 2.200001 0.231194
v -1.214645 2.408860 0.253142
v -0.482555 1.810910 0.588374
v -0.647871 1.890800 0.614334
v -0.482543 1.893670 0.199010
v -1.049342 1.970693 0.640281
v -1.143806 2.103848 0.683543
v -1.214656 2.303581 0.748443
v -0.482564 1.648999 0.952027
v -0.647880 1.721749 0.994031
v -1.049352 1.794499 1.036019
v -1.143817 1.915749 1.106021
v -1.214670 2.097627 1.211029
v -0.647890 1.477450 1.330283
v -1.049363 1.539876 1.386478
v -1.143827 1.643924 1.480158
v -1.214681 1.799993 1.620683
v -0.647897 1.168579 1.608388
v -1.049371 1.217956 1.676338
v -1.143834 1.300250 1.789609
v -1.214691 1.423690 1.959504
v -0.482585 0.774468 1.739464
v -0.647901 0.808633 1.816203
v -0.482579 1.119202 1.540432
v -1.049374 0.842801 1.892935
v -1.143842 0.899747 2.020835
v -1.214696 0.985167 2.212694
v -0.647905 0.413347 1.944639
v -1.049380 0.430814 2.026800
v -1.143844 0.459924 2.163743
v -1.214702 0.503585 2.369161
v -0.482587 0.395883 1.862476
v -0.482573 1.415023 1.274074
v -0.482532 1.893670 -0.199054
v -0.482498 1.119202 -1.540476
v -0.482490 -0.395889 -1.862520
v -0.482513 -1.649007 -0.952069
v -0.482555 -1.810916 0.588374
v -0.482585 -0.774474 1.739464
v -0.482579 0.280373 1.543523
v -0.482579 0.046667 1.568085
v -0.388114 -0.305651 1.437936
v -0.482577 -0.317293 1.492712
v -0.482577 -0.000003 1.526067
v -0.388114 -0.000003 1.470061
v -0.388110 -0.597939 1.342968
v -0.482575 -0.620719 1.394128
v -0.388093 -1.273131 0.735024
v -0.482556 -1.321630 0.763019
v -0.482564 -1.134105 1.021127
v -0.388100 -1.092486 0.983658
v -0.388085 -1.398134 0.454260
v -0.482553 -1.451397 0.471562
v -0.388061 -1.398134 -0.454297
v -0.482528 -1.451397 -0.471607
v -0.482536 -1.517729 -0.159541
v -0.388072 -1.462030 -0.153687
v -0.388057 -1.273131 -0.735064
v -0.482517 -1.321630 -0.763063
v -0.388038 -0.597939 -1.343007
v -0.482503 -0.620719 -1.394170
v -0.482505 -0.897013 -1.234652
v -0.388044 -0.864096 -1.189344
v -0.388036 -0.305651 -1.437973
v -0.482500 -0.317293 -1.492763
v -0.388038 0.597933 -1.343007
v -0.482503 0.620710 -1.394170
v -0.482500 0.317287 -1.492763
v -0.388036 0.305643 -1.437973
v -0.388044 0.864088 -1.189344
v -0.482505 0.897007 -1.234651
v -0.388061 1.398128 -0.454297
v -0.482528 1.451388 -0.471607
v -0.482517 1.321624 -0.763062
v -0.388057 1.273124 -0.735063
v -0.388072 1.462024 -0.153687
v -0.482536 1.517720 -0.159541
v -0.388093 1.273124 0.735024
v -0.482556 1.321624 0.763019
v -0.482553 1.451388 0.471563
v -0.388085 1.398128 0.454260
v -0.388100 1.092480 0.983658
v -0.482564 1.134098 1.021127
v -0.388114 0.305643 1.437936
v -0.482577 0.317286 1.492712
v -0.482575 0.620710 1.394128
v -0.388110 0.597933 1.342968
v -0.482570 0.897007 1.234608
v -0.388106 0.864088 1.189305
v -0.482543 1.517720 0.159497
v -0.388078 1.462024 0.153647
v -0.482513 1.134098 -1.021169
v -0.388049 1.092480 -0.983699
v -0.482498 -0.000003 -1.526109
v -0.388036 -0.000003 -1.470102
v -0.482513 -1.134104 -1.021169
v -0.388049 -1.092486 -0.983699
v -0.482543 -1.517729 0.159497
v -0.388078 -1.462030 0.153647
v -0.482570 -0.897013 1.234608
v -0.388106 -0.864097 1.189304
v -0.529802 -0.244520 1.150340
v -0.399916 -0.279451 1.314684
v -0.399918 -0.000003 1.344058
v -0.529802 -0.000003 1.176044
v -0.529800 -0.478352 1.074365
v -0.399914 -0.546688 1.227856
v -0.529790 -0.551378 0.758875
v -0.529794 -0.691277 0.951431
v -0.529792 -0.381544 0.856928
v -0.399911 -0.790031 1.087362
v -0.529786 -0.697111 0.627656
v -0.529792 -0.873990 0.786918
v -0.399907 -0.998846 0.899338
v -0.529786 -1.018504 0.588009
v -0.399899 -1.164004 0.672018
v -0.529779 -1.118508 0.363401
v -0.399894 -1.278293 0.415324
v -0.529771 -0.932917 0.098031
v -0.529775 -1.169625 0.122908
v -0.529777 -0.892144 0.289854
v -0.399886 -1.336713 0.140479
v -0.529767 -0.932917 -0.098078
v -0.529767 -1.169625 -0.122953
v -0.399878 -1.336713 -0.140516
v -0.529760 -1.118508 -0.363450
v -0.399871 -1.278293 -0.415363
v -0.529754 -1.018504 -0.588056
v -0.399863 -1.164004 -0.672055
v -0.529754 -0.697111 -0.627706
v -0.529750 -0.873990 -0.786965
v -0.529758 -0.812381 -0.469049
v -0.399860 -0.998846 -0.899382
v -0.529750 -0.551378 -0.758919
v -0.529745 -0.691276 -0.951480
v -0.399854 -0.790031 -1.087402
v -0.529743 -0.478352 -1.074415
v -0.399850 -0.546687 -1.227891
v -0.529739 -0.244520 -1.150392
v -0.399846 -0.279451 -1.314726
v -0.529745 -0.000003 -0.938076
v -0.529739 -0.000003 -1.176088
v -0.529747 -0.195034 -0.917576
v -0.399846 -0.000003 -1.344092
v -0.529747 0.195030 -0.917576
v -0.529739 0.244515 -1.150392
v -0.399846 0.279444 -1.314726
v -0.529743 0.478346 -1.074415
v -0.399850 0.546682 -1.227891
v -0.529745 0.691270 -0.951480
v -0.399854 0.790025 -1.087401
v -0.529754 0.697105 -0.627706
v -0.529750 0.873984 -0.786965
v -0.529750 0.551369 -0.758919
v -0.399860 0.998837 -0.899382
v -0.529758 0.812375 -0.469049
v -0.529754 1.018498 -0.588056
v -0.399863 1.163998 -0.672055
v -0.529760 1.118502 -0.363450
v -0.399871 1.278288 -0.415363
v -0.529767 1.169617 -0.122953
v -0.399878 1.336709 -0.140515
v -0.529771 0.932910 0.098031
v -0.529775 1.169617 0.122908
v -0.529767 0.932910 -0.098078
v -0.399886 1.336709 0.140480
v -0.529777 0.892136 0.289854
v -0.529779 1.118502 0.363401
v -0.399894 1.278288 0.415324
v -0.529786 1.018498 0.588009
v -0.399899 1.163998 0.672018
v -0.529792 0.873984 0.786918
v -0.399907 0.998837 0.899338
v -0.529790 0.551369 0.758875
v -0.529794 0.691270 0.951431
v -0.529786 0.697105 0.627656
v -0.399911 0.790025 1.087363
v -0.529792 0.381538 0.856928
v -0.529800 0.478346 1.074365
v -0.399914 0.546682 1.227856
v -0.529802 0.244515 1.150340
v -0.399916 0.279444 1.314684
v -0.529794 -0.000003 0.938029
v -0.529794 0.195030 0.917529
v -0.529783 0.812374 0.469003
v -0.529762 0.892136 -0.289898
v -0.529747 0.381538 -0.856979
v -0.529747 -0.381544 -0.856979
v -0.529762 -0.892144 -0.289899
v -0.529783 -0.812381 0.469002
v -0.529794 -0.195035 0.917529
v -0.411713 -0.186302 0.876449
v -0.411713 -0.000003 0.896029
v -0.411712 -0.364458 0.818564
v -0.305436 -0.469081 0.645615
v -0.411710 -0.526689 0.724896
v -0.305438 -0.324597 0.729030
v -0.305432 -0.593066 0.533980
v -0.411706 -0.665898 0.599557
v -0.411702 -0.776006 0.448003
v -0.411696 -0.852197 0.276877
v -0.305419 -0.793675 0.083400
v -0.411693 -0.891144 0.093643
v -0.305424 -0.758989 0.246592
v -0.305415 -0.793675 -0.083434
v -0.411687 -0.891144 -0.093680
v -0.411683 -0.852197 -0.276914
v -0.411679 -0.776006 -0.448048
v -0.305405 -0.593066 -0.534014
v -0.411674 -0.665897 -0.599593
v -0.305407 -0.691130 -0.399040
v -0.305402 -0.469081 -0.645651
v -0.411672 -0.526689 -0.724941
v -0.411670 -0.364458 -0.818605
v -0.411666 -0.186302 -0.876491
v -0.305398 -0.000003 -0.798063
v -0.411666 -0.000003 -0.896070
v -0.305398 -0.165926 -0.780625
v -0.305398 0.165920 -0.780625
v -0.411666 0.186296 -0.876491
v -0.411670 0.364454 -0.818605
v -0.411672 0.526681 -0.724941
v -0.305405 0.593060 -0.534014
v -0.411674 0.665891 -0.599593
v -0.305402 0.469075 -0.645651
v -0.305407 0.691124 -0.399040
v -0.411679 0.775997 -0.448048
v -0.411683 0.852190 -0.276914
v -0.411687 0.891138 -0.093680
v -0.305419 0.793669 0.083400
v -0.411693 0.891138 0.093644
v -0.305415 0.793669 -0.083434
v -0.305424 0.758980 0.246592
v -0.411696 0.852190 0.276877
v -0.411702 0.775997 0.448004
v -0.411706 0.665891 0.599557
v -0.305436 0.469075 0.645615
v -0.411710 0.526681 0.724896
v -0.305432 0.593059 0.533980
v -0.305438 0.324591 0.729030
v -0.411712 0.364454 0.818564
v -0.411713 0.186296 0.876449
v -0.305439 -0.000003 0.798029
v -0.305439 0.165920 0.780591
v -0.305428 0.691124 0.399004
v -0.305413 0.758980 -0.246628
v -0.305400 0.324591 -0.729065
v -0.305400 -0.324597 -0.729065
v -0.305413 -0.758989 -0.246628
v -0.305428 -0.691130 0.399004
v -0.305439 -0.165926 0.780591
v -0.305432 -0.122262 0.575163
v -0.305436 -0.000003 0.588014
v -0.305432 -0.239178 0.537178
v -0.317233 -0.156365 0.215194
v -0.305430 -0.345641 0.475716
v -0.317233 -0.108202 0.242999
v -0.317231 -0.197691 0.177978
v -0.305428 -0.436997 0.393455
v -0.305428 -0.509255 0.293998
v -0.305422 -0.559256 0.181698
v -0.317227 -0.264561 0.027786
v -0.305419 -0.584815 0.061447
v -0.317227 -0.252999 0.082186
v -0.317225 -0.264561 -0.027823
v -0.305417 -0.584815 -0.061479
v -0.305413 -0.559256 -0.181727
v -0.305409 -0.509255 -0.294033
v -0.317223 -0.197691 -0.178013
v -0.305407 -0.436997 -0.393487
v -0.317223 -0.230379 -0.133026
v -0.317219 -0.156365 -0.215226
v -0.305405 -0.345641 -0.475751
v -0.305405 -0.239178 -0.537210
v -0.305402 -0.122262 -0.575195
v -0.317219 -0.000003 -0.266029
v -0.305402 -0.000003 -0.588048
v -0.317219 -0.055312 -0.260224
v -0.317219 0.055305 -0.260224
v -0.305402 0.122256 -0.575195
v -0.305405 0.239171 -0.537210
v -0.305405 0.345632 -0.475751
v -0.317223 0.197684 -0.178013
v -0.305407 0.436990 -0.393487
v -0.317219 0.156356 -0.215226
v -0.317223 0.230373 -0.133026
v -0.305409 0.509249 -0.294033
v -0.305413 0.559249 -0.181726
v -0.305417 0.584807 -0.061479
v -0.317227 0.264555 0.027786
v -0.305419 0.584807 0.061447
v -0.317225 0.264555 -0.027823
v -0.317227 0.252993 0.082186
v -0.305422 0.559249 0.181698
v -0.305428 0.509249 0.293998
v -0.305428 0.436990 0.393455
v -0.317233 0.156356 0.215194
v -0.305430 0.345632 0.475717
v -0.317231 0.197684 0.177978
v -0.317233 0.108193 0.242999
v -0.305432 0.239171 0.537178
v -0.305432 0.122256 0.575163
v -0.317233 -0.000003 0.265997
v -0.317233 0.055305 0.260188
v -0.317231 0.230373 0.132994
v -0.317223 0.252993 -0.082223
v -0.317219 0.108193 -0.243031
v -0.317219 -0.108202 -0.243031
v -0.317223 -0.252999 -0.082223
v -0.317231 -0.230379 0.132994
v -0.317233 -0.055312 0.260188
v -0.151918 -0.037845 0.178023
v -0.151918 -0.000003 0.181997
v -0.151918 -0.074034 0.166262
v -0.151915 -0.157629 0.090994
v -0.151918 -0.135264 0.121776
v -0.151915 -0.173106 0.056231
v -0.151913 -0.173106 -0.056259
v -0.151913 -0.181016 -0.019034
v -0.151913 -0.157629 -0.091019
v -0.151911 -0.074034 -0.166284
v -0.151911 -0.106985 -0.147263
v -0.151911 -0.037845 -0.178047
v -0.151911 0.074028 -0.166284
v -0.151911 0.037839 -0.178047
v -0.151911 0.106979 -0.147263
v -0.151913 0.173098 -0.056259
v -0.151913 0.157623 -0.091019
v -0.151913 0.181010 -0.019034
v -0.151915 0.157623 0.090994
v -0.151915 0.173098 0.056231
v -0.151918 0.135255 0.121776
v -0.151918 0.037839 0.178023
v -0.151918 0.074028 0.166262
v -0.151918 0.106979 0.147237
v -0.151915 0.181010 0.019010
v -0.151911 0.135255 -0.121804
v -0.151907 -0.000003 -0.182025
v -0.151911 -0.135264 -0.121804
v -0.151915 -0.181016 0.019010
v -0.151918 -0.106986 0.147237
v -0.163723 -0.000003 -0.000013
v -0.482532 1.554634 -0.210348
v -0.482528 1.505778 -0.440210
v -0.482517 1.334681 -0.824491
v -0.482513 1.196558 -1.014604
v -0.482505 0.883948 -1.296078
v -0.482503 0.680441 -1.413580
v -0.482498 0.280373 -1.543567
v -0.482498 0.046668 -1.568132
v -0.482498 -0.371683 -1.524160
v -0.482500 -0.595173 -1.451541
v -0.482505 -0.959472 -1.241217
v -0.482511 -1.134104 -1.083978
v -0.482520 -1.381361 -0.743659
v -0.482526 -1.476940 -0.528984
v -0.482536 -1.564399 -0.117523
v -0.482543 -1.564399 0.117476
v -0.482553 -1.476940 0.528942
v -0.482556 -1.381361 0.743617
v -0.482568 -1.134105 1.083934
v -0.482573 -0.959472 1.241171
v -0.482577 -0.595174 1.451499
v -0.482577 -0.371683 1.524113
v -0.482575 0.680441 1.413535
v -0.482573 0.883948 1.296038
v -0.482564 1.196558 1.014563
v -0.482560 1.334681 0.824453
v -0.482551 1.505778 0.440166
v -0.482545 1.554634 0.210304
v 1.229526 -0.817972 3.848272
v 1.253145 -0.788864 3.711318
v 1.253143 -0.000003 3.794236
v 1.229524 -0.000003 3.934240
v 1.335804 -0.765578 3.601763
v 1.453894 -0.721912 3.396347
v 1.453891 -0.000003 3.472224
v 1.335804 -0.000003 3.682228
v 1.512943 -0.622941 2.930722
v 1.512949 -0.567632 2.670526
v 1.512949 -0.000003 2.730180
v 1.512941 -0.000003 2.996197
v 1.253152 -1.543247 3.466208
v 1.335811 -1.497691 3.363888
v 1.453899 -1.412271 3.172034
v 1.512949 -1.218655 2.737167
v 1.512954 -1.110454 2.494149
v 1.442116 -0.956699 2.148807
v 1.442110 -0.489038 2.300757
v 1.253162 -2.230182 3.069607
v 1.335821 -2.164347 2.978988
v 1.453909 -2.040906 2.809090
v 1.512957 -1.761104 2.423979
v 1.512960 -1.604745 2.208769
v 1.442120 -1.382550 1.902943
v 1.229558 -2.923696 2.632526
v 1.253177 -2.819650 2.538846
v 1.229544 -2.312479 3.182872
v 1.335834 -2.736413 2.463903
v 1.453921 -2.580344 2.323380
v 1.512966 -2.226588 2.004855
v 1.512971 -2.028900 1.826857
v 1.229576 -3.407134 1.967130
v 1.253192 -3.285883 1.897128
v 1.335851 -3.188884 1.841130
v 1.453935 -3.007010 1.736124
v 1.512981 -2.594756 1.498114
v 1.512983 -2.364381 1.365104
v 1.253212 -3.608508 1.172501
v 1.335870 -3.501983 1.137894
v 1.453953 -3.302252 1.072993
v 1.512996 -2.849525 0.925899
v 1.512998 -2.596529 0.843697
v 1.442153 -2.237010 0.726878
v 1.442140 -2.037006 1.176091
v 1.253232 -3.773426 0.396628
v 1.335888 -3.662034 0.384922
v 1.453973 -3.453171 0.362969
v 1.513011 -2.979754 0.313217
v 1.513013 -2.715197 0.285410
v 1.442165 -2.339245 0.245889
v 1.229638 -3.912667 -0.411214
v 1.253255 -3.773426 -0.396578
v 1.229615 -3.912667 0.411261
v 1.335910 -3.662034 -0.384869
v 1.453990 -3.453171 -0.362913
v 1.513029 -2.979754 -0.313152
v 1.513029 -2.715197 -0.285348
v 1.229658 -3.741664 -1.215716
v 1.253273 -3.608508 -1.172451
v 1.335931 -3.501983 -1.137839
v 1.454011 -3.302252 -1.072937
v 1.513046 -2.849525 -0.925834
v 1.513044 -2.596529 -0.843632
v 1.253294 -3.285883 -1.897079
v 1.335948 -3.188884 -1.841076
v 1.454028 -3.007009 -1.736067
v 1.513061 -2.594756 -1.498053
v 1.513055 -2.364381 -1.365042
v 1.442203 -2.037006 -1.176036
v 1.442190 -2.237010 -0.726817
v 1.253309 -2.819650 -2.538800
v 1.335965 -2.736413 -2.463847
v 1.454042 -2.580343 -2.323322
v 1.513072 -2.226587 -2.004794
v 1.513068 -2.028899 -1.826795
v 1.442212 -1.747975 -1.573852
v 1.229710 -2.312478 -3.182823
v 1.253324 -2.230182 -3.069555
v 1.229695 -2.923695 -2.632479
v 1.335977 -2.164346 -2.978936
v 1.454055 -2.040906 -2.809031
v 1.513084 -1.761104 -2.423918
v 1.513078 -1.604744 -2.208706
v 1.229723 -1.600194 -3.594061
v 1.253334 -1.543246 -3.466158
v 1.335987 -1.497690 -3.363833
v 1.454065 -1.412271 -3.171977
v 1.513093 -1.218655 -2.737103
v 1.513085 -1.110453 -2.494084
v 1.253342 -0.788864 -3.711274
v 1.335995 -0.765578 -3.601712
v 1.454070 -0.721911 -3.396286
v 1.513098 -0.622941 -2.930664
v 1.513090 -0.567632 -2.670460
v 1.442232 -0.489038 -2.300698
v 1.442227 -0.956698 -2.148750
v 1.253344 -0.000003 -3.794184
v 1.335997 -0.000003 -3.682176
v 1.454073 -0.000003 -3.472162
v 1.513098 -0.000003 -2.996132
v 1.513093 -0.000003 -2.730118
v 1.442232 -0.000003 -2.352100
v 1.229728 0.817966 -3.848219
v 1.253342 0.788858 -3.711274
v 1.229730 -0.000003 -3.934192
v 1.335995 0.765570 -3.601712
v 1.454070 0.721905 -3.396286
v 1.513098 0.622935 -2.930664
v 1.513090 0.567626 -2.670460
v 1.229723 1.600185 -3.594061
v 1.253334 1.543241 -3.466158
v 1.335987 1.497682 -3.363833
v 1.454065 1.412265 -3.171977
v 1.513093 1.218647 -2.737103
v 1.513085 1.110448 -2.494084
v 1.253324 2.230176 -3.069555
v 1.335977 2.164341 -2.978936
v 1.454055 2.040898 -2.809030
v 1.513084 1.761098 -2.423917
v 1.513078 1.604738 -2.208706
v 1.442222 1.382544 -1.902884
v 1.442227 0.956693 -2.148750
v 1.253309 2.819644 -2.538799
v 1.335965 2.736407 -2.463847
v 1.454042 2.580338 -2.323322
v 1.513072 2.226581 -2.004793
v 1.513068 2.028894 -1.826795
v 1.442212 1.747969 -1.573852
v 1.229677 3.407128 -1.967080
v 1.253294 3.285877 -1.897079
v 1.229695 2.923689 -2.632479
v 1.335948 3.188878 -1.841076
v 1.454028 3.007003 -1.736066
v 1.513061 2.594750 -1.498053
v 1.513055 2.364374 -1.365041
v 1.229658 3.741658 -1.215716
v 1.253273 3.608502 -1.172451
v 1.335931 3.501976 -1.137839
v 1.454011 3.302245 -1.072937
v 1.513046 2.849519 -0.925834
v 1.513044 2.596523 -0.843631
v 1.253255 3.773420 -0.396578
v 1.335910 3.662028 -0.384869
v 1.453990 3.453165 -0.362913
v 1.513029 2.979747 -0.313151
v 1.513029 2.715189 -0.285347
v 1.442178 2.339239 -0.245839
v 1.442190 2.237004 -0.726817
v 1.253232 3.773420 0.396628
v 1.335888 3.662028 0.384922
v 1.453973 3.453165 0.362969
v 1.513011 2.979747 0.313217
v 1.513013 2.715189 0.285410
v 1.442165 2.339239 0.245889
v 1.229596 3.741658 1.215761
v 1.253212 3.608502 1.172501
v 1.229615 3.912660 0.411262
v 1.335870 3.501976 1.137894
v 1.453953 3.302245 1.072993
v 1.512996 2.849519 0.925899
v 1.512998 2.596523 0.843697
v 1.229576 3.407127 1.967131
v 1.253192 3.285877 1.897129
v 1.335851 3.188877 1.841130
v 1.453935 3.007003 1.736125
v 1.512981 2.594750 1.498114
v 1.512983 2.364374 1.365104
v 1.253177 2.819643 2.538847
v 1.335834 2.736406 2.463903
v 1.453921 2.580337 2.323380
v 1.512966 2.226581 2.004856
v 1.512971 2.028894 1.826858
v 1.442131 1.747969 1.573910
v 1.442140 2.037000 1.176092
v 1.253162 2.230176 3.069607
v 1.335821 2.164340 2.978989
v 1.453909 2.040898 2.809090
v 1.512957 1.761098 2.423979
v 1.512960 1.604738 2.208770
v 1.442120 1.382544 1.902944
v 1.229533 1.600185 3.594109
v 1.253152 1.543240 3.466208
v 1.229544 2.312469 3.182873
v 1.335811 1.497681 3.363888
v 1.453899 1.412264 3.172034
v 1.512949 1.218646 2.737167
v 1.512954 1.110448 2.494149
v 1.253145 0.788858 3.711318
v 1.335804 0.765569 3.601763
v 1.453894 0.721905 3.396347
v 1.512943 0.622935 2.930722
v 1.512949 0.567626 2.670526
v 1.442110 0.489032 2.300757
v 1.442116 0.956692 2.148807
v 1.442110 -0.000003 2.352155
v 1.229526 0.817965 3.848272
v 1.229558 2.923689 2.632526
v 1.442153 2.237004 0.726878
v 1.229638 3.912660 -0.411213
v 1.442203 2.037000 -1.176036
v 1.229710 2.312470 -3.182823
v 1.442232 0.489032 -2.300698
v 1.229728 -0.817972 -3.848219
v 1.442222 -1.382550 -1.902884
v 1.229677 -3.407133 -1.967080
v 1.442178 -2.339245 -0.245840
v 1.229596 -3.741664 1.215760
v 1.442131 -1.747975 1.573910
v 1.229533 -1.600194 3.594108
v -0.482642 -0.826706 3.889310
v -0.104783 -0.832529 3.916709
v -0.104785 -0.000003 4.004212
v -0.482642 -0.000003 3.976200
v 0.462003 -0.832529 3.916723
v 0.816246 -0.826706 3.889344
v 0.816243 -0.000003 3.976233
v 0.462001 -0.000003 4.004225
v -0.907722 -1.594499 3.581258
v -0.482634 -1.617278 3.632437
v -0.907730 -0.815063 3.834512
v -0.104776 -1.628666 3.658026
v 0.462010 -1.628666 3.658041
v 0.816254 -1.617278 3.632466
v -0.907713 -2.304249 3.171494
v -0.482621 -2.337165 3.216807
v -0.104766 -2.353625 3.239469
v 0.462020 -2.353625 3.239486
v 0.816265 -2.337165 3.216843
v -0.482609 -2.954908 2.660590
v -0.104751 -2.975719 2.679333
v 0.462035 -2.975719 2.679345
v 0.816278 -2.954908 2.660621
v -0.482592 -3.443509 1.988088
v -0.104732 -3.467761 2.002099
v 0.462052 -3.467761 2.002114
v 0.816295 -3.443509 1.988120
v -0.907660 -3.728349 1.211381
v -0.482570 -3.781611 1.228698
v -0.907681 -3.395008 1.960076
v -0.104713 -3.808241 1.237358
v 0.462072 -3.808241 1.237373
v 0.816315 -3.781609 1.228734
v -0.907641 -3.898743 0.409739
v -0.482551 -3.954439 0.415609
v -0.104690 -3.982285 0.418544
v 0.462094 -3.982285 0.418555
v 0.816338 -3.954439 0.415641
v -0.482528 -3.954439 -0.415651
v -0.104668 -3.982285 -0.418568
v 0.462116 -3.982285 -0.418554
v 0.816360 -3.954439 -0.415617
v -0.482505 -3.781611 -1.228744
v -0.104647 -3.808241 -1.237383
v 0.462139 -3.808241 -1.237368
v 0.816379 -3.781609 -1.228708
v -0.907579 -3.395008 -1.960142
v -0.482486 -3.443508 -1.988133
v -0.907599 -3.728349 -1.211448
v -0.104626 -3.467760 -2.002123
v 0.462159 -3.467760 -2.002108
v 0.816402 -3.443508 -1.988100
v -0.907561 -2.913289 -2.623172
v -0.482467 -2.954908 -2.660631
v -0.104609 -2.975719 -2.679354
v 0.462177 -2.975719 -2.679339
v 0.816419 -2.954908 -2.660597
v -0.482452 -2.337164 -3.216851
v -0.104594 -2.353625 -3.239493
v 0.462192 -2.353625 -3.239478
v 0.816432 -2.337164 -3.216815
v -0.482443 -1.617277 -3.632477
v -0.104584 -1.628666 -3.658049
v 0.462201 -1.628666 -3.658034
v 0.816445 -1.617277 -3.632442
v -0.907529 -0.815062 -3.834584
v -0.482435 -0.826706 -3.889350
v -0.907535 -1.594498 -3.581329
v -0.104577 -0.832528 -3.916731
v 0.462209 -0.832528 -3.916715
v 0.816452 -0.826706 -3.889313
v -0.907527 -0.000003 -3.920249
v -0.482433 -0.000003 -3.976242
v -0.104575 -0.000003 -4.004233
v 0.462211 -0.000003 -4.004219
v 0.816454 -0.000003 -3.976207
v -0.482435 0.826701 -3.889350
v -0.104577 0.832522 -3.916731
v 0.462209 0.832522 -3.916715
v 0.816452 0.826701 -3.889313
v -0.482443 1.617272 -3.632476
v -0.104584 1.628660 -3.658049
v 0.462201 1.628660 -3.658034
v 0.816445 1.617272 -3.632442
v -0.907546 2.304242 -3.171556
v -0.482452 2.337158 -3.216850
v -0.907535 1.594492 -3.581329
v -0.104594 2.353616 -3.239492
v 0.462192 2.353616 -3.239477
v 0.816432 2.337158 -3.216814
v -0.907561 2.913284 -2.623172
v -0.482467 2.954902 -2.660630
v -0.104609 2.975713 -2.679353
v 0.462177 2.975713 -2.679338
v 0.816419 2.954902 -2.660596
v -0.482486 3.443503 -1.988132
v -0.104626 3.467752 -2.002123
v 0.462159 3.467752 -2.002108
v 0.816402 3.443503 -1.988100
v -0.482505 3.781605 -1.228743
v -0.104647 3.808235 -1.237383
v 0.462139 3.808235 -1.237368
v 0.816379 3.781602 -1.228707
v -0.907618 3.898735 -0.409806
v -0.482528 3.954433 -0.415650
v -0.907599 3.728342 -1.211447
v -0.104668 3.982280 -0.418567
v 0.462116 3.982280 -0.418553
v 0.816360 3.954433 -0.415616
v -0.907641 3.898735 0.409740
v -0.482551 3.954433 0.415609
v -0.104690 3.982280 0.418544
v 0.462094 3.982280 0.418556
v 0.816338 3.954433 0.415641
v -0.482570 3.781605 1.228698
v -0.104713 3.808235 1.237359
v 0.462072 3.808235 1.237374
v 0.816315 3.781602 1.228734
v -0.482592 3.443502 1.988088
v -0.104732 3.467751 2.002100
v 0.462052 3.467751 2.002115
v 0.816295 3.443502 1.988120
v -0.907698 2.913283 2.623105
v -0.482609 2.954902 2.660591
v -0.907681 3.395001 1.960077
v -0.104751 2.975712 2.679334
v 0.462035 2.975712 2.679345
v 0.816278 2.954902 2.660621
v -0.907713 2.304241 3.171494
v -0.482621 2.337158 3.216807
v -0.104766 2.353616 3.239469
v 0.462020 2.353616 3.239486
v 0.816265 2.337158 3.216843
v -0.482634 1.617271 3.632438
v -0.104776 1.628659 3.658026
v 0.462010 1.628659 3.658041
v 0.816254 1.617271 3.632466
v -0.907730 0.815055 3.834512
v -0.482642 0.826700 3.889310
v -0.907722 1.594492 3.581258
v -0.104783 0.832522 3.916709
v 0.462003 0.832522 3.916723
v 0.816246 0.826700 3.889344
v -0.907734 -0.000003 3.920179
v -0.907660 3.728342 1.211382
v -0.907579 3.395002 -1.960142
v -0.907529 0.815056 -3.834584
v -0.907546 -2.304248 -3.171556
v -0.907618 -3.898743 -0.409806
v -0.907698 -2.913290 2.623104
v -1.202909 -0.657871 3.094985
v -1.084841 -0.736468 3.464756
v -1.084843 -0.000003 3.542158
v -1.202911 -0.000003 3.164133
v -0.954956 -0.783042 3.683880
v -0.954958 -0.000003 3.766176
v -1.238319 -1.087677 2.442915
v -1.202905 -1.286988 2.890577
v -1.238323 -0.555991 2.615670
v -1.084836 -1.440743 3.235919
v -0.954951 -1.531858 3.440567
v -1.238311 -1.571828 2.163386
v -1.202897 -1.859858 2.559829
v -1.084826 -2.082054 2.865660
v -0.954941 -2.213724 3.046891
v -1.202884 -2.351443 2.117204
v -1.084815 -2.632368 2.370153
v -0.954926 -2.798842 2.520054
v -1.202869 -2.740256 1.582045
v -1.084796 -3.067633 1.771057
v -0.954909 -3.261634 1.883073
v -1.238275 -2.543266 0.826317
v -1.202854 -3.009311 0.977738
v -1.238290 -2.315882 1.337032
v -1.084779 -3.368829 1.094556
v -0.954892 -3.581878 1.163788
v -1.238262 -2.659501 0.279483
v -1.202837 -3.146843 0.330702
v -1.084758 -3.522793 0.370226
v -0.954869 -3.745577 0.393641
v -1.202820 -3.146843 -0.330787
v -1.084741 -3.522793 -0.370300
v -0.954848 -3.745577 -0.393707
v -1.202803 -3.009311 -0.977827
v -1.084722 -3.368829 -1.094635
v -0.954829 -3.581878 -1.163856
v -1.238218 -2.315882 -1.337111
v -1.202787 -2.740255 -1.582130
v -1.238234 -2.543266 -0.826397
v -1.084705 -3.067633 -1.771138
v -0.954808 -3.261633 -1.883137
v -1.238207 -1.987281 -1.789394
v -1.202772 -2.351442 -2.117289
v -1.084688 -2.632367 -2.370232
v -0.954793 -2.798841 -2.520117
v -1.202759 -1.859858 -2.559912
v -1.084675 -2.082053 -2.865737
v -0.954778 -2.213724 -3.046960
v -1.202753 -1.286988 -2.890660
v -1.084665 -1.440743 -3.235997
v -0.954769 -1.531858 -3.440636
v -1.238186 -0.555990 -2.615750
v -1.202748 -0.657871 -3.095070
v -1.238188 -1.087677 -2.442997
v -1.084660 -0.736468 -3.464826
v -0.954761 -0.783042 -3.683942
v -1.238184 -0.000003 -2.674189
v -1.202746 -0.000003 -3.164217
v -1.084658 -0.000003 -3.542233
v -0.954759 -0.000003 -3.766240
v -1.202748 0.657865 -3.095070
v -1.084660 0.736462 -3.464826
v -0.954761 0.783036 -3.683942
v -1.202753 1.286982 -2.890660
v -1.084665 1.440737 -3.235997
v -0.954769 1.531852 -3.440636
v -1.238198 1.571822 -2.163473
v -1.202759 1.859850 -2.559912
v -1.238188 1.087671 -2.442997
v -1.084675 2.082045 -2.865737
v -0.954778 2.213718 -3.046960
v -1.238207 1.987275 -1.789394
v -1.202772 2.351437 -2.117288
v -1.084688 2.632361 -2.370232
v -0.954793 2.798833 -2.520117
v -1.202787 2.740253 -1.582130
v -1.084705 3.067627 -1.771137
v -0.954808 3.261628 -1.883137
v -1.202803 3.009304 -0.977827
v -1.084722 3.368824 -1.094634
v -0.954829 3.581872 -1.163856
v -1.238245 2.659493 -0.279567
v -1.202820 3.146834 -0.330786
v -1.238234 2.543262 -0.826397
v -1.084741 3.522787 -0.370299
v -0.954848 3.745570 -0.393707
v -1.238262 2.659493 0.279483
v -1.202837 3.146834 0.330703
v -1.084758 3.522787 0.370227
v -0.954869 3.745570 0.393641
v -1.202854 3.009304 0.977739
v -1.084779 3.368824 1.094557
v -0.954892 3.581872 1.163789
v -1.202869 2.740252 1.582046
v -1.084796 3.067627 1.771057
v -0.954909 3.261627 1.883074
v -1.238302 1.987275 1.789312
v -1.202884 2.351436 2.117204
v -1.238290 2.315876 1.337032
v -1.084815 2.632361 2.370153
v -0.954926 2.798833 2.520055
v -1.238311 1.571822 2.163386
v -1.202897 1.859850 2.559829
v -1.084826 2.082045 2.865661
v -0.954941 2.213718 3.046892
v -1.202905 1.286982 2.890577
v -1.084836 1.440737 3.235919
v -0.954951 1.531852 3.440567
v -1.238323 0.555982 2.615670
v -1.202909 0.657865 3.094985
v -1.238319 1.087670 2.442915
v -1.084841 0.736461 3.464756
v -0.954956 0.783035 3.683880
v -1.238326 -0.000003 2.674108
v -1.238275 2.543262 0.826318
v -1.238218 2.315876 -1.337111
v -1.238186 0.555982 -2.615750
v -1.238198 -1.571828 -2.163473
v -1.238245 -2.659501 -0.279568
v -1.238302 -1.987282 1.789312
vn -0.0000 0.9768 0.2140
vn -0.3506 0.9104 0.2198
vn -0.2753 0.5623 0.7797
vn -0.0000 0.3640 0.9314
vn -0.8907 0.3655 0.2703
vn -0.8451 -0.4366 0.3084
vn -0.3137 -0.2506 0.9159
vn -0.4381 0.3274 -0.8372
vn -0.2784 -0.4980 -0.8213
vn -0.9128 -0.2731 -0.3035
vn -0.8730 0.3240 -0.3644
vn -0.3506 -0.8448 0.4043
vn -0.0000 -0.3032 0.9529
vn -0.3823 -0.9036 -0.1930
vn -0.0000 -0.9088 -0.4173
vn -0.0000 -0.9110 0.4124
vn -0.0000 0.8022 -0.5971
vn -0.3824 0.8438 -0.3767
vn -0.0000 -0.4946 -0.8691
vn -0.0000 0.1624 -0.9867
vn 0.0001 0.5828 -0.8126
vn -0.0000 -0.2530 -0.9675
vn -0.3331 0.0217 -0.9427
vn -0.4574 0.5590 -0.6916
vn -0.3764 -0.7352 -0.5637
vn -0.0000 -0.8054 -0.5928
vn -0.0000 -0.9999 -0.0116
vn -0.3824 -0.9040 0.1912
vn -0.2301 0.0980 0.9682
vn -0.3506 -0.6073 0.7129
vn -0.0000 -0.6646 0.7472
vn -0.0000 0.1107 0.9939
vn -0.3656 0.7680 0.5259
vn -0.8958 0.4445 -0.0059
vn -0.8468 -0.1601 0.5072
vn -0.9207 -0.3812 -0.0835
vn -0.8723 0.0510 -0.4864
vn -0.2797 0.9212 -0.2705
vn -0.0000 0.9986 -0.0535
vn -0.0000 0.7114 0.7028
vn -0.0000 0.8905 -0.4551
vn -0.2797 0.7315 -0.6218
vn -0.3136 0.9185 0.2409
vn -0.8957 0.4037 -0.1862
vn -0.8468 0.0601 0.5284
vn -0.2753 0.3941 0.8769
vn -0.3764 -0.9009 -0.2159
vn -0.9207 -0.3822 0.0787
vn -0.8723 -0.1513 -0.4651
vn -0.3331 -0.3636 -0.8700
vn -0.2798 -0.3653 0.8879
vn -0.0000 0.6246 0.7809
vn -0.0000 -0.8691 0.4946
vn -0.0000 -0.1576 0.9875
vn -0.4574 -0.7462 0.4836
vn -0.0000 0.2018 -0.9794
vn -0.4574 0.2294 -0.8592
vn -0.0000 -0.9768 -0.2140
vn -0.0000 -0.6247 -0.7809
vn -0.0000 -0.8126 -0.5828
vn -0.4197 -0.7135 -0.5611
vn -0.3843 -0.2129 -0.8984
vn -0.0000 -0.1053 -0.9944
vn -0.3765 -0.9108 0.1692
vn -0.0000 -0.9794 0.2018
vn -0.0000 -0.6777 0.7354
vn -0.3824 -0.4628 0.7997
vn -0.3656 0.7375 0.5679
vn -0.3506 0.1234 0.9284
vn -0.0000 0.1106 0.9939
vn -0.0000 0.8883 0.4593
vn -0.8468 0.4329 -0.3090
vn -0.8958 0.1318 0.4246
vn -0.2300 0.9511 -0.2060
vn -0.8730 -0.3963 0.2842
vn -0.9128 -0.2733 -0.3034
vn -0.2797 0.4154 -0.8656
vn -0.0000 0.6284 -0.7779
vn -0.0000 0.9794 -0.2019
vn -0.0000 -0.5928 -0.8053
vn -0.0000 -0.9794 -0.2018
vn -0.3764 -0.9108 -0.1692
vn -0.4574 -0.4850 -0.7454
vn -0.3332 -0.6860 0.6469
vn -0.0000 -0.8883 0.4593
vn -0.0000 -0.3200 0.9474
vn -0.3824 -0.0975 0.9188
vn -0.2753 0.9154 0.2939
vn -0.3506 0.4904 0.7979
vn -0.0000 0.5053 0.8629
vn -0.0000 0.9983 0.0583
vn -0.3136 0.7936 -0.5214
vn -0.8451 0.1584 -0.5106
vn -0.8907 0.3701 0.2641
vn -0.8723 -0.3273 0.3633
vn -0.9207 -0.3172 -0.2274
vn -0.2797 0.0274 -0.9597
vn 0.0001 0.2576 -0.9662
vn -0.0000 0.8126 -0.5828
vn -0.0000 -0.3031 -0.9529
vn -0.3505 -0.2648 -0.8983
vn -0.2753 0.3940 -0.8769
vn -0.0000 0.6246 -0.7809
vn -0.8907 0.0514 -0.4518
vn -0.8451 0.4854 0.2239
vn -0.3136 0.9185 -0.2409
vn -0.9129 -0.1263 0.3882
vn -0.8731 -0.4776 -0.0984
vn -0.3765 -0.9009 0.2158
vn -0.3332 -0.3636 0.8699
vn -0.2798 0.7315 0.6218
vn -0.0000 0.9768 -0.2140
vn -0.0000 0.2018 0.9794
vn -0.0000 0.8905 0.4551
vn -0.4574 0.2294 0.8592
vn -0.3823 -0.7481 -0.5424
vn -0.0000 -0.9182 -0.3962
vn -0.0000 -0.6247 0.7809
vn -0.0000 -0.9768 0.2139
vn -0.0000 -0.9951 -0.0984
vn -0.0000 -0.7113 0.7029
vn -0.4381 -0.7569 0.4849
vn -0.4574 -0.8784 -0.1384
vn -0.2783 -0.0798 0.9572
vn -0.0000 -0.1107 0.9939
vn -0.0000 0.5828 0.8126
vn -0.4574 0.5590 0.6916
vn -0.3656 0.7680 -0.5259
vn -0.2798 0.9212 0.2704
vn -0.0000 0.9986 0.0535
vn -0.0000 0.7113 -0.7029
vn -0.8468 -0.1601 -0.5072
vn -0.8958 0.4445 0.0059
vn -0.2300 0.0980 -0.9682
vn -0.8723 0.0510 0.4863
vn -0.9207 -0.3812 0.0835
vn -0.2797 -0.6948 -0.6626
vn -0.0000 -0.5456 -0.8380
vn -0.0000 0.1107 -0.9939
vn -0.0000 -0.8393 -0.5436
vn -0.2797 -0.9042 -0.3227
vn -0.3655 -0.3122 -0.8769
vn -0.0000 -0.1624 -0.9867
vn -0.8451 -0.4366 -0.3085
vn -0.8907 0.3655 -0.2704
vn -0.2300 0.4898 -0.8409
vn -0.3765 0.2635 0.8881
vn -0.8731 0.3240 0.3644
vn -0.9129 -0.2731 0.3035
vn -0.3332 -0.5716 0.7499
vn -0.2798 0.9515 -0.1276
vn -0.0000 0.4947 -0.8691
vn -0.0000 0.8629 0.5053
vn -0.0000 0.9340 -0.3573
vn -0.4574 0.7920 0.4044
vn -0.0000 -0.9491 0.3149
vn -0.4574 -0.8588 0.2309
vn -0.0000 0.3031 0.9529
vn -0.0000 -0.3640 0.9314
vn -0.0000 -0.7390 0.6737
vn -0.0000 -0.0984 0.9952
vn -0.2783 -0.1209 0.9528
vn -0.4574 -0.6906 0.5602
vn -0.4381 0.6396 0.6316
vn -0.0000 0.5497 0.8354
vn -0.0000 0.9939 0.1107
vn -0.4574 0.8880 0.0473
vn -0.2753 0.1966 -0.9411
vn -0.2797 0.8174 -0.5036
vn -0.0000 0.7080 -0.7063
vn -0.0000 -0.0463 -0.9989
vn -0.3136 -0.6015 -0.7347
vn -0.8957 -0.4360 -0.0867
vn -0.8468 0.2620 -0.4629
vn -0.9207 0.3555 0.1609
vn -0.8723 -0.1510 0.4651
vn -0.2798 -0.9573 0.0730
vn 0.0001 -0.9879 -0.1552
vn -0.0000 -0.6646 -0.7472
vn -0.0000 -0.9656 0.2600
vn -0.2798 -0.8448 0.4561
vn -0.3136 -0.8483 -0.4266
vn -0.0000 -0.9110 -0.4124
vn -0.8957 -0.4336 0.0982
vn -0.8468 0.0511 -0.5294
vn -0.2752 -0.2031 -0.9397
vn -0.8723 0.0512 0.4863
vn -0.2784 0.2771 0.9196
vn -0.5218 0.7665 0.3745
vn -0.9207 0.3903 0.0024
vn -0.3505 0.4458 -0.8236
vn -0.0000 -0.4486 -0.8937
vn -0.3295 0.8879 -0.3212
vn -0.0000 0.9530 -0.3031
vn -0.0000 -0.4011 0.9160
vn -0.4574 -0.4031 0.7927
vn -0.0000 0.9110 0.4123
vn -0.0000 0.3149 0.9491
vn -0.0000 0.1160 0.9932
vn -0.0000 0.7734 0.6340
vn -0.3331 0.5365 0.7753
vn -0.3824 -0.0957 0.9190
vn -0.3765 0.9261 0.0238
vn -0.0000 1.0000 0.0062
vn -0.0000 0.8158 -0.5784
vn -0.3824 0.6190 -0.6861
vn -0.3136 -0.6678 -0.6750
vn -0.3506 0.0722 -0.9337
vn -0.0000 0.0984 -0.9951
vn -0.0000 -0.6737 -0.7390
vn -0.8468 -0.4877 0.2122
vn -0.8957 -0.0406 -0.4427
vn -0.2753 -0.9564 0.0971
vn -0.8730 0.4467 -0.1956
vn -0.9129 0.2042 0.3535
vn -0.3506 -0.6455 0.6785
vn -0.0000 -0.6737 0.7390
vn -0.0000 -0.9886 -0.1505
vn -0.0000 -0.3149 0.9491
vn -0.3506 -0.3138 0.8824
vn -0.2753 -0.8342 0.4777
vn -0.0000 -0.9644 0.2646
vn -0.8468 -0.3592 0.3922
vn -0.8957 -0.2172 -0.3879
vn -0.3136 -0.8847 -0.3450
vn -0.9129 0.3304 0.2399
vn -0.3332 0.8055 0.4901
vn -0.3765 0.8557 -0.3549
vn -0.8730 0.3285 -0.3604
vn -0.3505 -0.3138 -0.8824
vn -0.0000 -0.9160 -0.4011
vn -0.3823 0.2864 -0.8785
vn -0.0000 0.5100 -0.8602
vn -0.0000 -0.3149 -0.9491
vn -0.0000 0.5100 0.8602
vn -0.3824 0.2864 0.8785
vn -0.0000 0.9160 -0.4011
vn -0.0000 0.9644 0.2646
vn -0.0000 0.7472 0.6646
vn -0.0000 0.9886 -0.1505
vn -0.4381 0.8974 0.0526
vn -0.4575 0.6293 0.6282
vn -0.2784 0.6272 -0.7274
vn -0.0000 0.6737 -0.7390
vn -0.0000 0.1160 -0.9932
vn -0.3823 -0.0957 -0.9191
vn -0.3136 -0.9485 0.0446
vn -0.3505 -0.6455 -0.6785
vn -0.0000 -1.0000 0.0062
vn -0.8907 -0.1442 0.4312
vn -0.8451 -0.4283 -0.3199
vn -0.2753 -0.5678 0.7758
vn -0.9129 0.2042 -0.3535
vn -0.8731 0.4467 0.1955
vn -0.2798 0.1727 0.9444
vn -0.0000 -0.0512 0.9987
vn -0.0000 -0.7734 0.6340
vn -0.0000 0.4946 0.8691
vn -0.3506 0.4458 0.8236
vn -0.3137 -0.3356 0.8883
vn -0.8958 0.1429 0.4209
vn -0.8468 -0.5318 0.0045
vn -0.3457 -0.8608 0.3735
vn -0.3765 0.8364 -0.3985
vn -0.3331 0.1748 -0.9265
vn -0.9128 0.0428 -0.4061
vn -0.8730 0.4876 -0.0031
vn -0.2332 -0.8960 -0.3778
vn -0.0000 -0.4011 -0.9160
vn -0.4574 -0.4030 -0.7927
vn -0.0000 0.9805 0.1966
vn -0.3824 0.8445 0.3750
vn -0.0000 0.4486 -0.8937
vn -0.0000 0.9110 -0.4124
vn -0.0000 0.9939 -0.1107
vn -0.0000 0.6645 -0.7473
vn -0.2784 0.6579 -0.6998
vn -0.4574 0.8880 -0.0473
vn -0.4381 -0.1461 -0.8870
vn -0.0000 0.0463 -0.9989
vn -0.0000 -0.6605 -0.7508
vn -0.3823 -0.7470 -0.5439
vn -0.3656 -0.6418 0.6741
vn -0.3506 -0.9362 0.0257
vn -0.0000 -0.5497 0.8354
vn -0.8468 0.2620 0.4628
vn -0.8958 -0.4360 0.0866
vn -0.2301 0.1055 0.9674
vn -0.8730 -0.2412 -0.4238
vn -0.9128 0.3302 -0.2401
vn -0.2798 0.8174 0.5036
vn -0.0000 0.7080 0.7063
vn -0.0000 0.0984 0.9951
vn -0.6300 0.7722 -0.0823
vn -0.9137 0.3814 -0.1405
vn -0.5362 0.2421 -0.8086
vn -0.6301 0.4555 0.6289
vn -0.5362 -0.4389 0.7210
vn -0.8808 0.1757 0.4397
vn -0.5329 0.5531 0.6404
vn -0.9242 0.3737 0.0789
vn -0.5362 0.7629 -0.3612
vn -0.5329 -0.0710 0.8432
vn -0.5362 -0.8295 0.1562
vn -0.9474 -0.2144 0.2374
vn -0.6301 0.0012 0.7765
vn -0.9137 0.0999 0.3940
vn -0.5362 0.7789 0.3253
vn -0.6300 -0.6731 0.3873
vn -0.5362 -0.6712 -0.5119
vn -0.8807 -0.4557 0.1288
vn -0.5329 -0.6947 0.4830
vn -0.9242 -0.1175 0.3634
vn -0.5362 0.2794 0.7965
vn -0.6300 -0.7382 -0.2411
vn -0.5362 -0.0687 -0.8413
vn -0.9137 -0.3439 -0.2167
vn -0.6300 -0.7724 -0.0801
vn -0.9137 -0.4023 0.0581
vn -0.5362 -0.4049 0.7406
vn -0.6300 -0.3148 -0.7099
vn -0.5362 0.5792 -0.6140
vn -0.9137 -0.0690 -0.4006
vn -0.5329 -0.4078 -0.7415
vn -0.9242 -0.3491 -0.1549
vn -0.5362 -0.8213 0.1946
vn -0.6300 0.3169 -0.7090
vn -0.5362 0.8439 0.0196
vn -0.9137 0.2515 -0.3193
vn -0.6301 0.1603 -0.7598
vn -0.8807 -0.0184 -0.4733
vn -0.5362 -0.6942 -0.4801
vn -0.5329 0.7657 -0.3601
vn -0.5362 0.5501 0.6402
vn -0.9474 0.3128 0.0669
vn -0.6300 0.6720 -0.3893
vn -0.8807 0.3394 -0.3303
vn -0.5362 -0.1078 -0.8372
vn -0.5329 0.8460 -0.0176
vn -0.5362 0.2421 0.8086
vn -0.9474 0.2586 0.1884
vn -0.6301 0.4555 -0.6289
vn -0.8807 0.1757 -0.4398
vn -0.5361 -0.4390 -0.7210
vn -0.5329 0.5530 -0.6404
vn -0.5362 0.7629 0.3611
vn -0.9474 0.3131 -0.0661
vn -0.5329 -0.0710 -0.8432
vn -0.9242 -0.2559 -0.2835
vn -0.5362 -0.8295 -0.1563
vn -0.6300 0.0012 -0.7766
vn -0.5362 0.7789 -0.3253
vn -0.9136 0.0999 -0.3940
vn -0.5329 -0.6741 -0.5115
vn -0.9242 -0.3819 0.0005
vn -0.5361 -0.6712 0.5119
vn -0.5329 -0.6947 -0.4831
vn -0.5362 0.2794 -0.7965
vn -0.9242 -0.1175 -0.3634
vn -0.5329 -0.8311 0.1587
vn -0.9242 -0.2552 0.2842
vn -0.5362 -0.0687 0.8413
vn -0.6301 -0.7724 0.0800
vn -0.5361 -0.4049 -0.7407
vn -0.9137 -0.4023 -0.0582
vn -0.5329 -0.4382 0.7239
vn -0.9474 0.0339 0.3181
vn -0.5362 0.5792 0.6140
vn -0.5330 -0.4078 0.7414
vn -0.5362 -0.8213 -0.1947
vn -0.9242 -0.3491 0.1548
vn -0.6301 0.3169 0.7089
vn -0.8807 0.2930 0.3721
vn -0.5361 0.8439 -0.0197
vn -0.6301 0.1603 0.7598
vn -0.5362 -0.6942 0.4801
vn -0.9137 -0.0158 0.4061
vn -0.5329 0.7657 0.3601
vn -0.9474 0.3128 -0.0670
vn -0.5361 0.5501 -0.6403
vn -0.5329 0.7800 0.3280
vn -0.5363 -0.1077 0.8371
vn -0.9242 0.1905 0.3310
vn 0.8078 -0.1023 0.5806
vn 1.0000 -0.0000 -0.0000
vn 0.8078 0.0206 0.5891
vn 0.7620 -0.4813 0.4333
vn 0.8078 -0.3296 0.4888
vn 0.8078 -0.5205 0.2767
vn 0.8078 -0.5837 -0.0821
vn 0.8078 -0.5881 0.0411
vn 0.8078 -0.5539 -0.2017
vn 0.7620 -0.3806 -0.5239
vn 0.8695 -0.3671 -0.3305
vn 0.8078 -0.2208 -0.5466
vn 0.8078 0.1427 -0.5719
vn 0.7620 -0.0000 -0.6476
vn 0.8695 0.2009 -0.4513
vn 0.8078 0.4999 -0.3124
vn 0.8695 0.3671 -0.3305
vn 0.8078 0.5539 -0.2017
vn 0.8078 0.5667 0.1625
vn 0.8078 0.5881 0.0411
vn 0.8078 0.5205 0.2767
vn 0.8695 0.2009 0.4513
vn 0.8078 0.3296 0.4888
vn 0.8078 0.1427 0.5720
vn 0.7620 0.4813 0.4333
vn 0.8078 0.5837 -0.0821
vn 0.7620 0.3807 -0.5239
vn 0.8695 -0.1027 -0.4831
vn 0.8078 -0.4999 -0.3124
vn 0.8078 -0.5667 0.1624
vn 0.8078 -0.2208 0.5466
vn 0.8693 -0.1196 0.4795
vn 0.8078 -0.2585 0.5298
vn 0.9065 -0.2599 0.3326
vn 0.9065 -0.3579 0.2237
vn 0.8693 -0.4644 0.1691
vn 0.8078 -0.5837 0.0821
vn 0.8694 -0.4751 -0.1362
vn 0.9066 -0.3727 -0.1981
vn 0.7620 -0.4813 -0.4333
vn 0.9066 -0.1851 -0.3793
vn 0.7620 -0.1346 -0.6334
vn 0.9463 -0.0000 -0.3233
vn 0.9198 0.2307 -0.3175
vn 0.7620 0.4813 -0.4333
vn 0.8694 0.4751 -0.1362
vn 0.8694 0.4930 -0.0344
vn 0.8078 0.5837 0.0821
vn 0.9066 0.3579 0.2237
vn 0.8695 0.3671 0.3306
vn 0.9065 0.2599 0.3326
vn 0.8265 0.2289 0.5142
vn 0.8078 0.1023 0.5806
vn 0.9065 -0.0148 0.4219
vn 0.8693 0.4644 0.1691
vn 0.9066 0.3727 -0.1981
vn 0.8078 0.1023 -0.5805
vn 0.9198 -0.2307 -0.3175
vn 0.8694 -0.4930 -0.0344
vn 0.8695 -0.3671 0.3306
vn 0.8927 -0.0000 -0.4506
vn 0.8926 0.0782 -0.4440
vn 0.8927 0.2649 -0.3645
vn 0.8927 0.3349 -0.3015
vn 0.8927 0.3902 -0.2253
vn 0.8927 0.4481 -0.0471
vn 0.9335 0.3566 0.0375
vn 0.8579 0.4886 0.1588
vn 0.9228 0.2772 0.2677
vn 0.8926 0.2521 0.3738
vn 0.8427 0.2017 0.4993
vn 0.8053 -0.0000 0.5929
vn 0.9552 -0.0616 0.2896
vn 0.8427 -0.2017 0.4993
vn 0.8927 -0.3349 0.3015
vn 0.8927 -0.3902 0.2253
vn 0.8579 -0.4886 0.1588
vn 0.8927 -0.4481 -0.0471
vn 0.8926 -0.4236 -0.1542
vn 0.8927 -0.3902 -0.2253
vn 0.8927 -0.2649 -0.3645
vn 0.8579 -0.2090 -0.4694
vn 0.9228 -0.0669 -0.3795
vn 0.8927 -0.3349 -0.3015
vn 0.9335 -0.3566 0.0375
vn 0.8926 -0.2521 0.3738
vn 0.9552 0.0615 0.2896
vn 0.8427 0.4566 0.2854
vn 0.8926 0.4236 -0.1542
vn 0.8927 0.1833 -0.4116
vn 0.4772 0.1525 -0.8655
vn 0.2806 0.2323 -0.9313
vn 0.3303 0.0159 -0.9438
vn 0.3637 -0.0246 -0.9312
vn 0.2100 0.4179 -0.8839
vn 0.3303 0.5676 -0.7542
vn 0.5541 0.6067 -0.5699
vn 0.2100 0.7413 -0.6375
vn 0.4772 0.4913 -0.7286
vn 0.4774 0.7557 -0.4484
vn 0.3302 0.8253 -0.4581
vn 0.2805 0.9227 -0.2645
vn 0.2807 0.9545 -0.1003
vn 0.2807 0.9545 0.1003
vn 0.4774 0.8739 -0.0918
vn 0.5834 0.8064 0.0969
vn 0.2865 0.9112 0.2961
vn 0.2807 0.9128 0.2966
vn 0.2805 0.8475 0.4505
vn 0.2805 0.7353 0.6169
vn 0.2805 0.5910 0.7563
vn 0.5541 0.6067 0.5700
vn 0.4772 0.4913 0.7286
vn 0.2805 0.4209 0.8627
vn 0.4772 0.3291 0.8149
vn 0.3302 0.2118 0.9198
vn 0.1627 -0.0000 0.9867
vn 0.3637 -0.1696 0.9160
vn 0.3302 -0.2118 0.9198
vn 0.5834 -0.0121 0.8121
vn 0.4772 -0.3291 0.8149
vn 0.2805 -0.4209 0.8627
vn 0.2805 -0.5910 0.7563
vn 0.2100 -0.7413 0.6375
vn 0.4774 -0.7557 0.4484
vn 0.3302 -0.8253 0.4581
vn 0.5541 -0.6067 0.5700
vn 0.2865 -0.9112 0.2961
vn 0.2807 -0.9128 0.2966
vn 0.2807 -0.9545 0.1003
vn 0.2807 -0.9545 -0.1003
vn 0.2805 -0.9227 -0.2645
vn 0.4774 -0.8739 -0.0918
vn 0.3637 -0.8780 -0.3111
vn 0.3302 -0.8253 -0.4581
vn 0.5541 -0.7120 -0.4313
vn 0.2100 -0.7413 -0.6375
vn 0.3303 -0.5676 -0.7542
vn 0.2100 -0.4179 -0.8839
vn 0.4772 -0.4913 -0.7286
vn 0.4772 -0.3291 -0.8148
vn 0.2304 -0.2149 -0.9491
vn 0.5834 -0.1570 -0.7969
vn 0.4772 -0.6321 -0.6105
vn 0.5834 -0.8064 0.0969
vn 0.4772 -0.4913 0.7286
vn 0.4772 0.1525 0.8655
vn 0.4774 0.7557 0.4484
vn 0.3637 0.8780 -0.3111
vn 0.4772 0.3291 -0.8148
vn 0.8715 0.1187 -0.4757
vn 0.8715 0.2150 -0.4407
vn 0.8715 0.3019 -0.3864
vn 0.8715 0.4158 -0.2599
vn 0.8717 0.4661 -0.1514
vn 0.8717 0.4874 -0.0512
vn 0.8717 0.4661 0.1515
vn 0.8715 0.4158 0.2599
vn 0.8717 0.3642 0.3280
vn 0.8715 0.2150 0.4407
vn 0.8715 0.1187 0.4758
vn 0.8715 0.0172 0.4901
vn 0.8715 -0.2150 0.4407
vn 0.8715 -0.3019 0.3864
vn 0.8717 -0.3642 0.3280
vn 0.8717 -0.4661 0.1515
vn 0.8715 -0.4891 0.0342
vn 0.8717 -0.4874 -0.0512
vn 0.8717 -0.4244 -0.2450
vn 0.8715 -0.3757 -0.3151
vn 0.8715 -0.3019 -0.3863
vn 0.8715 -0.2150 -0.4407
vn 0.8715 -0.1187 -0.4757
vn 0.8717 -0.0000 -0.4901
vn 0.8717 -0.4661 -0.1514
vn 0.8715 -0.4158 0.2599
vn 0.8717 -0.1019 0.4794
vn 0.8715 0.3019 0.3864
vn 0.8715 0.4891 0.0342
vn 0.8717 0.3642 -0.3279
vn -0.0696 -0.2074 0.9758
vn -0.2212 -0.2028 0.9539
vn -0.2212 -0.0000 0.9752
vn -0.0696 -0.0000 0.9976
vn 0.2397 -0.0340 0.9703
vn -0.0034 0.0214 0.9998
vn -0.1126 -0.1916 0.9750
vn 0.2396 -0.2350 0.9420
vn -0.2427 -0.3807 0.8923
vn 0.0389 -0.4064 0.9129
vn -0.0671 -0.5870 0.8068
vn -0.1996 -0.5873 0.7843
vn -0.0696 -0.7413 0.6675
vn -0.2212 -0.7247 0.6525
vn -0.0696 -0.5864 0.8071
vn -0.1126 -0.7486 0.6534
vn 0.2396 -0.6983 0.6745
vn 0.2397 -0.5428 0.8049
vn -0.1996 -0.8414 0.5021
vn -0.0696 -0.8639 0.4988
vn -0.0671 -0.8810 0.4683
vn 0.2396 -0.8233 0.5146
vn -0.2212 -0.9279 0.3002
vn -0.0671 -0.9591 0.2749
vn -0.2512 -0.9604 0.1208
vn -0.1306 -0.9879 0.0833
vn -0.2427 -0.9663 -0.0863
vn -0.0696 -0.9921 0.1043
vn -0.0698 -0.9878 -0.1389
vn 0.2398 -0.9655 0.1015
vn -0.0034 -0.9965 -0.0833
vn 0.2397 -0.9614 -0.1352
vn -0.1996 -0.9275 -0.3162
vn -0.0696 -0.9488 -0.3083
vn -0.0671 -0.9591 -0.2749
vn 0.2397 -0.9123 -0.3322
vn -0.1125 -0.8681 -0.4835
vn -0.1909 -0.8393 -0.5090
vn -0.2711 -0.7153 -0.6441
vn -0.0034 -0.7573 -0.6531
vn -0.2212 -0.5742 -0.7883
vn -0.0696 -0.7413 -0.6675
vn -0.0698 -0.5578 -0.8271
vn 0.2397 -0.6983 -0.6745
vn -0.0215 -0.5994 -0.8001
vn 0.2398 -0.5706 -0.7854
vn -0.1707 -0.4008 -0.9001
vn -0.0696 -0.4058 -0.9113
vn -0.1125 -0.3902 -0.9138
vn 0.2397 -0.4257 -0.8725
vn -0.2711 -0.2001 -0.9415
vn -0.0671 -0.2074 -0.9759
vn -0.0670 -0.0000 -0.9978
vn -0.1707 -0.0000 -0.9853
vn -0.0696 0.2074 -0.9758
vn -0.2711 0.2001 -0.9415
vn -0.0696 -0.0000 -0.9976
vn -0.0034 0.2287 -0.9735
vn 0.2397 0.1685 -0.9561
vn 0.2398 -0.0000 -0.9708
vn -0.1707 0.4008 -0.9001
vn -0.0695 0.4058 -0.9113
vn -0.1724 0.4007 -0.8999
vn 0.2398 0.3949 -0.8869
vn -0.2212 0.5742 -0.7883
vn -0.0215 0.5994 -0.8001
vn -0.2711 0.7153 -0.6441
vn -0.0034 0.7573 -0.6531
vn -0.1909 0.8393 -0.5091
vn -0.0696 0.7413 -0.6675
vn -0.0698 0.8808 -0.4683
vn -0.1125 0.8681 -0.4835
vn 0.2397 0.8233 -0.5146
vn 0.2397 0.6983 -0.6745
vn -0.1996 0.9275 -0.3162
vn -0.0696 0.9488 -0.3083
vn -0.0671 0.9591 -0.2749
vn 0.2397 0.9123 -0.3321
vn -0.2427 0.9663 -0.0863
vn -0.0034 0.9965 -0.0833
vn -0.1306 0.9879 0.0832
vn -0.2512 0.9604 0.1208
vn -0.2212 0.9279 0.3002
vn -0.0696 0.9921 0.1043
vn -0.0698 0.9374 0.3413
vn 0.2398 0.9655 0.1015
vn -0.0671 0.9591 0.2749
vn 0.2397 0.9123 0.3322
vn -0.2212 0.8452 0.4866
vn -0.0698 0.8459 0.5287
vn -0.0671 0.8810 0.4683
vn 0.2396 0.8233 0.5146
vn -0.1126 0.7486 0.6534
vn -0.1910 0.7435 0.6409
vn -0.2211 0.6005 0.7684
vn -0.0671 0.5870 0.8068
vn -0.2213 0.3967 0.8909
vn -0.0698 0.5578 0.8271
vn -0.0696 0.4058 0.9113
vn 0.2396 0.5428 0.8049
vn -0.0034 0.4262 0.9046
vn 0.2396 0.3636 0.9002
vn -0.1126 0.2215 0.9686
vn -0.2213 0.2028 0.9539
vn -0.0696 0.2074 0.9758
vn 0.2397 0.1685 0.9561
vn 0.2396 0.6983 0.6745
vn -0.0698 0.7175 0.6930
vn 0.2397 0.9614 -0.1352
vn -0.0695 0.9879 -0.1389
vn 0.2398 0.5706 -0.7854
vn -0.0695 0.5578 -0.8271
vn 0.2398 -0.2018 -0.9496
vn -0.0696 -0.2074 -0.9758
vn 0.2397 -0.8233 -0.5146
vn -0.0695 -0.8809 -0.4683
vn 0.2397 -0.9123 0.3322
vn -0.0695 -0.9374 0.3413
vn 0.2398 -0.3949 0.8869
vn -0.0698 -0.4374 0.8966
vn 0.5856 0.1962 -0.7865
vn 0.8422 0.2193 -0.4926
vn 0.6279 0.4575 -0.6297
vn 0.7269 0.5948 -0.3434
vn 0.7267 0.6604 -0.1893
vn 0.8421 0.5363 -0.0563
vn 0.8421 0.5129 0.1667
vn 0.8124 0.5149 0.2737
vn 0.7266 0.5263 0.4416
vn 0.7266 0.3012 0.6175
vn 0.8123 0.1411 0.5658
vn 0.4853 -0.0000 0.8744
vn 0.7268 -0.2793 0.6274
vn 0.7266 -0.4230 0.5413
vn 0.5856 -0.6210 0.5210
vn 0.8421 -0.5129 0.1667
vn 0.6279 -0.7741 0.0814
vn 0.7269 -0.6830 -0.0718
vn 0.7269 -0.5948 -0.3434
vn 0.7269 -0.5104 -0.4595
vn 0.7269 -0.4037 -0.5556
vn 0.8422 -0.2194 -0.4926
vn 0.5856 -0.1962 -0.7865
vn 0.7269 -0.0000 -0.6868
vn 0.7267 -0.6604 -0.1893
vn 0.8124 -0.5149 0.2737
vn 0.8421 -0.1121 0.5275
vn 0.5856 0.4991 0.6387
vn 0.4853 0.8696 0.0914
vn 0.8421 0.4007 -0.3608
vn 0.8451 -0.0000 -0.5345
vn 0.8450 0.1294 -0.5189
vn 0.5263 0.1683 -0.8335
vn 0.5758 -0.0000 -0.8176
vn 0.1624 -0.0000 -0.9867
vn 0.1181 0.1858 -0.9755
vn 0.6825 0.2973 -0.6677
vn 0.1347 0.4030 -0.9052
vn 0.5263 0.5068 -0.6828
vn 0.1347 0.5824 -0.8016
vn 0.8450 0.2990 -0.4434
vn 0.8450 0.3847 -0.3715
vn 0.5755 0.6265 -0.5256
vn 0.1229 0.7276 -0.6749
vn 0.8450 0.4535 -0.2834
vn 0.5755 0.7221 -0.3838
vn 0.1513 0.8456 -0.5119
vn 0.5755 0.7861 -0.2253
vn 0.1347 0.9311 -0.3390
vn 0.5059 0.8599 -0.0681
vn 0.1228 0.9853 -0.1184
vn 0.8451 0.5316 -0.0559
vn 0.8451 0.5316 0.0559
vn 0.6231 0.7760 0.0975
vn 0.1513 0.9850 0.0828
vn 0.8450 0.5141 0.1474
vn 0.5755 0.7684 0.2798
vn 0.1228 0.9483 0.2927
vn 0.6414 0.6582 0.3941
vn 0.1465 0.8491 0.5076
vn 0.5059 0.6556 0.5606
vn 0.1349 0.7127 0.6884
vn 0.8451 0.3973 0.3577
vn 0.8450 0.2990 0.4434
vn 0.5263 0.5068 0.6828
vn 0.1181 0.5665 0.8156
vn 0.8451 0.2174 0.4884
vn 0.6824 0.2973 0.6678
vn 0.1465 0.3886 0.9097
vn 0.4580 0.1848 0.8695
vn 0.1181 0.1858 0.9755
vn 0.6824 -0.0000 0.7310
vn 0.1623 -0.0000 0.9867
vn 0.8451 -0.0000 0.5346
vn 0.8451 -0.1111 0.5229
vn 0.4580 -0.1848 0.8695
vn 0.1070 -0.2067 0.9725
vn 0.8450 -0.2345 0.4807
vn 0.6414 -0.3009 0.7057
vn 0.1623 -0.4013 0.9014
vn 0.5755 -0.4572 0.6780
vn 0.1348 -0.5821 0.8018
vn 0.5263 -0.6261 0.5754
vn 0.1181 -0.7237 0.6800
vn 0.8450 -0.4097 0.3438
vn 0.8450 -0.4722 0.2511
vn 0.6414 -0.6582 0.3941
vn 0.1465 -0.8491 0.5076
vn 0.8450 -0.5141 0.1474
vn 0.5755 -0.7684 0.2798
vn 0.1228 -0.9483 0.2927
vn 0.6231 -0.7760 0.0975
vn 0.1513 -0.9850 0.0829
vn 0.5059 -0.8599 -0.0681
vn 0.1228 -0.9853 -0.1184
vn 0.8451 -0.5316 -0.0559
vn 0.8450 -0.5025 -0.1829
vn 0.5755 -0.7861 -0.2253
vn 0.1347 -0.9311 -0.3390
vn 0.8450 -0.4535 -0.2834
vn 0.5755 -0.7221 -0.3838
vn 0.1513 -0.8456 -0.5119
vn 0.5755 -0.6265 -0.5256
vn 0.1229 -0.7276 -0.6749
vn 0.5263 -0.5068 -0.6828
vn 0.1347 -0.5824 -0.8016
vn 0.8450 -0.2990 -0.4434
vn 0.8451 -0.2174 -0.4883
vn 0.6825 -0.2973 -0.6677
vn 0.1348 -0.4030 -0.9052
vn 0.5263 -0.1683 -0.8335
vn 0.1181 -0.1858 -0.9755
vn 0.8450 -0.1294 -0.5189
vn 0.8450 -0.3847 -0.3715
vn 0.8451 -0.5316 0.0559
vn 0.8450 -0.3293 0.4214
vn 0.8451 0.1111 0.5229
vn 0.8450 0.4722 0.2511
vn 0.8450 0.5025 -0.1829
vn 0.8451 0.2174 -0.4883
vn -0.3139 0.1842 -0.9314
vn -0.3318 -0.0000 -0.9433
vn -0.8530 -0.0000 -0.5219
vn -0.8529 0.1263 -0.5066
vn -0.8755 0.1005 -0.4727
vn -0.9153 -0.0000 -0.4027
vn -0.5584 -0.0000 -0.8296
vn -0.5584 0.1725 -0.8114
vn -0.9746 0.0452 -0.2195
vn -0.9956 0.0226 -0.0906
vn -0.9956 0.0032 -0.0933
vn -0.9827 -0.0020 -0.1851
vn -0.5582 0.3107 -0.7694
vn -0.3496 0.3945 -0.8498
vn -0.9047 0.1810 -0.3858
vn -0.9827 0.0735 -0.1699
vn -0.5584 0.4876 -0.6711
vn -0.3318 0.5545 -0.7632
vn -0.9746 0.1306 -0.1821
vn -0.8963 0.2606 -0.3587
vn -0.3316 0.6786 -0.6554
vn -0.8042 0.3493 -0.4808
vn -0.8952 0.3414 -0.2864
vn -0.8963 0.3295 -0.2967
vn -0.4893 0.6627 -0.5669
vn -0.9827 0.1362 -0.1253
vn -0.9956 0.0715 -0.0600
vn -0.9956 0.0575 -0.0736
vn -0.3317 0.8000 -0.5000
vn -0.9222 0.3415 -0.1816
vn -0.5584 0.7223 -0.4080
vn -0.8962 0.3917 -0.2082
vn -0.9781 0.1764 -0.1103
vn -0.9956 0.0824 -0.0438
vn -0.3317 0.8865 -0.3228
vn -0.6054 0.7617 -0.2309
vn -0.9781 0.1954 -0.0712
vn -0.9079 0.4007 -0.1231
vn -0.3317 0.9342 -0.1314
vn -0.5582 0.8277 -0.0578
vn -0.9782 0.2067 -0.0218
vn -0.8840 0.4635 -0.0607
vn -0.3317 0.9411 0.0657
vn -0.8952 0.4445 -0.0311
vn -0.8952 0.4413 0.0620
vn -0.8962 0.4425 0.0309
vn -0.5582 0.8216 0.1156
vn -0.9956 0.0931 0.0065
vn -0.9956 0.0928 -0.0098
vn -0.9781 0.2059 0.0289
vn -0.3319 0.8972 0.2915
vn -0.9102 0.3939 0.1280
vn -0.8876 0.4395 0.1377
vn -0.5584 0.7890 0.2563
vn -0.9956 0.0897 0.0257
vn -0.9781 0.1954 0.0711
vn -0.5095 0.7497 0.4224
vn -0.3567 0.7994 0.4834
vn -0.8963 0.3819 0.2253
vn -0.9781 0.1764 0.1102
vn -0.3067 0.7211 0.6213
vn -0.5584 0.6112 0.5609
vn -0.9047 0.3110 0.2913
vn -0.9827 0.1362 0.1252
vn -0.3317 0.5809 0.7433
vn -0.8866 0.3438 0.3095
vn -0.8529 0.2919 0.4328
vn -0.6054 0.4550 0.6531
vn -0.9079 0.2408 0.3430
vn -0.9956 0.0575 0.0735
vn -0.9956 0.0715 0.0600
vn -0.9782 0.1254 0.1658
vn -0.3496 0.3945 0.8498
vn -0.9576 0.1172 0.2631
vn -0.8840 0.2009 0.4221
vn -0.5582 0.3107 0.7693
vn -0.9956 0.0409 0.0839
vn -0.9746 0.0899 0.2052
vn -0.3139 0.1842 0.9314
vn -0.6236 0.1501 0.7672
vn -0.8962 0.1074 0.4304
vn -0.9781 0.0361 0.2048
vn -0.4422 -0.0000 0.8969
vn -0.3319 -0.0000 0.9433
vn -0.8963 -0.0000 0.4434
vn -0.9827 -0.0020 0.1850
vn -0.3139 -0.1842 0.9314
vn -0.8866 -0.0000 0.4626
vn -0.8529 -0.1264 0.5065
vn -0.6236 -0.1501 0.7672
vn -0.8962 -0.1074 0.4304
vn -0.9956 -0.0194 0.0912
vn -0.9956 0.0032 0.0933
vn -0.9730 -0.0413 0.2269
vn -0.3567 -0.3626 0.8610
vn -0.9222 -0.1696 0.3476
vn -0.5095 -0.3417 0.7897
vn -0.8962 -0.1945 0.3987
vn -0.9781 -0.0779 0.1928
vn -0.9956 -0.0409 0.0839
vn -0.3319 -0.5545 0.7632
vn -0.6645 -0.4393 0.6046
vn -0.9746 -0.1306 0.1821
vn -0.8963 -0.2606 0.3587
vn -0.5584 -0.6112 0.5609
vn -0.3067 -0.7211 0.6213
vn -0.8962 -0.3191 0.3082
vn -0.9782 -0.1571 0.1361
vn -0.3567 -0.7994 0.4834
vn -0.8866 -0.3438 0.3095
vn -0.8952 -0.3935 0.2091
vn -0.9047 -0.3647 0.2203
vn -0.5095 -0.7497 0.4224
vn -0.9827 -0.1593 0.0942
vn -0.9956 -0.0824 0.0438
vn -0.9956 -0.0715 0.0600
vn -0.3318 -0.8972 0.2915
vn -0.9402 -0.3239 0.1052
vn -0.8876 -0.4395 0.1377
vn -0.5585 -0.7889 0.2563
vn -0.9781 -0.1954 0.0711
vn -0.9956 -0.0898 0.0257
vn -0.5582 -0.8216 0.1156
vn -0.3317 -0.9411 0.0657
vn -0.9781 -0.2059 0.0289
vn -0.8962 -0.4425 0.0309
vn -0.5582 -0.8277 -0.0578
vn -0.3317 -0.9342 -0.1314
vn -0.9746 -0.2230 -0.0220
vn -0.8840 -0.4635 -0.0607
vn -0.8952 -0.4284 -0.1228
vn -0.3317 -0.8865 -0.3228
vn -0.8529 -0.5208 -0.0364
vn -0.6054 -0.7617 -0.2309
vn -0.9079 -0.4007 -0.1231
vn -0.9815 -0.1807 -0.0638
vn -0.9956 -0.0887 -0.0289
vn -0.9956 -0.0924 -0.0130
vn -0.8952 -0.3935 -0.2092
vn -0.3317 -0.8000 -0.5000
vn -0.8962 -0.3917 -0.2082
vn -0.5584 -0.7223 -0.4080
vn -0.9956 -0.0824 -0.0439
vn -0.9781 -0.1764 -0.1103
vn -0.4893 -0.6627 -0.5670
vn -0.3316 -0.6786 -0.6554
vn -0.8963 -0.3295 -0.2967
vn -0.9827 -0.1362 -0.1253
vn -0.6054 -0.4805 -0.6345
vn -0.3316 -0.5275 -0.7822
vn -0.9746 -0.1306 -0.1821
vn -0.8963 -0.2606 -0.3587
vn -0.8529 -0.2289 -0.4692
vn -0.3567 -0.3626 -0.8610
vn -0.9222 -0.2382 -0.3048
vn -0.9047 -0.1810 -0.3858
vn -0.5094 -0.3417 -0.7898
vn -0.9956 -0.0409 -0.0839
vn -0.9956 -0.0575 -0.0736
vn -0.9827 -0.0735 -0.1699
vn -0.3139 -0.1842 -0.9314
vn -0.5584 -0.1725 -0.8115
vn -0.9694 -0.0511 -0.2403
vn -0.8755 -0.1005 -0.4727
vn -0.9222 -0.0936 -0.3753
vn -0.9956 -0.0194 -0.0913
vn -0.9956 -0.0715 -0.0600
vn -0.8952 -0.3414 -0.2864
vn -0.9956 -0.0931 0.0065
vn -0.8952 -0.4413 0.0620
vn -0.9956 -0.0575 0.0735
vn -0.9102 -0.2434 0.3350
vn -0.9956 0.0226 0.0906
vn -0.8529 0.1263 0.5065
vn -0.9956 0.0824 0.0438
vn -0.8952 0.3935 0.2092
vn -0.9956 0.0897 -0.0258
vn -0.8952 0.4284 -0.1228
vn -0.9956 0.0409 -0.0840
vn -0.9576 0.1171 -0.2632
vn -0.7831 0.3651 -0.5034
vn -0.6175 0.6845 -0.3874
vn -0.8694 -0.4314 -0.2411
vn -0.6176 -0.7501 -0.2366
vn -0.8989 0.0911 -0.4286
vn -0.9463 -0.0000 -0.3233
vn -0.8916 -0.0000 -0.4528
vn -0.9414 0.0679 -0.3303
vn -0.8472 0.2146 -0.4860
vn -0.9617 0.1114 -0.2503
vn -0.9287 0.3134 -0.1985
vn -0.9303 0.3239 -0.1722
vn -0.9462 0.2478 -0.2079
vn -0.8915 0.3258 -0.3147
vn -0.8915 0.4244 -0.1587
vn -0.9066 0.4057 -0.1163
vn -0.9303 0.3526 0.1010
vn -0.9617 0.2725 0.0286
vn -0.7788 0.6238 0.0656
vn -0.9287 0.3478 0.1289
vn -0.9462 0.2856 0.1518
vn -0.8915 0.3841 0.2401
vn -0.8990 0.1782 0.4002
vn -0.9462 0.1992 0.2549
vn -0.8275 0.3127 0.4664
vn -0.9414 0.1351 0.3090
vn -0.8915 0.1096 0.4395
vn -0.9303 0.0637 0.3612
vn -0.8989 -0.1782 0.4002
vn -0.9617 -0.0570 0.2679
vn -0.8917 -0.0941 0.4428
vn -0.8917 -0.1841 0.4136
vn -0.8915 -0.2533 0.3755
vn -0.9303 -0.2258 0.2890
vn -0.8916 -0.4306 0.1399
vn -0.9714 -0.2257 0.0733
vn -0.9066 -0.3727 0.1981
vn -0.8915 -0.3841 0.2401
vn -0.9066 -0.4179 0.0588
vn -0.8275 -0.5603 0.0376
vn -0.9065 -0.3727 -0.1982
vn -0.9462 -0.3110 -0.0892
vn -0.8915 -0.4244 -0.1587
vn -0.9287 -0.3133 -0.1985
vn -0.9462 -0.2478 -0.2079
vn -0.8915 -0.3258 -0.3147
vn -0.8915 -0.1096 -0.4395
vn -0.9303 -0.0637 -0.3612
vn -0.9462 -0.1212 -0.3000
vn -0.8915 -0.1986 -0.4071
vn -0.8695 -0.2904 -0.3997
vn -0.8916 -0.2661 -0.3663
vn -0.9303 -0.3659 -0.0256
vn -0.8915 -0.4481 -0.0670
vn -0.9303 -0.2810 0.2357
vn -0.8915 -0.3258 0.3147
vn -0.9303 -0.0129 0.3665
vn -0.8915 0.0158 0.4527
vn -0.9066 0.3234 0.2712
vn -0.8915 0.3258 0.3147
vn -0.9303 0.3659 -0.0256
vn -0.8915 0.4481 -0.0670
vn -0.8989 0.2575 -0.3545
vn -0.8916 0.2661 -0.3663
vn -0.9144 -0.0828 0.3964
vn -0.9303 -0.0000 0.3667
vn -0.9039 -0.0000 0.4278
vn -0.9769 -0.0445 0.2091
vn -0.9039 -0.1740 0.3908
vn -0.9500 -0.1251 0.2861
vn -0.9610 -0.1703 0.2179
vn -0.8714 0.2151 -0.4408
vn -0.7294 0.4212 -0.5391
vn -0.9447 -0.1850 0.2708
vn -0.9279 0.2771 -0.2495
vn -0.9465 -0.2399 0.2160
vn -0.9144 -0.3019 0.2698
vn -0.9465 -0.2796 0.1614
vn -0.9303 -0.3176 0.1833
vn -0.9303 -0.3448 0.1255
vn -0.9464 -0.3105 0.0890
vn -0.8180 0.5720 -0.0601
vn -0.9222 -0.3858 0.0269
vn -0.8179 0.5407 -0.1969
vn -0.9302 -0.3634 0.0511
vn -0.9769 -0.2126 -0.0224
vn -0.7294 0.6774 0.0953
vn -0.9303 -0.3647 -0.0384
vn -0.9039 -0.4069 -0.1322
vn -0.9303 -0.3488 -0.1134
vn -0.9143 -0.3514 -0.2012
vn -0.9769 -0.1852 -0.1069
vn -0.9279 0.2771 0.2495
vn -0.9222 -0.2963 -0.2486
vn -0.6645 0.6472 0.3736
vn -0.9303 -0.2662 -0.2524
vn -0.9464 -0.1898 -0.2612
vn -0.7294 0.4212 0.5390
vn -0.9613 -0.1619 -0.2229
vn -0.9143 -0.1634 -0.3705
vn -0.9662 -0.1048 -0.2354
vn -0.9039 -0.0889 -0.4185
vn -0.9500 -0.0629 -0.3059
vn -0.9769 -0.0000 -0.2138
vn -0.8714 0.1187 0.4759
vn -0.6645 -0.0000 0.7473
vn -0.9143 0.0015 -0.4050
vn -0.8714 -0.1187 0.4759
vn -0.9039 0.0889 -0.4185
vn -0.9303 0.0762 -0.3587
vn -0.9303 0.1492 -0.3350
vn -0.9662 0.1047 -0.2354
vn -0.9464 0.1898 -0.2612
vn -0.9500 0.1852 -0.2514
vn -0.9279 -0.2771 0.2495
vn -0.9222 0.2963 -0.2486
vn -0.7294 -0.4212 0.5390
vn -0.9303 0.2662 -0.2524
vn -0.9769 0.1852 -0.1069
vn -0.6645 -0.6472 0.3736
vn -0.9143 0.3514 -0.2012
vn -0.9039 0.4069 -0.1322
vn -0.9303 0.3488 -0.1134
vn -0.9303 0.3647 -0.0384
vn -0.9769 0.2126 -0.0224
vn -0.7562 -0.6507 -0.0684
vn -0.9464 0.3222 0.0225
vn -0.7294 -0.6775 0.0953
vn -0.9303 0.3633 0.0511
vn -0.8715 -0.4609 -0.1678
vn -0.9222 0.3718 0.1065
vn -0.9303 0.3448 0.1255
vn -0.9465 0.2796 0.1614
vn -0.9303 0.3176 0.1833
vn -0.9144 0.3019 0.2698
vn -0.9465 0.2399 0.2160
vn -0.9610 0.1702 0.2178
vn -0.8714 -0.3758 -0.3153
vn -0.7294 -0.4212 -0.5391
vn -0.9447 0.1850 0.2708
vn -0.8714 -0.2151 -0.4408
vn -0.9039 0.1740 0.3908
vn -0.9500 0.1251 0.2861
vn -0.9144 0.0828 0.3964
vn -0.9769 0.0444 0.2091
vn -0.8714 -0.0172 -0.4902
vn -0.7293 -0.1656 -0.6638
vn -0.8181 -0.4981 -0.2876
vn -0.9279 -0.3546 0.1152
vn -0.8179 -0.2523 0.5171
vn -0.8179 0.2523 0.5171
vn -0.9279 0.3546 0.1152
vn -0.7294 0.5801 -0.3626
vn -0.6644 0.1554 -0.7310
vn -0.5418 0.0144 -0.8404
vn -0.5171 0.1779 -0.8372
vn -0.5169 0.3206 -0.7937
vn -0.5419 0.4823 -0.6883
vn -0.9394 0.1503 -0.3082
vn -0.9477 0.1876 -0.2583
vn -0.8487 0.3931 -0.3540
vn -0.4578 0.6607 -0.5949
vn -0.5172 0.7430 -0.4248
vn -0.5172 0.8151 -0.2610
vn -0.5516 0.8277 -0.1029
vn -0.9161 0.3854 -0.1105
vn -0.9161 0.3999 -0.0280
vn -0.5169 0.8539 0.0596
vn -0.9161 0.3970 0.0558
vn -0.5172 0.8140 0.2645
vn -0.5172 0.7412 0.4279
vn -0.5172 0.6360 0.5727
vn -0.8894 0.3959 0.2285
vn -0.9477 0.2372 0.2136
vn -0.8776 0.2952 0.3777
vn -0.5170 0.4786 0.7097
vn -0.5170 0.3206 0.7937
vn -0.4817 0.1624 0.8612
vn -0.5741 -0.0000 0.8188
vn -0.8487 0.1100 0.5174
vn -0.9645 -0.0000 0.2642
vn -0.8776 -0.0832 0.4721
vn -0.5172 -0.1744 0.8379
vn -0.4817 -0.3379 0.8086
vn -0.5170 -0.4786 0.7097
vn -0.5172 -0.6361 0.5727
vn -0.8776 -0.2952 0.3777
vn -0.9477 -0.2372 0.2136
vn -0.8894 -0.3959 0.2285
vn -0.5172 -0.7412 0.4279
vn -0.5172 -0.8140 0.2645
vn -0.5169 -0.8539 0.0596
vn -0.9161 -0.3999 -0.0279
vn -0.5516 -0.8277 -0.1029
vn -0.9161 -0.3970 0.0558
vn -0.9162 -0.3811 -0.1239
vn -0.4817 -0.8394 -0.2516
vn -0.5172 -0.7412 -0.4279
vn -0.4817 -0.6376 -0.6013
vn -0.5418 -0.4823 -0.6883
vn -0.8487 -0.3931 -0.3540
vn -0.9477 -0.1876 -0.2583
vn -0.9394 -0.1504 -0.3082
vn -0.5169 -0.3206 -0.7937
vn -0.4816 -0.1624 -0.8612
vn -0.8486 -0.1100 -0.5174
vn -0.9645 -0.0000 -0.2643
vn -0.9477 -0.2765 -0.1596
vn -0.9477 -0.3036 0.0986
vn -0.9162 -0.1630 0.3660
vn -0.9394 0.1504 0.3082
vn -0.9477 0.3036 0.0986
vn -0.9394 0.3028 -0.1610
vn -0.8486 0.1100 -0.5174
vn -0.9998 -0.0038 0.0180
vn -0.9998 -0.0000 0.0183
vn -0.9998 -0.0096 0.0198
vn -0.9489 0.1854 -0.2552
vn -0.9999 -0.0086 0.0118
vn -0.8129 0.2375 -0.5318
vn -0.9999 -0.0114 0.0109
vn -0.8129 0.4323 -0.3902
vn -0.9997 -0.0212 0.0122
vn -0.9999 -0.0140 0.0045
vn -0.9998 -0.0181 0.0025
vn -0.8625 0.4813 -0.1564
vn -0.9197 0.3906 -0.0411
vn -0.9998 -0.0183 -0.0013
vn -0.8129 0.5793 0.0602
vn -0.9998 -0.0199 -0.0065
vn -0.9999 -0.0127 -0.0073
vn -0.9998 -0.0156 -0.0140
vn -0.9489 0.2732 0.1577
vn -0.7912 0.4689 0.3926
vn -0.9048 0.2629 0.3350
vn -0.9999 -0.0072 -0.0099
vn -0.9998 -0.0096 -0.0198
vn -0.9998 -0.0038 -0.0179
vn -0.8625 -0.0000 0.5060
vn -0.9998 -0.0000 -0.0184
vn -0.8625 0.1052 0.4950
vn -0.9998 0.0038 -0.0179
vn -0.8625 -0.1052 0.4950
vn -0.9998 0.0096 -0.0198
vn -0.9999 0.0072 -0.0099
vn -0.9998 0.0156 -0.0140
vn -0.9048 -0.2629 0.3350
vn -0.7912 -0.4689 0.3926
vn -0.9489 -0.2732 0.1577
vn -0.9999 0.0127 -0.0073
vn -0.9998 0.0172 -0.0063
vn -0.9998 0.0208 -0.0022
vn -0.9197 -0.3906 -0.0411
vn -0.9998 0.0181 0.0025
vn -0.7380 -0.6711 0.0705
vn -0.8625 -0.4813 -0.1564
vn -0.9998 0.0174 0.0056
vn -0.9998 0.0181 0.0104
vn -0.9999 0.0114 0.0109
vn -0.9489 -0.1854 -0.2552
vn -0.9999 0.0086 0.0118
vn -0.8129 -0.4323 -0.3902
vn -0.9998 0.0096 0.0198
vn -0.8129 -0.2375 -0.5318
vn -0.9998 0.0038 0.0179
vn -0.8625 -0.0000 -0.5061
vn -0.8625 -0.1052 -0.4950
vn -0.8625 -0.4382 -0.2531
vn -0.8623 -0.4752 0.1746
vn -0.8129 -0.2375 0.5317
vn -0.8129 0.2375 0.5317
vn -0.7912 0.5745 0.2098
vn -0.8625 0.4383 -0.2531
vn -0.8625 0.1052 -0.4950
vn -0.7432 0.1391 -0.6544
vn -0.8695 -0.0000 -0.4939
vn -0.8695 0.2009 -0.4512
vn -0.7432 0.5794 -0.3346
vn -0.8695 0.3670 -0.3305
vn -0.8696 0.4697 -0.1526
vn -0.7973 0.5805 0.1653
vn -0.8696 0.4911 0.0516
vn -0.7432 0.5794 0.3345
vn -0.7974 0.3365 0.5010
vn -0.8696 0.2009 0.4511
vn -0.7432 0.1391 0.6544
vn -0.7432 -0.1392 0.6544
vn -0.8696 -0.2009 0.4511
vn -0.7973 -0.3365 0.5010
vn -0.7432 -0.5794 0.3345
vn -0.7974 -0.5804 0.1652
vn -0.8696 -0.4911 0.0516
vn -0.7432 -0.5794 -0.3345
vn -0.8696 -0.4697 -0.1526
vn -0.8695 -0.3670 -0.3305
vn -0.7432 -0.1391 -0.6544
vn -0.8695 -0.2009 -0.4512
vn -0.7432 -0.3933 -0.5413
vn -0.7432 -0.6654 -0.0700
vn -0.7973 -0.4334 0.4201
vn -0.8696 -0.0000 0.4938
vn -0.7973 0.4334 0.4200
vn -0.7432 0.6654 -0.0699
vn -0.7432 0.3933 -0.5413
vn -1.0000 -0.0000 -0.0000
vn -0.8413 -0.3182 0.4370
vn -0.8131 -0.4271 -0.3956
vn -0.8694 0.0069 0.4941
vn -0.7831 -0.6187 -0.0623
vn -0.8694 0.2073 0.4486
vn -0.7831 -0.5906 0.1947
vn -0.8413 0.3174 0.4376
vn -0.8131 -0.5083 0.2839
vn -0.8413 0.4679 0.2707
vn -0.8131 -0.3488 0.4661
vn -0.8412 0.0029 0.5407
vn -0.8131 0.5781 -0.0690
vn -0.8413 0.2225 0.4927
vn -0.8130 0.5000 -0.2982
vn -0.8413 0.4037 0.3596
vn -0.8131 0.3355 -0.4758
vn -0.8412 0.2204 -0.4937
vn -0.8131 0.5001 0.2981
vn -0.8693 0.4907 0.0585
vn -0.7831 0.0006 -0.6219
vn -0.8412 0.4667 -0.2728
vn -0.8131 -0.3488 -0.4661
vn -0.8412 0.1096 -0.5295
vn -0.8131 -0.5798 -0.0527
vn -0.8412 -0.1152 -0.5283
vn -0.8131 -0.5511 0.1877
vn -0.8413 -0.3201 -0.4357
vn -0.8131 -0.4271 0.3956
vn -0.6176 -0.7814 0.0889
vn -0.6176 0.4677 -0.6324
vn -0.6175 0.1701 -0.7679
vn -0.6176 -0.6778 0.3990
vn -0.6176 -0.4568 0.6402
vn -0.6176 -0.1570 -0.7706
vn -0.6176 -0.1569 0.7707
vn -0.6175 -0.4569 -0.6403
vn -0.6176 -0.6777 -0.3991
vn -0.6176 0.1701 0.7679
vn -0.6176 0.4677 0.6323
vn -0.6176 -0.7815 -0.0889
vn -0.6176 -0.7501 0.2366
vn -0.6176 0.6845 0.3874
vn -0.6176 0.7829 0.0755
vn -0.6176 -0.5890 0.5212
vn -0.6175 -0.3261 0.7158
vn -0.6176 0.7459 -0.2495
vn -0.6175 0.5800 -0.5313
vn -0.6177 -0.0067 0.7864
vn -0.6176 0.3137 0.7212
vn -0.6176 0.3137 -0.7212
vn -0.6175 -0.0068 -0.7865
vn -0.6176 0.5800 0.5313
vn -0.6176 0.7459 0.2494
vn -0.6175 -0.3261 -0.7158
vn -0.6176 -0.5889 -0.5213
vn -0.6175 0.7829 -0.0755
vn -0.5609 -0.8269 0.0396
vn -0.6368 -0.6861 0.3516
vn -0.5610 -0.5828 0.5880
vn -0.6369 -0.7204 0.2745
vn -0.6367 -0.5465 0.5440
vn -0.5609 -0.2932 0.7742
vn -0.5609 -0.2178 0.7987
vn -0.6368 0.1224 0.7612
vn -0.5610 0.1258 0.8182
vn -0.6369 0.4215 0.6456
vn -0.5608 0.6457 0.5181
vn -0.6367 0.3485 0.6878
vn -0.6368 0.5980 0.4866
vn -0.5609 0.8006 0.2107
vn -0.5609 0.8171 -0.1332
vn -0.6368 0.7443 0.2013
vn -0.5609 0.8006 -0.2107
vn -0.6368 0.5981 -0.4867
vn -0.5609 0.6457 -0.5182
vn -0.6367 0.3485 -0.6879
vn -0.6368 0.4214 -0.6456
vn -0.5609 0.1258 -0.8182
vn -0.5609 -0.2178 -0.7987
vn -0.6368 0.1224 -0.7612
vn -0.6368 -0.1977 -0.7452
vn -0.5609 -0.5239 -0.6411
vn -0.5609 -0.7393 -0.3726
vn -0.6368 -0.4838 -0.6004
vn -0.6368 -0.6861 -0.3517
vn -0.5609 -0.8269 -0.0396
vn 0.9486 -0.0000 0.3164
vn 0.6849 -0.0000 0.7286
vn 0.6847 -0.1265 0.7178
vn 0.9206 -0.0737 0.3836
vn 0.8397 -0.0000 0.5430
vn 0.8396 -0.1315 0.5271
vn 0.9499 -0.0542 0.3078
vn 0.9500 -0.0000 0.3124
vn 0.9981 -0.0000 0.0617
vn 0.9981 -0.0149 0.0599
vn 0.9973 0.0154 -0.0724
vn 0.9924 -0.0000 -0.1232
vn 0.9008 -0.1648 0.4017
vn 0.8329 -0.2364 0.5004
vn 0.9499 -0.1271 0.2854
vn 0.9981 -0.0251 0.0563
vn 0.9829 0.0383 -0.1802
vn 0.9957 0.0376 -0.0845
vn 0.9829 0.0749 -0.1683
vn 0.9205 -0.2185 0.3240
vn 0.8445 -0.3220 0.4280
vn 0.9615 -0.1636 0.2208
vn 0.9986 -0.0296 0.0439
vn 0.9957 0.0543 -0.0748
vn 0.9829 0.1083 -0.1490
vn 0.6847 -0.4488 0.5743
vn 0.7868 -0.4616 0.4098
vn 0.9067 -0.3117 0.2841
vn 0.8397 -0.4035 0.3634
vn 0.9408 -0.2532 0.2254
vn 0.9973 -0.0532 0.0514
vn 0.9969 0.0570 -0.0551
vn 0.6020 -0.6931 0.3966
vn 0.9206 -0.3420 0.1886
vn 0.8396 -0.4606 0.2879
vn 0.9499 -0.2760 0.1467
vn 0.9986 -0.0449 0.0281
vn 0.9924 0.1067 -0.0616
vn 0.9206 -0.3738 0.1134
vn 0.8396 -0.5104 0.1859
vn 0.9499 -0.3004 0.0861
vn 0.9973 -0.0695 0.0253
vn 0.9981 0.0586 -0.0190
vn 0.9829 0.1752 -0.0569
vn 0.9829 0.1595 -0.0921
vn 0.9486 -0.3146 0.0331
vn 0.8349 -0.5466 0.0649
vn 0.9499 -0.3118 0.0218
vn 0.9981 -0.0611 0.0086
vn 0.9957 0.0916 -0.0129
vn 0.9829 0.1839 -0.0128
vn 0.6849 -0.7246 0.0762
vn 0.6847 -0.7271 -0.0508
vn 0.9206 -0.3892 -0.0332
vn 0.8445 -0.5317 -0.0648
vn 0.9615 -0.2730 -0.0313
vn 0.9981 -0.0615 -0.0043
vn 0.9957 0.0923 0.0065
vn 0.6847 -0.7006 -0.2008
vn 0.9206 -0.3738 -0.1134
vn 0.8396 -0.5104 -0.1858
vn 0.9499 -0.2991 -0.0903
vn 0.9986 -0.0509 -0.0146
vn 0.9938 0.1068 0.0306
vn 0.9068 -0.3639 -0.2130
vn 0.8397 -0.4702 -0.2715
vn 0.9408 -0.2926 -0.1711
vn 0.9981 -0.0545 -0.0290
vn 0.9829 0.1732 0.0631
vn 0.9944 0.0915 0.0529
vn 0.9829 0.1595 0.0921
vn 0.9205 -0.2810 -0.2714
vn 0.8396 -0.4162 -0.3491
vn 0.9369 -0.2527 -0.2416
vn 0.9975 -0.0524 -0.0471
vn 0.9973 0.0550 0.0495
vn 0.9829 0.1369 0.1233
vn 0.6847 -0.5584 -0.4684
vn 0.6847 -0.4488 -0.5743
vn 0.9205 -0.2185 -0.3239
vn 0.8445 -0.3220 -0.4280
vn 0.9684 -0.1467 -0.2019
vn 0.9988 -0.0290 -0.0399
vn 0.9957 0.0570 0.0729
vn 0.6020 -0.3276 -0.7282
vn 0.9205 -0.1463 -0.3623
vn 0.8329 -0.2364 -0.5003
vn 0.9275 -0.1521 -0.3416
vn 0.9966 -0.0334 -0.0751
vn 0.9957 0.0376 0.0845
vn 0.9009 -0.0777 -0.4271
vn 0.8396 -0.1315 -0.5270
vn 0.9583 -0.0520 -0.2808
vn 0.9988 -0.0103 -0.0482
vn 0.9973 0.0154 0.0724
vn 0.9829 0.0383 0.1802
vn 0.9829 0.0749 0.1683
vn 0.9333 0.0091 -0.3589
vn 0.8445 -0.0089 -0.5355
vn 0.9500 -0.0000 -0.3123
vn 0.9981 -0.0000 -0.0616
vn 0.9924 -0.0000 0.1233
vn 0.9829 -0.0000 0.1842
vn 0.6849 -0.0000 -0.7286
vn 0.6847 0.1265 -0.7178
vn 0.9205 0.0946 -0.3791
vn 0.8329 0.1028 -0.5437
vn 0.9500 0.0649 -0.3055
vn 0.9981 0.0128 -0.0603
vn 0.9981 -0.0128 0.0603
vn 0.6847 0.2730 -0.6758
vn 0.9205 0.1713 -0.3511
vn 0.8396 0.2034 -0.5036
vn 0.9369 0.1517 -0.3150
vn 0.9975 0.0287 -0.0643
vn 0.9944 -0.0430 0.0966
vn 0.9206 0.2295 -0.3159
vn 0.8398 0.3191 -0.4392
vn 0.9684 0.1467 -0.2018
vn 0.9988 0.0290 -0.0399
vn 0.9957 -0.0570 0.0729
vn 0.9829 -0.1030 0.1529
vn 0.9829 -0.0749 0.1683
vn 0.9205 0.2810 -0.2714
vn 0.8396 0.4162 -0.3491
vn 0.9369 0.2527 -0.2416
vn 0.9975 0.0524 -0.0471
vn 0.9973 -0.0550 0.0495
vn 0.9829 -0.1369 0.1233
vn 0.6847 0.5584 -0.4684
vn 0.6847 0.6436 -0.3421
vn 0.9068 0.3639 -0.2130
vn 0.8398 0.4702 -0.2715
vn 0.9408 0.2926 -0.1711
vn 0.9981 0.0545 -0.0289
vn 0.9944 -0.0915 0.0529
vn 0.6847 0.7006 -0.2008
vn 0.9206 0.3738 -0.1134
vn 0.8396 0.5104 -0.1858
vn 0.9499 0.2991 -0.0903
vn 0.9986 0.0509 -0.0146
vn 0.9938 -0.1068 0.0306
vn 0.9206 0.3892 -0.0331
vn 0.8445 0.5317 -0.0648
vn 0.9615 0.2730 -0.0313
vn 0.9981 0.0615 -0.0043
vn 0.9957 -0.0923 0.0065
vn 0.9829 -0.1825 0.0257
vn 0.9829 -0.1732 0.0631
vn 0.9486 0.3146 0.0331
vn 0.8349 0.5466 0.0649
vn 0.9499 0.3118 0.0218
vn 0.9981 0.0611 0.0086
vn 0.9957 -0.0916 -0.0129
vn 0.9829 -0.1839 -0.0128
vn 0.6849 0.7246 0.0762
vn 0.6847 0.7006 0.2009
vn 0.9206 0.3738 0.1134
vn 0.8396 0.5104 0.1858
vn 0.9499 0.3005 0.0862
vn 0.9973 0.0695 0.0253
vn 0.9981 -0.0586 -0.0190
vn 0.6020 0.6931 0.3965
vn 0.9206 0.3420 0.1886
vn 0.8396 0.4606 0.2879
vn 0.9499 0.2760 0.1467
vn 0.9986 0.0449 0.0281
vn 0.9924 -0.1067 -0.0616
vn 0.9067 0.3117 0.2841
vn 0.8397 0.4035 0.3634
vn 0.9408 0.2532 0.2254
vn 0.9973 0.0532 0.0514
vn 0.9969 -0.0570 -0.0551
vn 0.9829 -0.1412 -0.1184
vn 0.9829 -0.1595 -0.0921
vn 0.9205 0.2185 0.3240
vn 0.8445 0.3220 0.4280
vn 0.9615 0.1636 0.2208
vn 0.9986 0.0296 0.0439
vn 0.9957 -0.0544 -0.0748
vn 0.9829 -0.1083 -0.1490
vn 0.6848 0.4135 0.6001
vn 0.7595 0.2475 0.6016
vn 0.9206 0.1589 0.3568
vn 0.8349 0.2171 0.5058
vn 0.9583 0.1230 0.2578
vn 0.9981 0.0251 0.0563
vn 0.9957 -0.0376 -0.0845
vn 0.9067 0.0902 0.4120
vn 0.8397 0.1129 0.5312
vn 0.9408 0.0686 0.3320
vn 0.9981 0.0149 0.0599
vn 0.9973 -0.0154 -0.0724
vn 0.9829 -0.0383 -0.1802
vn 0.9829 -0.0749 -0.1683
vn 0.9829 -0.0000 -0.1842
vn 0.6847 0.1265 0.7178
vn 0.6848 0.5292 0.5010
vn 0.9829 -0.1752 -0.0569
vn 0.6847 0.7271 -0.0508
vn 0.9829 -0.1595 0.0921
vn 0.6849 0.4283 -0.5894
vn 0.9829 -0.0383 0.1802
vn 0.7596 -0.1170 -0.6398
vn 0.9829 0.1031 0.1528
vn 0.6847 -0.6436 -0.3421
vn 0.9829 0.1825 0.0257
vn 0.6847 -0.7006 0.2009
vn 0.9829 0.1412 -0.1184
vn 0.6849 -0.2963 0.6656
vn -0.1023 -0.1726 0.9797
vn -0.0369 -0.2078 0.9775
vn -0.0493 -0.0000 0.9988
vn -0.1021 -0.0000 0.9948
vn 0.0393 -0.0000 0.9992
vn 0.0315 -0.2283 0.9731
vn 0.0883 -0.2217 0.9711
vn 0.0937 -0.0000 0.9956
vn -0.1064 -0.3907 0.9143
vn -0.6468 -0.1846 0.7400
vn -0.6471 -0.3101 0.6965
vn -0.0317 -0.4202 0.9069
vn 0.0525 -0.4062 0.9123
vn 0.0899 -0.4051 0.9098
vn -0.5746 -0.4768 0.6652
vn -0.0966 -0.5679 0.8174
vn 0.0338 -0.5995 0.7997
vn -0.0444 -0.6040 0.7957
vn 0.0899 -0.5568 0.8257
vn -0.1023 -0.7155 0.6911
vn -0.0369 -0.7426 0.6687
vn 0.0394 -0.7655 0.6422
vn 0.0915 -0.7299 0.6774
vn -0.1063 -0.8535 0.5101
vn -0.0317 -0.8730 0.4867
vn 0.0473 -0.8753 0.4812
vn 0.0877 -0.8520 0.5161
vn -0.5746 -0.7800 0.2479
vn -0.0966 -0.9399 0.3275
vn -0.7388 -0.5872 0.3306
vn -0.0444 -0.9564 0.2887
vn 0.0338 -0.9550 0.2946
vn 0.0899 -0.9358 0.3407
vn -0.1024 -0.9851 0.1385
vn -0.6468 -0.7608 0.0531
vn -0.0369 -0.9938 0.1045
vn 0.0394 -0.9968 0.0696
vn 0.0915 -0.9887 0.1190
vn -0.1021 -0.9893 -0.1040
vn -0.0296 -0.9961 -0.0836
vn 0.0315 -0.9916 -0.1254
vn 0.0884 -0.9890 -0.1190
vn -0.0317 -0.9551 -0.2946
vn -0.0966 -0.9399 -0.3275
vn 0.0473 -0.9563 -0.2887
vn 0.0899 -0.9358 -0.3407
vn -0.1021 -0.8615 -0.4974
vn -0.5746 -0.7768 -0.2579
vn -0.6468 -0.6467 -0.4042
vn 0.0395 -0.8823 -0.4690
vn -0.0369 -0.8654 -0.4997
vn 0.0899 -0.8446 -0.5279
vn -0.1021 -0.7393 -0.6656
vn -0.6468 -0.5486 -0.5299
vn -0.0369 -0.7426 -0.6687
vn 0.0394 -0.7655 -0.6422
vn 0.0899 -0.7163 -0.6919
vn -0.0369 -0.5874 -0.8085
vn -0.1024 -0.5846 -0.8049
vn 0.0451 -0.5993 -0.7993
vn 0.0922 -0.5682 -0.8177
vn -0.0493 -0.4062 -0.9124
vn -0.1079 -0.4233 -0.8995
vn 0.0338 -0.3928 -0.9190
vn 0.0877 -0.4242 -0.9013
vn -0.1021 -0.2068 -0.9730
vn -0.6468 -0.2856 -0.7072
vn -0.6470 -0.1585 -0.7458
vn -0.0296 -0.2283 -0.9731
vn 0.0316 -0.1872 -0.9818
vn 0.0884 -0.2217 -0.9711
vn -0.7139 -0.0176 -0.7001
vn -0.1079 0.0209 -0.9939
vn -0.0369 -0.0000 -0.9993
vn 0.0473 -0.0209 -0.9987
vn 0.0916 0.0150 -0.9957
vn -0.0982 0.2215 -0.9702
vn -0.0296 0.2283 -0.9731
vn 0.0394 0.1734 -0.9841
vn 0.0899 0.2411 -0.9663
vn -0.0443 0.3871 -0.9210
vn -0.1022 0.4362 -0.8940
vn 0.0338 0.3928 -0.9190
vn 0.0899 0.4367 -0.8951
vn -0.6468 0.4264 -0.6323
vn -0.1079 0.6011 -0.7919
vn -0.6468 0.2856 -0.7072
vn -0.0422 0.5751 -0.8170
vn 0.0451 0.5993 -0.7993
vn 0.0899 0.5854 -0.8057
vn -0.6468 0.5486 -0.5299
vn -0.1021 0.7393 -0.6656
vn -0.0369 0.7426 -0.6687
vn 0.0394 0.7655 -0.6422
vn 0.0899 0.7163 -0.6919
vn -0.1021 0.8615 -0.4974
vn -0.0369 0.8654 -0.4997
vn 0.0394 0.8823 -0.4690
vn 0.0899 0.8446 -0.5279
vn -0.0966 0.9399 -0.3275
vn -0.0317 0.9551 -0.2946
vn 0.0473 0.9563 -0.2887
vn 0.0899 0.9358 -0.3407
vn -0.1021 0.9893 -0.1040
vn -0.5746 0.7767 -0.2579
vn -0.7388 0.6694 -0.0777
vn -0.0296 0.9961 -0.0836
vn 0.0315 0.9916 -0.1254
vn 0.0884 0.9890 -0.1190
vn -0.7139 0.6981 0.0557
vn -0.1022 0.9851 0.1386
vn -0.0369 0.9938 0.1045
vn 0.0394 0.9968 0.0696
vn 0.0915 0.9887 0.1190
vn -0.0493 0.9499 0.3086
vn -0.1021 0.9461 0.3074
vn 0.0338 0.9550 0.2946
vn 0.0899 0.9358 0.3407
vn -0.1021 0.8615 0.4974
vn -0.0247 0.8658 0.4998
vn 0.0525 0.8648 0.4993
vn 0.0899 0.8625 0.4980
vn -0.7139 0.5320 0.4554
vn -0.1023 0.7155 0.6911
vn -0.7388 0.5872 0.3306
vn -0.0369 0.7426 0.6687
vn 0.0315 0.7567 0.6530
vn 0.0883 0.7502 0.6553
vn -0.5746 0.4768 0.6652
vn -0.1021 0.5847 0.8048
vn 0.0393 0.5873 0.8084
vn -0.0493 0.5871 0.8080
vn 0.0922 0.6021 0.7931
vn -0.1064 0.4180 0.9022
vn -0.0317 0.3928 0.9191
vn 0.0473 0.3871 0.9208
vn 0.0899 0.4367 0.8951
vn -0.6468 0.1846 0.7400
vn -0.0983 0.1923 0.9764
vn -0.6471 0.3101 0.6965
vn 0.0315 0.2283 0.9731
vn -0.0296 0.1872 0.9819
vn 0.0883 0.2217 0.9711
vn -0.6470 -0.0000 0.7625
vn -0.4728 0.8380 0.2723
vn -0.6468 0.6467 -0.4042
vn -0.5444 0.1504 -0.8253
vn -0.6468 -0.4264 -0.6323
vn -0.7388 -0.6694 -0.0777
vn -0.7139 -0.5320 0.4554
vn -0.9825 -0.0387 0.1822
vn -0.8999 -0.0907 0.4266
vn -0.9299 -0.0000 0.3679
vn -0.9825 -0.0000 0.1863
vn -0.9254 -0.0727 0.3719
vn -0.9006 -0.0000 0.4346
vn -0.9974 -0.0293 0.0658
vn -0.9779 -0.0908 0.1884
vn -0.9974 -0.0150 0.0705
vn -0.9166 -0.1627 0.3653
vn -0.9243 -0.1495 0.3513
vn -0.9854 -0.1036 0.1349
vn -0.9974 -0.0424 0.0583
vn -0.9154 -0.2250 0.3337
vn -0.9164 -0.2464 0.3153
vn -0.9155 -0.2990 0.2692
vn -0.9865 -0.1226 0.1083
vn -0.9166 -0.2972 0.2676
vn -0.9793 -0.1760 0.1003
vn -0.9062 -0.3713 0.2021
vn -0.9165 -0.3393 0.2120
vn -0.9974 -0.0678 0.0246
vn -0.9825 -0.1792 0.0513
vn -0.9974 -0.0612 0.0382
vn -0.9165 -0.3760 0.1369
vn -0.9155 -0.3838 0.1209
vn -0.9974 -0.0715 0.0100
vn -0.9825 -0.1860 0.0130
vn -0.9165 -0.3962 0.0557
vn -0.9155 -0.4005 0.0385
vn -0.9155 -0.3998 -0.0456
vn -0.9825 -0.1846 -0.0260
vn -0.9165 -0.3992 -0.0279
vn -0.9242 -0.3650 -0.1120
vn -0.9825 -0.1752 -0.0638
vn -0.9099 -0.3959 -0.1240
vn -0.9974 -0.0637 -0.0339
vn -0.9865 -0.1409 -0.0831
vn -0.9974 -0.0693 -0.0199
vn -0.9155 -0.3484 -0.2012
vn -0.9254 -0.3312 -0.1841
vn -0.9974 -0.0552 -0.0464
vn -0.9825 -0.1411 -0.1218
vn -0.9164 -0.3065 -0.2572
vn -0.9154 -0.2895 -0.2797
vn -0.9825 -0.1128 -0.1484
vn -0.9154 -0.2250 -0.3338
vn -0.9164 -0.2464 -0.3153
vn -0.9746 -0.0911 -0.2047
vn -0.9062 -0.1622 -0.3904
vn -0.9164 -0.1754 -0.3597
vn -0.9889 -0.0308 -0.1451
vn -0.9974 -0.0293 -0.0659
vn -0.9974 -0.0150 -0.0706
vn -0.9165 -0.0832 -0.3912
vn -0.9298 -0.0765 -0.3599
vn -0.9974 -0.0000 -0.0721
vn -0.9746 -0.0000 -0.2241
vn -0.8999 -0.0000 -0.4362
vn -0.9165 -0.0000 -0.4000
vn -0.9298 0.0765 -0.3599
vn -0.9889 0.0308 -0.1451
vn -0.9165 0.0832 -0.3912
vn -0.9746 0.0911 -0.2047
vn -0.9062 0.1622 -0.3905
vn -0.9164 0.1754 -0.3597
vn -0.9865 0.0949 -0.1332
vn -0.9974 0.0293 -0.0659
vn -0.9974 0.0444 -0.0569
vn -0.9218 0.2217 -0.3181
vn -0.9164 0.2464 -0.3153
vn -0.9793 0.1498 -0.1363
vn -0.9974 0.0553 -0.0464
vn -0.9062 0.3070 -0.2908
vn -0.9164 0.3065 -0.2572
vn -0.9155 0.3484 -0.2012
vn -0.9865 0.1409 -0.0831
vn -0.9254 0.3312 -0.1841
vn -0.9825 0.1752 -0.0638
vn -0.9242 0.3650 -0.1120
vn -0.9099 0.3959 -0.1240
vn -0.9825 0.1846 -0.0260
vn -0.9974 0.0693 -0.0199
vn -0.9974 0.0720 -0.0051
vn -0.9155 0.3998 -0.0456
vn -0.9165 0.3992 -0.0279
vn -0.9825 0.1860 0.0130
vn -0.9974 0.0714 0.0100
vn -0.9155 0.4005 0.0385
vn -0.9071 0.4174 0.0545
vn -0.9825 0.1792 0.0513
vn -0.9155 0.3838 0.1209
vn -0.9229 0.3638 0.1261
vn -0.9825 0.1646 0.0875
vn -0.9155 0.3502 0.1980
vn -0.9165 0.3393 0.2120
vn -0.9825 0.1428 0.1198
vn -0.9974 0.0612 0.0382
vn -0.9974 0.0519 0.0501
vn -0.9155 0.3014 0.2665
vn -0.9071 0.3056 0.2894
vn -0.9854 0.1036 0.1349
vn -0.9974 0.0424 0.0583
vn -0.9090 0.2414 0.3399
vn -0.9254 0.2277 0.3028
vn -0.9779 0.0908 0.1884
vn -0.9243 0.1495 0.3513
vn -0.9165 0.1627 0.3654
vn -0.9825 0.0387 0.1822
vn -0.9974 0.0293 0.0658
vn -0.9974 0.0150 0.0705
vn -0.8999 0.0907 0.4266
vn -0.9254 0.0727 0.3719
vn -0.9974 -0.0000 0.0721
vn -0.9974 0.0678 0.0246
vn -0.9974 0.0637 -0.0339
vn -0.9974 0.0150 -0.0706
vn -0.9974 -0.0444 -0.0569
vn -0.9974 -0.0720 -0.0051
vn -0.9974 -0.0519 0.0501
s 1
g off
g llantas.001_grey
usemtl grey
f 3//1 4//2 1//3
f 1//3 2//4 3//1
f 6//5 7//6 5//7
f 5//7 1//3 6//5
f 8//8 9//9 10//10
f 8//8 10//10 11//11
f 12//12 5//7 7//6
f 6//5 1//3 4//2
f 5//7 13//13 2//4
f 2//4 1//3 5//7
f 10//10 7//6 6//5
f 6//5 11//11 10//10
f 16//14 14//15 15//16
f 15//16 12//12 16//14
f 3//1 17//17 18//18
f 3//1 18//18 4//2
f 18//18 8//8 11//11
f 9//9 16//14 10//10
f 18//18 11//11 6//5
f 4//2 18//18 6//5
f 7//6 10//10 16//14
f 16//14 12//12 7//6
f 5//7 12//12 15//16
f 15//16 13//13 5//7
f 9//9 19//19 14//15
f 9//9 14//15 16//14
f 17//17 20//20 8//8
f 18//18 17//17 8//8
s 2
f 22//21 23//22 24//23
f 21//24 22//21 24//23
f 25//25 26//26 27//27
f 25//25 27//27 28//28
f 32//29 29//30 30//31
f 30//31 31//32 32//29
f 33//33 34//34 35//35
f 32//29 33//33 35//35
f 25//25 36//36 37//37
f 24//23 25//25 37//37
f 29//30 32//29 35//35
f 34//34 33//33 38//38
f 22//21 21//24 38//38
f 39//39 22//21 38//38
f 30//31 29//30 28//28
f 27//27 30//31 28//28
f 36//36 35//35 34//34
f 34//34 37//37 36//36
f 32//29 31//32 40//40
f 40//40 33//33 32//29
f 21//24 24//23 37//37
f 25//25 28//28 36//36
f 21//24 37//37 34//34
f 38//38 21//24 34//34
f 35//35 36//36 28//28
f 28//28 29//30 35//35
f 39//39 38//38 33//33
f 33//33 40//40 39//39
s 3
f 43//41 44//42 41//43
f 41//43 42//1 43//41
f 41//43 46//44 47//45
f 45//46 41//43 47//45
f 49//47 50//48 51//49
f 48//50 49//47 51//49
f 52//51 45//46 47//45
f 46//44 41//43 44//42
f 53//52 42//1 41//43
f 53//52 41//43 45//46
f 50//48 47//45 46//44
f 46//44 51//49 50//48
f 54//53 55//54 52//51
f 54//53 52//51 56//55
f 44//42 43//41 57//56
f 57//56 58//57 44//42
f 58//57 48//50 51//49
f 49//47 56//55 50//48
f 58//57 51//49 46//44
f 44//42 58//57 46//44
f 47//45 50//48 56//55
f 56//55 52//51 47//45
f 45//46 52//51 55//54
f 55//54 53//52 45//46
f 49//47 59//58 54//53
f 49//47 54//53 56//55
f 57//56 60//59 48//50
f 58//57 57//56 48//50
s 4
f 63//60 64//61 61//62
f 61//62 62//63 63//60
f 65//64 66//65 67//66
f 65//64 67//66 68//67
f 72//68 69//69 70//70
f 70//70 71//71 72//68
f 74//72 75//73 72//68
f 72//68 73//74 74//72
f 65//64 76//75 77//76
f 64//61 65//64 77//76
f 69//69 72//68 75//73
f 74//72 73//74 78//77
f 62//63 61//62 78//77
f 79//78 62//63 78//77
f 70//70 69//69 68//67
f 67//66 70//70 68//67
f 75//73 74//72 77//76
f 77//76 76//75 75//73
f 71//71 80//79 73//74
f 71//71 73//74 72//68
f 61//62 64//61 77//76
f 65//64 68//67 76//75
f 61//62 77//76 74//72
f 78//77 61//62 74//72
f 75//73 76//75 68//67
f 68//67 69//69 75//73
f 79//78 78//77 73//74
f 73//74 80//79 79//78
s 5
f 82//80 83//81 84//82
f 81//83 82//80 84//82
f 85//84 86//85 87//86
f 85//84 87//86 88//87
f 92//88 89//89 90//90
f 90//90 91//91 92//88
f 93//92 94//93 95//94
f 92//88 93//92 95//94
f 96//95 97//96 84//82
f 84//82 85//84 96//95
f 89//89 92//88 95//94
f 94//93 93//92 98//97
f 98//97 99//98 82//80
f 82//80 81//83 98//97
f 90//90 89//89 88//87
f 87//86 90//90 88//87
f 95//94 94//93 97//96
f 97//96 96//95 95//94
f 91//91 100//99 93//92
f 91//91 93//92 92//88
f 81//83 84//82 97//96
f 85//84 88//87 96//95
f 81//83 97//96 94//93
f 98//97 81//83 94//93
f 95//94 96//95 88//87
f 88//87 89//89 95//94
f 99//98 98//97 93//92
f 93//92 100//99 99//98
s 6
f 103//100 104//101 101//102
f 101//102 102//103 103//100
f 106//104 107//105 105//106
f 105//106 101//102 106//104
f 110//107 111//108 108//109
f 108//109 109//110 110//107
f 112//111 105//106 107//105
f 106//104 101//102 104//101
f 102//103 101//102 105//106
f 113//112 102//103 105//106
f 110//107 107//105 106//104
f 106//104 111//108 110//107
f 114//113 115//114 112//111
f 114//113 112//111 116//115
f 118//116 104//101 103//100
f 103//100 117//117 118//116
f 118//116 108//109 111//108
f 109//110 116//115 110//107
f 118//116 111//108 106//104
f 104//101 118//116 106//104
f 107//105 110//107 116//115
f 116//115 112//111 107//105
f 105//106 112//111 115//114
f 115//114 113//112 105//106
f 109//110 119//118 114//113
f 109//110 114//113 116//115
f 117//117 120//119 108//109
f 118//116 117//117 108//109
s 7
f 122//120 123//121 124//122
f 121//123 122//120 124//122
f 125//124 126//125 127//126
f 125//124 127//126 128//127
f 132//128 129//129 130//130
f 130//130 131//131 132//128
f 134//132 135//133 132//128
f 132//128 133//134 134//132
f 136//135 137//136 124//122
f 124//122 125//124 136//135
f 129//129 132//128 135//133
f 134//132 133//134 138//137
f 138//137 139//138 122//120
f 122//120 121//123 138//137
f 127//126 130//130 129//129
f 127//126 129//129 128//127
f 135//133 134//132 137//136
f 137//136 136//135 135//133
f 131//131 140//139 133//134
f 131//131 133//134 132//128
f 121//123 124//122 137//136
f 125//124 128//127 136//135
f 121//123 137//136 134//132
f 138//137 121//123 134//132
f 135//133 136//135 128//127
f 128//127 129//129 135//133
f 139//138 138//137 133//134
f 133//134 140//139 139//138
s 8
f 143//140 144//141 141//142
f 141//142 142//143 143//140
f 141//142 146//144 147//145
f 145//146 141//142 147//145
f 149//147 150//148 151//149
f 148//150 149//147 151//149
f 152//151 145//146 147//145
f 146//144 141//142 144//141
f 145//146 153//152 142//143
f 142//143 141//142 145//146
f 147//145 146//144 151//149
f 151//149 150//148 147//145
f 154//153 155//154 152//151
f 154//153 152//151 156//155
f 144//141 143//140 157//156
f 157//156 158//157 144//141
f 158//157 148//150 151//149
f 149//147 156//155 150//148
f 158//157 151//149 146//144
f 144//141 158//157 146//144
f 147//145 150//148 156//155
f 156//155 152//151 147//145
f 145//146 152//151 155//154
f 155//154 153//152 145//146
f 149//147 159//158 154//153
f 149//147 154//153 156//155
f 157//156 160//159 148//150
f 158//157 157//156 148//150
s 9
f 162//160 163//161 164//162
f 161//163 162//160 164//162
f 165//164 166//165 167//166
f 165//164 167//166 168//167
f 172//168 169//169 170//170
f 170//170 171//171 172//168
f 173//172 174//173 175//174
f 172//168 173//172 175//174
f 165//164 176//175 177//176
f 164//162 165//164 177//176
f 169//169 172//168 175//174
f 174//173 173//172 178//177
f 178//177 179//178 162//160
f 162//160 161//163 178//177
f 167//166 170//170 169//169
f 167//166 169//169 168//167
f 176//175 175//174 174//173
f 174//173 177//176 176//175
f 171//171 180//179 173//172
f 171//171 173//172 172//168
f 161//163 164//162 177//176
f 165//164 168//167 176//175
f 161//163 177//176 174//173
f 178//177 161//163 174//173
f 175//174 176//175 168//167
f 168//167 169//169 175//174
f 179//178 178//177 173//172
f 173//172 180//179 179//178
s 10
f 183//180 184//181 181//182
f 181//182 182//183 183//180
f 181//182 186//184 187//185
f 185//186 181//182 187//185
f 191//187 188//188 189//189
f 189//189 190//190 191//187
f 192//191 185//186 187//185
f 186//184 181//182 184//181
f 193//192 182//183 181//182
f 193//192 181//182 185//186
f 190//190 187//185 186//184
f 186//184 191//187 190//190
f 196//193 194//194 195//152
f 195//152 192//191 196//193
f 184//181 183//180 197//195
f 197//195 198//196 184//181
f 198//196 188//188 191//187
f 189//189 196//193 190//190
f 198//196 191//187 186//184
f 184//181 198//196 186//184
f 187//185 190//190 196//193
f 196//193 192//191 187//185
f 185//186 192//191 195//152
f 195//152 193//192 185//186
f 196//193 189//189 199//197
f 199//197 194//194 196//193
f 197//195 200//198 188//188
f 198//196 197//195 188//188
s 11
f 202//199 203//200 204//201
f 201//202 202//199 204//201
f 205//203 206//204 207//205
f 205//203 207//205 208//206
f 212//207 209//208 210//209
f 210//209 211//210 212//207
f 214//211 215//212 212//207
f 212//207 213//213 214//211
f 205//203 216//214 217//215
f 204//201 205//203 217//215
f 209//208 212//207 215//212
f 214//211 213//213 218//216
f 219//217 202//199 201//202
f 219//217 201//202 218//216
f 208//206 207//205 210//209
f 210//209 209//208 208//206
f 215//212 214//211 217//215
f 217//215 216//214 215//212
f 212//207 211//210 220//218
f 220//218 213//213 212//207
f 201//202 204//201 217//215
f 205//203 208//206 216//214
f 201//202 217//215 214//211
f 218//216 201//202 214//211
f 215//212 216//214 208//206
f 208//206 209//208 215//212
f 219//217 218//216 213//213
f 213//213 220//218 219//217
s 12
f 223//219 224//220 221//221
f 221//221 222//222 223//219
f 226//223 227//224 225//225
f 225//225 221//221 226//223
f 231//226 228//227 229//228
f 229//228 230//229 231//226
f 232//230 225//225 227//224
f 226//223 221//221 224//220
f 225//225 233//231 222//222
f 222//222 221//221 225//225
f 227//224 226//223 231//226
f 231//226 230//229 227//224
f 236//232 234//233 235//234
f 235//234 232//230 236//232
f 223//219 237//235 238//236
f 223//219 238//236 224//220
f 238//236 228//227 231//226
f 229//228 236//232 230//229
f 238//236 231//226 226//223
f 224//220 238//236 226//223
f 227//224 230//229 236//232
f 236//232 232//230 227//224
f 225//225 232//230 235//234
f 235//234 233//231 225//225
f 229//228 239//237 234//233
f 229//228 234//233 236//232
f 237//235 240//238 228//227
f 238//236 237//235 228//227
s 13
f 242//239 243//240 244//241
f 241//242 242//239 244//241
f 245//243 246//244 247//245
f 245//243 247//245 248//246
f 252//247 249//248 250//210
f 250//210 251//249 252//247
f 254//250 255//251 252//247
f 252//247 253//252 254//250
f 244//241 245//243 256//253
f 244//241 256//253 257//254
f 249//248 252//247 255//251
f 254//250 253//252 258//255
f 258//255 259//256 242//239
f 242//239 241//242 258//255
f 248//246 247//245 250//210
f 250//210 249//248 248//246
f 256//253 255//251 254//250
f 254//250 257//254 256//253
f 252//247 251//249 260//257
f 260//257 253//252 252//247
f 241//242 244//241 257//254
f 245//243 248//246 256//253
f 241//242 257//254 254//250
f 258//255 241//242 254//250
f 255//251 256//253 248//246
f 248//246 249//248 255//251
f 259//256 258//255 253//252
f 253//252 260//257 259//256
s 14
f 263//258 264//259 261//260
f 261//260 262//219 263//258
f 261//260 266//261 267//262
f 265//263 261//260 267//262
f 268//264 269//265 270//266
f 268//264 270//266 271//267
f 272//268 265//263 267//262
f 266//261 261//260 264//259
f 273//16 262//219 261//260
f 273//16 261//260 265//263
f 270//266 267//262 266//261
f 266//261 271//267 270//266
f 274//269 275//231 272//268
f 274//269 272//268 276//270
f 263//258 277//271 278//272
f 263//258 278//272 264//259
f 278//272 268//264 271//267
f 269//265 276//270 270//266
f 278//272 271//267 266//261
f 264//259 278//272 266//261
f 267//262 270//266 276//270
f 276//270 272//268 267//262
f 272//268 275//231 273//16
f 272//268 273//16 265//263
f 269//265 279//273 274//269
f 269//265 274//269 276//270
f 277//271 280//274 268//264
f 278//272 277//271 268//264
s 15
f 282//275 283//276 284//277
f 281//278 282//275 284//277
f 285//279 286//280 287//281
f 285//279 287//281 288//282
f 292//283 289//284 290//249
f 290//249 291//285 292//283
f 294//286 295//287 292//283
f 292//283 293//288 294//286
f 285//279 296//289 297//290
f 284//277 285//279 297//290
f 289//284 292//283 295//287
f 294//286 293//288 298//291
f 282//275 281//278 298//291
f 299//292 282//275 298//291
f 288//282 287//281 290//249
f 290//249 289//284 288//282
f 295//287 294//286 297//290
f 297//290 296//289 295//287
f 293//288 292//283 291//285
f 291//285 300//293 293//288
f 281//278 284//277 297//290
f 285//279 288//282 296//289
f 281//278 297//290 294//286
f 298//291 281//278 294//286
f 295//287 296//289 288//282
f 288//282 289//284 295//287
f 299//292 298//291 293//288
f 293//288 300//293 299//292
s 4
f 63//60 66//65 65//64
f 63//60 65//64 64//61
s 3
f 60//59 59//58 49//47
f 60//59 49//47 48//50
s 2
f 23//22 26//26 25//25
f 23//22 25//25 24//23
s 1
f 20//20 19//19 9//9
f 20//20 9//9 8//8
s 15
f 284//277 283//276 286//280
f 286//280 285//279 284//277
s 14
f 268//264 280//274 279//273
f 279//273 269//265 268//264
s 13
f 243//240 246//244 245//243
f 243//240 245//243 244//241
s 12
f 240//238 239//237 229//228
f 240//238 229//228 228//227
s 11
f 203//200 206//204 205//203
f 203//200 205//203 204//201
s 10
f 188//188 200//198 199//197
f 199//197 189//189 188//188
s 9
f 164//162 163//161 166//165
f 166//165 165//164 164//162
s 8
f 160//159 159//158 149//147
f 160//159 149//147 148//150
s 7
f 123//121 126//125 125//124
f 123//121 125//124 124//122
s 6
f 108//109 120//119 119//118
f 119//118 109//110 108//109
s 5
f 84//82 83//81 86//85
f 86//85 85//84 84//82
s 16
g llantas.001_flgrey
usemtl flgrey
f 332//294 481//295 331//296
f 319//297 321//298 482//299
f 316//300 483//301 315//302
f 303//303 305//304 484//305
f 420//306 485//307 419//308
f 407//309 409//310 486//311
f 404//312 487//313 403//314
f 391//315 393//316 488//317
f 388//318 489//319 387//320
f 375//321 377//322 490//323
f 372//324 491//325 371//326
f 359//327 361//328 492//329
f 356//330 493//331 355//332
f 343//333 345//334 494//335
f 340//336 495//337 339//338
f 338//339 337//340 496//341
f 341//342 497//343 342//344
f 354//345 353//346 498//347
f 357//348 499//349 358//350
f 370//351 369//352 500//353
f 373//354 501//355 374//356
f 386//357 385//358 502//359
f 389//360 503//361 390//362
f 402//363 401//364 504//365
f 405//366 505//367 406//368
f 418//369 417//370 506//371
f 301//372 507//373 302//374
f 314//375 313//376 508//377
f 317//378 509//379 318//380
f 330//381 329//382 510//383
s 17
f 511//384 512//385 513//386
f 514//387 512//385 515//388
f 516//389 512//385 514//387
f 517//390 512//385 518//391
f 519//392 512//385 517//390
f 520//393 512//385 521//394
f 522//395 512//385 520//393
f 523//396 512//385 524//397
f 525//398 512//385 523//396
f 526//399 512//385 527//400
f 528//401 512//385 526//399
f 529//402 512//385 530//403
f 531//404 512//385 529//402
f 532//405 512//385 533//406
f 513//386 512//385 534//407
f 534//407 512//385 532//405
f 533//406 512//385 535//408
f 535//408 512//385 531//404
f 530//403 512//385 536//409
f 536//409 512//385 528//401
f 527//400 512//385 537//410
f 537//410 512//385 525//398
f 524//397 512//385 538//411
f 538//411 512//385 522//395
f 521//394 512//385 539//412
f 539//412 512//385 519//392
f 518//391 512//385 540//413
f 540//413 512//385 516//389
f 515//388 512//385 541//414
f 541//414 512//385 511//384
f 543//415 542//416 541//414
f 541//414 511//384 543//415
f 542//416 544//417 515//388
f 515//388 541//414 542//416
f 516//389 546//418 545//419
f 545//419 540//413 516//389
f 540//413 545//419 547//420
f 547//420 518//391 540//413
f 519//392 549//421 548//422
f 548//422 539//412 519//392
f 539//412 548//422 550//423
f 550//423 521//394 539//412
f 522//395 552//424 551//425
f 551//425 538//411 522//395
f 551//425 553//426 524//397
f 524//397 538//411 551//425
f 555//398 554//427 537//410
f 537//410 525//398 555//398
f 537//410 554//427 556//428
f 556//428 527//400 537//410
f 558//429 557//430 536//409
f 536//409 528//401 558//429
f 557//430 559//431 530//403
f 530//403 536//409 557//430
f 561//432 560//433 535//408
f 535//408 531//404 561//432
f 535//408 560//433 562//434
f 562//434 533//406 535//408
f 564//435 563//436 534//407
f 534//407 532//405 564//435
f 563//436 565//437 513//386
f 513//386 534//407 563//436
f 533//406 562//434 564//435
f 564//435 532//405 533//406
f 566//438 561//432 531//404
f 531//404 529//402 566//438
f 559//431 566//438 529//402
f 529//402 530//403 559//431
f 567//439 558//429 528//401
f 528//401 526//399 567//439
f 556//428 567//439 526//399
f 526//399 527//400 556//428
f 523//396 568//440 555//398
f 555//398 525//398 523//396
f 524//397 553//426 568//440
f 568//440 523//396 524//397
f 520//393 569//441 552//424
f 552//424 522//395 520//393
f 550//423 569//441 520//393
f 520//393 521//394 550//423
f 517//390 570//442 549//421
f 549//421 519//392 517//390
f 518//391 547//420 570//442
f 570//442 517//390 518//391
f 514//387 571//443 546//418
f 546//418 516//389 514//387
f 544//417 571//443 514//387
f 514//387 515//388 544//417
f 565//437 543//415 511//384
f 511//384 513//386 565//437
f 565//437 573//444 572//445
f 572//445 543//415 565//437
f 544//417 575//446 574//447
f 574//447 571//443 544//417
f 574//447 576//448 546//418
f 546//418 571//443 574//447
f 578//449 577//450 570//442
f 570//442 547//420 578//449
f 577//450 579//451 549//421
f 549//421 570//442 577//450
f 581//452 580//453 569//441
f 569//441 550//423 581//452
f 580//453 582//454 552//424
f 552//424 569//441 580//453
f 553//426 584//455 583//456
f 583//456 568//440 553//426
f 583//456 585//457 555//398
f 555//398 568//440 583//456
f 587//458 586//459 567//439
f 567//439 556//428 587//458
f 567//439 586//459 588//460
f 588//460 558//429 567//439
f 590//461 589//462 566//438
f 566//438 559//431 590//461
f 589//462 591//463 561//432
f 561//432 566//438 589//462
f 562//434 593//464 592//465
f 592//465 564//435 562//434
f 594//466 573//444 565//437
f 565//437 563//436 594//466
f 564//435 592//465 594//466
f 594//466 563//436 564//435
f 595//467 593//464 562//434
f 562//434 560//433 595//467
f 561//432 591//463 595//467
f 595//467 560//433 561//432
f 557//430 596//468 590//461
f 590//461 559//431 557//430
f 558//429 588//460 596//468
f 596//468 557//430 558//429
f 554//427 597//469 587//458
f 587//458 556//428 554//427
f 555//398 585//457 597//469
f 597//469 554//427 555//398
f 598//470 584//455 553//426
f 553//426 551//425 598//470
f 552//424 582//454 598//470
f 598//470 551//425 552//424
f 548//422 599//471 581//452
f 581//452 550//423 548//422
f 579//451 599//471 548//422
f 548//422 549//421 579//451
f 545//419 600//472 578//449
f 578//449 547//420 545//419
f 546//418 576//448 600//472
f 600//472 545//419 546//418
f 601//473 575//446 544//417
f 544//417 542//416 601//473
f 543//415 572//445 601//473
f 601//473 542//416 543//415
f 602//474 603//475 604//476
f 602//474 604//476 605//477
f 603//475 606//478 601//473
f 601//473 572//445 603//475
f 601//473 606//478 607//479
f 607//479 575//446 601//473
f 608//480 609//481 607//479
f 608//480 607//479 610//482
f 611//483 612//484 609//481
f 611//483 609//481 608//480
f 612//484 613//485 600//472
f 600//472 576//448 612//484
f 613//485 614//486 578//449
f 578//449 600//472 613//485
f 616//487 614//486 617//488
f 615//489 616//487 617//488
f 618//490 619//491 616//487
f 618//490 616//487 615//489
f 579//451 619//491 620//492
f 620//492 599//471 579//451
f 599//471 620//492 621//493
f 621//493 581//452 599//471
f 623//494 621//493 624//495
f 622//496 623//494 624//495
f 626//497 623//494 622//496
f 625//498 626//497 622//496
f 582//454 626//497 627//499
f 627//499 598//470 582//454
f 627//499 628//500 584//455
f 584//455 598//470 627//499
f 629//501 630//502 628//500
f 629//501 628//500 631//503
f 632//504 633//505 630//502
f 632//504 630//502 629//501
f 633//505 634//506 597//469
f 597//469 585//457 633//505
f 634//506 635//507 587//458
f 587//458 597//469 634//506
f 636//508 637//509 635//507
f 636//508 635//507 638//510
f 639//511 640//512 637//509
f 639//511 637//509 636//508
f 588//460 640//512 641//513
f 641//513 596//468 588//460
f 641//513 642//514 590//461
f 590//461 596//468 641//513
f 644//515 642//514 645//516
f 643//517 644//515 645//516
f 647//518 644//515 643//517
f 646//519 647//518 643//517
f 647//518 648//520 595//467
f 595//467 591//463 647//518
f 595//467 648//520 649//521
f 649//521 593//464 595//467
f 651//522 649//521 652//523
f 650//524 651//522 652//523
f 592//465 651//522 653//525
f 653//525 594//466 592//465
f 605//477 604//476 653//525
f 605//477 653//525 654//526
f 594//466 653//525 604//476
f 604//476 573//444 594//466
f 653//525 651//522 650//524
f 654//526 653//525 650//524
f 649//521 651//522 592//465
f 592//465 593//464 649//521
f 649//521 648//520 655//527
f 652//523 649//521 655//527
f 648//520 647//518 646//519
f 655//527 648//520 646//519
f 589//462 644//515 647//518
f 647//518 591//463 589//462
f 590//461 642//514 644//515
f 644//515 589//462 590//461
f 645//516 642//514 641//513
f 645//516 641//513 656//528
f 641//513 640//512 639//511
f 656//528 641//513 639//511
f 637//509 640//512 588//460
f 588//460 586//459 637//509
f 587//458 635//507 637//509
f 637//509 586//459 587//458
f 638//510 635//507 634//506
f 638//510 634//506 657//529
f 657//529 634//506 633//505
f 657//529 633//505 632//504
f 630//502 633//505 585//457
f 585//457 583//456 630//502
f 584//455 628//500 630//502
f 630//502 583//456 584//455
f 628//500 627//499 658//530
f 631//503 628//500 658//530
f 627//499 626//497 625//498
f 658//530 627//499 625//498
f 580//453 623//494 626//497
f 626//497 582//454 580//453
f 581//452 621//493 623//494
f 623//494 580//453 581//452
f 621//493 620//492 659//531
f 624//495 621//493 659//531
f 620//492 619//491 618//490
f 659//531 620//492 618//490
f 616//487 619//491 579//451
f 579//451 577//450 616//487
f 578//449 614//486 616//487
f 616//487 577//450 578//449
f 617//488 614//486 613//485
f 617//488 613//485 660//532
f 660//532 613//485 612//484
f 660//532 612//484 611//483
f 574//447 609//481 612//484
f 612//484 576//448 574//447
f 607//479 609//481 574//447
f 574//447 575//446 607//479
f 610//482 607//479 606//478
f 610//482 606//478 661//533
f 661//533 606//478 603//475
f 661//533 603//475 602//474
f 604//476 603//475 572//445
f 572//445 573//444 604//476
f 663//534 662//535 661//533
f 661//533 602//474 663//534
f 662//535 664//536 610//482
f 610//482 661//533 662//535
f 611//483 666//537 665//538
f 665//538 660//532 611//483
f 665//538 667//539 617//488
f 617//488 660//532 665//538
f 669//540 668//541 659//531
f 659//531 618//490 669//540
f 668//541 670//542 624//495
f 624//495 659//531 668//541
f 625//498 672//543 671//544
f 671//544 658//530 625//498
f 658//530 671//544 673//545
f 673//545 631//503 658//530
f 675//546 674//547 657//529
f 657//529 632//504 675//546
f 674//547 676//548 638//510
f 638//510 657//529 674//547
f 678//549 677//550 656//528
f 656//528 639//511 678//549
f 677//550 679//551 645//516
f 645//516 656//528 677//550
f 646//519 681//552 680//553
f 680//553 655//527 646//519
f 655//527 680//553 682//554
f 682//554 652//523 655//527
f 650//524 684//555 683//556
f 683//556 654//526 650//524
f 654//526 683//556 685//557
f 685//557 605//477 654//526
f 652//523 682//554 684//555
f 684//555 650//524 652//523
f 686//558 681//552 646//519
f 646//519 643//517 686//558
f 645//516 679//551 686//558
f 686//558 643//517 645//516
f 636//508 687//559 678//549
f 678//549 639//511 636//508
f 638//510 676//548 687//559
f 687//559 636//508 638//510
f 688//560 675//546 632//504
f 632//504 629//501 688//560
f 631//503 673//545 688//560
f 688//560 629//501 631//503
f 622//496 689//561 672//543
f 672//543 625//498 622//496
f 624//495 670//542 689//561
f 689//561 622//496 624//495
f 615//489 690//562 669//540
f 669//540 618//490 615//489
f 617//488 667//539 690//562
f 690//562 615//489 617//488
f 608//480 691//563 666//537
f 666//537 611//483 608//480
f 664//536 691//563 608//480
f 608//480 610//482 664//536
f 685//557 663//534 602//474
f 602//474 605//477 685//557
s 18
f 692//564 693//565 694//566
f 692//564 694//566 695//567
f 685//568 697//569 696//570
f 696//570 663//571 685//568
f 698//572 699//573 696//570
f 698//572 696//570 693//565
f 701//574 699//573 698//572
f 700//575 701//574 698//572
f 702//576 703//577 700//575
f 702//576 700//575 704//578
f 701//574 705//579 691//580
f 691//580 664//581 701//574
f 707//582 703//577 702//576
f 706//583 707//582 702//576
f 705//579 708//584 666//585
f 666//585 691//580 705//579
f 709//586 710//587 708//584
f 709//586 708//584 707//582
f 711//588 712//589 710//587
f 711//588 710//587 709//586
f 714//590 711//588 715//591
f 713//592 714//590 715//591
f 667//593 712//589 716//594
f 716//594 690//595 667//593
f 718//596 714//590 713//592
f 717//597 718//596 713//592
f 690//595 716//594 719//598
f 719//598 669//599 690//595
f 721//600 719//598 718//596
f 720//601 721//600 718//596
f 722//602 723//603 721//600
f 722//602 721//600 720//601
f 725//604 722//602 726//605
f 724//606 725//604 726//605
f 670//607 723//603 727//608
f 727//608 689//609 670//607
f 729//610 725//604 724//606
f 728//611 729//610 724//606
f 727//608 730//612 672//613
f 672//613 689//609 727//608
f 731//614 732//615 730//612
f 731//614 730//612 729//610
f 734//616 732//615 731//614
f 733//617 734//616 731//614
f 735//618 736//619 733//617
f 735//618 733//617 737//620
f 734//616 738//621 688//622
f 688//622 673//623 734//616
f 740//624 736//619 735//618
f 739//625 740//624 735//618
f 738//621 741//626 675//627
f 675//627 688//622 738//621
f 742//628 743//629 741//626
f 742//628 741//626 740//624
f 744//630 745//631 743//629
f 744//630 743//629 742//628
f 747//632 744//630 748//633
f 746//634 747//632 748//633
f 745//631 749//635 687//636
f 687//636 676//637 745//631
f 751//638 747//632 746//634
f 750//639 751//638 746//634
f 749//635 752//640 678//641
f 678//641 687//636 749//635
f 753//642 754//643 752//640
f 753//642 752//640 751//638
f 756//644 754//643 753//642
f 755//645 756//644 753//642
f 758//646 755//645 759//647
f 757//648 758//646 759//647
f 679//649 756//644 760//650
f 760//650 686//651 679//649
f 762//652 758//646 757//648
f 761//653 762//652 757//648
f 686//651 760//650 763//654
f 763//654 681//655 686//651
f 765//656 763//654 762//652
f 764//657 765//656 762//652
f 766//658 767//659 765//656
f 766//658 765//656 764//657
f 769//660 766//658 770//661
f 768//662 769//660 770//661
f 682//663 767//659 771//664
f 771//664 684//665 682//663
f 773//666 771//664 769//660
f 772//667 773//666 769//660
f 694//566 772//667 774//668
f 695//567 694//566 774//668
f 683//669 773//666 697//569
f 697//569 685//568 683//669
f 694//566 697//569 773//666
f 694//566 773//666 772//667
f 684//665 771//664 773//666
f 773//666 683//669 684//665
f 774//668 772//667 769//660
f 774//668 769//660 768//662
f 769//660 771//664 767//659
f 769//660 767//659 766//658
f 680//670 765//656 767//659
f 767//659 682//663 680//670
f 766//658 764//657 775//671
f 770//661 766//658 775//671
f 681//655 763//654 765//656
f 765//656 680//670 681//655
f 764//657 762//652 761//653
f 775//671 764//657 761//653
f 763//654 760//650 758//646
f 762//652 763//654 758//646
f 760//650 756//644 755//645
f 758//646 760//650 755//645
f 754//643 756//644 679//649
f 679//649 677//672 754//643
f 759//647 755//645 753//642
f 759//647 753//642 776//673
f 752//640 754//643 677//672
f 677//672 678//641 752//640
f 776//673 753//642 751//638
f 776//673 751//638 750//639
f 751//638 752//640 749//635
f 751//638 749//635 747//632
f 749//635 745//631 744//630
f 747//632 749//635 744//630
f 743//629 745//631 676//637
f 676//637 674//674 743//629
f 748//633 744//630 742//628
f 748//633 742//628 777//675
f 675//627 741//626 743//629
f 743//629 674//674 675//627
f 777//675 742//628 740//624
f 777//675 740//624 739//625
f 741//626 738//621 736//619
f 740//624 741//626 736//619
f 736//619 738//621 734//616
f 736//619 734//616 733//617
f 671//676 732//615 734//616
f 734//616 673//623 671//676
f 733//617 731//614 778//677
f 737//620 733//617 778//677
f 730//612 732//615 671//676
f 671//676 672//613 730//612
f 778//677 731//614 729//610
f 778//677 729//610 728//611
f 730//612 727//608 725//604
f 729//610 730//612 725//604
f 727//608 723//603 722//602
f 725//604 727//608 722//602
f 668//678 721//600 723//603
f 723//603 670//607 668//678
f 726//605 722//602 720//601
f 726//605 720//601 779//679
f 669//599 719//598 721//600
f 721//600 668//678 669//599
f 779//679 720//601 718//596
f 779//679 718//596 717//597
f 719//598 716//594 714//590
f 718//596 719//598 714//590
f 714//590 716//594 712//589
f 714//590 712//589 711//588
f 710//587 712//589 667//593
f 667//593 665//680 710//587
f 715//591 711//588 709//586
f 715//591 709//586 780//681
f 708//584 710//587 665//680
f 665//680 666//585 708//584
f 780//681 709//586 707//582
f 780//681 707//582 706//583
f 707//582 708//584 705//579
f 707//582 705//579 703//577
f 705//579 701//574 700//575
f 703//577 705//579 700//575
f 699//573 701//574 664//581
f 664//581 662//682 699//573
f 700//575 698//572 781//683
f 704//578 700//575 781//683
f 663//571 696//570 699//573
f 699//573 662//682 663//571
f 698//572 693//565 692//564
f 781//683 698//572 692//564
f 696//570 697//569 694//566
f 693//565 696//570 694//566
s 19
f 692//385 783//684 782//685
f 782//685 781//385 692//385
f 781//385 782//685 784//686
f 784//686 704//385 781//385
f 786//687 785//688 780//385
f 780//385 706//385 786//687
f 785//688 787//689 715//385
f 715//385 780//385 785//688
f 717//385 789//690 788//691
f 788//691 779//385 717//385
f 788//691 790//692 726//385
f 726//385 779//385 788//691
f 728//385 792//693 791//694
f 791//694 778//385 728//385
f 791//694 793//695 737//385
f 737//385 778//385 791//694
f 795//696 794//697 777//385
f 777//385 739//385 795//696
f 794//697 796//698 748//385
f 748//385 777//385 794//697
f 798//699 797//700 776//385
f 776//385 750//385 798//699
f 797//700 799//701 759//385
f 759//385 776//385 797//700
f 801//702 800//703 775//385
f 775//385 761//385 801//702
f 775//385 800//703 802//704
f 802//704 770//385 775//385
f 804//705 803//706 774//385
f 774//385 768//385 804//705
f 774//385 803//706 805//707
f 805//707 695//385 774//385
f 802//704 804//705 768//385
f 768//385 770//385 802//704
f 757//385 806//708 801//702
f 801//702 761//385 757//385
f 759//385 799//701 806//708
f 806//708 757//385 759//385
f 807//709 798//699 750//385
f 750//385 746//385 807//709
f 748//385 796//698 807//709
f 807//709 746//385 748//385
f 735//385 808//710 795//696
f 795//696 739//385 735//385
f 737//385 793//695 808//710
f 808//710 735//385 737//385
f 724//385 809//711 792//693
f 792//693 728//385 724//385
f 790//692 809//711 724//385
f 724//385 726//385 790//692
f 713//385 810//712 789//690
f 789//690 717//385 713//385
f 787//689 810//712 713//385
f 713//385 715//385 787//689
f 702//385 811//713 786//687
f 786//687 706//385 702//385
f 704//385 784//686 811//713
f 811//713 702//385 704//385
f 805//707 783//684 692//385
f 692//385 695//385 805//707
f 444//714 422//715 812//716
f 812//716 813//717 444//714
f 805//707 815//718 814//719
f 814//719 783//684 805//707
f 812//716 816//720 817//721
f 817//721 814//719 812//716
f 817//721 816//720 818//722
f 818//722 819//723 817//721
f 818//722 423//724 450//725
f 450//725 820//726 818//722
f 784//686 819//723 821//727
f 821//727 811//713 784//686
f 820//726 450//725 425//728
f 425//728 822//729 820//726
f 821//727 823//730 786//687
f 786//687 811//713 821//727
f 822//729 824//731 825//732
f 825//732 823//730 822//729
f 824//731 826//733 827//734
f 827//734 825//732 824//731
f 426//735 449//736 828//737
f 828//737 826//733 426//735
f 827//734 829//738 810//712
f 810//712 787//689 827//734
f 828//737 449//736 428//739
f 428//739 830//740 828//737
f 810//712 829//738 831//741
f 831//741 789//690 810//712
f 830//740 832//742 833//743
f 833//743 831//741 830//740
f 833//743 832//742 834//744
f 834//744 835//745 833//743
f 429//746 448//747 836//748
f 836//748 834//744 429//746
f 835//745 837//749 809//711
f 809//711 790//692 835//745
f 448//747 431//750 838//751
f 838//751 836//748 448//747
f 837//749 839//752 792//693
f 792//693 809//711 837//749
f 839//752 838//751 840//753
f 840//753 841//754 839//752
f 840//753 842//755 843//756
f 843//756 841//754 840//753
f 842//755 432//757 447//758
f 447//758 844//759 842//755
f 793//695 843//756 845//760
f 845//760 808//710 793//695
f 447//758 434//761 846//762
f 846//762 844//759 447//758
f 845//760 847//763 795//696
f 795//696 808//710 845//760
f 847//763 846//762 848//764
f 848//764 849//765 847//763
f 849//765 848//764 850//766
f 850//766 851//767 849//765
f 435//768 446//769 852//770
f 852//770 850//766 435//768
f 796//698 851//767 853//771
f 853//771 807//709 796//698
f 446//769 437//772 854//773
f 854//773 852//770 446//769
f 807//709 853//771 855//774
f 855//774 798//699 807//709
f 855//774 854//773 856//775
f 856//775 857//776 855//774
f 857//776 856//775 858//777
f 858//777 859//778 857//776
f 438//779 445//780 860//781
f 860//781 858//777 438//779
f 859//778 861//782 806//708
f 806//708 799//701 859//778
f 445//780 440//783 862//784
f 862//784 860//781 445//780
f 861//782 863//785 801//702
f 801//702 806//708 861//782
f 863//785 862//784 864//786
f 864//786 865//787 863//785
f 865//787 864//786 866//788
f 866//788 867//789 865//787
f 441//790 443//791 868//792
f 868//792 866//788 441//790
f 802//704 867//789 869//793
f 869//793 804//705 802//704
f 869//793 868//792 870//794
f 870//794 871//795 869//793
f 870//794 442//796 444//714
f 444//714 813//717 870//794
f 871//795 815//718 805//707
f 805//707 803//706 871//795
f 870//794 813//717 815//718
f 815//718 871//795 870//794
f 869//793 871//795 803//706
f 803//706 804//705 869//793
f 868//792 443//791 442//796
f 442//796 870//794 868//792
f 866//788 868//792 869//793
f 869//793 867//789 866//788
f 865//787 867//789 802//704
f 802//704 800//703 865//787
f 439//797 441//790 866//788
f 866//788 864//786 439//797
f 801//702 863//785 865//787
f 865//787 800//703 801//702
f 440//783 439//797 864//786
f 864//786 862//784 440//783
f 861//782 860//781 862//784
f 862//784 863//785 861//782
f 859//778 858//777 860//781
f 860//781 861//782 859//778
f 797//700 857//776 859//778
f 859//778 799//701 797//700
f 856//775 436//798 438//779
f 438//779 858//777 856//775
f 855//774 857//776 797//700
f 797//700 798//699 855//774
f 437//772 436//798 856//775
f 856//775 854//773 437//772
f 853//771 852//770 854//773
f 854//773 855//774 853//771
f 850//766 852//770 853//771
f 853//771 851//767 850//766
f 794//697 849//765 851//767
f 851//767 796//698 794//697
f 433//799 435//768 850//766
f 850//766 848//764 433//799
f 795//696 847//763 849//765
f 849//765 794//697 795//696
f 434//761 433//799 848//764
f 848//764 846//762 434//761
f 844//759 846//762 847//763
f 847//763 845//760 844//759
f 843//756 842//755 844//759
f 844//759 845//760 843//756
f 841//754 843//756 793//695
f 793//695 791//694 841//754
f 430//800 432//757 842//755
f 842//755 840//753 430//800
f 839//752 841//754 791//694
f 791//694 792//693 839//752
f 838//751 431//750 430//800
f 430//800 840//753 838//751
f 836//748 838//751 839//752
f 839//752 837//749 836//748
f 835//745 834//744 836//748
f 836//748 837//749 835//745
f 833//743 835//745 790//692
f 790//692 788//691 833//743
f 832//742 427//801 429//746
f 429//746 834//744 832//742
f 831//741 833//743 788//691
f 788//691 789//690 831//741
f 830//740 428//739 427//801
f 427//801 832//742 830//740
f 828//737 830//740 831//741
f 831//741 829//738 828//737
f 826//733 828//737 829//738
f 829//738 827//734 826//733
f 785//688 825//732 827//734
f 827//734 787//689 785//688
f 824//731 424//802 426//735
f 426//735 826//733 824//731
f 786//687 823//730 825//732
f 825//732 785//688 786//687
f 822//729 425//728 424//802
f 424//802 824//731 822//729
f 820//726 822//729 823//730
f 823//730 821//727 820//726
f 818//722 820//726 821//727
f 821//727 819//723 818//722
f 817//721 819//723 784//686
f 784//686 782//685 817//721
f 816//720 421//803 423//724
f 423//724 818//722 816//720
f 783//684 814//719 817//721
f 817//721 782//685 783//684
f 422//715 421//803 816//720
f 816//720 812//716 422//715
f 815//718 813//717 812//716
f 812//716 814//719 815//718
s 16
f 873//804 874//805 875//806
f 872//807 873//804 875//806
f 877//808 878//809 879//810
f 876//811 877//808 879//810
f 880//812 452//813 474//814
f 880//812 474//814 881//815
f 883//816 876//811 873//804
f 882//817 883//816 873//804
f 884//818 885//819 880//812
f 884//818 880//812 877//808
f 887//820 883//816 882//817
f 886//821 887//820 882//817
f 889//822 885//819 884//818
f 888//823 889//822 884//818
f 891//824 886//821 892//825
f 890//826 891//824 892//825
f 894//827 888//823 887//820
f 893//828 894//827 887//820
f 895//829 480//830 453//831
f 895//829 453//831 889//822
f 897//832 891//824 890//826
f 896//833 897//832 890//826
f 898//834 899//835 894//827
f 898//834 894//827 893//828
f 900//836 455//837 480//830
f 900//836 480//830 895//829
f 901//838 902//839 898//834
f 901//838 898//834 897//832
f 904//840 900//836 899//835
f 903//841 904//840 899//835
f 905//842 906//843 902//839
f 905//842 902//839 901//838
f 908//844 904//840 903//841
f 907//845 908//844 903//841
f 910//846 905//842 911//847
f 909//848 910//846 911//847
f 913//849 907//845 906//843
f 912//850 913//849 906//843
f 479//851 456//852 908//844
f 914//853 479//851 908//844
f 916//854 910//846 909//848
f 915//855 916//854 909//848
f 918//856 913//849 912//850
f 917//857 918//856 912//850
f 458//858 479//851 914//853
f 919//859 458//858 914//853
f 921//860 917//857 916//854
f 920//861 921//860 916//854
f 922//862 923//863 919//859
f 922//862 919//859 918//856
f 924//864 925//865 921//860
f 924//864 921//860 920//861
f 926//866 927//867 923//863
f 926//866 923//863 922//862
f 929//868 924//864 930//869
f 928//870 929//868 930//869
f 931//871 932//872 926//866
f 931//871 926//866 925//865
f 478//873 459//874 927//867
f 933//875 478//873 927//867
f 935//876 929//868 928//870
f 934//877 935//876 928//870
f 937//878 932//872 931//871
f 936//879 937//878 931//871
f 461//880 478//873 933//875
f 938//881 461//880 933//875
f 939//882 940//883 936//879
f 939//882 936//879 935//876
f 941//884 942//885 938//881
f 941//884 938//881 937//878
f 944//886 940//883 939//882
f 943//887 944//886 939//882
f 945//888 946//889 942//885
f 945//888 942//885 941//884
f 948//890 943//887 949//891
f 947//892 948//890 949//891
f 950//893 951//894 945//888
f 950//893 945//888 944//886
f 477//895 462//896 946//889
f 952//897 477//895 946//889
f 954//898 948//890 947//892
f 953//899 954//898 947//892
f 955//900 956//901 951//894
f 955//900 951//894 950//893
f 957//902 464//903 477//895
f 957//902 477//895 952//897
f 958//904 959//905 955//900
f 958//904 955//900 954//898
f 961//906 957//902 956//901
f 960//907 961//906 956//901
f 963//908 959//905 958//904
f 962//909 963//908 958//904
f 964//910 965//911 961//906
f 964//910 961//906 960//907
f 967//912 962//909 968//913
f 966//914 967//912 968//913
f 970//915 964//910 963//908
f 969//916 970//915 963//908
f 971//917 476//918 465//919
f 971//917 465//919 965//911
f 973//920 967//912 966//914
f 972//921 973//920 966//914
f 975//922 970//915 969//916
f 974//923 975//922 969//916
f 976//924 467//925 476//918
f 976//924 476//918 971//917
f 978//926 974//923 973//920
f 977//927 978//926 973//920
f 980//928 976//924 975//922
f 979//929 980//928 975//922
f 982//930 978//926 977//927
f 981//931 982//930 977//927
f 984//932 980//928 979//929
f 983//933 984//932 979//929
f 985//934 986//935 981//931
f 985//934 981//931 987//936
f 988//937 989//938 983//933
f 988//937 983//933 982//930
f 990//939 475//940 468//941
f 990//939 468//941 984//932
f 991//942 992//943 986//935
f 991//942 986//935 985//934
f 994//944 989//938 988//937
f 993//945 994//944 988//937
f 470//946 475//940 990//939
f 995//947 470//946 990//939
f 997//948 993//945 992//943
f 996//949 997//948 992//943
f 998//950 999//951 995//947
f 998//950 995//947 994//944
f 1001//952 997//948 996//949
f 1000//953 1001//952 996//949
f 1003//954 999//951 998//950
f 1002//955 1003//954 998//950
f 1004//956 1005//957 1000//953
f 1004//956 1000//953 1006//958
f 1008//959 1002//955 1001//952
f 1007//960 1008//959 1001//952
f 473//961 471//962 1003//954
f 1009//963 473//961 1003//954
f 1010//964 1011//965 1007//960
f 1010//964 1007//960 1005//957
f 1013//966 1009//963 1008//959
f 1012//967 1013//966 1008//959
f 875//806 874//805 1010//964
f 875//806 1010//964 1014//968
f 879//810 878//809 1012//967
f 879//810 1012//967 1011//965
f 881//815 474//814 472//969
f 881//815 472//969 1013//966
f 878//809 881//815 1013//966
f 878//809 1013//966 1012//967
f 879//810 1011//965 1010//964
f 874//805 879//810 1010//964
f 472//969 473//961 1009//963
f 1013//966 472//969 1009//963
f 1012//967 1008//959 1007//960
f 1011//965 1012//967 1007//960
f 1014//968 1010//964 1005//957
f 1014//968 1005//957 1004//956
f 1008//959 1009//963 1003//954
f 1008//959 1003//954 1002//955
f 1007//960 1001//952 1000//953
f 1005//957 1007//960 1000//953
f 471//962 469//970 999//951
f 1003//954 471//962 999//951
f 1001//952 1002//955 998//950
f 1001//952 998//950 997//948
f 1006//958 1000//953 996//949
f 1006//958 996//949 1015//971
f 469//970 470//946 995//947
f 999//951 469//970 995//947
f 998//950 994//944 993//945
f 997//948 998//950 993//945
f 1015//971 996//949 992//943
f 1015//971 992//943 991//942
f 994//944 995//947 990//939
f 994//944 990//939 989//938
f 993//945 988//937 986//935
f 992//943 993//945 986//935
f 989//938 990//939 984//932
f 989//938 984//932 983//933
f 988//937 982//930 981//931
f 986//935 988//937 981//931
f 984//932 468//941 466//972
f 984//932 466//972 980//928
f 982//930 983//933 979//929
f 982//930 979//929 978//926
f 987//936 981//931 977//927
f 987//936 977//927 1016//973
f 980//928 466//972 467//925
f 980//928 467//925 976//924
f 978//926 979//929 975//922
f 978//926 975//922 974//923
f 1016//973 977//927 973//920
f 1016//973 973//920 972//921
f 976//924 971//917 970//915
f 975//922 976//924 970//915
f 973//920 974//923 969//916
f 973//920 969//916 967//912
f 970//915 971//917 965//911
f 970//915 965//911 964//910
f 969//916 963//908 962//909
f 967//912 969//916 962//909
f 965//911 465//919 463//974
f 965//911 463//974 961//906
f 964//910 960//907 959//905
f 963//908 964//910 959//905
f 968//913 962//909 958//904
f 968//913 958//904 1017//975
f 961//906 463//974 464//903
f 961//906 464//903 957//902
f 959//905 960//907 956//901
f 959//905 956//901 955//900
f 958//904 954//898 953//899
f 1017//975 958//904 953//899
f 957//902 952//897 951//894
f 956//901 957//902 951//894
f 955//900 950//893 948//890
f 954//898 955//900 948//890
f 952//897 946//889 945//888
f 951//894 952//897 945//888
f 948//890 950//893 944//886
f 948//890 944//886 943//887
f 462//896 460//976 942//885
f 946//889 462//896 942//885
f 945//888 941//884 940//883
f 944//886 945//888 940//883
f 949//891 943//887 939//882
f 949//891 939//882 1018//977
f 460//976 461//880 938//881
f 942//885 460//976 938//881
f 941//884 937//878 936//879
f 940//883 941//884 936//879
f 1018//977 939//882 935//876
f 1018//977 935//876 934//877
f 938//881 933//875 932//872
f 937//878 938//881 932//872
f 935//876 936//879 931//871
f 935//876 931//871 929//868
f 933//875 927//867 926//866
f 932//872 933//875 926//866
f 929//868 931//871 925//865
f 929//868 925//865 924//864
f 459//874 457//978 923//863
f 927//867 459//874 923//863
f 925//865 926//866 922//862
f 925//865 922//862 921//860
f 930//869 924//864 920//861
f 930//869 920//861 1019//979
f 457//978 458//858 919//859
f 923//863 457//978 919//859
f 921//860 922//862 918//856
f 921//860 918//856 917//857
f 1019//979 920//861 916//854
f 1019//979 916//854 915//855
f 918//856 919//859 914//853
f 918//856 914//853 913//849
f 916//854 917//857 912//850
f 916//854 912//850 910//846
f 913//849 914//853 908//844
f 913//849 908//844 907//845
f 910//846 912//850 906//843
f 910//846 906//843 905//842
f 908//844 456//852 454//980
f 908//844 454//980 904//840
f 907//845 903//841 902//839
f 906//843 907//845 902//839
f 905//842 901//838 1020//981
f 911//847 905//842 1020//981
f 904//840 454//980 455//837
f 904//840 455//837 900//836
f 902//839 903//841 899//835
f 902//839 899//835 898//834
f 901//838 897//832 896//833
f 1020//981 901//838 896//833
f 900//836 895//829 894//827
f 899//835 900//836 894//827
f 897//832 898//834 893//828
f 897//832 893//828 891//824
f 894//827 895//829 889//822
f 894//827 889//822 888//823
f 891//824 893//828 887//820
f 891//824 887//820 886//821
f 889//822 453//831 451//982
f 889//822 451//982 885//819
f 887//820 888//823 884//818
f 887//820 884//818 883//816
f 892//825 886//821 882//817
f 892//825 882//817 1021//983
f 885//819 451//982 452//813
f 885//819 452//813 880//812
f 883//816 884//818 877//808
f 883//816 877//808 876//811
f 882//817 873//804 872//807
f 1021//983 882//817 872//807
f 880//812 881//815 878//809
f 877//808 880//812 878//809
f 873//804 876//811 879//810
f 873//804 879//810 874//805
f 302//374 507//373 1022//984
f 1022//984 306//985 302//374
f 1023//986 484//305 305//304
f 1023//986 305//304 304//987
f 303//303 484//305 507//373
f 507//373 301//372 303//303
f 1025//988 1026//989 1027//990
f 1024//991 1025//988 1027//990
f 1028//992 1029//993 1025//988
f 1028//992 1025//988 1024//991
f 1030//994 1031//995 1032//996
f 1030//994 1032//996 1033//997
f 1034//998 1035//999 1031//995
f 1034//998 1031//995 1030//994
f 1037//1000 1038//1001 1039//1002
f 1036//1003 1037//1000 1039//1002
f 1041//1004 1037//1000 1036//1003
f 1040//1005 1041//1004 1036//1003
f 1043//1006 1044//1007 1045//1008
f 1042//1009 1043//1006 1045//1008
f 1046//1010 1047//1011 1043//1006
f 1046//1010 1043//1006 1042//1009
f 1049//1012 1050//1013 1051//1014
f 1048//1015 1049//1012 1051//1014
f 1052//1016 1053//1017 1049//1012
f 1052//1016 1049//1012 1048//1015
f 1054//1018 1055//1019 1056//1020
f 1054//1018 1056//1020 1057//1021
f 1059//1022 1055//1019 1054//1018
f 1058//1023 1059//1022 1054//1018
f 1061//1024 1062//1025 1063//1026
f 1060//1027 1061//1024 1063//1026
f 1065//1028 1061//1024 1060//1027
f 1064//1029 1065//1028 1060//1027
f 1066//1030 1067//1031 1068//1032
f 1066//1030 1068//1032 1069//1033
f 1027//990 1026//989 1067//1031
f 1027//990 1067//1031 1066//1030
f 1069//1033 1068//1032 1070//1034
f 1069//1033 1070//1034 1071//1035
f 1070//1034 1065//1028 1064//1029
f 1071//1035 1070//1034 1064//1029
f 1062//1025 1072//1036 1073//1037
f 1063//1026 1062//1025 1073//1037
f 1072//1036 1059//1022 1058//1023
f 1073//1037 1072//1036 1058//1023
f 1057//1021 1056//1020 1074//1038
f 1057//1021 1074//1038 1075//1039
f 1075//1039 1074//1038 1053//1017
f 1075//1039 1053//1017 1052//1016
f 1051//1014 1050//1013 1076//1040
f 1051//1014 1076//1040 1077//1041
f 1077//1041 1076//1040 1047//1011
f 1077//1041 1047//1011 1046//1010
f 1044//1007 1078//1042 1079//1043
f 1045//1008 1044//1007 1079//1043
f 1078//1042 1041//1004 1040//1005
f 1079//1043 1078//1042 1040//1005
f 1039//1002 1038//1001 1080//1044
f 1039//1002 1080//1044 1081//1045
f 1081//1045 1080//1044 1035//999
f 1081//1045 1035//999 1034//998
f 1033//997 1032//996 1082//1046
f 1033//997 1082//1046 1083//1047
f 1082//1046 1029//993 1028//992
f 1083//1047 1082//1046 1028//992
f 1085//1048 1086//1049 1087//1050
f 1084//1051 1085//1048 1087//1050
f 1088//1052 1089//1053 1085//1048
f 1088//1052 1085//1048 1084//1051
f 1091//1054 1088//1052 1092//1055
f 1090//1056 1091//1054 1092//1055
f 1093//1057 1083//1047 1028//992
f 1093//1057 1028//992 1089//1053
f 1094//1058 1095//1059 1091//1054
f 1094//1058 1091//1054 1090//1056
f 1033//997 1083//1047 1093//1057
f 1096//1060 1033//997 1093//1057
f 1097//1061 1098//1062 1096//1060
f 1097//1061 1096//1060 1095//1059
f 1100//1063 1098//1062 1097//1061
f 1099//1064 1100//1063 1097//1061
f 1101//1065 1102//1066 1099//1064
f 1101//1065 1099//1064 1103//1067
f 1104//1068 1081//1045 1034//998
f 1104//1068 1034//998 1100//1063
f 1106//1069 1102//1066 1101//1065
f 1105//1070 1106//1069 1101//1065
f 1107//1071 1039//1002 1081//1045
f 1107//1071 1081//1045 1104//1068
f 1108//1072 1109//1073 1107//1071
f 1108//1072 1107//1071 1106//1069
f 1111//1074 1109//1073 1108//1072
f 1110//1075 1111//1074 1108//1072
f 1112//1076 1113//1077 1110//1075
f 1112//1076 1110//1075 1114//1078
f 1115//1079 1079//1043 1040//1005
f 1115//1079 1040//1005 1111//1074
f 1117//1080 1113//1077 1112//1076
f 1116//1081 1117//1080 1112//1076
f 1118//1082 1045//1008 1079//1043
f 1118//1082 1079//1043 1115//1079
f 1120//1083 1118//1082 1117//1080
f 1119//1084 1120//1083 1117//1080
f 1121//1085 1122//1086 1120//1083
f 1121//1085 1120//1083 1119//1084
f 1124//1087 1121//1085 1125//1088
f 1123//1089 1124//1087 1125//1088
f 1077//1041 1046//1010 1122//1086
f 1126//1090 1077//1041 1122//1086
f 1127//1091 1128//1092 1124//1087
f 1127//1091 1124//1087 1123//1089
f 1051//1014 1077//1041 1126//1090
f 1129//1093 1051//1014 1126//1090
f 1131//1094 1129//1093 1128//1092
f 1130//1095 1131//1094 1128//1092
f 1132//1096 1133//1097 1131//1094
f 1132//1096 1131//1094 1130//1095
f 1134//1098 1135//1099 1132//1096
f 1134//1098 1132//1096 1136//1100
f 1075//1039 1052//1016 1133//1097
f 1137//1101 1075//1039 1133//1097
f 1139//1102 1135//1099 1134//1098
f 1138//1103 1139//1102 1134//1098
f 1057//1021 1075//1039 1137//1101
f 1140//1104 1057//1021 1137//1101
f 1141//1105 1142//1106 1140//1104
f 1141//1105 1140//1104 1139//1102
f 1144//1107 1142//1106 1141//1105
f 1143//1108 1144//1107 1141//1105
f 1145//1109 1146//1110 1143//1108
f 1145//1109 1143//1108 1147//1111
f 1073//1037 1058//1023 1144//1107
f 1148//1112 1073//1037 1144//1107
f 1149//1113 1150//1114 1146//1110
f 1149//1113 1146//1110 1145//1109
f 1063//1026 1073//1037 1148//1112
f 1151//1115 1063//1026 1148//1112
f 1152//1116 1153//1117 1151//1115
f 1152//1116 1151//1115 1150//1114
f 1155//1118 1153//1117 1152//1116
f 1154//1119 1155//1118 1152//1116
f 1157//1120 1154//1119 1158//1121
f 1156//1122 1157//1120 1158//1121
f 1159//1123 1071//1035 1064//1029
f 1159//1123 1064//1029 1155//1118
f 1160//1124 1161//1125 1157//1120
f 1160//1124 1157//1120 1156//1122
f 1069//1033 1071//1035 1159//1123
f 1162//1126 1069//1033 1159//1123
f 1164//1127 1162//1126 1161//1125
f 1163//1128 1164//1127 1161//1125
f 1165//1129 1087//1050 1163//1128
f 1165//1129 1163//1128 1166//1130
f 1027//990 1066//1030 1164//1127
f 1086//1049 1027//990 1164//1127
f 1087//1050 1086//1049 1164//1127
f 1087//1050 1164//1127 1163//1128
f 1066//1030 1069//1033 1162//1126
f 1164//1127 1066//1030 1162//1126
f 1163//1128 1161//1125 1160//1124
f 1166//1130 1163//1128 1160//1124
f 1161//1125 1162//1126 1159//1123
f 1161//1125 1159//1123 1157//1120
f 1157//1120 1159//1123 1155//1118
f 1157//1120 1155//1118 1154//1119
f 1155//1118 1064//1029 1060//1027
f 1155//1118 1060//1027 1153//1117
f 1158//1121 1154//1119 1152//1116
f 1158//1121 1152//1116 1167//1131
f 1060//1027 1063//1026 1151//1115
f 1153//1117 1060//1027 1151//1115
f 1152//1116 1150//1114 1149//1113
f 1167//1131 1152//1116 1149//1113
f 1150//1114 1151//1115 1148//1112
f 1150//1114 1148//1112 1146//1110
f 1146//1110 1148//1112 1144//1107
f 1146//1110 1144//1107 1143//1108
f 1144//1107 1058//1023 1054//1018
f 1144//1107 1054//1018 1142//1106
f 1143//1108 1141//1105 1168//1132
f 1147//1111 1143//1108 1168//1132
f 1054//1018 1057//1021 1140//1104
f 1142//1106 1054//1018 1140//1104
f 1168//1132 1141//1105 1139//1102
f 1168//1132 1139//1102 1138//1103
f 1140//1104 1137//1101 1135//1099
f 1139//1102 1140//1104 1135//1099
f 1137//1101 1133//1097 1132//1096
f 1135//1099 1137//1101 1132//1096
f 1052//1016 1048//1015 1131//1094
f 1133//1097 1052//1016 1131//1094
f 1132//1096 1130//1095 1169//1133
f 1136//1100 1132//1096 1169//1133
f 1131//1094 1048//1015 1051//1014
f 1131//1094 1051//1014 1129//1093
f 1130//1095 1128//1092 1127//1091
f 1169//1133 1130//1095 1127//1091
f 1128//1092 1129//1093 1126//1090
f 1128//1092 1126//1090 1124//1087
f 1126//1090 1122//1086 1121//1085
f 1124//1087 1126//1090 1121//1085
f 1046//1010 1042//1009 1120//1083
f 1122//1086 1046//1010 1120//1083
f 1125//1088 1121//1085 1119//1084
f 1125//1088 1119//1084 1170//1134
f 1042//1009 1045//1008 1118//1082
f 1120//1083 1042//1009 1118//1082
f 1170//1134 1119//1084 1117//1080
f 1170//1134 1117//1080 1116//1081
f 1117//1080 1118//1082 1115//1079
f 1117//1080 1115//1079 1113//1077
f 1113//1077 1115//1079 1111//1074
f 1113//1077 1111//1074 1110//1075
f 1111//1074 1040//1005 1036//1003
f 1111//1074 1036//1003 1109//1073
f 1110//1075 1108//1072 1171//1135
f 1114//1078 1110//1075 1171//1135
f 1036//1003 1039//1002 1107//1071
f 1109//1073 1036//1003 1107//1071
f 1171//1135 1108//1072 1106//1069
f 1171//1135 1106//1069 1105//1070
f 1107//1071 1104//1068 1102//1066
f 1106//1069 1107//1071 1102//1066
f 1104//1068 1100//1063 1099//1064
f 1102//1066 1104//1068 1099//1064
f 1100//1063 1034//998 1030//994
f 1100//1063 1030//994 1098//1062
f 1103//1067 1099//1064 1097//1061
f 1103//1067 1097//1061 1172//1136
f 1030//994 1033//997 1096//1060
f 1098//1062 1030//994 1096//1060
f 1097//1061 1095//1059 1094//1058
f 1172//1136 1097//1061 1094//1058
f 1096//1060 1093//1057 1091//1054
f 1095//1059 1096//1060 1091//1054
f 1093//1057 1089//1053 1088//1052
f 1091//1054 1093//1057 1088//1052
f 1089//1053 1028//992 1024//991
f 1089//1053 1024//991 1085//1048
f 1092//1055 1088//1052 1084//1051
f 1092//1055 1084//1051 1173//1137
f 1085//1048 1024//991 1027//990
f 1085//1048 1027//990 1086//1049
f 1084//1051 1087//1050 1165//1129
f 1173//1137 1084//1051 1165//1129
f 1173//1137 1165//1129 1175//1138
f 1174//1139 1173//1137 1175//1138
f 1176//1140 1092//1055 1173//1137
f 1176//1140 1173//1137 1174//1139
f 1178//1141 1176//1140 1179//1142
f 1177//1143 1178//1141 1179//1142
f 1180//1144 1181//1145 1178//1141
f 1180//1144 1178//1141 1177//1143
f 1172//1136 1094//1058 1181//1145
f 1182//1146 1172//1136 1181//1145
f 1103//1067 1172//1136 1182//1146
f 1183//1147 1103//1067 1182//1146
f 1185//1148 1183//1147 1186//1149
f 1184//1150 1185//1148 1186//1149
f 1188//1151 1185//1148 1184//1150
f 1187//1152 1188//1151 1184//1150
f 1189//1153 1171//1135 1105//1070
f 1189//1153 1105//1070 1188//1151
f 1114//1078 1171//1135 1189//1153
f 1190//1154 1114//1078 1189//1153
f 1192//1155 1190//1154 1193//1156
f 1191//1157 1192//1155 1193//1156
f 1194//1158 1195//1159 1192//1155
f 1194//1158 1192//1155 1191//1157
f 1170//1134 1116//1081 1195//1159
f 1196//1160 1170//1134 1195//1159
f 1125//1088 1170//1134 1196//1160
f 1197//1161 1125//1088 1196//1160
f 1199//1162 1197//1161 1200//1163
f 1198//1164 1199//1162 1200//1163
f 1201//1165 1202//1166 1199//1162
f 1201//1165 1199//1162 1198//1164
f 1203//1167 1169//1133 1127//1091
f 1203//1167 1127//1091 1202//1166
f 1204//1168 1136//1100 1169//1133
f 1204//1168 1169//1133 1203//1167
f 1206//1169 1204//1168 1207//1170
f 1205//1171 1206//1169 1207//1170
f 1208//1172 1209//1173 1206//1169
f 1208//1172 1206//1169 1205//1171
f 1210//1174 1168//1132 1138//1103
f 1210//1174 1138//1103 1209//1173
f 1147//1111 1168//1132 1210//1174
f 1211//1175 1147//1111 1210//1174
f 1212//1176 1213//1177 1211//1175
f 1212//1176 1211//1175 1214//1178
f 1215//1179 1216//1180 1213//1177
f 1215//1179 1213//1177 1212//1176
f 1217//1181 1167//1131 1149//1113
f 1217//1181 1149//1113 1216//1180
f 1158//1121 1167//1131 1217//1181
f 1218//1182 1158//1121 1217//1181
f 1220//1183 1218//1182 1221//1184
f 1219//1185 1220//1183 1221//1184
f 1222//1186 1223//1187 1220//1183
f 1222//1186 1220//1183 1219//1185
f 1166//1130 1160//1124 1223//1187
f 1224//1188 1166//1130 1223//1187
f 1165//1129 1166//1130 1224//1188
f 1175//1138 1165//1129 1224//1188
f 1175//1138 1224//1188 1226//1189
f 1225//1190 1175//1138 1226//1189
f 1226//1189 1224//1188 1223//1187
f 1226//1189 1223//1187 1222//1186
f 1160//1124 1156//1122 1220//1183
f 1223//1187 1160//1124 1220//1183
f 1156//1122 1158//1121 1218//1182
f 1220//1183 1156//1122 1218//1182
f 1221//1184 1218//1182 1217//1181
f 1221//1184 1217//1181 1227//1191
f 1217//1181 1216//1180 1215//1179
f 1227//1191 1217//1181 1215//1179
f 1216//1180 1149//1113 1145//1109
f 1216//1180 1145//1109 1213//1177
f 1145//1109 1147//1111 1211//1175
f 1213//1177 1145//1109 1211//1175
f 1214//1178 1211//1175 1210//1174
f 1214//1178 1210//1174 1228//1192
f 1210//1174 1209//1173 1208//1172
f 1228//1192 1210//1174 1208//1172
f 1138//1103 1134//1098 1206//1169
f 1209//1173 1138//1103 1206//1169
f 1206//1169 1134//1098 1136//1100
f 1206//1169 1136//1100 1204//1168
f 1204//1168 1203//1167 1229//1193
f 1207//1170 1204//1168 1229//1193
f 1229//1193 1203//1167 1202//1166
f 1229//1193 1202//1166 1201//1165
f 1202//1166 1127//1091 1123//1089
f 1202//1166 1123//1089 1199//1162
f 1123//1089 1125//1088 1197//1161
f 1199//1162 1123//1089 1197//1161
f 1200//1163 1197//1161 1196//1160
f 1200//1163 1196//1160 1230//1194
f 1230//1194 1196//1160 1195//1159
f 1230//1194 1195//1159 1194//1158
f 1116//1081 1112//1076 1192//1155
f 1195//1159 1116//1081 1192//1155
f 1192//1155 1112//1076 1114//1078
f 1192//1155 1114//1078 1190//1154
f 1193//1156 1190//1154 1189//1153
f 1193//1156 1189//1153 1231//1195
f 1189//1153 1188//1151 1187//1152
f 1231//1195 1189//1153 1187//1152
f 1188//1151 1105//1070 1101//1065
f 1188//1151 1101//1065 1185//1148
f 1101//1065 1103//1067 1183//1147
f 1185//1148 1101//1065 1183//1147
f 1183//1147 1182//1146 1232//1196
f 1186//1149 1183//1147 1232//1196
f 1182//1146 1181//1145 1180//1144
f 1232//1196 1182//1146 1180//1144
f 1181//1145 1094//1058 1090//1056
f 1181//1145 1090//1056 1178//1141
f 1178//1141 1090//1056 1092//1055
f 1178//1141 1092//1055 1176//1140
f 1176//1140 1174//1139 1233//1197
f 1179//1142 1176//1140 1233//1197
f 1233//1197 1174//1139 1175//1138
f 1233//1197 1175//1138 1225//1190
f 1234//1198 1233//1197 1225//1190
f 1234//1198 1225//1190 1235//1199
f 1179//1142 1233//1197 1234//1198
f 1236//1200 1179//1142 1234//1198
f 1237//1201 1238//1202 1236//1200
f 1237//1201 1236//1200 1239//1203
f 1241//1204 1238//1202 1237//1201
f 1240//1205 1241//1204 1237//1201
f 1232//1196 1180//1144 1241//1204
f 1242//1206 1232//1196 1241//1204
f 1243//1207 1186//1149 1232//1196
f 1243//1207 1232//1196 1242//1206
f 1245//1208 1243//1207 1246//1209
f 1244//1210 1245//1208 1246//1209
f 1248//1211 1245//1208 1244//1210
f 1247//1212 1248//1211 1244//1210
f 1249//1213 1231//1195 1187//1152
f 1249//1213 1187//1152 1248//1211
f 1250//1214 1193//1156 1231//1195
f 1250//1214 1231//1195 1249//1213
f 1252//1215 1250//1214 1253//1216
f 1251//1217 1252//1215 1253//1216
f 1254//1218 1255//1219 1252//1215
f 1254//1218 1252//1215 1251//1217
f 1230//1194 1194//1158 1255//1219
f 1256//1220 1230//1194 1255//1219
f 1257//1221 1200//1163 1230//1194
f 1257//1221 1230//1194 1256//1220
f 1258//1222 1259//1223 1257//1221
f 1258//1222 1257//1221 1260//1224
f 1262//1225 1259//1223 1258//1222
f 1261//1226 1262//1225 1258//1222
f 1229//1193 1201//1165 1262//1225
f 1263//1227 1229//1193 1262//1225
f 1264//1228 1207//1170 1229//1193
f 1264//1228 1229//1193 1263//1227
f 1266//1229 1264//1228 1267//1230
f 1265//1231 1266//1229 1267//1230
f 1268//1232 1269//1233 1266//1229
f 1268//1232 1266//1229 1265//1231
f 1228//1192 1208//1172 1269//1233
f 1270//1234 1228//1192 1269//1233
f 1214//1178 1228//1192 1270//1234
f 1271//1235 1214//1178 1270//1234
f 1272//1236 1273//1237 1271//1235
f 1272//1236 1271//1235 1274//1238
f 1275//1239 1276//1240 1273//1237
f 1275//1239 1273//1237 1272//1236
f 1277//1241 1227//1191 1215//1179
f 1277//1241 1215//1179 1276//1240
f 1278//1242 1221//1184 1227//1191
f 1278//1242 1227//1191 1277//1241
f 1279//1243 1280//1244 1278//1242
f 1279//1243 1278//1242 1281//1245
f 1283//1246 1280//1244 1279//1243
f 1282//1247 1283//1246 1279//1243
f 1284//1248 1226//1189 1222//1186
f 1284//1248 1222//1186 1283//1246
f 1285//1249 1235//1199 1284//1248
f 1285//1249 1284//1248 1286//1250
f 1225//1190 1226//1189 1284//1248
f 1235//1199 1225//1190 1284//1248
f 1284//1248 1283//1246 1282//1247
f 1286//1250 1284//1248 1282//1247
f 1222//1186 1219//1185 1280//1244
f 1283//1246 1222//1186 1280//1244
f 1219//1185 1221//1184 1278//1242
f 1280//1244 1219//1185 1278//1242
f 1281//1245 1278//1242 1277//1241
f 1281//1245 1277//1241 1287//1251
f 1277//1241 1276//1240 1275//1239
f 1287//1251 1277//1241 1275//1239
f 1215//1179 1212//1176 1273//1237
f 1276//1240 1215//1179 1273//1237
f 1212//1176 1214//1178 1271//1235
f 1273//1237 1212//1176 1271//1235
f 1271//1235 1270//1234 1288//1252
f 1274//1238 1271//1235 1288//1252
f 1270//1234 1269//1233 1268//1232
f 1288//1252 1270//1234 1268//1232
f 1208//1172 1205//1171 1266//1229
f 1269//1233 1208//1172 1266//1229
f 1205//1171 1207//1170 1264//1228
f 1266//1229 1205//1171 1264//1228
f 1267//1230 1264//1228 1263//1227
f 1267//1230 1263//1227 1289//1253
f 1289//1253 1263//1227 1262//1225
f 1289//1253 1262//1225 1261//1226
f 1262//1225 1201//1165 1198//1164
f 1262//1225 1198//1164 1259//1223
f 1198//1164 1200//1163 1257//1221
f 1259//1223 1198//1164 1257//1221
f 1257//1221 1256//1220 1290//1254
f 1260//1224 1257//1221 1290//1254
f 1256//1220 1255//1219 1254//1218
f 1290//1254 1256//1220 1254//1218
f 1255//1219 1194//1158 1191//1157
f 1255//1219 1191//1157 1252//1215
f 1252//1215 1191//1157 1193//1156
f 1252//1215 1193//1156 1250//1214
f 1253//1216 1250//1214 1249//1213
f 1253//1216 1249//1213 1291//1255
f 1249//1213 1248//1211 1247//1212
f 1291//1255 1249//1213 1247//1212
f 1248//1211 1187//1152 1184//1150
f 1248//1211 1184//1150 1245//1208
f 1245//1208 1184//1150 1186//1149
f 1245//1208 1186//1149 1243//1207
f 1246//1209 1243//1207 1242//1206
f 1246//1209 1242//1206 1292//1256
f 1242//1206 1241//1204 1240//1205
f 1292//1256 1242//1206 1240//1205
f 1241//1204 1180//1144 1177//1143
f 1241//1204 1177//1143 1238//1202
f 1238//1202 1177//1143 1179//1142
f 1238//1202 1179//1142 1236//1200
f 1239//1203 1236//1200 1234//1198
f 1239//1203 1234//1198 1293//1257
f 1234//1198 1235//1199 1285//1249
f 1293//1257 1234//1198 1285//1249
f 1294//1258 1293//1257 1285//1249
f 1294//1258 1285//1249 1295//1259
f 1239//1203 1293//1257 1294//1258
f 1296//1260 1239//1203 1294//1258
f 1297//1261 1292//1256 1240//1205
f 1297//1261 1240//1205 1298//1262
f 1246//1209 1292//1256 1297//1261
f 1299//1263 1246//1209 1297//1261
f 1300//1264 1291//1255 1247//1212
f 1300//1264 1247//1212 1301//1265
f 1302//1266 1253//1216 1291//1255
f 1302//1266 1291//1255 1300//1264
f 1290//1254 1254//1218 1304//1267
f 1303//1268 1290//1254 1304//1267
f 1305//1269 1260//1224 1290//1254
f 1305//1269 1290//1254 1303//1268
f 1289//1253 1261//1226 1307//1270
f 1306//1271 1289//1253 1307//1270
f 1308//1272 1267//1230 1289//1253
f 1308//1272 1289//1253 1306//1271
f 1288//1252 1268//1232 1310//1273
f 1309//1274 1288//1252 1310//1273
f 1274//1238 1288//1252 1309//1274
f 1311//1275 1274//1238 1309//1274
f 1312//1276 1287//1251 1275//1239
f 1312//1276 1275//1239 1313//1277
f 1281//1245 1287//1251 1312//1276
f 1314//1278 1281//1245 1312//1276
f 1315//1279 1286//1250 1282//1247
f 1315//1279 1282//1247 1316//1280
f 1285//1249 1286//1250 1315//1279
f 1295//1259 1285//1249 1315//1279
f 1282//1247 1279//1243 1317//1281
f 1316//1280 1282//1247 1317//1281
f 1317//1281 1279//1243 1281//1245
f 1317//1281 1281//1245 1314//1278
f 1275//1239 1272//1236 1318//1282
f 1313//1277 1275//1239 1318//1282
f 1318//1282 1272//1236 1274//1238
f 1318//1282 1274//1238 1311//1275
f 1310//1273 1268//1232 1265//1231
f 1310//1273 1265//1231 1319//1283
f 1319//1283 1265//1231 1267//1230
f 1319//1283 1267//1230 1308//1272
f 1307//1270 1261//1226 1258//1222
f 1307//1270 1258//1222 1320//1284
f 1258//1222 1260//1224 1305//1269
f 1320//1284 1258//1222 1305//1269
f 1254//1218 1251//1217 1321//1285
f 1304//1267 1254//1218 1321//1285
f 1251//1217 1253//1216 1302//1266
f 1321//1285 1251//1217 1302//1266
f 1247//1212 1244//1210 1322//1286
f 1301//1265 1247//1212 1322//1286
f 1322//1286 1244//1210 1246//1209
f 1322//1286 1246//1209 1299//1263
f 1240//1205 1237//1201 1323//1287
f 1298//1262 1240//1205 1323//1287
f 1323//1287 1237//1201 1239//1203
f 1323//1287 1239//1203 1296//1260
f 1324//1288 1323//1287 1296//1260
f 1324//1288 1298//1262 1323//1287
f 1324//1288 1322//1286 1299//1263
f 1324//1288 1301//1265 1322//1286
f 1324//1288 1321//1285 1302//1266
f 1324//1288 1304//1267 1321//1285
f 1324//1288 1320//1284 1305//1269
f 1324//1288 1307//1270 1320//1284
f 1324//1288 1319//1283 1308//1272
f 1324//1288 1310//1273 1319//1283
f 1324//1288 1318//1282 1311//1275
f 1324//1288 1313//1277 1318//1282
f 1324//1288 1317//1281 1314//1278
f 1324//1288 1316//1280 1317//1281
f 1324//1288 1295//1259 1315//1279
f 1324//1288 1315//1279 1316//1280
f 1324//1288 1314//1278 1312//1276
f 1324//1288 1312//1276 1313//1277
f 1324//1288 1311//1275 1309//1274
f 1324//1288 1309//1274 1310//1273
f 1324//1288 1308//1272 1306//1271
f 1324//1288 1306//1271 1307//1270
f 1324//1288 1305//1269 1303//1268
f 1324//1288 1303//1268 1304//1267
f 1324//1288 1302//1266 1300//1264
f 1324//1288 1300//1264 1301//1265
f 1324//1288 1299//1263 1297//1261
f 1324//1288 1297//1261 1298//1262
f 1324//1288 1296//1260 1294//1258
f 1324//1288 1294//1258 1295//1259
f 496//341 1016//973 972//921
f 972//921 495//337 496//341
f 1055//1019 1059//1022 1325//1289
f 1055//1019 1325//1289 1326//1290
f 494//335 966//914 968//913
f 968//913 497//343 494//335
f 1074//1038 1056//1020 1327//1291
f 1074//1038 1327//1291 1328//1292
f 498//347 1017//975 953//899
f 953//899 493//331 498//347
f 1049//1012 1053//1017 1329//1293
f 1049//1012 1329//1293 1330//1294
f 492//329 947//892 949//891
f 949//891 499//349 492//329
f 1076//1040 1050//1013 1331//1295
f 1076//1040 1331//1295 1332//1296
f 500//353 1018//977 934//877
f 934//877 491//325 500//353
f 1043//1006 1047//1011 1333//1297
f 1043//1006 1333//1297 1334//1298
f 490//323 928//870 930//869
f 930//869 501//355 490//323
f 1336//1299 1078//1042 1044//1007
f 1044//1007 1335//1300 1336//1299
f 1019//979 915//855 489//319
f 1019//979 489//319 502//359
f 1338//1301 1037//1000 1041//1004
f 1041//1004 1337//1302 1338//1301
f 488//317 909//848 911//847
f 911//847 503//361 488//317
f 1340//1303 1080//1044 1038//1001
f 1038//1001 1339//1304 1340//1303
f 504//365 1020//981 896//833
f 896//833 487//313 504//365
f 1031//995 1035//999 1341//1305
f 1031//995 1341//1305 1342//1306
f 890//826 892//825 505//367
f 890//826 505//367 486//311
f 1344//1307 1082//1046 1032//996
f 1032//996 1343//1308 1344//1307
f 1021//983 872//807 485//307
f 1021//983 485//307 506//371
f 1346//1309 1025//988 1029//993
f 1029//993 1345//1310 1346//1309
f 484//305 875//806 1014//968
f 1014//968 507//373 484//305
f 1067//1031 1026//989 1023//986
f 1067//1031 1023//986 1022//984
f 508//377 1004//956 1006//958
f 1006//958 483//301 508//377
f 1348//1311 1070//1034 1068//1032
f 1068//1032 1347//1312 1348//1311
f 1015//971 991//942 509//379
f 1015//971 509//379 482//299
f 1350//1313 1061//1024 1065//1028
f 1065//1028 1349//1314 1350//1313
f 985//934 987//936 481//295
f 985//934 481//295 510//383
f 1352//1315 1072//1036 1062//1025
f 1062//1025 1351//1316 1352//1315
f 1082//1046 892//825 1021//983
f 1082//1046 1021//983 1029//993
f 1080//1044 911//847 1020//981
f 1080//1044 1020//981 1035//999
f 930//869 1019//979 1041//1004
f 1078//1042 930//869 1041//1004
f 949//891 1018//977 1047//1011
f 1076//1040 949//891 1047//1011
f 968//913 1017//975 1053//1017
f 1074//1038 968//913 1053//1017
f 1072//1036 987//936 1016//973
f 1072//1036 1016//973 1059//1022
f 1006//958 1015//971 1065//1028
f 1070//1034 1006//958 1065//1028
f 1014//968 1004//956 1068//1032
f 1067//1031 1014//968 1068//1032
f 991//942 985//934 1062//1025
f 1061//1024 991//942 1062//1025
f 1055//1019 972//921 966//914
f 1055//1019 966//914 1056//1020
f 953//899 947//892 1050//1013
f 1049//1012 953//899 1050//1013
f 934//877 928//870 1044//1007
f 1043//1006 934//877 1044//1007
f 1037//1000 915//855 909//848
f 1037//1000 909//848 1038//1001
f 896//833 890//826 1032//996
f 1031//995 896//833 1032//996
f 1025//988 872//807 875//806
f 1025//988 875//806 1026//989
f 1062//1025 985//934 510//383
f 1062//1025 510//383 1351//1316
f 481//295 987//936 1072//1036
f 1072//1036 1352//1315 481//295
f 1065//1028 1015//971 482//299
f 1065//1028 482//299 1349//1314
f 509//379 991//942 1061//1024
f 1061//1024 1350//1313 509//379
f 1068//1032 1004//956 508//377
f 1068//1032 508//377 1347//1312
f 483//301 1006//958 1070//1034
f 1070//1034 1348//1311 483//301
f 1026//989 875//806 484//305
f 1026//989 484//305 1023//986
f 507//373 1014//968 1067//1031
f 1067//1031 1022//984 507//373
f 1029//993 1021//983 506//371
f 1029//993 506//371 1345//1310
f 485//307 872//807 1025//988
f 1025//988 1346//1309 485//307
f 1032//996 890//826 486//311
f 1032//996 486//311 1343//1308
f 505//367 892//825 1082//1046
f 1082//1046 1344//1307 505//367
f 1035//999 1020//981 504//365
f 1035//999 504//365 1341//1305
f 487//313 896//833 1031//995
f 1031//995 1342//1306 487//313
f 1038//1001 909//848 488//317
f 1038//1001 488//317 1339//1304
f 503//361 911//847 1080//1044
f 1080//1044 1340//1303 503//361
f 1041//1004 1019//979 502//359
f 1041//1004 502//359 1337//1302
f 489//319 915//855 1037//1000
f 1037//1000 1338//1301 489//319
f 1044//1007 928//870 490//323
f 1044//1007 490//323 1335//1300
f 501//355 930//869 1078//1042
f 1078//1042 1336//1299 501//355
f 1047//1011 1018//977 500//353
f 1047//1011 500//353 1333//1297
f 491//325 934//877 1043//1006
f 1043//1006 1334//1298 491//325
f 1050//1013 947//892 492//329
f 1050//1013 492//329 1331//1295
f 499//349 949//891 1076//1040
f 1076//1040 1332//1296 499//349
f 1053//1017 1017//975 498//347
f 1053//1017 498//347 1329//1293
f 493//331 953//899 1049//1012
f 1049//1012 1330//1294 493//331
f 1056//1020 966//914 494//335
f 1056//1020 494//335 1327//1291
f 497//343 968//913 1074//1038
f 1074//1038 1328//1292 497//343
f 1059//1022 1016//973 496//341
f 1059//1022 496//341 1325//1289
f 495//337 972//921 1055//1019
f 1055//1019 1326//1290 495//337
f 508//377 483//301 316//300
f 508//377 316//300 314//375
f 1347//1312 508//377 313//376
f 1347//1312 313//376 312//1317
f 315//302 483//301 1348//1311
f 1348//1311 309//1318 315//302
f 318//380 509//379 1350//1313
f 1350//1313 322//1319 318//380
f 1349//1314 482//299 321//298
f 1349//1314 321//298 320//1320
f 482//299 509//379 317//378
f 482//299 317//378 319//297
f 330//381 510//383 481//295
f 481//295 332//294 330//381
f 1351//1316 510//383 329//382
f 1351//1316 329//382 328//1321
f 331//296 481//295 1352//1315
f 1352//1315 325//1322 331//296
f 338//339 496//341 495//337
f 495//337 340//336 338//339
f 1325//1289 496//341 337//340
f 1325//1289 337//340 336//1323
f 339//338 495//337 1326//1290
f 1326//1290 333//1324 339//338
f 342//344 497//343 1328//1292
f 1328//1292 346//1325 342//344
f 1327//1291 494//335 345//334
f 1327//1291 345//334 344//1326
f 343//333 494//335 497//343
f 497//343 341//342 343//333
f 354//345 498//347 493//331
f 493//331 356//330 354//345
f 1329//1293 498//347 353//346
f 1329//1293 353//346 352//1327
f 355//332 493//331 1330//1294
f 1330//1294 349//1328 355//332
f 358//350 499//349 1332//1296
f 1332//1296 362//1329 358//350
f 1331//1295 492//329 361//328
f 1331//1295 361//328 360//1330
f 492//329 499//349 357//348
f 492//329 357//348 359//327
f 500//353 491//325 372//324
f 500//353 372//324 370//351
f 1333//1297 500//353 369//352
f 1333//1297 369//352 368//1331
f 371//326 491//325 1334//1298
f 1334//1298 365//1332 371//326
f 374//356 501//355 1336//1299
f 1336//1299 378//1333 374//356
f 1335//1300 490//323 377//322
f 1335//1300 377//322 376//1334
f 490//323 501//355 373//354
f 490//323 373//354 375//321
f 386//357 502//359 489//319
f 489//319 388//318 386//357
f 1337//1302 502//359 385//358
f 1337//1302 385//358 384//1335
f 387//320 489//319 1338//1301
f 1338//1301 381//1336 387//320
f 390//362 503//361 1340//1303
f 1340//1303 394//1337 390//362
f 1339//1304 488//317 393//316
f 1339//1304 393//316 392//1338
f 488//317 503//361 389//360
f 488//317 389//360 391//315
f 504//365 487//313 404//312
f 504//365 404//312 402//363
f 1341//1305 504//365 401//364
f 1341//1305 401//364 400//1339
f 403//314 487//313 1342//1306
f 1342//1306 397//1340 403//314
f 406//368 505//367 1344//1307
f 1344//1307 410//1341 406//368
f 1343//1308 486//311 409//310
f 1343//1308 409//310 408//1342
f 486//311 505//367 405//366
f 486//311 405//366 407//309
f 418//369 506//371 485//307
f 485//307 420//306 418//369
f 1345//1310 506//371 417//370
f 1345//1310 417//370 416//1343
f 419//308 485//307 1346//1309
f 1346//1309 413//1344 419//308
f 334//1345 333//1324 1326//1290
f 336//1323 335//1346 1325//1289
f 334//1345 1326//1290 1325//1289
f 1325//1289 335//1346 334//1345
f 1328//1292 1327//1291 347//1347
f 1328//1292 347//1347 348//1348
f 344//1326 347//1347 1327//1291
f 348//1348 346//1325 1328//1292
f 350//1349 349//1328 1330//1294
f 352//1327 351//1350 1329//1293
f 1330//1294 1329//1293 351//1350
f 1330//1294 351//1350 350//1349
f 364//1351 1332//1296 1331//1295
f 1331//1295 363//1352 364//1351
f 360//1330 363//1352 1331//1295
f 364//1351 362//1329 1332//1296
f 366//1353 365//1332 1334//1298
f 368//1331 367//1354 1333//1297
f 366//1353 1334//1298 1333//1297
f 1333//1297 367//1354 366//1353
f 1336//1299 1335//1300 379//1355
f 1336//1299 379//1355 380//1356
f 376//1334 379//1355 1335//1300
f 380//1356 378//1333 1336//1299
f 382//1357 381//1336 1338//1301
f 384//1335 383//1358 1337//1302
f 1338//1301 1337//1302 383//1358
f 1338//1301 383//1358 382//1357
f 1340//1303 1339//1304 395//1359
f 1340//1303 395//1359 396//1360
f 392//1338 395//1359 1339//1304
f 396//1360 394//1337 1340//1303
f 398//1361 397//1340 1342//1306
f 400//1339 399//1362 1341//1305
f 398//1361 1342//1306 1341//1305
f 1341//1305 399//1362 398//1361
f 412//1363 1344//1307 1343//1308
f 1343//1308 411//1364 412//1363
f 408//1342 411//1364 1343//1308
f 412//1363 410//1341 1344//1307
f 414//1365 413//1344 1346//1309
f 416//1343 415//1366 1345//1310
f 1346//1309 1345//1310 415//1366
f 1346//1309 415//1366 414//1365
f 1022//984 1023//986 307//1367
f 1022//984 307//1367 308//1368
f 304//987 307//1367 1023//986
f 308//1368 306//985 1022//984
f 310//1369 309//1318 1348//1311
f 312//1317 311//1370 1347//1312
f 1348//1311 1347//1312 311//1370
f 1348//1311 311//1370 310//1369
f 1350//1313 1349//1314 323//1371
f 1350//1313 323//1371 324//1372
f 320//1320 323//1371 1349//1314
f 324//1372 322//1319 1350//1313
f 326//1373 325//1322 1352//1315
f 328//1321 327//1374 1351//1316
f 1352//1315 1351//1316 327//1374
f 1352//1315 327//1374 326//1373
s 20
g llantas.001_rubber
usemtl rubber
f 1355//1375 1356//1376 1353//1377
f 1353//1377 1354//1378 1355//1375
f 1360//1379 1357//1380 1358//1381
f 1358//1381 1359//1382 1360//1379
f 1364//1383 1361//1384 1362//1385
f 1362//1385 1363//1386 1364//1383
f 1357//1380 1354//1378 1365//1387
f 1365//1387 1366//1388 1357//1380
f 1361//1384 1358//1381 1367//1389
f 1367//1389 1368//1390 1361//1384
f 1371//1391 1362//1385 1369//1392
f 1369//1392 1370//1393 1371//1391
f 1366//1388 1365//1387 1372//1394
f 1372//1394 1373//1395 1366//1388
f 1367//1389 1374//1396 1375//1397
f 1375//1397 1368//1390 1367//1389
f 1369//1392 1376//1398 1377//1399
f 1377//1399 1370//1393 1369//1392
f 1380//1400 1378//1401 1379//1402
f 1379//1402 1372//1394 1380//1400
f 1373//1395 1381//1403 1382//1404
f 1382//1404 1374//1396 1373//1395
f 1375//1397 1383//1405 1384//1406
f 1384//1406 1376//1398 1375//1397
f 1378//1401 1385//1407 1386//1408
f 1386//1408 1379//1402 1378//1401
f 1382//1404 1381//1403 1387//1409
f 1387//1409 1388//1410 1382//1404
f 1384//1406 1383//1405 1389//1411
f 1389//1411 1390//1412 1384//1406
f 1386//1408 1391//1413 1392//1414
f 1392//1414 1387//1409 1386//1408
f 1388//1410 1393//1415 1394//1416
f 1394//1416 1389//1411 1388//1410
f 1390//1412 1395//1417 1396//1418
f 1396//1418 1397//1419 1390//1412
f 1391//1413 1398//1420 1399//1421
f 1399//1421 1392//1414 1391//1413
f 1393//1415 1400//1422 1401//1423
f 1401//1423 1394//1416 1393//1415
f 1396//1418 1395//1417 1402//1424
f 1402//1424 1403//1425 1396//1418
f 1398//1420 1406//1426 1404//1427
f 1404//1427 1405//1428 1398//1420
f 1400//1422 1399//1421 1407//1429
f 1407//1429 1408//1430 1400//1422
f 1402//1424 1401//1423 1409//1431
f 1409//1431 1410//1432 1402//1424
f 1405//1428 1404//1427 1411//1433
f 1411//1433 1412//1434 1405//1428
f 1407//1429 1413//1435 1414//1436
f 1414//1436 1408//1430 1407//1429
f 1410//1432 1409//1431 1415//1437
f 1415//1437 1416//1438 1410//1432
f 1413//1435 1412//1434 1417//1439
f 1417//1439 1418//1440 1413//1435
f 1414//1436 1419//1441 1420//1442
f 1420//1442 1415//1437 1414//1436
f 1423//1443 1416//1438 1421//1444
f 1421//1444 1422//1445 1423//1443
f 1417//1439 1424//1446 1425//1447
f 1425//1447 1418//1440 1417//1439
f 1419//1441 1426//1448 1427//1449
f 1427//1449 1420//1442 1419//1441
f 1421//1444 1428//1450 1429//1451
f 1429//1451 1422//1445 1421//1444
f 1424//1446 1432//1452 1430//1453
f 1430//1453 1431//1454 1424//1446
f 1426//1448 1425//1447 1433//1455
f 1433//1455 1434//1456 1426//1448
f 1427//1449 1435//1457 1436//1458
f 1436//1458 1428//1450 1427//1449
f 1431//1454 1430//1453 1437//1459
f 1437//1459 1438//1460 1431//1454
f 1433//1455 1439//1461 1440//1462
f 1440//1462 1434//1456 1433//1455
f 1435//1457 1441//1463 1442//1464
f 1442//1464 1436//1458 1435//1457
f 1438//1460 1443//1465 1444//1466
f 1444//1466 1439//1461 1438//1460
f 1441//1463 1440//1462 1445//1467
f 1445//1467 1446//1468 1441//1463
f 1442//1464 1447//1469 1448//1470
f 1448//1470 1449//1471 1442//1464
f 1443//1465 1450//1472 1451//1473
f 1451//1473 1444//1466 1443//1465
f 1445//1467 1452//1474 1453//1475
f 1453//1475 1446//1468 1445//1467
f 1448//1470 1447//1469 1454//1476
f 1454//1476 1455//1477 1448//1470
f 1450//1472 1458//1478 1456//1479
f 1456//1479 1457//1480 1450//1472
f 1451//1473 1459//1481 1460//1482
f 1460//1482 1452//1474 1451//1473
f 1453//1475 1461//1483 1462//1484
f 1462//1484 1454//1476 1453//1475
f 1457//1480 1456//1479 1463//1485
f 1463//1485 1464//1486 1457//1480
f 1460//1482 1459//1481 1465//1487
f 1465//1487 1466//1488 1460//1482
f 1462//1484 1461//1483 1467//1489
f 1467//1489 1468//1490 1462//1484
f 1464//1486 1469//1491 1470//1492
f 1470//1492 1465//1487 1464//1486
f 1467//1489 1466//1488 1471//1493
f 1471//1493 1472//1494 1467//1489
f 1468//1490 1473//1495 1474//1496
f 1474//1496 1475//1497 1468//1490
f 1470//1492 1469//1491 1476//1498
f 1476//1498 1477//1499 1470//1492
f 1471//1493 1478//1500 1479//1501
f 1479//1501 1472//1494 1471//1493
f 1473//1495 1480//1502 1481//1503
f 1481//1503 1474//1496 1473//1495
f 1484//1504 1482//1505 1483//1506
f 1483//1506 1476//1498 1484//1504
f 1477//1499 1485//1507 1486//1508
f 1486//1508 1478//1500 1477//1499
f 1480//1502 1479//1501 1487//1509
f 1487//1509 1488//1510 1480//1502
f 1482//1505 1489//1511 1490//1512
f 1490//1512 1483//1506 1482//1505
f 1486//1508 1485//1507 1491//1513
f 1491//1513 1492//1514 1486//1508
f 1488//1510 1487//1509 1493//1515
f 1493//1515 1494//1516 1488//1510
f 1490//1512 1495//1517 1496//1518
f 1496//1518 1491//1513 1490//1512
f 1493//1515 1492//1514 1497//1519
f 1497//1519 1498//1520 1493//1515
f 1494//1516 1499//1521 1500//1522
f 1500//1522 1501//1523 1494//1516
f 1495//1517 1502//1524 1503//1525
f 1503//1525 1496//1518 1495//1517
f 1498//1520 1497//1519 1504//1526
f 1504//1526 1505//1527 1498//1520
f 1499//1521 1506//1528 1507//1529
f 1507//1529 1500//1522 1499//1521
f 1502//1524 1510//1530 1508//1531
f 1508//1531 1509//1532 1502//1524
f 1503//1525 1511//1533 1512//1534
f 1512//1534 1504//1526 1503//1525
f 1505//1527 1513//1535 1514//1536
f 1514//1536 1506//1528 1505//1527
f 1509//1532 1508//1531 1515//1537
f 1515//1537 1516//1538 1509//1532
f 1511//1533 1517//1539 1518//1540
f 1518//1540 1512//1534 1511//1533
f 1514//1536 1513//1535 1519//1541
f 1519//1541 1520//1542 1514//1536
f 1517//1539 1516//1538 1521//1543
f 1521//1543 1522//1544 1517//1539
f 1519//1541 1518//1540 1523//1545
f 1523//1545 1524//1546 1519//1541
f 1520//1542 1525//1547 1526//1548
f 1526//1548 1527//1549 1520//1542
f 1521//1543 1528//1550 1529//1551
f 1529//1551 1522//1544 1521//1543
f 1524//1546 1523//1545 1530//1552
f 1530//1552 1531//1553 1524//1546
f 1525//1547 1532//1554 1533//1555
f 1533//1555 1526//1548 1525//1547
f 1528//1550 1536//1556 1534//1557
f 1534//1557 1535//1558 1528//1550
f 1529//1551 1537//1559 1538//1560
f 1538//1560 1530//1552 1529//1551
f 1531//1553 1539//1561 1540//1562
f 1540//1562 1532//1554 1531//1553
f 1537//1559 1535//1558 1541//1563
f 1541//1563 1542//1564 1537//1559
f 1538//1560 1543//1565 1544//1566
f 1544//1566 1539//1561 1538//1560
f 1540//1562 1545//1567 1546//1568
f 1546//1568 1547//1569 1540//1562
f 1541//1563 1355//1375 1360//1379
f 1360//1379 1542//1564 1541//1563
f 1543//1565 1359//1382 1364//1383
f 1364//1383 1544//1566 1543//1565
f 1546//1568 1545//1567 1363//1386
f 1363//1386 1548//1570 1546//1568
f 1545//1567 1544//1566 1364//1383
f 1364//1383 1363//1386 1545//1567
f 1543//1565 1542//1564 1360//1379
f 1360//1379 1359//1382 1543//1565
f 1549//1571 1356//1376 1355//1375
f 1355//1375 1541//1563 1549//1571
f 1540//1562 1539//1561 1544//1566
f 1544//1566 1545//1567 1540//1562
f 1537//1559 1542//1564 1543//1565
f 1543//1565 1538//1560 1537//1559
f 1534//1557 1549//1571 1541//1563
f 1541//1563 1535//1558 1534//1557
f 1533//1555 1532//1554 1540//1562
f 1540//1562 1547//1569 1533//1555
f 1531//1553 1530//1552 1538//1560
f 1538//1560 1539//1561 1531//1553
f 1528//1550 1535//1558 1537//1559
f 1537//1559 1529//1551 1528//1550
f 1525//1547 1524//1546 1531//1553
f 1531//1553 1532//1554 1525//1547
f 1523//1545 1522//1544 1529//1551
f 1529//1551 1530//1552 1523//1545
f 1521//1543 1550//1572 1536//1556
f 1536//1556 1528//1550 1521//1543
f 1519//1541 1524//1546 1525//1547
f 1525//1547 1520//1542 1519//1541
f 1517//1539 1522//1544 1523//1545
f 1523//1545 1518//1540 1517//1539
f 1516//1538 1515//1537 1550//1572
f 1550//1572 1521//1543 1516//1538
f 1551//1573 1514//1536 1520//1542
f 1520//1542 1527//1549 1551//1573
f 1513//1535 1512//1534 1518//1540
f 1518//1540 1519//1541 1513//1535
f 1511//1533 1509//1532 1516//1538
f 1516//1538 1517//1539 1511//1533
f 1506//1528 1514//1536 1551//1573
f 1551//1573 1507//1529 1506//1528
f 1505//1527 1504//1526 1512//1534
f 1512//1534 1513//1535 1505//1527
f 1503//1525 1502//1524 1509//1532
f 1509//1532 1511//1533 1503//1525
f 1498//1520 1505//1527 1506//1528
f 1506//1528 1499//1521 1498//1520
f 1496//1518 1503//1525 1504//1526
f 1504//1526 1497//1519 1496//1518
f 1552//1574 1510//1530 1502//1524
f 1502//1524 1495//1517 1552//1574
f 1493//1515 1498//1520 1499//1521
f 1499//1521 1494//1516 1493//1515
f 1492//1514 1491//1513 1496//1518
f 1496//1518 1497//1519 1492//1514
f 1489//1511 1552//1574 1495//1517
f 1495//1517 1490//1512 1489//1511
f 1488//1510 1494//1516 1501//1523
f 1501//1523 1553//1575 1488//1510
f 1487//1509 1486//1508 1492//1514
f 1492//1514 1493//1515 1487//1509
f 1483//1506 1490//1512 1491//1513
f 1491//1513 1485//1507 1483//1506
f 1481//1503 1480//1502 1488//1510
f 1488//1510 1553//1575 1481//1503
f 1479//1501 1478//1500 1486//1508
f 1486//1508 1487//1509 1479//1501
f 1477//1499 1476//1498 1483//1506
f 1483//1506 1485//1507 1477//1499
f 1473//1495 1472//1494 1479//1501
f 1479//1501 1480//1502 1473//1495
f 1470//1492 1477//1499 1478//1500
f 1478//1500 1471//1493 1470//1492
f 1554//1576 1484//1504 1476//1498
f 1476//1498 1469//1491 1554//1576
f 1468//1490 1467//1489 1472//1494
f 1472//1494 1473//1495 1468//1490
f 1466//1488 1465//1487 1470//1492
f 1470//1492 1471//1493 1466//1488
f 1464//1486 1463//1485 1554//1576
f 1554//1576 1469//1491 1464//1486
f 1555//1577 1462//1484 1468//1490
f 1468//1490 1475//1497 1555//1577
f 1460//1482 1466//1488 1467//1489
f 1467//1489 1461//1483 1460//1482
f 1457//1480 1464//1486 1465//1487
f 1465//1487 1459//1481 1457//1480
f 1454//1476 1462//1484 1555//1577
f 1555//1577 1455//1477 1454//1476
f 1453//1475 1452//1474 1460//1482
f 1460//1482 1461//1483 1453//1475
f 1450//1472 1457//1480 1459//1481
f 1459//1481 1451//1473 1450//1472
f 1447//1469 1446//1468 1453//1475
f 1453//1475 1454//1476 1447//1469
f 1445//1467 1444//1466 1451//1473
f 1451//1473 1452//1474 1445//1467
f 1556//1578 1458//1478 1450//1472
f 1450//1472 1443//1465 1556//1578
f 1442//1464 1441//1463 1446//1468
f 1446//1468 1447//1469 1442//1464
f 1440//1462 1439//1461 1444//1466
f 1444//1466 1445//1467 1440//1462
f 1438//1460 1437//1459 1556//1578
f 1556//1578 1443//1465 1438//1460
f 1557//1579 1436//1458 1442//1464
f 1442//1464 1449//1471 1557//1579
f 1434//1456 1440//1462 1441//1463
f 1441//1463 1435//1457 1434//1456
f 1431//1454 1438//1460 1439//1461
f 1439//1461 1433//1455 1431//1454
f 1429//1451 1428//1450 1436//1458
f 1436//1458 1557//1579 1429//1451
f 1427//1449 1426//1448 1434//1456
f 1434//1456 1435//1457 1427//1449
f 1424//1446 1431//1454 1433//1455
f 1433//1455 1425//1447 1424//1446
f 1420//1442 1427//1449 1428//1450
f 1428//1450 1421//1444 1420//1442
f 1419//1441 1418//1440 1425//1447
f 1425//1447 1426//1448 1419//1441
f 1417//1439 1558//1580 1432//1452
f 1432//1452 1424//1446 1417//1439
f 1415//1437 1420//1442 1421//1444
f 1421//1444 1416//1438 1415//1437
f 1413//1435 1418//1440 1419//1441
f 1419//1441 1414//1436 1413//1435
f 1412//1434 1411//1433 1558//1580
f 1558//1580 1417//1439 1412//1434
f 1559//1581 1410//1432 1416//1438
f 1416//1438 1423//1443 1559//1581
f 1408//1430 1414//1436 1415//1437
f 1415//1437 1409//1431 1408//1430
f 1407//1429 1405//1428 1412//1434
f 1412//1434 1413//1435 1407//1429
f 1403//1425 1402//1424 1410//1432
f 1410//1432 1559//1581 1403//1425
f 1400//1422 1408//1430 1409//1431
f 1409//1431 1401//1423 1400//1422
f 1399//1421 1398//1420 1405//1428
f 1405//1428 1407//1429 1399//1421
f 1395//1417 1394//1416 1401//1423
f 1401//1423 1402//1424 1395//1417
f 1393//1415 1392//1414 1399//1421
f 1399//1421 1400//1422 1393//1415
f 1560//1582 1406//1426 1398//1420
f 1398//1420 1391//1413 1560//1582
f 1389//1411 1394//1416 1395//1417
f 1395//1417 1390//1412 1389//1411
f 1388//1410 1387//1409 1392//1414
f 1392//1414 1393//1415 1388//1410
f 1385//1407 1560//1582 1391//1413
f 1391//1413 1386//1408 1385//1407
f 1561//1583 1384//1406 1390//1412
f 1390//1412 1397//1419 1561//1583
f 1382//1404 1388//1410 1389//1411
f 1389//1411 1383//1405 1382//1404
f 1379//1402 1386//1408 1387//1409
f 1387//1409 1381//1403 1379//1402
f 1377//1399 1376//1398 1384//1406
f 1384//1406 1561//1583 1377//1399
f 1374//1396 1382//1404 1383//1405
f 1383//1405 1375//1397 1374//1396
f 1373//1395 1372//1394 1379//1402
f 1379//1402 1381//1403 1373//1395
f 1369//1392 1368//1390 1375//1397
f 1375//1397 1376//1398 1369//1392
f 1367//1389 1366//1388 1373//1395
f 1373//1395 1374//1396 1367//1389
f 1562//1584 1380//1400 1372//1394
f 1372//1394 1365//1387 1562//1584
f 1361//1384 1368//1390 1369//1392
f 1369//1392 1362//1385 1361//1384
f 1357//1380 1366//1388 1367//1389
f 1367//1389 1358//1381 1357//1380
f 1354//1378 1353//1377 1562//1584
f 1562//1584 1365//1387 1354//1378
f 1363//1386 1362//1385 1371//1391
f 1371//1391 1548//1570 1363//1386
f 1364//1383 1359//1382 1358//1381
f 1358//1381 1361//1384 1364//1383
f 1360//1379 1355//1375 1354//1378
f 1354//1378 1357//1380 1360//1379
f 1563//1585 1564//1586 1565//1587
f 1563//1585 1565//1587 1566//1588
f 1570//1589 1567//1590 1568//1591
f 1568//1591 1569//1592 1570//1589
f 1572//1593 1563//1585 1573//1594
f 1571//1595 1572//1593 1573//1594
f 1574//1596 1575//1597 1567//1590
f 1574//1596 1567//1590 1564//1586
f 1568//1591 1576//1598 1562//1584
f 1562//1584 1353//1377 1568//1591
f 1577//1599 1578//1600 1572//1593
f 1577//1599 1572//1593 1571//1595
f 1580//1601 1575//1597 1574//1596
f 1579//1602 1580//1601 1574//1596
f 1562//1584 1576//1598 1581//1603
f 1581//1603 1380//1400 1562//1584
f 1582//1604 1583//1605 1579//1602
f 1582//1604 1579//1602 1578//1600
f 1580//1601 1584//1606 1585//1607
f 1585//1607 1581//1603 1580//1601
f 1586//1608 1587//1609 1583//1605
f 1586//1608 1583//1605 1582//1604
f 1584//1606 1588//1610 1589//1611
f 1589//1611 1585//1607 1584//1606
f 1590//1612 1591//1613 1586//1608
f 1590//1612 1586//1608 1592//1614
f 1587//1609 1593//1615 1594//1616
f 1594//1616 1588//1610 1587//1609
f 1385//1407 1589//1611 1595//1617
f 1595//1617 1560//1582 1385//1407
f 1597//1618 1591//1613 1590//1612
f 1596//1619 1597//1618 1590//1612
f 1598//1620 1599//1621 1594//1616
f 1598//1620 1594//1616 1593//1615
f 1560//1582 1595//1617 1600//1622
f 1600//1622 1406//1426 1560//1582
f 1601//1623 1602//1624 1598//1620
f 1601//1623 1598//1620 1597//1618
f 1599//1621 1603//1625 1604//1626
f 1604//1626 1600//1622 1599//1621
f 1606//1627 1602//1624 1601//1623
f 1605//1628 1606//1627 1601//1623
f 1604//1626 1603//1625 1607//1629
f 1607//1629 1608//1630 1604//1626
f 1610//1631 1605//1628 1611//1632
f 1609//1633 1610//1631 1611//1632
f 1613//1634 1607//1629 1606//1627
f 1612//1635 1613//1634 1606//1627
f 1608//1630 1614//1636 1558//1580
f 1558//1580 1411//1433 1608//1630
f 1616//1637 1610//1631 1609//1633
f 1615//1638 1616//1637 1609//1633
f 1612//1635 1617//1639 1618//1640
f 1618//1640 1613//1634 1612//1635
f 1614//1636 1619//1641 1432//1452
f 1432//1452 1558//1580 1614//1636
f 1621//1642 1617//1639 1616//1637
f 1620//1643 1621//1642 1616//1637
f 1619//1641 1618//1640 1622//1644
f 1622//1644 1623//1645 1619//1641
f 1625//1646 1621//1642 1620//1643
f 1624//1647 1625//1646 1620//1643
f 1622//1644 1626//1648 1627//1649
f 1627//1649 1623//1645 1622//1644
f 1629//1650 1624//1647 1630//1651
f 1628//1652 1629//1650 1630//1651
f 1626//1648 1625//1646 1631//1653
f 1631//1653 1632//1654 1626//1648
f 1437//1459 1627//1649 1633//1655
f 1633//1655 1556//1578 1437//1459
f 1634//1656 1635//1657 1629//1650
f 1634//1656 1629//1650 1628//1652
f 1636//1658 1637//1659 1632//1654
f 1636//1658 1632//1654 1631//1653
f 1556//1578 1633//1655 1638//1660
f 1638//1660 1458//1478 1556//1578
f 1639//1661 1640//1662 1636//1658
f 1639//1661 1636//1658 1635//1657
f 1638//1660 1637//1659 1641//1663
f 1641//1663 1642//1664 1638//1660
f 1644//1665 1640//1662 1639//1661
f 1643//1666 1644//1665 1639//1661
f 1642//1664 1641//1663 1645//1667
f 1645//1667 1646//1668 1642//1664
f 1647//1669 1648//1670 1643//1666
f 1647//1669 1643//1666 1649//1671
f 1645//1667 1644//1665 1650//1672
f 1650//1672 1651//1673 1645//1667
f 1646//1668 1652//1674 1554//1576
f 1554//1576 1463//1485 1646//1668
f 1653//1675 1654//1676 1648//1670
f 1653//1675 1648//1670 1647//1669
f 1655//1677 1656//1678 1651//1673
f 1655//1677 1651//1673 1650//1672
f 1554//1576 1652//1674 1657//1679
f 1657//1679 1484//1504 1554//1576
f 1658//1680 1659//1681 1655//1677
f 1658//1680 1655//1677 1654//1676
f 1656//1678 1660//1682 1661//1683
f 1661//1683 1657//1679 1656//1678
f 1662//1684 1663//1685 1659//1681
f 1662//1684 1659//1681 1658//1680
f 1660//1682 1664//1686 1665//1687
f 1665//1687 1661//1683 1660//1682
f 1667//1688 1662//1684 1668//1689
f 1666//1690 1667//1688 1668//1689
f 1663//1685 1669//1691 1670//1692
f 1670//1692 1664//1686 1663//1685
f 1489//1511 1665//1687 1671//1693
f 1671//1693 1552//1574 1489//1511
f 1672//1694 1673//1695 1667//1688
f 1672//1694 1667//1688 1666//1690
f 1669//1691 1674//1696 1675//1697
f 1675//1697 1670//1692 1669//1691
f 1552//1574 1671//1693 1676//1698
f 1676//1698 1510//1530 1552//1574
f 1678//1699 1674//1696 1673//1695
f 1677//1700 1678//1699 1673//1695
f 1676//1698 1675//1697 1679//1701
f 1679//1701 1680//1702 1676//1698
f 1681//1703 1682//1704 1678//1699
f 1681//1703 1678//1699 1677//1700
f 1680//1702 1679//1701 1683//1705
f 1683//1705 1684//1706 1680//1702
f 1685//1707 1686//1708 1681//1703
f 1685//1707 1681//1703 1687//1709
f 1682//1704 1688//1710 1689//1711
f 1689//1711 1683//1705 1682//1704
f 1515//1537 1684//1706 1690//1712
f 1690//1712 1550//1572 1515//1537
f 1691//1713 1692//1714 1686//1708
f 1691//1713 1686//1708 1685//1707
f 1694//1715 1689//1711 1688//1710
f 1693//1716 1694//1715 1688//1710
f 1550//1572 1690//1712 1695//1717
f 1695//1717 1536//1556 1550//1572
f 1696//1718 1697//1719 1693//1716
f 1696//1718 1693//1716 1692//1714
f 1694//1715 1698//1720 1699//1721
f 1699//1721 1695//1717 1694//1715
f 1700//1722 1701//1723 1696//1718
f 1700//1722 1696//1718 1702//1724
f 1704//1725 1698//1720 1697//1719
f 1703//1726 1704//1725 1697//1719
f 1534//1557 1699//1721 1705//1727
f 1705//1727 1549//1571 1534//1557
f 1565//1587 1703//1726 1701//1723
f 1566//1588 1565//1587 1701//1723
f 1705//1727 1704//1725 1570//1589
f 1570//1589 1569//1592 1705//1727
f 1549//1571 1705//1727 1569//1592
f 1569//1592 1356//1376 1549//1571
f 1703//1726 1565//1587 1570//1589
f 1570//1589 1704//1725 1703//1726
f 1706//1728 1566//1588 1701//1723
f 1706//1728 1701//1723 1700//1722
f 1698//1720 1704//1725 1705//1727
f 1705//1727 1699//1721 1698//1720
f 1701//1723 1703//1726 1697//1719
f 1701//1723 1697//1719 1696//1718
f 1536//1556 1695//1717 1699//1721
f 1699//1721 1534//1557 1536//1556
f 1697//1719 1698//1720 1694//1715
f 1697//1719 1694//1715 1693//1716
f 1696//1718 1692//1714 1691//1713
f 1702//1724 1696//1718 1691//1713
f 1690//1712 1689//1711 1694//1715
f 1694//1715 1695//1717 1690//1712
f 1693//1716 1688//1710 1686//1708
f 1692//1714 1693//1716 1686//1708
f 1683//1705 1689//1711 1690//1712
f 1690//1712 1684//1706 1683//1705
f 1688//1710 1682//1704 1681//1703
f 1686//1708 1688//1710 1681//1703
f 1680//1702 1684//1706 1515//1537
f 1515//1537 1508//1531 1680//1702
f 1682//1704 1683//1705 1679//1701
f 1682//1704 1679//1701 1678//1699
f 1681//1703 1677//1700 1707//1729
f 1687//1709 1681//1703 1707//1729
f 1676//1698 1680//1702 1508//1531
f 1508//1531 1510//1530 1676//1698
f 1679//1701 1675//1697 1674//1696
f 1678//1699 1679//1701 1674//1696
f 1707//1729 1677//1700 1673//1695
f 1707//1729 1673//1695 1672//1694
f 1671//1693 1670//1692 1675//1697
f 1675//1697 1676//1698 1671//1693
f 1674//1696 1669//1691 1667//1688
f 1673//1695 1674//1696 1667//1688
f 1664//1686 1670//1692 1671//1693
f 1671//1693 1665//1687 1664//1686
f 1667//1688 1669//1691 1663//1685
f 1667//1688 1663//1685 1662//1684
f 1482//1505 1661//1683 1665//1687
f 1665//1687 1489//1511 1482//1505
f 1663//1685 1664//1686 1660//1682
f 1663//1685 1660//1682 1659//1681
f 1668//1689 1662//1684 1658//1680
f 1668//1689 1658//1680 1708//1730
f 1484//1504 1657//1679 1661//1683
f 1661//1683 1482//1505 1484//1504
f 1656//1678 1655//1677 1659//1681
f 1659//1681 1660//1682 1656//1678
f 1708//1730 1658//1680 1654//1676
f 1708//1730 1654//1676 1653//1675
f 1651//1673 1656//1678 1657//1679
f 1657//1679 1652//1674 1651//1673
f 1654//1676 1655//1677 1650//1672
f 1654//1676 1650//1672 1648//1670
f 1646//1668 1645//1667 1651//1673
f 1651//1673 1652//1674 1646//1668
f 1650//1672 1644//1665 1643//1666
f 1648//1670 1650//1672 1643//1666
f 1642//1664 1646//1668 1463//1485
f 1463//1485 1456//1479 1642//1664
f 1640//1662 1644//1665 1645//1667
f 1645//1667 1641//1663 1640//1662
f 1649//1671 1643//1666 1639//1661
f 1649//1671 1639//1661 1709//1731
f 1638//1660 1642//1664 1456//1479
f 1456//1479 1458//1478 1638//1660
f 1641//1663 1637//1659 1636//1658
f 1640//1662 1641//1663 1636//1658
f 1709//1731 1639//1661 1635//1657
f 1709//1731 1635//1657 1634//1656
f 1633//1655 1632//1654 1637//1659
f 1637//1659 1638//1660 1633//1655
f 1636//1658 1631//1653 1629//1650
f 1635//1657 1636//1658 1629//1650
f 1626//1648 1632//1654 1633//1655
f 1633//1655 1627//1649 1626//1648
f 1629//1650 1631//1653 1625//1646
f 1629//1650 1625//1646 1624//1647
f 1623//1645 1627//1649 1437//1459
f 1437//1459 1430//1453 1623//1645
f 1621//1642 1625//1646 1626//1648
f 1626//1648 1622//1644 1621//1642
f 1624//1647 1620//1643 1710//1732
f 1630//1651 1624//1647 1710//1732
f 1619//1641 1623//1645 1430//1453
f 1430//1453 1432//1452 1619//1641
f 1622//1644 1618//1640 1617//1639
f 1621//1642 1622//1644 1617//1639
f 1620//1643 1616//1637 1615//1638
f 1710//1732 1620//1643 1615//1638
f 1614//1636 1613//1634 1618//1640
f 1618//1640 1619//1641 1614//1636
f 1617//1639 1612//1635 1610//1631
f 1616//1637 1617//1639 1610//1631
f 1608//1630 1607//1629 1613//1634
f 1613//1634 1614//1636 1608//1630
f 1612//1635 1606//1627 1605//1628
f 1610//1631 1612//1635 1605//1628
f 1604//1626 1608//1630 1411//1433
f 1411//1433 1404//1427 1604//1626
f 1603//1625 1602//1624 1606//1627
f 1606//1627 1607//1629 1603//1625
f 1611//1632 1605//1628 1601//1623
f 1611//1632 1601//1623 1711//1733
f 1600//1622 1604//1626 1404//1427
f 1404//1427 1406//1426 1600//1622
f 1599//1621 1598//1620 1602//1624
f 1602//1624 1603//1625 1599//1621
f 1601//1623 1597//1618 1596//1619
f 1711//1733 1601//1623 1596//1619
f 1594//1616 1599//1621 1600//1622
f 1600//1622 1595//1617 1594//1616
f 1597//1618 1598//1620 1593//1615
f 1597//1618 1593//1615 1591//1613
f 1588//1610 1594//1616 1595//1617
f 1595//1617 1589//1611 1588//1610
f 1591//1613 1593//1615 1587//1609
f 1591//1613 1587//1609 1586//1608
f 1585//1607 1589//1611 1385//1407
f 1385//1407 1378//1401 1585//1607
f 1584//1606 1583//1605 1587//1609
f 1587//1609 1588//1610 1584//1606
f 1586//1608 1582//1604 1712//1734
f 1592//1614 1586//1608 1712//1734
f 1380//1400 1581//1603 1585//1607
f 1585//1607 1378//1401 1380//1400
f 1583//1605 1584//1606 1580//1601
f 1583//1605 1580//1601 1579//1602
f 1582//1604 1578//1600 1577//1599
f 1712//1734 1582//1604 1577//1599
f 1575//1597 1580//1601 1581//1603
f 1581//1603 1576//1598 1575//1597
f 1578//1600 1579//1602 1574//1596
f 1578//1600 1574//1596 1572//1593
f 1568//1591 1567//1590 1575//1597
f 1575//1597 1576//1598 1568//1591
f 1572//1593 1574//1596 1564//1586
f 1572//1593 1564//1586 1563//1585
f 1569//1592 1568//1591 1353//1377
f 1353//1377 1356//1376 1569//1592
f 1564//1586 1567//1590 1570//1589
f 1564//1586 1570//1589 1565//1587
f 1563//1585 1566//1588 1706//1728
f 1573//1594 1563//1585 1706//1728
f 1713//1735 1714//1736 1715//1737
f 1713//1735 1715//1737 1716//1738
f 1717//1739 1573//1594 1706//1728
f 1717//1739 1706//1728 1718//1740
f 1719//1741 1720//1742 1713//1735
f 1719//1741 1713//1735 1721//1743
f 1723//1744 1717//1739 1714//1736
f 1722//1745 1723//1744 1714//1736
f 1725//1746 1720//1742 1719//1741
f 1724//1747 1725//1746 1719//1741
f 1726//1748 1727//1749 1723//1744
f 1726//1748 1723//1744 1722//1745
f 1729//1750 1726//1748 1725//1746
f 1728//1751 1729//1750 1725//1746
f 1712//1734 1577//1599 1727//1749
f 1730//1752 1712//1734 1727//1749
f 1731//1753 1732//1754 1729//1750
f 1731//1753 1729//1750 1728//1751
f 1733//1755 1592//1614 1712//1734
f 1733//1755 1712//1734 1730//1752
f 1734//1756 1735//1757 1731//1753
f 1734//1756 1731//1753 1736//1758
f 1738//1759 1733//1755 1732//1754
f 1737//1760 1738//1759 1732//1754
f 1739//1761 1740//1762 1735//1757
f 1739//1761 1735//1757 1734//1756
f 1742//1763 1738//1759 1737//1760
f 1741//1764 1742//1763 1737//1760
f 1744//1765 1741//1764 1740//1762
f 1743//1766 1744//1765 1740//1762
f 1745//1767 1711//1733 1596//1619
f 1745//1767 1596//1619 1742//1763
f 1747//1768 1744//1765 1743//1766
f 1746//1769 1747//1768 1743//1766
f 1748//1770 1611//1632 1711//1733
f 1748//1770 1711//1733 1745//1767
f 1749//1771 1750//1772 1746//1769
f 1749//1771 1746//1769 1751//1773
f 1752//1774 1753//1775 1748//1770
f 1752//1774 1748//1770 1747//1768
f 1754//1776 1755//1777 1750//1772
f 1754//1776 1750//1772 1749//1771
f 1757//1778 1753//1775 1752//1774
f 1756//1779 1757//1778 1752//1774
f 1758//1780 1759//1781 1756//1779
f 1758//1780 1756//1779 1755//1777
f 1760//1782 1710//1732 1615//1638
f 1760//1782 1615//1638 1757//1778
f 1761//1783 1762//1784 1759//1781
f 1761//1783 1759//1781 1758//1780
f 1763//1785 1630//1651 1710//1732
f 1763//1785 1710//1732 1760//1782
f 1765//1786 1761//1783 1766//1787
f 1764//1788 1765//1786 1766//1787
f 1768//1789 1763//1785 1762//1784
f 1767//1790 1768//1789 1762//1784
f 1769//1791 1770//1792 1765//1786
f 1769//1791 1765//1786 1764//1788
f 1771//1793 1772//1794 1768//1789
f 1771//1793 1768//1789 1767//1790
f 1774//1795 1771//1793 1770//1792
f 1773//1796 1774//1795 1770//1792
f 1775//1797 1709//1731 1634//1656
f 1775//1797 1634//1656 1772//1794
f 1776//1798 1777//1799 1774//1795
f 1776//1798 1774//1795 1773//1796
f 1649//1671 1709//1731 1775//1797
f 1778//1800 1649//1671 1775//1797
f 1780//1801 1776//1798 1781//1802
f 1779//1803 1780//1801 1781//1802
f 1782//1804 1783//1805 1778//1800
f 1782//1804 1778//1800 1777//1799
f 1785//1806 1780//1801 1779//1803
f 1784//1807 1785//1806 1779//1803
f 1786//1808 1787//1809 1783//1805
f 1786//1808 1783//1805 1782//1804
f 1789//1810 1786//1808 1785//1806
f 1788//1811 1789//1810 1785//1806
f 1708//1730 1653//1675 1787//1809
f 1790//1812 1708//1730 1787//1809
f 1791//1813 1792//1814 1789//1810
f 1791//1813 1789//1810 1788//1811
f 1668//1689 1708//1730 1790//1812
f 1793//1815 1668//1689 1790//1812
f 1795//1816 1791//1813 1796//1817
f 1794//1818 1795//1816 1796//1817
f 1797//1819 1798//1820 1793//1815
f 1797//1819 1793//1815 1792//1814
f 1800//1821 1795//1816 1794//1818
f 1799//1822 1800//1821 1794//1818
f 1801//1823 1802//1824 1798//1820
f 1801//1823 1798//1820 1797//1819
f 1803//1825 1804//1826 1801//1823
f 1803//1825 1801//1823 1800//1821
f 1805//1827 1707//1729 1672//1694
f 1805//1827 1672//1694 1802//1824
f 1806//1828 1807//1829 1804//1826
f 1806//1828 1804//1826 1803//1825
f 1687//1709 1707//1729 1805//1827
f 1808//1830 1687//1709 1805//1827
f 1810//1831 1806//1828 1811//1832
f 1809//1833 1810//1831 1811//1832
f 1812//1834 1813//1835 1808//1830
f 1812//1834 1808//1830 1807//1829
f 1815//1836 1810//1831 1809//1833
f 1814//1837 1815//1836 1809//1833
f 1816//1838 1817//1839 1813//1835
f 1816//1838 1813//1835 1812//1834
f 1818//1840 1819//1841 1816//1838
f 1818//1840 1816//1838 1815//1836
f 1820//1842 1702//1724 1691//1713
f 1820//1842 1691//1713 1817//1839
f 1822//1843 1818//1840 1823//1844
f 1821//1845 1822//1843 1823//1844
f 1824//1846 1825//1847 1820//1842
f 1824//1846 1820//1842 1819//1841
f 1826//1848 1716//1738 1822//1843
f 1826//1848 1822//1843 1821//1845
f 1718//1740 1825//1847 1824//1846
f 1715//1737 1718//1740 1824//1846
f 1706//1728 1700//1722 1825//1847
f 1718//1740 1706//1728 1825//1847
f 1715//1737 1824//1846 1822//1843
f 1716//1738 1715//1737 1822//1843
f 1700//1722 1702//1724 1820//1842
f 1825//1847 1700//1722 1820//1842
f 1822//1843 1824//1846 1819//1841
f 1822//1843 1819//1841 1818//1840
f 1820//1842 1817//1839 1816//1838
f 1819//1841 1820//1842 1816//1838
f 1823//1844 1818//1840 1815//1836
f 1823//1844 1815//1836 1814//1837
f 1817//1839 1691//1713 1685//1707
f 1817//1839 1685//1707 1813//1835
f 1815//1836 1816//1838 1812//1834
f 1815//1836 1812//1834 1810//1831
f 1685//1707 1687//1709 1808//1830
f 1813//1835 1685//1707 1808//1830
f 1810//1831 1812//1834 1807//1829
f 1810//1831 1807//1829 1806//1828
f 1807//1829 1808//1830 1805//1827
f 1807//1829 1805//1827 1804//1826
f 1806//1828 1803//1825 1827//1849
f 1811//1832 1806//1828 1827//1849
f 1804//1826 1805//1827 1802//1824
f 1804//1826 1802//1824 1801//1823
f 1803//1825 1800//1821 1799//1822
f 1827//1849 1803//1825 1799//1822
f 1672//1694 1666//1690 1798//1820
f 1802//1824 1672//1694 1798//1820
f 1800//1821 1801//1823 1797//1819
f 1800//1821 1797//1819 1795//1816
f 1666//1690 1668//1689 1793//1815
f 1798//1820 1666//1690 1793//1815
f 1795//1816 1797//1819 1792//1814
f 1795//1816 1792//1814 1791//1813
f 1793//1815 1790//1812 1789//1810
f 1792//1814 1793//1815 1789//1810
f 1791//1813 1788//1811 1828//1850
f 1796//1817 1791//1813 1828//1850
f 1789//1810 1790//1812 1787//1809
f 1789//1810 1787//1809 1786//1808
f 1788//1811 1785//1806 1784//1807
f 1828//1850 1788//1811 1784//1807
f 1653//1675 1647//1669 1783//1805
f 1787//1809 1653//1675 1783//1805
f 1785//1806 1786//1808 1782//1804
f 1785//1806 1782//1804 1780//1801
f 1647//1669 1649//1671 1778//1800
f 1783//1805 1647//1669 1778//1800
f 1782//1804 1777//1799 1776//1798
f 1780//1801 1782//1804 1776//1798
f 1777//1799 1778//1800 1775//1797
f 1777//1799 1775//1797 1774//1795
f 1781//1802 1776//1798 1773//1796
f 1781//1802 1773//1796 1829//1851
f 1775//1797 1772//1794 1771//1793
f 1774//1795 1775//1797 1771//1793
f 1773//1796 1770//1792 1769//1791
f 1829//1851 1773//1796 1769//1791
f 1634//1656 1628//1652 1768//1789
f 1772//1794 1634//1656 1768//1789
f 1770//1792 1771//1793 1767//1790
f 1770//1792 1767//1790 1765//1786
f 1768//1789 1628//1652 1630//1651
f 1768//1789 1630//1651 1763//1785
f 1767//1790 1762//1784 1761//1783
f 1765//1786 1767//1790 1761//1783
f 1763//1785 1760//1782 1759//1781
f 1762//1784 1763//1785 1759//1781
f 1766//1787 1761//1783 1758//1780
f 1766//1787 1758//1780 1830//1852
f 1760//1782 1757//1778 1756//1779
f 1759//1781 1760//1782 1756//1779
f 1830//1852 1758//1780 1755//1777
f 1830//1852 1755//1777 1754//1776
f 1757//1778 1615//1638 1609//1633
f 1757//1778 1609//1633 1753//1775
f 1755//1777 1756//1779 1752//1774
f 1755//1777 1752//1774 1750//1772
f 1753//1775 1609//1633 1611//1632
f 1753//1775 1611//1632 1748//1770
f 1752//1774 1747//1768 1746//1769
f 1750//1772 1752//1774 1746//1769
f 1748//1770 1745//1767 1744//1765
f 1747//1768 1748//1770 1744//1765
f 1751//1773 1746//1769 1743//1766
f 1751//1773 1743//1766 1831//1853
f 1745//1767 1742//1763 1741//1764
f 1744//1765 1745//1767 1741//1764
f 1831//1853 1743//1766 1740//1762
f 1831//1853 1740//1762 1739//1761
f 1742//1763 1596//1619 1590//1612
f 1742//1763 1590//1612 1738//1759
f 1741//1764 1737//1760 1735//1757
f 1740//1762 1741//1764 1735//1757
f 1738//1759 1590//1612 1592//1614
f 1738//1759 1592//1614 1733//1755
f 1737//1760 1732//1754 1731//1753
f 1735//1757 1737//1760 1731//1753
f 1733//1755 1730//1752 1729//1750
f 1732//1754 1733//1755 1729//1750
f 1736//1758 1731//1753 1728//1751
f 1736//1758 1728//1751 1832//1854
f 1729//1750 1730//1752 1727//1749
f 1729//1750 1727//1749 1726//1748
f 1832//1854 1728//1751 1725//1746
f 1832//1854 1725//1746 1724//1747
f 1577//1599 1571//1595 1723//1744
f 1727//1749 1577//1599 1723//1744
f 1726//1748 1722//1745 1720//1742
f 1725//1746 1726//1748 1720//1742
f 1723//1744 1571//1595 1573//1594
f 1723//1744 1573//1594 1717//1739
f 1722//1745 1714//1736 1713//1735
f 1720//1742 1722//1745 1713//1735
f 1714//1736 1717//1739 1718//1740
f 1714//1736 1718//1740 1715//1737
f 1713//1735 1716//1738 1826//1848
f 1721//1743 1713//1735 1826//1848
