# Blender 4.5.3 LTS
# www.blender.org
mtllib llanta_delantera_derecha.mtl
g llanta_trasera_derecha_Mesh
v 0.671507 0.197957 1.575691
v 0.536754 0.197957 1.575689
v 0.549193 0.278363 1.646304
v 0.659063 0.278363 1.646308
v 0.659063 0.070005 1.668211
v 0.549193 0.070005 1.668206
v 0.536754 0.133971 1.582409
v 0.671507 0.133971 1.582412
v 0.657559 0.150412 1.817927
v 0.550685 0.150412 1.817924
v 0.549191 0.070005 1.747299
v 0.659061 0.070005 1.747304
v 0.725753 0.141437 1.653456
v 0.725750 0.136506 1.752518
v 0.725750 0.230841 1.742602
v 0.725753 0.205425 1.646733
v 0.659061 0.294807 1.723679
v 0.549191 0.294807 1.723677
v 0.657559 0.230841 1.809473
v 0.550685 0.230841 1.809471
v 0.671511 0.821724 1.358951
v 0.536760 0.821724 1.358949
v 0.549201 0.923902 1.390760
v 0.659070 0.923904 1.390757
v 0.659068 0.742467 1.495509
v 0.549198 0.742467 1.495504
v 0.536760 0.766006 1.391112
v 0.671511 0.766006 1.391118
v 0.657566 0.876816 1.599588
v 0.550693 0.876816 1.599585
v 0.549196 0.774638 1.567768
v 0.659065 0.774638 1.567771
v 0.725757 0.801723 1.452983
v 0.725755 0.837512 1.545486
v 0.725757 0.919657 1.498060
v 0.725760 0.857441 1.420809
v 0.659068 0.970394 1.454751
v 0.549198 0.970394 1.454745
v 0.657566 0.946855 1.559149
v 0.550693 0.946855 1.559147
v 0.671524 1.303407 0.907240
v 0.536772 1.303407 0.907237
v 0.549213 1.409692 0.894736
v 0.659083 1.409692 0.894739
v 0.659078 1.286549 1.064232
v 0.549209 1.286549 1.064227
v 0.536769 1.265592 0.959285
v 0.671522 1.265592 0.959288
v 0.657578 1.451613 1.104663
v 0.550705 1.451613 1.104661
v 0.549209 1.345329 1.117155
v 0.659078 1.345329 1.117159
v 0.725770 1.323384 1.001282
v 0.725768 1.393703 1.071226
v 0.725770 1.449453 0.994486
v 0.725772 1.361198 0.949225
v 0.659083 1.478191 0.934284
v 0.549213 1.478191 0.934279
v 0.657578 1.499148 1.039238
v 0.550705 1.499148 1.039235
v 0.671539 1.559723 0.298662
v 0.536787 1.559723 0.298659
v 0.549230 1.651734 0.244016
v 0.659100 1.651734 0.244019
v 0.659096 1.608174 0.448938
v 0.549226 1.608174 0.448934
v 0.536787 1.546345 0.361589
v 0.671539 1.546345 0.361593
v 0.657596 1.775413 0.418736
v 0.550722 1.775413 0.418733
v 0.549223 1.683399 0.473381
v 0.659093 1.683399 0.473384
v 0.725788 1.616216 0.376452
v 0.725785 1.708909 0.411747
v 0.725788 1.728630 0.318971
v 0.725788 1.629593 0.313514
v 0.659100 1.730398 0.252284
v 0.549230 1.730398 0.252279
v 0.657598 1.792226 0.339630
v 0.550726 1.792226 0.339627
v 0.671557 1.546345 -0.361549
v 0.536804 1.546345 -0.361551
v 0.549248 1.608174 -0.448906
v 0.659118 1.608174 -0.448900
v 0.659113 1.651734 -0.243976
v 0.549244 1.651734 -0.243981
v 0.536804 1.559723 -0.298626
v 0.671557 1.559723 -0.298624
v 0.657615 1.792226 -0.339592
v 0.550743 1.792226 -0.339595
v 0.549244 1.730398 -0.252246
v 0.659113 1.730398 -0.252244
v 0.725805 1.629593 -0.313471
v 0.725805 1.728630 -0.318929
v 0.725807 1.708909 -0.411707
v 0.725807 1.616216 -0.376406
v 0.659118 1.683399 -0.473346
v 0.549248 1.683399 -0.473349
v 0.657618 1.775413 -0.418698
v 0.550745 1.775413 -0.418701
v 0.671574 1.265593 -0.959250
v 0.536821 1.265593 -0.959255
v 0.549265 1.286550 -1.064196
v 0.659135 1.286550 -1.064193
v 0.659130 1.409692 -0.894701
v 0.549261 1.409692 -0.894704
v 0.536819 1.303407 -0.907201
v 0.671571 1.303407 -0.907199
v 0.657635 1.499148 -1.039195
v 0.550762 1.499148 -1.039198
v 0.549261 1.478191 -0.934248
v 0.659130 1.478191 -0.934246
v 0.725822 1.361199 -0.949185
v 0.725822 1.449454 -0.994445
v 0.725825 1.393703 -1.071183
v 0.725822 1.323384 -1.001239
v 0.659135 1.345329 -1.117116
v 0.549265 1.345329 -1.117118
v 0.657635 1.451613 -1.104620
v 0.550762 1.451613 -1.104623
v 0.671583 0.766006 -1.391076
v 0.536832 0.766006 -1.391080
v 0.549275 0.742467 -1.495480
v 0.659145 0.742467 -1.495475
v 0.659142 0.923904 -1.390719
v 0.549273 0.923904 -1.390723
v 0.536832 0.821724 -1.358917
v 0.671583 0.821724 -1.358913
v 0.657648 0.946855 -1.559111
v 0.550774 0.946855 -1.559113
v 0.549275 0.970394 -1.454714
v 0.659145 0.970394 -1.454710
v 0.725835 0.857441 -1.420766
v 0.725837 0.919657 -1.498017
v 0.725837 0.837512 -1.545446
v 0.725835 0.801723 -1.452938
v 0.659148 0.774638 -1.567733
v 0.549278 0.774638 -1.567736
v 0.657650 0.876817 -1.599545
v 0.550778 0.876817 -1.599547
v 0.671588 0.133971 -1.582374
v 0.536837 0.133971 -1.582376
v 0.549280 0.070005 -1.668171
v 0.659150 0.070005 -1.668168
v 0.659150 0.278364 -1.646270
v 0.549280 0.278364 -1.646272
v 0.536837 0.197957 -1.575654
v 0.671588 0.197957 -1.575649
v 0.657655 0.230841 -1.809433
v 0.550783 0.230841 -1.809436
v 0.549282 0.294807 -1.723645
v 0.659153 0.294807 -1.723641
v 0.725840 0.205425 -1.646693
v 0.725842 0.230841 -1.742559
v 0.725842 0.136506 -1.752475
v 0.725840 0.141437 -1.653416
v 0.659153 0.070005 -1.747264
v 0.549282 0.070005 -1.747266
v 0.657655 0.150412 -1.817887
v 0.550783 0.150412 -1.817889
v 0.671586 -0.521228 -1.500058
v 0.536834 -0.521228 -1.500061
v 0.549278 -0.614559 -1.552424
v 0.659148 -0.614559 -1.552422
v 0.659150 -0.415308 -1.617162
v 0.549280 -0.415308 -1.617165
v 0.536837 -0.460040 -1.519945
v 0.671588 -0.460040 -1.519943
v 0.657653 -0.525086 -1.746892
v 0.550780 -0.525086 -1.746895
v 0.549282 -0.431754 -1.694534
v 0.659150 -0.431754 -1.694529
v 0.725837 -0.482114 -1.587876
v 0.725840 -0.497887 -1.685801
v 0.725840 -0.588098 -1.656487
v 0.725837 -0.543304 -1.567992
v 0.659150 -0.646731 -1.624677
v 0.549280 -0.646731 -1.624680
v 0.657653 -0.602002 -1.721903
v 0.550780 -0.602002 -1.721906
v 0.671578 -1.086302 -1.158363
v 0.536827 -1.086302 -1.158365
v 0.549268 -1.192865 -1.168242
v 0.659137 -1.192865 -1.168237
v 0.659140 -1.037170 -1.308426
v 0.549273 -1.037170 -1.308428
v 0.536827 -1.038491 -1.201422
v 0.671578 -1.038491 -1.201419
v 0.657643 -1.190223 -1.382291
v 0.550769 -1.190223 -1.382294
v 0.549273 -1.083663 -1.372419
v 0.659142 -1.083663 -1.372417
v 0.725829 -1.086287 -1.254498
v 0.725832 -1.140528 -1.337546
v 0.725829 -1.211016 -1.274075
v 0.725826 -1.134100 -1.211452
v 0.659137 -1.251642 -1.221167
v 0.549270 -1.251642 -1.221172
v 0.657643 -1.250323 -1.328174
v 0.550769 -1.250323 -1.328177
v 0.671564 -1.463546 -0.616381
v 0.536812 -1.463546 -0.616383
v 0.549253 -1.564907 -0.582062
v 0.659122 -1.564907 -0.582059
v 0.659127 -1.479694 -0.773450
v 0.549258 -1.479694 -0.773452
v 0.536814 -1.437377 -0.675158
v 0.671566 -1.437377 -0.675155
v 0.657628 -1.649557 -0.778677
v 0.550755 -1.649557 -0.778679
v 0.549258 -1.548195 -0.813003
v 0.659127 -1.548195 -0.813000
v 0.725814 -1.502634 -0.704211
v 0.725817 -1.585961 -0.758007
v 0.725814 -1.624540 -0.671362
v 0.725812 -1.528803 -0.645434
v 0.659122 -1.640135 -0.606499
v 0.549253 -1.640135 -0.606502
v 0.657626 -1.682451 -0.704792
v 0.550752 -1.682451 -0.704794
v 0.671546 -1.587726 0.032187
v 0.536794 -1.587726 0.032184
v 0.549235 -1.666368 0.104770
v 0.659102 -1.666368 0.104773
v 0.659110 -1.666368 -0.104735
v 0.549240 -1.666368 -0.104738
v 0.536797 -1.587726 -0.032154
v 0.671548 -1.587726 -0.032149
v 0.657608 -1.823668 -0.040417
v 0.550735 -1.823668 -0.040419
v 0.549240 -1.745031 -0.113001
v 0.659110 -1.745031 -0.112998
v 0.725797 -1.659160 -0.032149
v 0.725797 -1.757165 -0.047408
v 0.725795 -1.757165 0.047449
v 0.725795 -1.659160 0.032189
v 0.659102 -1.745031 0.113041
v 0.549233 -1.745031 0.113038
v 0.657606 -1.823668 0.040454
v 0.550732 -1.823668 0.040451
v 0.671529 -1.437377 0.675195
v 0.536777 -1.437377 0.675192
v 0.549215 -1.479694 0.773485
v 0.659085 -1.479694 0.773490
v 0.659090 -1.564907 0.582096
v 0.549223 -1.564907 0.582094
v 0.536780 -1.463546 0.616416
v 0.671531 -1.463546 0.616418
v 0.657588 -1.682451 0.704832
v 0.550715 -1.682451 0.704830
v 0.549221 -1.640135 0.606533
v 0.659090 -1.640135 0.606540
v 0.725780 -1.528803 0.645476
v 0.725780 -1.624540 0.671399
v 0.725777 -1.585961 0.758049
v 0.725777 -1.502634 0.704250
v 0.659085 -1.548196 0.813038
v 0.549215 -1.548196 0.813036
v 0.657586 -1.649557 0.778714
v 0.550713 -1.649557 0.778711
v 0.671517 -1.038492 1.201457
v 0.536765 -1.038492 1.201454
v 0.549203 -1.037171 1.308461
v 0.659073 -1.037171 1.308466
v 0.659075 -1.192865 1.168280
v 0.549206 -1.192865 1.168277
v 0.536765 -1.086302 1.158401
v 0.671517 -1.086302 1.158405
v 0.657571 -1.250324 1.328213
v 0.550697 -1.250324 1.328212
v 0.549206 -1.251642 1.221203
v 0.659073 -1.251642 1.221205
v 0.725765 -1.134100 1.211497
v 0.725762 -1.211017 1.274114
v 0.725760 -1.140528 1.337587
v 0.725762 -1.086287 1.254541
v 0.659070 -1.083663 1.372454
v 0.549201 -1.083663 1.372450
v 0.657571 -1.190223 1.382325
v 0.550697 -1.190223 1.382323
v 0.671507 -0.460040 1.519980
v 0.536754 -0.460040 1.519978
v 0.549196 -0.415308 1.617195
v 0.659063 -0.415308 1.617200
v 0.659065 -0.614560 1.552462
v 0.549196 -0.614560 1.552460
v 0.536757 -0.521228 1.500096
v 0.671509 -0.521228 1.500098
v 0.657561 -0.602002 1.721941
v 0.550688 -0.602002 1.721939
v 0.549193 -0.646731 1.624712
v 0.659063 -0.646731 1.624717
v 0.725755 -0.543304 1.568036
v 0.725753 -0.588099 1.656527
v 0.725753 -0.497887 1.685841
v 0.725755 -0.482114 1.587916
v 0.659061 -0.431754 1.694569
v 0.549193 -0.431754 1.694566
v 0.657561 -0.525086 1.746930
v 0.550688 -0.525086 1.746928
v 0.536753 0.197957 1.575687
v 0.549192 0.278363 1.646302
v 0.549192 0.070004 1.668204
v 0.536753 0.133970 1.582407
v 0.550684 0.150411 1.817923
v 0.549190 0.070004 1.747297
v 0.549190 0.294806 1.723675
v 0.550684 0.230840 1.809469
v 0.536759 0.821723 1.358947
v 0.549200 0.923901 1.390758
v 0.549197 0.742466 1.495503
v 0.536759 0.766005 1.391110
v 0.550692 0.876816 1.599583
v 0.549195 0.774638 1.567766
v 0.549197 0.970394 1.454743
v 0.550692 0.946854 1.559145
v 0.536771 1.303406 0.907235
v 0.549212 1.409691 0.894734
v 0.549208 1.286549 1.064225
v 0.536768 1.265592 0.959284
v 0.550704 1.451613 1.104659
v 0.549208 1.345328 1.117153
v 0.549212 1.478191 0.934277
v 0.550704 1.499148 1.039233
v 0.536786 1.559722 0.298657
v 0.549229 1.651733 0.244015
v 0.549225 1.608173 0.448932
v 0.536786 1.546345 0.361587
v 0.550721 1.775412 0.418732
v 0.549222 1.683399 0.473379
v 0.549229 1.730398 0.252277
v 0.550725 1.792226 0.339625
v 0.536803 1.546345 -0.361553
v 0.549247 1.608173 -0.448908
v 0.549243 1.651733 -0.243983
v 0.536803 1.559722 -0.298628
v 0.550742 1.792226 -0.339596
v 0.549243 1.730398 -0.252247
v 0.549247 1.683399 -0.473351
v 0.550744 1.775412 -0.418703
v 0.536820 1.265592 -0.959257
v 0.549264 1.286549 -1.064198
v 0.549260 1.409691 -0.894705
v 0.536818 1.303407 -0.907203
v 0.550761 1.499148 -1.039200
v 0.549260 1.478191 -0.934250
v 0.549264 1.345329 -1.117120
v 0.550761 1.451613 -1.104625
v 0.536831 0.766006 -1.391082
v 0.549274 0.742466 -1.495482
v 0.549272 0.923904 -1.390725
v 0.536831 0.821723 -1.358919
v 0.550773 0.946855 -1.559115
v 0.549274 0.970394 -1.454716
v 0.549277 0.774638 -1.567738
v 0.550777 0.876816 -1.599549
v 0.536836 0.133971 -1.582378
v 0.549279 0.070005 -1.668173
v 0.549279 0.278363 -1.646274
v 0.536836 0.197957 -1.575656
v 0.550782 0.230841 -1.809437
v 0.549281 0.294807 -1.723647
v 0.549281 0.070005 -1.747268
v 0.550782 0.150412 -1.817890
v 0.536833 -0.521228 -1.500063
v 0.549277 -0.614560 -1.552426
v 0.549279 -0.415308 -1.617167
v 0.536836 -0.460040 -1.519947
v 0.550779 -0.525086 -1.746897
v 0.549281 -0.431754 -1.694535
v 0.549279 -0.646732 -1.624682
v 0.550779 -0.602002 -1.721907
v 0.536826 -1.086302 -1.158367
v 0.549267 -1.192865 -1.168244
v 0.549272 -1.037171 -1.308430
v 0.536826 -1.038492 -1.201424
v 0.550768 -1.190223 -1.382296
v 0.549272 -1.083663 -1.372421
v 0.549269 -1.251642 -1.221174
v 0.550768 -1.250324 -1.328179
v 0.536811 -1.463546 -0.616385
v 0.549252 -1.564907 -0.582064
v 0.549257 -1.479694 -0.773454
v 0.536813 -1.437378 -0.675160
v 0.550754 -1.649557 -0.778681
v 0.549257 -1.548196 -0.813005
v 0.549252 -1.640135 -0.606504
v 0.550751 -1.682451 -0.704796
v 0.536793 -1.587726 0.032182
v 0.549234 -1.666368 0.104768
v 0.549239 -1.666368 -0.104740
v 0.536796 -1.587726 -0.032156
v 0.550734 -1.823668 -0.040420
v 0.549239 -1.745031 -0.113003
v 0.549232 -1.745031 0.113036
v 0.550731 -1.823668 0.040450
v 0.536776 -1.437378 0.675191
v 0.549214 -1.479694 0.773483
v 0.549222 -1.564907 0.582092
v 0.536779 -1.463546 0.616414
v 0.550714 -1.682451 0.704828
v 0.549220 -1.640135 0.606532
v 0.549214 -1.548196 0.813034
v 0.550712 -1.649557 0.778709
v 0.536764 -1.038492 1.201452
v 0.549202 -1.037171 1.308459
v 0.549205 -1.192865 1.168275
v 0.536764 -1.086303 1.158399
v 0.550696 -1.250324 1.328210
v 0.549205 -1.251642 1.221201
v 0.549200 -1.083663 1.372448
v 0.550696 -1.190223 1.382321
v 0.536753 -0.460041 1.519976
v 0.549195 -0.415309 1.617193
v 0.549195 -0.614560 1.552458
v 0.536756 -0.521228 1.500094
v 0.550687 -0.602003 1.721937
v 0.549192 -0.646732 1.624711
v 0.549192 -0.431754 1.694564
v 0.550687 -0.525087 1.746926
v -1.442225 0.489036 2.300691
v -1.442225 0.000001 2.352088
v -1.442220 0.956696 2.148741
v -1.442212 1.382547 1.902876
v -1.442205 1.747973 1.573845
v -1.442195 2.037004 1.176026
v -1.442183 2.237008 0.726813
v -1.442171 2.339243 0.245824
v -1.442158 2.339243 -0.245905
v -1.442145 2.237008 -0.726882
v -1.442133 2.037004 -1.176101
v -1.442123 1.747973 -1.573918
v -1.442113 1.382548 -1.902949
v -1.442108 0.956696 -2.148815
v -1.442103 0.489036 -2.300765
v -1.442100 0.000001 -2.352165
v -1.442103 -0.489034 -2.300765
v -1.442108 -0.956694 -2.148815
v -1.442113 -1.382546 -1.902949
v -1.442123 -1.747971 -1.573918
v -1.442133 -2.037002 -1.176101
v -1.442145 -2.237006 -0.726883
v -1.442158 -2.339242 -0.245905
v -1.442171 -2.339242 0.245824
v -1.442183 -2.237006 0.726812
v -1.442195 -2.037002 1.176026
v -1.442205 -1.747971 1.573845
v -1.442212 -1.382546 1.902875
v -1.442220 -0.956695 2.148741
v -1.442225 -0.489034 2.300691
v 1.238194 0.555986 2.615744
v 1.238192 0.000001 2.674181
v 1.238199 1.087674 2.442987
v 1.238206 1.571826 2.163461
v 1.238217 1.987279 1.789386
v 1.238226 2.315880 1.337105
v 1.238241 2.543266 0.826391
v 1.238256 2.659497 0.279558
v 1.238271 2.659497 -0.279493
v 1.238284 2.543266 -0.826322
v 1.238298 2.315880 -1.337037
v 1.238310 1.987279 -1.789321
v 1.238321 1.571826 -2.163399
v 1.238325 1.087675 -2.442924
v 1.238330 0.555986 -2.615676
v 1.238333 0.000001 -2.674115
v 1.238330 -0.555987 -2.615676
v 1.238325 -1.087672 -2.442924
v 1.238321 -1.571824 -2.163399
v 1.238310 -1.987278 -1.789321
v 1.238298 -2.315878 -1.337037
v 1.238284 -2.543262 -0.826322
v 1.238271 -2.659497 -0.279494
v 1.238256 -2.659497 0.279558
v 1.238241 -2.543262 0.826391
v 1.238226 -2.315878 1.337105
v 1.238217 -1.987278 1.789385
v 1.238206 -1.571824 2.163461
v 1.238199 -1.087673 2.442987
v 1.238194 -0.555987 2.615744
v 0.482543 1.837245 0.240044
v 0.482522 1.580779 0.966569
v 0.482510 1.050979 1.525964
v 0.482501 0.339456 1.821510
v 0.482501 -0.430761 1.802105
v 0.482510 -1.126496 1.471098
v 0.482525 -1.627448 0.885729
v 0.482545 -1.847001 0.147211
v 0.482565 -1.747192 -0.616760
v 0.482582 -1.345275 -1.274081
v 0.482595 -0.710750 -1.711102
v 0.482597 0.046672 -1.852257
v 0.482591 0.796024 -1.673141
v 0.482580 1.407735 -1.204718
v 0.482562 1.776035 -0.527984
v 0.482556 1.837245 -0.240016
v 0.482574 1.580779 -0.966541
v 0.482590 1.050980 -1.525940
v 0.482597 0.339457 -1.821485
v 0.482597 -0.430761 -1.802078
v 0.482587 -1.126496 -1.471074
v 0.482573 -1.627448 -0.885705
v 0.482553 -1.847001 -0.147187
v 0.482533 -1.747192 0.616787
v 0.482515 -1.345275 1.274108
v 0.482502 -0.710750 1.711129
v 0.482501 0.046671 1.852283
v 0.482505 0.796024 1.673167
v 0.482518 1.407735 1.204742
v 0.482535 1.776035 0.528013
v -0.887211 0.000001 0.896025
v -0.887186 0.000001 -0.000022
v -0.887211 -0.186298 0.876445
v -0.887208 -0.364454 0.818561
v -0.887206 -0.526683 0.724895
v -0.887203 -0.665894 0.599553
v -0.887198 -0.775999 0.448003
v -0.887193 -0.852193 0.276870
v -0.887188 -0.891137 0.093642
v -0.887183 -0.891137 -0.093684
v -0.887178 -0.852193 -0.276918
v -0.887176 -0.775999 -0.448049
v -0.887171 -0.665894 -0.599594
v -0.887169 -0.526683 -0.724941
v -0.887166 -0.364454 -0.818606
v -0.887163 -0.186298 -0.876489
v -0.887163 0.000001 -0.896074
v -0.887163 0.186300 -0.876489
v -0.887166 0.364456 -0.818606
v -0.887169 0.526684 -0.724941
v -0.887171 0.665895 -0.599594
v -0.887176 0.776001 -0.448049
v -0.887178 0.852194 -0.276917
v -0.887183 0.891139 -0.093684
v -0.887188 0.891139 0.093642
v -0.887193 0.852194 0.276870
v -0.887198 0.776001 0.448004
v -0.887203 0.665895 0.599554
v -0.887206 0.526684 0.724895
v -0.887208 0.364456 0.818561
v -0.887211 0.186300 0.876445
v -0.698282 0.209586 0.986008
v -0.698282 0.000001 1.008037
v -0.698280 0.410012 0.920882
v -0.698277 0.592520 0.815517
v -0.698275 0.749132 0.674503
v -0.698270 0.873000 0.504010
v -0.698265 0.958717 0.311489
v -0.698257 1.002533 0.105354
v -0.698253 1.002533 -0.105385
v -0.698247 0.958717 -0.311525
v -0.698242 0.873000 -0.504044
v -0.698237 0.749132 -0.674536
v -0.698235 0.592520 -0.815553
v -0.698232 0.410012 -0.920923
v -0.698230 0.209586 -0.986044
v -0.698230 0.000001 -1.008073
v -0.698230 -0.209587 -0.986044
v -0.698232 -0.410013 -0.920923
v -0.698235 -0.592518 -0.815553
v -0.698237 -0.749131 -0.674536
v -0.698242 -0.872998 -0.504044
v -0.698247 -0.958715 -0.311525
v -0.698253 -1.002532 -0.105385
v -0.698257 -1.002532 0.105354
v -0.698265 -0.958715 0.311489
v -0.698270 -0.872998 0.504010
v -0.698275 -0.749131 0.674503
v -0.698277 -0.592518 0.815517
v -0.698280 -0.410013 0.920882
v -0.698282 -0.209587 0.986008
v -0.698287 0.000001 1.218049
v -0.698287 -0.253249 1.191432
v -0.698284 -0.495432 1.112744
v -0.698282 -0.715961 0.985419
v -0.698277 -0.905200 0.815028
v -0.698272 -1.054876 0.609018
v -0.698265 -1.158449 0.376386
v -0.698260 -1.211392 0.127304
v -0.698253 -1.211392 -0.127340
v -0.698245 -1.158449 -0.376418
v -0.698240 -1.054876 -0.609051
v -0.698235 -0.905200 -0.815064
v -0.698230 -0.715961 -0.985455
v -0.698227 -0.495432 -1.112778
v -0.698225 -0.253249 -1.191467
v -0.698222 0.000001 -1.218083
v -0.698225 0.253250 -1.191467
v -0.698227 0.495434 -1.112778
v -0.698230 0.715963 -0.985455
v -0.698235 0.905199 -0.815064
v -0.698240 1.054877 -0.609051
v -0.698245 1.158451 -0.376418
v -0.698253 1.211393 -0.127340
v -0.698260 1.211393 0.127304
v -0.698265 1.158451 0.376386
v -0.698272 1.054877 0.609018
v -0.698277 0.905199 0.815028
v -0.698282 0.715963 0.985419
v -0.698284 0.495434 1.112744
v -0.698287 0.253250 1.191432
v -1.843687 0.000001 1.890054
v -1.631143 0.000001 1.904061
v -1.631141 -0.395886 1.862455
v -1.843687 -0.392974 1.848753
v -1.631139 -0.774470 1.739447
v -1.843685 -0.768775 1.726649
v -1.631133 -1.119204 1.540412
v -1.843678 -1.110974 1.529080
v -1.631126 -1.415026 1.274054
v -1.843673 -1.404620 1.264680
v -1.631118 -1.649004 0.952009
v -1.843663 -1.636878 0.945003
v -1.631108 -1.810909 0.588354
v -1.843653 -1.797594 0.584027
v -1.631096 -1.893672 0.198992
v -1.843642 -1.879746 0.197521
v -1.631086 -1.893672 -0.199076
v -1.843633 -1.879746 -0.197620
v -1.631076 -1.810909 -0.588447
v -1.843623 -1.797594 -0.584122
v -1.631066 -1.649003 -0.952088
v -1.843613 -1.636877 -0.945103
v -1.631058 -1.415025 -1.274135
v -1.843606 -1.404620 -1.264773
v -1.631051 -1.119204 -1.540495
v -1.843598 -1.110973 -1.529178
v -1.631046 -0.774470 -1.739527
v -1.843594 -0.768774 -1.726746
v -1.631044 -0.395886 -1.862540
v -1.843590 -0.392973 -1.848850
v -1.631041 0.000001 -1.904146
v -1.843588 0.000001 -1.890150
v -1.631044 0.395885 -1.862540
v -1.843590 0.392975 -1.848850
v -1.631046 0.774472 -1.739527
v -1.843594 0.768773 -1.726746
v -1.631051 1.119206 -1.540494
v -1.843598 1.110976 -1.529178
v -1.631058 1.415027 -1.274135
v -1.843606 1.404622 -1.264773
v -1.631066 1.649003 -0.952088
v -1.843613 1.636877 -0.945102
v -1.631076 1.810911 -0.588447
v -1.843623 1.797596 -0.584121
v -1.631086 1.893674 -0.199075
v -1.843633 1.879750 -0.197620
v -1.631096 1.893674 0.198992
v -1.843642 1.879750 0.197521
v -1.631108 1.810911 0.588354
v -1.843653 1.797596 0.584027
v -1.631118 1.649002 0.952009
v -1.843663 1.636877 0.945003
v -1.631126 1.415027 1.274054
v -1.843673 1.404621 1.264681
v -1.631133 1.119206 1.540412
v -1.843678 1.110975 1.529080
v -1.631139 0.774471 1.739447
v -1.843685 0.768773 1.726649
v -1.631141 0.395885 1.862455
v -1.843687 0.392975 1.848753
v -1.938157 0.427905 2.013088
v -1.938157 0.000001 2.058058
v -1.938152 0.837112 1.880131
v -1.938146 1.209730 1.664995
v -1.938139 1.529477 1.377098
v -1.938129 1.782379 1.029007
v -1.938119 1.957382 0.635938
v -1.938110 2.046838 0.215081
v -1.938098 2.046838 -0.215181
v -1.938087 1.957382 -0.636043
v -1.938077 1.782379 -1.029109
v -1.938067 1.529477 -1.377198
v -1.938060 1.209730 -1.665100
v -1.938053 0.837112 -1.880232
v -1.938050 0.427905 -2.013189
v -1.938050 0.000001 -2.058165
v -1.938050 -0.427906 -2.013189
v -1.938053 -0.837110 -1.880232
v -1.938060 -1.209728 -1.665100
v -1.938067 -1.529476 -1.377198
v -1.938077 -1.782377 -1.029109
v -1.938087 -1.957380 -0.636043
v -1.938098 -2.046839 -0.215181
v -1.938110 -2.046839 0.215080
v -1.938119 -1.957380 0.635938
v -1.938129 -1.782378 1.029007
v -1.938139 -1.529476 1.377098
v -1.938146 -1.209728 1.664994
v -1.938152 -0.837110 1.880131
v -1.938157 -0.427906 2.013088
v -0.072477 0.000001 1.764095
v -0.875427 0.000001 1.820075
v -0.875425 -0.378420 1.780307
v -0.072477 -0.366775 1.725546
v -1.654767 0.000001 2.128077
v -1.654767 -0.442460 2.081567
v -0.875422 -0.740300 1.662720
v -0.072471 -0.717523 1.611579
v -1.654762 -0.865582 1.944089
v -0.875417 -1.069827 1.472468
v -0.072466 -1.036910 1.427185
v -1.654757 -1.250875 1.721638
v -0.875410 -1.352596 1.217860
v -0.072462 -1.310980 1.180407
v -1.654749 -1.581500 1.423942
v -0.875403 -1.576251 0.910029
v -0.072454 -1.527753 0.882049
v -1.654740 -1.843001 1.064014
v -0.875392 -1.731016 0.562420
v -0.072445 -1.677756 0.545134
v -1.654729 -2.023957 0.657580
v -0.875382 -1.810130 0.190229
v -0.072435 -1.754431 0.184400
v -1.654717 -2.116458 0.222401
v -0.875372 -1.810130 -0.190273
v -0.072425 -1.754431 -0.184401
v -1.654705 -2.116458 -0.222488
v -0.875365 -1.731016 -0.562466
v -0.072414 -1.677756 -0.545139
v -1.654692 -2.023957 -0.657667
v -0.875355 -1.576251 -0.910070
v -0.072407 -1.527753 -0.882051
v -1.654682 -1.843001 -1.064099
v -0.875345 -1.352596 -1.217906
v -0.072400 -1.310980 -1.180414
v -1.654672 -1.581499 -1.424033
v -0.875340 -1.069827 -1.472512
v -0.072392 -1.036910 -1.427186
v -1.654665 -1.250875 -1.721724
v -0.875335 -0.740299 -1.662763
v -0.072388 -0.717523 -1.611586
v -1.654660 -0.865582 -1.944171
v -0.875330 -0.378419 -1.780349
v -0.072385 -0.366775 -1.725549
v -1.654655 -0.442460 -2.081656
v -0.875330 0.000001 -1.820125
v -0.072385 0.000001 -1.764102
v -1.654655 0.000001 -2.128156
v -0.875330 0.378421 -1.780349
v -0.072385 0.366777 -1.725549
v -1.654655 0.442461 -2.081656
v -0.875335 0.740301 -1.662763
v -0.072388 0.717525 -1.611586
v -1.654660 0.865584 -1.944171
v -0.875340 1.069828 -1.472512
v -0.072392 1.036909 -1.427185
v -1.654665 1.250877 -1.721724
v -0.875345 1.352598 -1.217906
v -0.072400 1.310980 -1.180414
v -1.654672 1.581499 -1.424032
v -0.875355 1.576253 -0.910070
v -0.072407 1.527752 -0.882050
v -1.654682 1.843004 -1.064099
v -0.875365 1.731018 -0.562466
v -0.072414 1.677755 -0.545139
v -1.654692 2.023959 -0.657666
v -0.875372 1.810129 -0.190273
v -0.072425 1.754433 -0.184401
v -1.654705 2.116460 -0.222488
v -0.875382 1.810129 0.190230
v -0.072435 1.754433 0.184400
v -1.654717 2.116460 0.222402
v -0.875392 1.731018 0.562421
v -0.072445 1.677755 0.545134
v -1.654729 2.023959 0.657581
v -0.875403 1.576252 0.910030
v -0.072454 1.527752 0.882050
v -1.654740 1.843003 1.064014
v -0.875410 1.352598 1.217861
v -0.072462 1.310979 1.180408
v -1.654749 1.581498 1.423943
v -0.875417 1.069828 1.472468
v -0.072466 1.036909 1.427186
v -1.654757 1.250876 1.721639
v -0.875422 0.740301 1.662720
v -0.072471 0.717524 1.611579
v -1.654762 0.865584 1.944090
v -0.875425 0.378421 1.780307
v -0.072477 0.366777 1.725546
v -1.654767 0.442461 2.081567
v -0.072480 0.404619 1.903581
v -0.072481 0.000001 1.946106
v -0.072477 0.791553 1.777858
v -0.072471 1.143894 1.574431
v -0.072464 1.446240 1.302203
v -0.072457 1.685378 0.973050
v -0.072447 1.850859 0.601377
v -0.072437 1.935446 0.203421
v -0.072425 1.935446 -0.203424
v -0.072414 1.850859 -0.601379
v -0.072405 1.685378 -0.973056
v -0.072397 1.446241 -1.302204
v -0.072390 1.143894 -1.574436
v -0.072385 0.791553 -1.777858
v -0.072380 0.404619 -1.903580
v -0.072380 0.000001 -1.946108
v -0.072380 -0.404618 -1.903580
v -0.072385 -0.791554 -1.777858
v -0.072390 -1.143892 -1.574436
v -0.072397 -1.446238 -1.302204
v -0.072405 -1.685375 -0.973056
v -0.072414 -1.850857 -0.601380
v -0.072425 -1.935445 -0.203425
v -0.072437 -1.935445 0.203421
v -0.072447 -1.850857 0.601377
v -0.072457 -1.685376 0.973049
v -0.072464 -1.446238 1.302202
v -0.072471 -1.143893 1.574431
v -0.072477 -0.791554 1.777858
v -0.072480 -0.404618 1.903581
v -1.265099 0.000001 2.072080
v -1.265099 -0.430816 2.026800
v -0.887238 0.000001 1.988086
v -0.887238 -0.413350 1.944643
v -1.265097 -0.842803 1.892936
v -0.887235 -0.808635 1.816207
v -1.265090 -1.217959 1.676343
v -0.887228 -1.168582 1.608392
v -1.265082 -1.539881 1.386480
v -0.887223 -1.477452 1.330288
v -1.265075 -1.794503 1.036020
v -0.887213 -1.721753 0.994035
v -1.265062 -1.970697 0.640283
v -0.887203 -1.890805 0.614339
v -1.265052 -2.060762 0.216559
v -0.887193 -1.977217 0.207792
v -1.265040 -2.060762 -0.216633
v -0.887181 -1.977217 -0.207833
v -1.265030 -1.970697 -0.640351
v -0.887171 -1.890805 -0.614380
v -1.265020 -1.794503 -1.036091
v -0.887161 -1.721753 -0.994078
v -1.265010 -1.539881 -1.386548
v -0.887151 -1.477452 -1.330329
v -1.265002 -1.217958 -1.676411
v -0.887143 -1.168581 -1.608436
v -1.264995 -0.842803 -1.893004
v -0.887138 -0.808635 -1.816249
v -1.264993 -0.430816 -2.026867
v -0.887136 -0.413349 -1.944687
v -1.264990 0.000001 -2.072148
v -0.887133 0.000001 -1.988133
v -1.264993 0.430818 -2.026867
v -0.887136 0.413351 -1.944687
v -1.264995 0.842805 -1.893004
v -0.887138 0.808637 -1.816249
v -1.265002 1.217958 -1.676411
v -0.887143 1.168583 -1.608436
v -1.265010 1.539880 -1.386548
v -0.887151 1.477454 -1.330328
v -1.265020 1.794503 -1.036091
v -0.887161 1.721753 -0.994078
v -1.265030 1.970697 -0.640351
v -0.887171 1.890804 -0.614379
v -1.265040 2.060764 -0.216633
v -0.887181 1.977219 -0.207833
v -1.265052 2.060764 0.216559
v -0.887193 1.977219 0.207793
v -1.265062 1.970697 0.640284
v -0.887203 1.890804 0.614339
v -1.265075 1.794502 1.036020
v -0.887213 1.721752 0.994036
v -1.265082 1.539880 1.386480
v -0.887223 1.477453 1.330288
v -1.265090 1.217958 1.676344
v -0.887228 1.168583 1.608392
v -1.265097 0.842805 1.892937
v -0.887235 0.808637 1.816208
v -1.265099 0.430817 2.026800
v -0.887238 0.413351 1.944643
v 0.482498 0.000001 1.904117
v 0.647807 0.000001 1.988130
v 0.647810 -0.413350 1.944682
v 0.482501 -0.395886 1.862510
v 1.049278 0.000001 2.072142
v 1.143740 0.000001 2.212152
v 1.143742 -0.459926 2.163812
v 1.049278 -0.430816 2.026862
v 1.214583 0.000001 2.422168
v 1.214583 -0.503588 2.369235
v 0.647813 -0.808638 1.816246
v 0.482502 -0.774470 1.739502
v 1.143744 -0.899750 2.020903
v 1.049281 -0.842803 1.892998
v 1.214587 -0.985170 2.212766
v 0.647818 -1.168582 1.608432
v 0.482508 -1.119204 1.540466
v 1.143752 -1.300252 1.789679
v 1.049288 -1.217959 1.676402
v 1.214595 -1.423693 1.959579
v 0.647825 -1.477452 1.330327
v 0.482515 -1.415026 1.274108
v 1.143759 -1.643926 1.480226
v 1.049295 -1.539881 1.386542
v 1.214602 -1.799995 1.620755
v 0.647836 -1.721753 0.994074
v 0.482522 -1.649004 0.952064
v 1.143770 -1.915754 1.106089
v 1.049302 -1.794503 1.036083
v 1.214615 -2.097629 1.211103
v 0.647845 -1.890805 0.614377
v 0.482533 -1.810912 0.588411
v 1.143779 -2.103853 0.683611
v 1.049316 -1.970697 0.640345
v 1.214627 -2.303584 0.748516
v 0.647855 -1.977217 0.207833
v 0.482545 -1.893672 0.199046
v 1.143792 -2.200003 0.231262
v 1.049325 -2.060762 0.216622
v 1.214639 -2.408863 0.253215
v 0.647867 -1.977217 -0.207795
v 0.482556 -1.893672 -0.199020
v 1.143804 -2.200003 -0.231199
v 1.049338 -2.060762 -0.216570
v 1.214652 -2.408863 -0.253152
v 0.647877 -1.890805 -0.614339
v 0.482565 -1.810912 -0.588390
v 1.143817 -2.103853 -0.683555
v 1.049347 -1.970697 -0.640292
v 1.214668 -2.303584 -0.748448
v 0.647888 -1.721753 -0.994038
v 0.482574 -1.649003 -0.952035
v 1.143827 -1.915754 -1.106030
v 1.049357 -1.794503 -1.036029
v 1.214677 -2.097629 -1.211034
v 0.647897 -1.477452 -1.330289
v 0.482582 -1.415025 -1.274081
v 1.143836 -1.643926 -1.480171
v 1.049368 -1.539881 -1.386489
v 1.214690 -1.799995 -1.620692
v 0.647905 -1.168581 -1.608395
v 0.482590 -1.119204 -1.540440
v 1.143847 -1.300252 -1.789616
v 1.049375 -1.217958 -1.676351
v 1.214699 -1.423692 -1.959515
v 0.647910 -0.808638 -1.816209
v 0.482595 -0.774470 -1.739473
v 1.143851 -0.899750 -2.020844
v 1.049382 -0.842803 -1.892944
v 1.214704 -0.985169 -2.212697
v 0.647912 -0.413349 -1.944647
v 0.482597 -0.395886 -1.862484
v 1.143856 -0.459926 -2.163754
v 1.049385 -0.430816 -2.026807
v 1.214710 -0.503588 -2.369173
v 0.647914 0.000001 -1.988093
v 0.482600 0.000001 -1.904091
v 1.143856 0.000001 -2.212091
v 1.049388 0.000001 -2.072088
v 1.214710 0.000001 -2.422103
v 0.647912 0.413351 -1.944647
v 0.482597 0.395887 -1.862484
v 1.143856 0.459928 -2.163754
v 1.049385 0.430818 -2.026807
v 1.214710 0.503590 -2.369173
v 0.647910 0.808637 -1.816209
v 0.482595 0.774472 -1.739473
v 1.143851 0.899752 -2.020844
v 1.049382 0.842805 -1.892944
v 1.214704 0.985171 -2.212697
v 0.647905 1.168583 -1.608395
v 0.482590 1.119206 -1.540439
v 1.143847 1.300254 -1.789616
v 1.049375 1.217960 -1.676351
v 1.214699 1.423694 -1.959515
v 0.647897 1.477454 -1.330289
v 0.482582 1.415027 -1.274081
v 1.143836 1.643928 -1.480171
v 1.049368 1.539880 -1.386489
v 1.214690 1.799997 -1.620692
v 0.647888 1.721753 -0.994038
v 0.482574 1.649003 -0.952034
v 1.143827 1.915753 -1.106030
v 1.049357 1.794503 -1.036029
v 1.214677 2.097631 -1.211034
v 0.647877 1.890804 -0.614339
v 0.482565 1.810913 -0.588390
v 1.143817 2.103852 -0.683554
v 1.049347 1.970697 -0.640292
v 1.214668 2.303585 -0.748448
v 0.647867 1.977219 -0.207794
v 0.482556 1.893674 -0.199019
v 1.143804 2.200004 -0.231199
v 1.049338 2.060764 -0.216570
v 1.214652 2.408864 -0.253152
v 0.647855 1.977219 0.207833
v 0.482545 1.893674 0.199046
v 1.143792 2.200004 0.231263
v 1.049325 2.060764 0.216623
v 1.214639 2.408864 0.253216
v 0.647845 1.890804 0.614378
v 0.482533 1.810913 0.588411
v 1.143779 2.103852 0.683612
v 1.049316 1.970697 0.640345
v 1.214627 2.303585 0.748516
v 0.647836 1.721752 0.994074
v 0.482522 1.649002 0.952064
v 1.143770 1.915753 1.106089
v 1.049302 1.794502 1.036083
v 1.214615 2.097631 1.211103
v 0.647825 1.477453 1.330328
v 0.482515 1.415027 1.274108
v 1.143759 1.643928 1.480226
v 1.049295 1.539880 1.386543
v 1.214602 1.799996 1.620756
v 0.647818 1.168583 1.608432
v 0.482508 1.119206 1.540466
v 1.143752 1.300254 1.789679
v 1.049288 1.217960 1.676402
v 1.214595 1.423694 1.959579
v 0.647813 0.808637 1.816246
v 0.482502 0.774471 1.739502
v 1.143744 0.899751 2.020903
v 1.049281 0.842805 1.892998
v 1.214587 0.985171 2.212766
v 0.647810 0.413351 1.944682
v 0.482501 0.395887 1.862510
v 1.143742 0.459927 2.163812
v 1.049278 0.430817 2.026862
v 1.214583 0.503589 2.369235
v 0.482508 0.046672 1.568120
v 0.482508 0.280376 1.543557
v 0.388044 0.000001 1.470092
v 0.482510 0.000001 1.526101
v 0.482510 -0.317289 1.492746
v 0.388044 -0.305647 1.437965
v 0.482513 -0.620715 1.394162
v 0.388046 -0.597936 1.342998
v 0.482518 -0.897009 1.234642
v 0.388051 -0.864093 1.189334
v 0.482522 -1.134101 1.021161
v 0.388056 -1.092482 0.983687
v 0.482530 -1.321626 0.763056
v 0.388063 -1.273128 0.735052
v 0.482535 -1.451393 0.471598
v 0.388071 -1.398130 0.454292
v 0.482545 -1.517725 0.159531
v 0.388079 -1.462026 0.153676
v 0.482553 -1.517725 -0.159507
v 0.388085 -1.462026 -0.153657
v 0.482560 -1.451393 -0.471573
v 0.388096 -1.398130 -0.454268
v 0.482570 -1.321626 -0.763029
v 0.388100 -1.273128 -0.735031
v 0.482574 -1.134100 -1.021135
v 0.388108 -1.092482 -0.983668
v 0.482582 -0.897009 -1.234616
v 0.388113 -0.864093 -1.189312
v 0.482585 -0.620715 -1.394133
v 0.388118 -0.597935 -1.342978
v 0.482587 -0.317289 -1.492726
v 0.388120 -0.305647 -1.437944
v 0.482590 0.000001 -1.526072
v 0.388120 0.000001 -1.470073
v 0.482587 0.317290 -1.492726
v 0.388120 0.305647 -1.437944
v 0.482585 0.620714 -1.394133
v 0.388118 0.597937 -1.342978
v 0.482582 0.897011 -1.234615
v 0.388113 0.864092 -1.189312
v 0.482574 1.134102 -1.021135
v 0.388108 1.092484 -0.983667
v 0.482570 1.321628 -0.763028
v 0.388100 1.273127 -0.735031
v 0.482560 1.451392 -0.471573
v 0.388096 1.398132 -0.454267
v 0.482553 1.517724 -0.159507
v 0.388085 1.462028 -0.153657
v 0.482545 1.517724 0.159531
v 0.388079 1.462028 0.153676
v 0.482535 1.451392 0.471599
v 0.388071 1.398132 0.454292
v 0.482530 1.321628 0.763056
v 0.388063 1.273127 0.735052
v 0.482522 1.134102 1.021161
v 0.388056 1.092484 0.983687
v 0.482518 0.897010 1.234642
v 0.388051 0.864092 1.189334
v 0.482513 0.620714 1.394162
v 0.388046 0.597937 1.342998
v 0.482510 0.317290 1.492746
v 0.388044 0.305647 1.437965
v 0.529749 0.000001 1.176081
v 0.399854 0.000001 1.344087
v 0.399857 -0.279447 1.314716
v 0.529749 -0.244517 1.150377
v 0.399860 -0.546684 1.227885
v 0.529752 -0.478348 1.074401
v 0.399861 -0.790027 1.087392
v 0.529754 -0.691273 0.951470
v 0.399866 -0.998842 0.899369
v 0.529760 -0.873986 0.786957
v 0.399874 -1.164000 0.672050
v 0.529765 -1.018501 0.588048
v 0.399878 -1.278289 0.415352
v 0.529772 -1.118504 0.363440
v 0.399886 -1.336709 0.140507
v 0.529777 -1.169621 0.122945
v 0.399894 -1.336709 -0.140484
v 0.529785 -1.169621 -0.122913
v 0.399901 -1.278289 -0.415331
v 0.529789 -1.118504 -0.363411
v 0.399909 -1.164000 -0.672026
v 0.529797 -1.018501 -0.588017
v 0.399914 -0.998842 -0.899351
v 0.529802 -0.873986 -0.786927
v 0.399918 -0.790027 -1.087370
v 0.529807 -0.691273 -0.951442
v 0.399924 -0.546684 -1.227863
v 0.529809 -0.478348 -1.074378
v 0.399926 -0.279447 -1.314698
v 0.529812 -0.244517 -1.150356
v 0.399926 0.000001 -1.344063
v 0.529812 0.000001 -1.176049
v 0.399926 0.279448 -1.314698
v 0.529812 0.244519 -1.150356
v 0.399924 0.546686 -1.227863
v 0.529809 0.478350 -1.074378
v 0.399918 0.790029 -1.087370
v 0.529807 0.691274 -0.951441
v 0.399914 0.998841 -0.899351
v 0.529802 0.873988 -0.786927
v 0.399909 1.164002 -0.672025
v 0.529797 1.018502 -0.588017
v 0.399901 1.278291 -0.415331
v 0.529789 1.118505 -0.363411
v 0.399894 1.336713 -0.140484
v 0.529785 1.169621 -0.122913
v 0.399886 1.336713 0.140507
v 0.529777 1.169621 0.122945
v 0.399878 1.278291 0.415352
v 0.529772 1.118505 0.363440
v 0.399874 1.164002 0.672050
v 0.529765 1.018502 0.588048
v 0.399866 0.998841 0.899369
v 0.529760 0.873988 0.786957
v 0.399861 0.790029 1.087392
v 0.529754 0.691274 0.951470
v 0.399860 0.546686 1.227885
v 0.529752 0.478350 1.074401
v 0.399857 0.279448 1.314716
v 0.529749 0.244518 1.150377
v 0.529757 0.195034 0.917566
v 0.529757 0.000001 0.938068
v 0.529757 0.381542 0.856966
v 0.529762 0.551373 0.758912
v 0.529765 0.697109 0.627693
v 0.529770 0.812378 0.469039
v 0.529775 0.892140 0.289893
v 0.529777 0.932914 0.098070
v 0.529785 0.932914 -0.098039
v 0.529787 0.892140 -0.289860
v 0.529792 0.812378 -0.469010
v 0.529797 0.697109 -0.627669
v 0.529800 0.551373 -0.758880
v 0.529804 0.381542 -0.856940
v 0.529804 0.195034 -0.917536
v 0.529804 0.000001 -0.938040
v 0.529804 -0.195030 -0.917536
v 0.529804 -0.381540 -0.856940
v 0.529800 -0.551374 -0.758880
v 0.529797 -0.697107 -0.627669
v 0.529792 -0.812377 -0.469010
v 0.529787 -0.892140 -0.289860
v 0.529785 -0.932912 -0.098039
v 0.529777 -0.932912 0.098070
v 0.529775 -0.892140 0.289893
v 0.529770 -0.812377 0.469039
v 0.529765 -0.697107 0.627693
v 0.529762 -0.551374 0.758912
v 0.529757 -0.381541 0.856966
v 0.529757 -0.195030 0.917566
v 0.411675 0.000001 0.896058
v 0.411675 -0.186298 0.876478
v 0.411677 -0.364454 0.818592
v 0.411679 -0.526685 0.724928
v 0.411682 -0.665894 0.599585
v 0.411687 -0.776002 0.448035
v 0.411692 -0.852193 0.276908
v 0.411694 -0.891140 0.093673
v 0.411702 -0.891140 -0.093651
v 0.411707 -0.852193 -0.276884
v 0.411710 -0.776002 -0.448017
v 0.411714 -0.665894 -0.599562
v 0.411717 -0.526685 -0.724910
v 0.411719 -0.364454 -0.818574
v 0.411722 -0.186298 -0.876460
v 0.411722 0.000001 -0.896041
v 0.411722 0.186300 -0.876460
v 0.411719 0.364458 -0.818574
v 0.411717 0.526684 -0.724910
v 0.411714 0.665895 -0.599562
v 0.411710 0.776001 -0.448017
v 0.411707 0.852194 -0.276884
v 0.411702 0.891141 -0.093651
v 0.411694 0.891141 0.093673
v 0.411692 0.852194 0.276908
v 0.411687 0.776001 0.448035
v 0.411682 0.665895 0.599585
v 0.411679 0.526684 0.724928
v 0.411677 0.364458 0.818592
v 0.411675 0.186300 0.876478
v 0.305407 0.165924 0.780613
v 0.305407 0.000001 0.798053
v 0.305410 0.324595 0.729057
v 0.305412 0.469079 0.645641
v 0.305415 0.593063 0.534003
v 0.305418 0.691128 0.399031
v 0.305422 0.758984 0.246619
v 0.305427 0.793673 0.083427
v 0.305430 0.793673 -0.083411
v 0.305435 0.758984 -0.246602
v 0.305439 0.691128 -0.399014
v 0.305441 0.593063 -0.533987
v 0.305445 0.469079 -0.645624
v 0.305447 0.324595 -0.729040
v 0.305450 0.165924 -0.780597
v 0.305450 0.000001 -0.798038
v 0.305450 -0.165922 -0.780597
v 0.305447 -0.324593 -0.729040
v 0.305445 -0.469077 -0.645624
v 0.305441 -0.593062 -0.533987
v 0.305439 -0.691126 -0.399014
v 0.305435 -0.758985 -0.246602
v 0.305430 -0.793672 -0.083411
v 0.305427 -0.793672 0.083427
v 0.305422 -0.758985 0.246619
v 0.305418 -0.691126 0.399031
v 0.305415 -0.593062 0.534003
v 0.305412 -0.469078 0.645641
v 0.305410 -0.324593 0.729057
v 0.305407 -0.165922 0.780613
v 0.305412 0.000001 0.588041
v 0.305412 -0.122258 0.575190
v 0.305415 -0.239174 0.537201
v 0.305415 -0.345637 0.475740
v 0.305418 -0.436993 0.393479
v 0.305420 -0.509251 0.294025
v 0.305422 -0.559252 0.181722
v 0.305427 -0.584812 0.061474
v 0.305430 -0.584812 -0.061454
v 0.305435 -0.559252 -0.181703
v 0.305437 -0.509251 -0.294008
v 0.305439 -0.436993 -0.393460
v 0.305441 -0.345637 -0.475724
v 0.305441 -0.239174 -0.537182
v 0.305445 -0.122258 -0.575170
v 0.305445 0.000001 -0.588023
v 0.305445 0.122259 -0.575170
v 0.305441 0.239175 -0.537182
v 0.305441 0.345636 -0.475724
v 0.305439 0.436994 -0.393460
v 0.305437 0.509253 -0.294008
v 0.305435 0.559253 -0.181703
v 0.305430 0.584811 -0.061454
v 0.305427 0.584811 0.061474
v 0.305422 0.559253 0.181722
v 0.305420 0.509253 0.294025
v 0.305418 0.436994 0.393479
v 0.305415 0.345636 0.475740
v 0.305415 0.239175 0.537201
v 0.305412 0.122259 0.575190
v 0.317228 0.055309 0.260215
v 0.317228 0.000001 0.266024
v 0.317228 0.108197 0.243026
v 0.317228 0.156360 0.215222
v 0.317230 0.197688 0.178005
v 0.317230 0.230376 0.133017
v 0.317233 0.252997 0.082210
v 0.317233 0.264559 0.027813
v 0.317235 0.264559 -0.027798
v 0.317235 0.252997 -0.082196
v 0.317237 0.230376 -0.132998
v 0.317237 0.197688 -0.177985
v 0.317240 0.156360 -0.215203
v 0.317240 0.108197 -0.243008
v 0.317240 0.055309 -0.260197
v 0.317240 0.000001 -0.266005
v 0.317240 -0.055308 -0.260197
v 0.317240 -0.108198 -0.243008
v 0.317240 -0.156361 -0.215203
v 0.317237 -0.197687 -0.177986
v 0.317237 -0.230375 -0.132998
v 0.317235 -0.252995 -0.082196
v 0.317235 -0.264557 -0.027798
v 0.317233 -0.264557 0.027813
v 0.317233 -0.252995 0.082210
v 0.317230 -0.230375 0.133017
v 0.317230 -0.197687 0.178005
v 0.317228 -0.156361 0.215222
v 0.317228 -0.108198 0.243026
v 0.317228 -0.055308 0.260215
v 0.151918 0.000001 0.182017
v 0.151918 -0.037842 0.178039
v 0.151918 -0.074030 0.166281
v 0.151918 -0.106981 0.147257
v 0.151918 -0.135260 0.121792
v 0.151920 -0.157625 0.091014
v 0.151920 -0.173102 0.056250
v 0.151923 -0.181012 0.019029
v 0.151923 -0.181012 -0.019018
v 0.151923 -0.173102 -0.056239
v 0.151925 -0.157625 -0.091000
v 0.151925 -0.135260 -0.121784
v 0.151925 -0.106981 -0.147244
v 0.151925 -0.074030 -0.166268
v 0.151925 -0.037842 -0.178028
v 0.151928 0.000001 -0.182006
v 0.151925 0.037843 -0.178028
v 0.151925 0.074032 -0.166268
v 0.151925 0.106983 -0.147244
v 0.151925 0.135259 -0.121784
v 0.151925 0.157626 -0.091000
v 0.151923 0.173102 -0.056239
v 0.151923 0.181014 -0.019018
v 0.151923 0.181014 0.019029
v 0.151920 0.173102 0.056250
v 0.151920 0.157626 0.091014
v 0.151918 0.135259 0.121792
v 0.151918 0.106983 0.147257
v 0.151918 0.074032 0.166281
v 0.151918 0.037843 0.178039
v 0.163731 0.000001 0.000007
v 0.482560 1.505782 -0.440174
v 0.482556 1.554638 -0.210314
v 0.482574 1.196562 -1.014570
v 0.482570 1.334685 -0.824457
v 0.482587 0.680445 -1.413546
v 0.482582 0.883952 -1.296044
v 0.482590 0.046672 -1.568098
v 0.482590 0.280377 -1.543533
v 0.482587 -0.595169 -1.451507
v 0.482590 -0.371679 -1.524126
v 0.482577 -1.134100 -1.083942
v 0.482582 -0.959468 -1.241180
v 0.482562 -1.476936 -0.528947
v 0.482568 -1.381357 -0.743624
v 0.482545 -1.564396 0.117510
v 0.482553 -1.564396 -0.117486
v 0.482530 -1.381357 0.743651
v 0.482535 -1.476936 0.528976
v 0.482515 -0.959468 1.241205
v 0.482520 -1.134101 1.083968
v 0.482510 -0.371679 1.524150
v 0.482510 -0.595170 1.451534
v 0.482515 0.883951 1.296072
v 0.482513 0.680444 1.413572
v 0.482527 1.334684 0.824487
v 0.482522 1.196561 1.014599
v 0.482543 1.554638 0.210340
v 0.482538 1.505782 0.440200
v -1.229722 0.000000 3.934183
v -1.253336 0.000000 3.794179
v -1.253334 -0.788860 3.711257
v -1.229720 -0.817968 3.848215
v -1.335987 0.000000 3.682168
v -1.454062 0.000000 3.472158
v -1.454060 -0.721908 3.396280
v -1.335987 -0.765574 3.601700
v -1.513090 0.000000 2.996125
v -1.513083 0.000001 2.730110
v -1.513083 -0.567629 2.670454
v -1.513090 -0.622937 2.930648
v -1.253327 -1.543243 3.466151
v -1.229713 -1.600190 3.594051
v -1.454055 -1.412267 3.171964
v -1.335980 -1.497687 3.363825
v -1.513078 -1.110450 2.494077
v -1.513083 -1.218651 2.737097
v -1.253317 -2.230178 3.069550
v -1.229703 -2.312475 3.182817
v -1.454045 -2.040903 2.809022
v -1.335970 -2.164343 2.978928
v -1.513070 -1.604741 2.208699
v -1.513075 -1.761100 2.423907
v -1.253301 -2.819646 2.538790
v -1.229688 -2.923692 2.632473
v -1.454033 -2.580340 2.323313
v -1.335955 -2.736409 2.463840
v -1.513061 -2.028896 1.826786
v -1.513066 -2.226584 2.004785
v -1.253286 -3.285879 1.897072
v -1.229670 -3.407130 1.967074
v -1.454018 -3.007006 1.736060
v -1.335940 -3.188880 1.841069
v -1.513048 -2.364377 1.365034
v -1.513050 -2.594752 1.498043
v -1.253267 -3.608504 1.172446
v -1.229651 -3.741660 1.215706
v -1.454001 -3.302248 1.072928
v -1.335920 -3.501979 1.137833
v -1.513033 -2.596525 0.843626
v -1.513036 -2.849521 0.925829
v -1.253246 -3.773422 0.396569
v -1.229631 -3.912663 0.411206
v -1.453981 -3.453168 0.362903
v -1.335900 -3.662030 0.384861
v -1.513018 -2.715193 0.285340
v -1.513021 -2.979750 0.313147
v -1.253225 -3.773422 -0.396633
v -1.229608 -3.912663 -0.411270
v -1.453960 -3.453168 -0.362979
v -1.335880 -3.662030 -0.384930
v -1.513003 -2.715193 -0.285418
v -1.513003 -2.979750 -0.313222
v -1.253204 -3.608504 -1.172510
v -1.229588 -3.741660 -1.215772
v -1.453943 -3.302248 -1.073005
v -1.335861 -3.501979 -1.137899
v -1.512988 -2.596525 -0.843702
v -1.512988 -2.849521 -0.925904
v -1.253184 -3.285879 -1.897138
v -1.229566 -3.407130 -1.967136
v -1.453926 -3.007005 -1.736130
v -1.335843 -3.188880 -1.841136
v -1.512976 -2.364377 -1.365112
v -1.512974 -2.594752 -1.498123
v -1.253170 -2.819646 -2.538857
v -1.229551 -2.923691 -2.632534
v -1.453911 -2.580339 -2.323388
v -1.335826 -2.736409 -2.463908
v -1.512964 -2.028896 -1.826865
v -1.512959 -2.226583 -2.004864
v -1.253155 -2.230178 -3.069610
v -1.229536 -2.312474 -3.182879
v -1.453899 -2.040902 -2.809096
v -1.335814 -2.164343 -2.978997
v -1.512953 -1.604741 -2.208776
v -1.512949 -1.761100 -2.423988
v -1.253145 -1.543242 -3.466217
v -1.229524 -1.600190 -3.594117
v -1.453889 -1.412267 -3.172042
v -1.335803 -1.497686 -3.363894
v -1.512946 -1.110450 -2.494154
v -1.512939 -1.218651 -2.737173
v -1.253138 -0.788860 -3.711330
v -1.229519 -0.817968 -3.848274
v -1.453881 -0.721907 -3.396354
v -1.335796 -0.765574 -3.601772
v -1.512941 -0.567628 -2.670531
v -1.512934 -0.622937 -2.930734
v -1.253135 0.000001 -3.794239
v -1.229516 0.000001 -3.934247
v -1.453879 0.000001 -3.472227
v -1.335794 0.000001 -3.682237
v -1.512939 0.000001 -2.730189
v -1.512934 0.000001 -2.996202
v -1.253138 0.788862 -3.711330
v -1.229519 0.817970 -3.848274
v -1.453881 0.721909 -3.396354
v -1.335796 0.765573 -3.601772
v -1.512941 0.567630 -2.670531
v -1.512934 0.622939 -2.930734
v -1.253145 1.543244 -3.466217
v -1.229524 1.600189 -3.594117
v -1.453889 1.412269 -3.172042
v -1.335803 1.497686 -3.363894
v -1.512946 1.110452 -2.494154
v -1.512939 1.218650 -2.737173
v -1.253155 2.230180 -3.069609
v -1.229536 2.312474 -3.182879
v -1.453899 2.040902 -2.809096
v -1.335814 2.164344 -2.978997
v -1.512953 1.604742 -2.208776
v -1.512949 1.761102 -2.423987
v -1.253170 2.819648 -2.538857
v -1.229551 2.923693 -2.632534
v -1.453911 2.580342 -2.323387
v -1.335826 2.736410 -2.463907
v -1.512964 2.028898 -1.826865
v -1.512959 2.226585 -2.004864
v -1.253184 3.285881 -1.897138
v -1.229566 3.407132 -1.967136
v -1.453926 3.007007 -1.736130
v -1.335843 3.188882 -1.841136
v -1.512976 2.364378 -1.365112
v -1.512974 2.594754 -1.498123
v -1.253204 3.608505 -1.172509
v -1.229588 3.741662 -1.215772
v -1.453943 3.302249 -1.073004
v -1.335861 3.501980 -1.137899
v -1.512988 2.596526 -0.843701
v -1.512988 2.849523 -0.925904
v -1.253225 3.773423 -0.396632
v -1.229608 3.912664 -0.411269
v -1.453960 3.453169 -0.362978
v -1.335880 3.662032 -0.384929
v -1.513003 2.715193 -0.285418
v -1.513003 2.979751 -0.313222
v -1.253246 3.773423 0.396570
v -1.229631 3.912664 0.411206
v -1.453981 3.453169 0.362904
v -1.335900 3.662032 0.384862
v -1.513018 2.715193 0.285340
v -1.513021 2.979751 0.313147
v -1.253267 3.608505 1.172446
v -1.229651 3.741662 1.215706
v -1.454001 3.302249 1.072928
v -1.335920 3.501980 1.137834
v -1.513033 2.596526 0.843627
v -1.513036 2.849523 0.925829
v -1.253286 3.285880 1.897073
v -1.229670 3.407131 1.967075
v -1.454018 3.007006 1.736060
v -1.335940 3.188881 1.841069
v -1.513048 2.364378 1.365034
v -1.513050 2.594754 1.498044
v -1.253301 2.819647 2.538790
v -1.229688 2.923692 2.632473
v -1.454033 2.580341 2.323314
v -1.335955 2.736410 2.463840
v -1.513061 2.028897 1.826787
v -1.513066 2.226584 2.004786
v -1.253317 2.230180 3.069550
v -1.229703 2.312473 3.182817
v -1.454045 2.040901 2.809022
v -1.335970 2.164344 2.978928
v -1.513070 1.604742 2.208700
v -1.513075 1.761101 2.423907
v -1.253327 1.543244 3.466151
v -1.229713 1.600189 3.594052
v -1.454055 1.412268 3.171964
v -1.335980 1.497685 3.363825
v -1.513078 1.110451 2.494077
v -1.513083 1.218650 2.737097
v -1.253334 0.788861 3.711257
v -1.229720 0.817969 3.848215
v -1.454060 0.721909 3.396280
v -1.335987 0.765573 3.601700
v -1.513083 0.567630 2.670454
v -1.513090 0.622938 2.930648
v -1.442225 0.489036 2.300691
v -1.442225 0.000001 2.352088
v -1.442220 0.956696 2.148741
v -1.442212 1.382547 1.902876
v -1.442205 1.747973 1.573845
v -1.442195 2.037004 1.176026
v -1.442183 2.237008 0.726813
v -1.442171 2.339243 0.245824
v -1.442158 2.339243 -0.245905
v -1.442145 2.237008 -0.726882
v -1.442133 2.037004 -1.176101
v -1.442123 1.747973 -1.573918
v -1.442113 1.382548 -1.902949
v -1.442108 0.956696 -2.148815
v -1.442103 0.489036 -2.300765
v -1.442100 0.000001 -2.352165
v -1.442103 -0.489034 -2.300765
v -1.442108 -0.956694 -2.148815
v -1.442113 -1.382546 -1.902949
v -1.442123 -1.747971 -1.573918
v -1.442133 -2.037002 -1.176101
v -1.442145 -2.237006 -0.726883
v -1.442158 -2.339242 -0.245905
v -1.442171 -2.339242 0.245824
v -1.442183 -2.237006 0.726812
v -1.442195 -2.037002 1.176026
v -1.442205 -1.747971 1.573845
v -1.442212 -1.382546 1.902875
v -1.442220 -0.956695 2.148741
v -1.442225 -0.489034 2.300691
v 0.482444 0.000000 3.976234
v 0.104584 0.000000 4.004223
v 0.104586 -0.832525 3.916721
v 0.482446 -0.826702 3.889342
v -0.462203 0.000000 4.004208
v -0.816444 0.000000 3.976198
v -0.816442 -0.826702 3.889306
v -0.462201 -0.832525 3.916705
v 0.104594 -1.628662 3.658039
v 0.482450 -1.617274 3.632471
v -0.816434 -1.617274 3.632433
v -0.462194 -1.628662 3.658024
v 0.104604 -2.353621 3.239482
v 0.482463 -2.337161 3.216843
v -0.816422 -2.337161 3.216809
v -0.462184 -2.353621 3.239469
v 0.104618 -2.975715 2.679347
v 0.482475 -2.954905 2.660626
v -0.816409 -2.954905 2.660587
v -0.462169 -2.975715 2.679332
v 0.104636 -3.467757 2.002113
v 0.482496 -3.443505 1.988121
v -0.816392 -3.443505 1.988086
v -0.462151 -3.467757 2.002099
v 0.104656 -3.808238 1.237372
v 0.482515 -3.781607 1.228732
v -0.816372 -3.781605 1.228698
v -0.462132 -3.808238 1.237358
v 0.104678 -3.982282 0.418558
v 0.482535 -3.954435 0.415643
v -0.816350 -3.954435 0.415608
v -0.462109 -3.982282 0.418542
v 0.104701 -3.982282 -0.418554
v 0.482557 -3.954435 -0.415614
v -0.816328 -3.954435 -0.415649
v -0.462087 -3.982282 -0.418568
v 0.104723 -3.808238 -1.237369
v 0.482580 -3.781607 -1.228707
v -0.816308 -3.781605 -1.228741
v -0.462064 -3.808238 -1.237383
v 0.104743 -3.467756 -2.002108
v 0.482600 -3.443505 -1.988099
v -0.816285 -3.443505 -1.988134
v -0.462045 -3.467756 -2.002124
v 0.104761 -2.975715 -2.679340
v 0.482617 -2.954904 -2.660597
v -0.816268 -2.954904 -2.660633
v -0.462028 -2.975715 -2.679354
v 0.104775 -2.353621 -3.239478
v 0.482632 -2.337160 -3.216816
v -0.816255 -2.337160 -3.216851
v -0.462012 -2.353621 -3.239493
v 0.104785 -1.628662 -3.658035
v 0.482642 -1.617273 -3.632442
v -0.816243 -1.617273 -3.632478
v -0.462003 -1.628662 -3.658050
v 0.104793 -0.832524 -3.916716
v 0.482649 -0.826702 -3.889316
v -0.816236 -0.826702 -3.889349
v -0.461995 -0.832524 -3.916731
v 0.104796 0.000001 -4.004219
v 0.482652 0.000001 -3.976208
v -0.816233 0.000001 -3.976243
v -0.461993 0.000001 -4.004233
v 0.104793 0.832526 -3.916716
v 0.482649 0.826704 -3.889316
v -0.816236 0.826704 -3.889349
v -0.461995 0.832526 -3.916731
v 0.104785 1.628664 -3.658035
v 0.482642 1.617275 -3.632442
v -0.816243 1.617275 -3.632477
v -0.462003 1.628664 -3.658050
v 0.104775 2.353620 -3.239477
v 0.482632 2.337162 -3.216816
v -0.816255 2.337162 -3.216850
v -0.462012 2.353620 -3.239492
v 0.104761 2.975717 -2.679339
v 0.482617 2.954906 -2.660596
v -0.816268 2.954906 -2.660632
v -0.462028 2.975717 -2.679353
v 0.104743 3.467755 -2.002108
v 0.482600 3.443506 -1.988098
v -0.816285 3.443506 -1.988133
v -0.462045 3.467755 -2.002124
v 0.104723 3.808239 -1.237369
v 0.482580 3.781609 -1.228706
v -0.816308 3.781606 -1.228741
v -0.462064 3.808239 -1.237383
v 0.104701 3.982284 -0.418553
v 0.482557 3.954437 -0.415613
v -0.816328 3.954437 -0.415648
v -0.462087 3.982284 -0.418567
v 0.104678 3.982284 0.418558
v 0.482535 3.954437 0.415643
v -0.816350 3.954437 0.415608
v -0.462109 3.982284 0.418542
v 0.104656 3.808239 1.237373
v 0.482515 3.781609 1.228732
v -0.816372 3.781606 1.228698
v -0.462132 3.808239 1.237359
v 0.104636 3.467755 2.002114
v 0.482496 3.443506 1.988121
v -0.816392 3.443506 1.988086
v -0.462151 3.467755 2.002100
v 0.104618 2.975716 2.679347
v 0.482475 2.954906 2.660627
v -0.816409 2.954906 2.660587
v -0.462169 2.975716 2.679332
v 0.104604 2.353620 3.239482
v 0.482463 2.337162 3.216843
v -0.816422 2.337162 3.216809
v -0.462184 2.353620 3.239469
v 0.104594 1.628663 3.658040
v 0.482450 1.617275 3.632472
v -0.816434 1.617275 3.632434
v -0.462194 1.628663 3.658025
v 0.104586 0.832526 3.916721
v 0.482446 0.826704 3.889342
v -0.816442 0.826704 3.889306
v -0.462201 0.832526 3.916705
v 0.907537 0.815059 3.834569
v 0.907535 0.000000 3.920234
v 0.907544 1.594496 3.581315
v 0.907555 2.304245 3.171551
v 0.907569 2.913287 2.623160
v 0.907587 3.395005 1.960133
v 0.907607 3.728346 1.211438
v 0.907626 3.898738 0.409799
v 0.907649 3.898738 -0.409749
v 0.907668 3.728346 -1.211389
v 0.907688 3.395005 -1.960085
v 0.907705 2.913288 -2.623115
v 0.907721 2.304246 -3.171499
v 0.907734 1.594496 -3.581272
v 0.907739 0.815060 -3.834525
v 0.907740 0.000001 -3.920190
v 0.907739 -0.815058 -3.834525
v 0.907734 -1.594494 -3.581273
v 0.907721 -2.304244 -3.171500
v 0.907705 -2.913285 -2.623115
v 0.907688 -3.395004 -1.960085
v 0.907668 -3.728345 -1.211389
v 0.907649 -3.898739 -0.409749
v 0.907626 -3.898739 0.409798
v 0.907607 -3.728345 1.211438
v 0.907587 -3.395004 1.960132
v 0.907569 -2.913286 2.623159
v 0.907555 -2.304245 3.171551
v 0.907544 -1.594495 3.581315
v 0.907537 -0.815059 3.834569
v 1.202755 0.000000 3.164207
v 1.084664 0.000000 3.542224
v 1.084667 -0.736464 3.464822
v 1.202757 -0.657867 3.095059
v 0.954772 0.000000 3.766234
v 0.954774 -0.783038 3.683937
v 1.084672 -1.440739 3.235984
v 1.202763 -1.286985 2.890651
v 0.954779 -1.531855 3.440623
v 1.084682 -2.082050 2.865725
v 1.202772 -1.859854 2.559901
v 0.954789 -2.213720 3.046950
v 1.084697 -2.632364 2.370218
v 1.202782 -2.351439 2.117277
v 0.954804 -2.798838 2.520113
v 1.084712 -3.067630 1.771124
v 1.202798 -2.740252 1.582119
v 0.954822 -3.261630 1.883131
v 1.084729 -3.368825 1.094624
v 1.202812 -3.009307 0.977812
v 0.954839 -3.581874 1.163847
v 1.084749 -3.522789 0.370290
v 1.202829 -3.146839 0.330777
v 0.954859 -3.745573 0.393699
v 1.084769 -3.522789 -0.370234
v 1.202846 -3.146839 -0.330714
v 0.954880 -3.745573 -0.393649
v 1.084786 -3.368825 -1.094568
v 1.202864 -3.009307 -0.977754
v 0.954900 -3.581874 -1.163797
v 1.084803 -3.067629 -1.771072
v 1.202879 -2.740252 -1.582055
v 0.954918 -3.261630 -1.883078
v 1.084821 -2.632364 -2.370167
v 1.202893 -2.351438 -2.117216
v 0.954935 -2.798838 -2.520057
v 1.084834 -2.082049 -2.865671
v 1.202907 -1.859854 -2.559839
v 0.954951 -2.213720 -3.046900
v 1.084843 -1.440739 -3.235931
v 1.202914 -1.286984 -2.890585
v 0.954961 -1.531854 -3.440578
v 1.084849 -0.736464 -3.464762
v 1.202919 -0.657867 -3.094997
v 0.954966 -0.783038 -3.683883
v 1.084851 0.000001 -3.542170
v 1.202921 0.000001 -3.164144
v 0.954968 0.000001 -3.766181
v 1.084849 0.736466 -3.464762
v 1.202919 0.657869 -3.094997
v 0.954966 0.783040 -3.683883
v 1.084843 1.440741 -3.235931
v 1.202914 1.286986 -2.890585
v 0.954961 1.531856 -3.440578
v 1.084834 2.082049 -2.865670
v 1.202907 1.859854 -2.559839
v 0.954951 2.213722 -3.046900
v 1.084821 2.632365 -2.370166
v 1.202893 2.351440 -2.117215
v 0.954935 2.798837 -2.520057
v 1.084803 3.067631 -1.771071
v 1.202879 2.740256 -1.582055
v 0.954918 3.261632 -1.883078
v 1.084786 3.368827 -1.094568
v 1.202864 3.009308 -0.977754
v 0.954900 3.581875 -1.163797
v 1.084769 3.522791 -0.370233
v 1.202846 3.146838 -0.330714
v 0.954880 3.745574 -0.393648
v 1.084749 3.522791 0.370290
v 1.202829 3.146838 0.330777
v 0.954859 3.745574 0.393700
v 1.084729 3.368827 1.094624
v 1.202812 3.009308 0.977813
v 0.954839 3.581875 1.163848
v 1.084712 3.067631 1.771125
v 1.202798 2.740256 1.582120
v 0.954822 3.261631 1.883132
v 1.084697 2.632365 2.370218
v 1.202782 2.351440 2.117277
v 0.954804 2.798836 2.520113
v 1.084682 2.082049 2.865725
v 1.202772 1.859854 2.559901
v 0.954789 2.213722 3.046951
v 1.084672 1.440741 3.235984
v 1.202763 1.286985 2.890651
v 0.954779 1.531856 3.440623
v 1.084667 0.736465 3.464822
v 1.202757 0.657868 3.095059
v 0.954774 0.783039 3.683937
v 1.238194 0.555986 2.615744
v 1.238192 0.000001 2.674181
v 1.238199 1.087674 2.442987
v 1.238206 1.571826 2.163461
v 1.238217 1.987279 1.789386
v 1.238226 2.315880 1.337105
v 1.238241 2.543266 0.826391
v 1.238256 2.659497 0.279558
v 1.238271 2.659497 -0.279493
v 1.238284 2.543266 -0.826322
v 1.238298 2.315880 -1.337037
v 1.238310 1.987279 -1.789321
v 1.238321 1.571826 -2.163399
v 1.238325 1.087675 -2.442924
v 1.238330 0.555986 -2.615676
v 1.238333 0.000001 -2.674115
v 1.238330 -0.555987 -2.615676
v 1.238325 -1.087672 -2.442924
v 1.238321 -1.571824 -2.163399
v 1.238310 -1.987278 -1.789321
v 1.238298 -2.315878 -1.337037
v 1.238284 -2.543262 -0.826322
v 1.238271 -2.659497 -0.279494
v 1.238256 -2.659497 0.279558
v 1.238241 -2.543262 0.826391
v 1.238226 -2.315878 1.337105
v 1.238217 -1.987278 1.789385
v 1.238206 -1.571824 2.163461
v 1.238199 -1.087673 2.442987
v 1.238194 -0.555987 2.615744
vn 0.3843 0.7886 -0.4800
vn 0.4367 0.1758 -0.8823
vn -0.0000 0.4376 -0.8992
vn -0.0000 0.9132 -0.4075
vn -0.0000 -0.4947 -0.8691
vn 0.4197 -0.4834 -0.7682
vn 0.3295 -0.9071 -0.2620
vn -0.0000 -0.9491 -0.3149
vn -0.0000 -0.9110 0.4124
vn 0.3505 -0.8448 0.4043
vn 0.3655 -0.3122 0.8769
vn -0.0000 -0.1624 0.9867
vn 0.9129 -0.2731 -0.3035
vn 0.8451 -0.4366 0.3085
vn 0.8907 0.3655 0.2704
vn 0.8731 0.3240 -0.3644
vn 0.2798 0.9516 0.1276
vn -0.0000 0.9340 0.3573
vn 0.2300 0.4898 0.8409
vn -0.0000 0.4946 0.8691
vn 0.2783 -0.0798 -0.9572
vn -0.0000 -0.1106 -0.9939
vn -0.0000 0.5828 -0.8126
vn 0.4574 0.5590 -0.6916
vn -0.0000 -0.9952 0.0984
vn -0.0000 -0.7113 -0.7029
vn 0.4381 -0.7569 -0.4849
vn 0.4574 -0.8784 0.1383
vn -0.0000 -0.5457 0.8380
vn 0.2797 -0.6948 0.6625
vn 0.2753 0.0033 0.9614
vn -0.0000 0.2530 0.9675
vn 0.9207 -0.3812 -0.0835
vn 0.8468 -0.1601 0.5072
vn 0.8957 0.4445 -0.0059
vn 0.8723 0.0510 -0.4863
vn 0.2332 0.9550 -0.1833
vn -0.0000 0.9794 -0.2019
vn 0.3630 0.6721 0.6453
vn 0.0001 0.8825 0.4703
vn 0.3295 0.2266 -0.9166
vn 0.4197 -0.4236 -0.8027
vn -0.0000 -0.5054 -0.8629
vn -0.0000 0.2018 -0.9794
vn 0.0001 -0.9975 -0.0707
vn 0.4367 -0.8520 -0.2889
vn 0.3295 -0.8017 0.4988
vn -0.0000 -0.8691 0.4947
vn -0.0000 -0.3032 0.9529
vn 0.3505 -0.2648 0.8983
vn 0.2753 0.3940 0.8769
vn -0.0000 0.6246 0.7809
vn 0.9207 -0.3823 0.0788
vn 0.8468 0.0601 0.5285
vn 0.8958 0.4037 -0.1862
vn 0.8723 -0.1513 -0.4650
vn 0.3506 0.7725 -0.5294
vn -0.0000 0.8126 -0.5828
vn 0.3136 0.9185 0.2409
vn -0.0000 0.9768 0.2139
vn 0.2783 -0.7647 -0.5812
vn -0.0000 -0.8126 -0.5828
vn 0.0001 -0.3200 -0.9474
vn 0.3824 -0.0975 -0.9188
vn -0.0000 -0.9794 0.2018
vn 0.5217 -0.8402 0.1475
vn 0.3842 -0.5599 0.7341
vn -0.0000 -0.5007 0.8656
vn -0.0000 0.2576 0.9662
vn 0.2797 0.0274 0.9597
vn 0.3136 0.7936 0.5214
vn -0.0000 0.8126 0.5828
vn 0.8730 -0.3963 0.2842
vn 0.8957 0.1318 0.4246
vn 0.8468 0.4329 -0.3089
vn 0.9128 -0.2733 -0.3034
vn 0.2790 0.5773 -0.7674
vn -0.0000 0.3709 -0.9287
vn 0.3457 0.9160 -0.2038
vn 0.3764 -0.9109 -0.1692
vn -0.0000 -0.9794 -0.2018
vn -0.0000 -0.5928 -0.8053
vn 0.4574 -0.4850 -0.7454
vn -0.0000 -0.8126 0.5828
vn 0.4197 -0.7135 0.5611
vn 0.3842 -0.2129 0.8984
vn -0.0000 -0.1053 0.9944
vn -0.0000 0.6284 0.7779
vn 0.2797 0.4154 0.8656
vn 0.2300 0.9511 0.2060
vn -0.0000 0.9794 0.2018
vn 0.8723 -0.3273 0.3634
vn 0.8907 0.3701 0.2641
vn 0.8451 0.1584 -0.5106
vn 0.9207 -0.3172 -0.2274
vn 0.2798 0.0274 -0.9597
vn -0.0000 0.2577 -0.9662
vn 0.3656 0.7375 -0.5679
vn -0.0000 0.8883 -0.4593
vn 0.3843 -0.8100 -0.4429
vn 0.5218 -0.8276 0.2069
vn -0.0000 -0.9768 0.2139
vn -0.0000 -0.8095 -0.5872
vn -0.0000 0.2018 0.9794
vn -0.0000 -0.5054 0.8629
vn 0.2783 -0.4622 0.8419
vn 0.4574 0.2294 0.8592
vn -0.0000 0.9769 -0.2139
vn 0.2332 0.7979 0.5559
vn 0.4354 0.8663 -0.2448
vn 0.9128 -0.1263 0.3883
vn 0.8451 0.4854 0.2239
vn 0.8907 0.0514 -0.4517
vn 0.8730 -0.4776 -0.0984
vn 0.2798 -0.3653 -0.8879
vn -0.0000 -0.1576 -0.9875
vn 0.2301 0.4833 -0.8447
vn -0.0000 0.5053 -0.8629
vn 0.3295 -0.9352 -0.1296
vn 0.3351 -0.7200 0.6077
vn -0.0000 -0.8825 0.4703
vn -0.0000 -0.9951 -0.0984
vn -0.0000 -0.1107 0.9939
vn 0.5217 -0.1193 0.8448
vn 0.3295 0.5798 0.7452
vn -0.0000 0.5827 0.8127
vn -0.0000 0.9794 0.2019
vn 0.3505 0.9211 0.1695
vn 0.3136 0.7411 -0.5936
vn -0.0000 0.8054 -0.5928
vn 0.8730 0.1478 0.4648
vn 0.8957 0.4445 0.0059
vn 0.8468 -0.1601 -0.5072
vn 0.9128 -0.3730 0.1662
vn 0.2789 -0.5514 -0.7862
vn -0.0000 -0.7685 -0.6398
vn 0.3457 0.0892 -0.9341
vn -0.0000 0.1106 -0.9939
vn 0.2783 -0.4980 0.8213
vn -0.0000 -0.4946 0.8691
vn -0.0000 -0.9088 0.4173
vn 0.3824 -0.9036 0.1930
vn -0.0000 0.3031 0.9529
vn 0.5217 0.2346 0.8202
vn 0.3295 0.8328 0.4449
vn -0.0000 0.8629 0.5054
vn -0.0000 0.9768 -0.2140
vn 0.3506 0.9104 -0.2198
vn 0.2753 0.5623 -0.7797
vn -0.0000 0.3640 -0.9314
vn 0.8730 0.3240 0.3644
vn 0.8907 0.3655 -0.2703
vn 0.8451 -0.4366 -0.3084
vn 0.9128 -0.2731 0.3035
vn 0.3506 -0.8448 -0.4043
vn -0.0000 -0.9110 -0.4123
vn 0.3137 -0.2506 -0.9159
vn -0.0000 -0.3031 -0.9530
vn 0.2783 -0.1209 0.9528
vn -0.0000 -0.0984 0.9952
vn -0.0000 -0.6605 0.7508
vn 0.3823 -0.7470 0.5439
vn -0.0000 0.9939 0.1107
vn -0.0000 0.5497 0.8354
vn 0.4381 0.6396 0.6317
vn 0.4574 0.8880 0.0473
vn -0.0000 0.7080 -0.7063
vn 0.2798 0.8174 -0.5036
vn 0.2301 0.1055 -0.9674
vn -0.0000 0.0984 -0.9951
vn 0.9207 0.3555 0.1610
vn 0.8468 0.2620 -0.4628
vn 0.8957 -0.4360 -0.0866
vn 0.8723 -0.1510 0.4652
vn 0.3506 -0.9362 -0.0257
vn -0.0000 -1.0000 -0.0062
vn 0.3656 -0.6419 -0.6741
vn -0.0000 -0.5497 -0.8354
vn 0.3843 -0.3558 0.8519
vn 0.4197 0.2475 0.8733
vn -0.0000 0.3149 0.9491
vn -0.0000 -0.4994 0.8664
vn -0.0000 0.9530 -0.3031
vn -0.0000 0.9110 0.4123
vn 0.3765 0.8364 0.3984
vn 0.4574 0.8305 -0.3179
vn -0.0000 0.3595 -0.9331
vn 0.2798 0.5419 -0.7925
vn 0.3137 -0.3356 -0.8883
vn -0.0000 -0.3149 -0.9491
vn 0.9207 0.3903 0.0025
vn 0.8451 0.1719 -0.5062
vn 0.8907 -0.4546 -0.0038
vn 0.8723 0.0512 0.4863
vn 0.2797 -0.8448 0.4561
vn -0.0000 -0.9656 0.2600
vn 0.2753 -0.9133 -0.3003
vn -0.0000 -0.8419 -0.5396
vn 0.2783 0.6272 0.7275
vn -0.0000 0.6737 0.7390
vn -0.0000 0.0062 1.0000
vn 0.4574 -0.0458 0.8881
vn -0.0000 0.7473 -0.6645
vn -0.0000 0.9886 0.1505
vn 0.4381 0.8974 -0.0526
vn 0.4574 0.6294 -0.6282
vn -0.0000 -0.0511 -0.9987
vn 0.2798 0.1727 -0.9444
vn 0.3656 -0.6033 -0.7088
vn -0.0000 -0.7734 -0.6340
vn 0.8731 0.4467 -0.1955
vn 0.8958 -0.0406 -0.4427
vn 0.8468 -0.4877 0.2122
vn 0.9128 0.2042 0.3536
vn 0.2797 -0.5863 0.7603
vn -0.0000 -0.7764 0.6303
vn 0.2301 -0.9732 0.0038
vn 0.2783 0.8688 0.4095
vn -0.0000 0.9160 0.4011
vn -0.0000 0.4124 0.9110
vn 0.4574 0.3194 0.8299
vn -0.0000 0.9160 -0.4011
vn 0.5218 0.7912 -0.3190
vn 0.3843 0.3950 -0.8345
vn -0.0000 0.3097 -0.9508
vn -0.0000 -0.4530 -0.8915
vn 0.2798 -0.2264 -0.9330
vn 0.3656 -0.8394 -0.4021
vn -0.0000 -0.9644 -0.2646
vn 0.9207 0.2630 -0.2884
vn 0.8451 -0.2611 -0.4665
vn 0.8907 -0.3071 0.3353
vn 0.8723 0.3957 0.2874
vn 0.2797 -0.2264 0.9330
vn -0.0000 -0.4529 0.8915
vn 0.2300 -0.8875 0.3992
vn -0.0000 -0.9161 0.4010
vn 0.3295 0.6805 0.6545
vn 0.4367 0.8934 -0.1055
vn -0.0000 0.9904 0.1383
vn -0.0000 0.7473 0.6645
vn -0.0000 0.1160 -0.9932
vn -0.0000 0.7734 -0.6340
vn 0.3331 0.5365 -0.7753
vn 0.3824 -0.0957 -0.9190
vn -0.0000 -1.0000 0.0061
vn -0.0000 -0.5560 -0.8312
vn 0.2789 -0.7243 -0.6305
vn 0.4354 -0.8983 0.0594
vn 0.9129 0.2042 -0.3535
vn 0.8451 -0.4283 -0.3199
vn 0.8907 -0.1442 0.4312
vn 0.8731 0.4467 0.1956
vn 0.3505 0.0722 0.9338
vn -0.0000 0.0984 0.9951
vn 0.2300 -0.6484 0.7257
vn -0.0000 -0.6737 0.7390
vn 0.3295 0.8879 0.3212
vn 0.5218 0.7665 -0.3745
vn -0.0000 0.9110 -0.4124
vn -0.0000 0.9530 0.3031
vn -0.0000 -0.4011 -0.9160
vn -0.0000 0.3149 -0.9491
vn 0.2784 0.2771 -0.9196
vn 0.4574 -0.4030 -0.7927
vn -0.0000 -0.9656 -0.2600
vn 0.2798 -0.8448 -0.4561
vn 0.3136 -0.8483 0.4266
vn 0.8723 0.0512 -0.4863
vn 0.8957 -0.4336 -0.0982
vn 0.8468 0.0511 0.5294
vn 0.9207 0.3903 -0.0024
vn 0.3505 0.4458 0.8237
vn -0.0000 0.4947 0.8691
vn 0.2752 -0.2031 0.9397
vn -0.0000 -0.4486 0.8937
vn 0.2784 0.6579 -0.6998
vn -0.0000 0.6645 -0.7473
vn -0.0000 0.9757 -0.2192
vn 0.3824 0.9240 -0.0009
vn -0.0000 -0.0984 -0.9951
vn 0.5217 -0.0589 -0.8511
vn 0.3843 -0.6716 -0.6335
vn -0.0000 -0.8086 -0.5884
vn -0.0000 -0.7655 0.6435
vn 0.2333 -0.9722 0.0192
vn 0.3631 -0.5233 0.7709
vn 0.8730 -0.2412 -0.4238
vn 0.8957 -0.4360 0.0867
vn 0.8468 0.2620 0.4629
vn 0.9129 0.3303 -0.2401
vn 0.3505 0.7423 0.5711
vn -0.0000 0.8054 0.5928
vn 0.2753 0.1966 0.9410
vn -0.0000 -0.0463 0.9989
vn 0.5363 0.2421 -0.8086
vn 0.9137 0.3814 -0.1405
vn 0.6301 0.7722 -0.0823
vn 0.5362 0.5500 -0.6403
vn 0.9474 0.3128 -0.0669
vn 0.5329 0.7657 0.3602
vn 0.5362 0.7629 -0.3612
vn 0.9242 0.3737 0.0789
vn 0.5329 0.5530 0.6404
vn 0.5362 0.8439 -0.0196
vn 0.9137 0.2515 0.3193
vn 0.6300 0.3169 0.7090
vn 0.5362 0.7789 0.3253
vn 0.9137 0.0999 0.3940
vn 0.6300 0.0012 0.7766
vn 0.5362 0.5792 0.6140
vn 0.9137 -0.0690 0.4006
vn 0.6301 -0.3148 0.7099
vn 0.5362 0.2794 0.7965
vn 0.9242 -0.1175 0.3634
vn 0.5329 -0.6947 0.4831
vn 0.5362 -0.0687 0.8413
vn 0.9137 -0.3438 0.2168
vn 0.6301 -0.7382 0.2411
vn 0.5362 -0.4049 0.7406
vn 0.9137 -0.4023 0.0582
vn 0.6301 -0.7724 -0.0800
vn 0.5361 -0.6712 0.5119
vn 0.8807 -0.4557 -0.1288
vn 0.6301 -0.6731 -0.3872
vn 0.5362 -0.8213 0.1947
vn 0.9242 -0.3491 -0.1548
vn 0.5329 -0.4078 -0.7414
vn 0.5362 -0.8295 -0.1562
vn 0.9242 -0.2560 -0.2834
vn 0.5330 -0.0710 -0.8432
vn 0.5362 -0.6942 -0.4801
vn 0.8808 -0.0184 -0.4732
vn 0.6301 0.1603 -0.7598
vn 0.5362 -0.4389 -0.7210
vn 0.9242 0.0394 -0.3798
vn 0.5330 0.5791 -0.6169
vn 0.5362 -0.1077 -0.8372
vn 0.8808 0.3394 -0.3303
vn 0.6300 0.6720 -0.3893
vn 0.9474 0.2586 0.1884
vn 0.5362 0.2421 0.8086
vn 0.5329 0.8460 -0.0175
vn 0.9137 0.4056 -0.0267
vn 0.5362 0.5500 0.6403
vn 0.6300 0.7389 -0.2389
vn 0.9474 0.3130 -0.0661
vn 0.5362 0.7629 0.3612
vn 0.5330 0.5530 -0.6404
vn 0.9137 0.2515 -0.3193
vn 0.5362 0.8439 0.0197
vn 0.6301 0.3169 -0.7089
vn 0.9137 0.0999 -0.3940
vn 0.5362 0.7789 -0.3253
vn 0.6301 0.0012 -0.7765
vn 0.9474 0.0339 -0.3181
vn 0.5362 0.5792 -0.6140
vn 0.5330 -0.4382 -0.7238
vn 0.9242 -0.1175 -0.3634
vn 0.5362 0.2795 -0.7965
vn 0.5330 -0.6947 -0.4830
vn 0.9242 -0.2551 -0.2841
vn 0.5362 -0.0687 -0.8413
vn 0.5329 -0.8311 -0.1587
vn 0.9137 -0.4023 -0.0581
vn 0.5362 -0.4049 -0.7406
vn 0.6301 -0.7724 0.0800
vn 0.9242 -0.3819 -0.0005
vn 0.5362 -0.6712 -0.5119
vn 0.5329 -0.6741 0.5115
vn 0.9242 -0.3491 0.1549
vn 0.5362 -0.8213 -0.1947
vn 0.5329 -0.4078 0.7414
vn 0.9242 -0.2559 0.2835
vn 0.5362 -0.8295 0.1563
vn 0.5329 -0.0710 0.8432
vn 0.9137 -0.0158 0.4062
vn 0.5362 -0.6942 0.4801
vn 0.6300 0.1603 0.7599
vn 0.8807 0.1757 0.4398
vn 0.5362 -0.4389 0.7210
vn 0.6300 0.4555 0.6289
vn 0.9242 0.1905 0.3311
vn 0.5362 -0.1078 0.8372
vn 0.5329 0.7800 0.3281
vn -0.7620 -0.0000 0.6476
vn -1.0000 -0.0000 -0.0000
vn -0.8695 -0.1027 0.4832
vn -0.8078 -0.2208 0.5466
vn -0.7620 -0.3807 0.5239
vn -0.8695 -0.3671 0.3305
vn -0.7620 -0.5608 0.3238
vn -0.8695 -0.4698 0.1526
vn -0.7620 -0.6440 0.0677
vn -0.8078 -0.5837 -0.0821
vn -0.8078 -0.5539 -0.2017
vn -0.8695 -0.4278 -0.2470
vn -0.8078 -0.4516 -0.3789
vn -0.7620 -0.3807 -0.5239
vn -0.8078 -0.2208 -0.5466
vn -0.8078 -0.1023 -0.5806
vn -0.8078 0.0206 -0.5892
vn -0.8078 0.1427 -0.5720
vn -0.8078 0.2585 -0.5298
vn -0.8078 0.3630 -0.4645
vn -0.8078 0.4516 -0.3789
vn -0.8695 0.4278 -0.2470
vn -0.8078 0.5539 -0.2017
vn -0.8078 0.5837 -0.0821
vn -0.7620 0.6440 0.0677
vn -0.8078 0.5539 0.2017
vn -0.8078 0.4999 0.3124
vn -0.8695 0.3671 0.3305
vn -0.7620 0.3807 0.5239
vn -0.8695 0.2009 0.4513
vn -0.8078 0.1427 0.5720
vn -0.9198 -0.0000 0.3924
vn -0.8694 0.0858 0.4867
vn -0.9198 0.2307 0.3175
vn -0.7620 0.4813 0.4333
vn -0.9066 0.3727 0.1981
vn -0.8694 0.4751 0.1361
vn -0.8695 0.4913 0.0516
vn -0.8693 0.4930 -0.0345
vn -0.9065 0.4058 -0.1163
vn -0.7620 0.5609 -0.3238
vn -0.8693 0.3555 -0.3433
vn -0.9065 0.2360 -0.3500
vn -0.8693 0.1851 -0.4583
vn -0.8693 0.0858 -0.4867
vn -0.8078 -0.0206 -0.5892
vn -0.8693 -0.1196 -0.4795
vn -0.8693 -0.2167 -0.4442
vn -0.9463 -0.1900 -0.2616
vn -0.8693 -0.3555 -0.3433
vn -0.7620 -0.5609 -0.3238
vn -0.9065 -0.4058 -0.1163
vn -0.8694 -0.4930 -0.0345
vn -0.8695 -0.4913 0.0516
vn -0.8265 -0.5353 0.1739
vn -0.9463 -0.2800 0.1616
vn -0.8265 -0.4183 0.3766
vn -0.8695 -0.2903 0.3996
vn -0.8694 -0.2167 0.4441
vn -0.8265 -0.1170 0.5506
vn -0.8926 0.0782 -0.4440
vn -0.9335 -0.0000 -0.3585
vn -0.8579 0.2090 -0.4694
vn -0.9228 0.2373 -0.3037
vn -0.9335 0.2664 -0.2399
vn -0.8053 0.5134 -0.2965
vn -0.8926 0.4334 -0.1242
vn -0.9552 0.2944 -0.0310
vn -0.8926 0.4497 0.0314
vn -0.8053 0.5638 0.1832
vn -0.9552 0.2564 0.1480
vn -0.8579 0.3818 0.3438
vn -0.8427 0.3010 0.4464
vn -0.9335 0.1458 0.3275
vn -0.8579 0.1068 0.5025
vn -0.9552 -0.0000 0.2960
vn -0.8579 -0.1068 0.5025
vn -0.9335 -0.1458 0.3275
vn -0.8427 -0.3010 0.4464
vn -0.8579 -0.3818 0.3438
vn -0.9552 -0.2564 0.1480
vn -0.8053 -0.5638 0.1832
vn -0.8926 -0.4497 0.0314
vn -0.9552 -0.2944 -0.0310
vn -0.8579 -0.4886 -0.1588
vn -0.8927 -0.3902 -0.2253
vn -0.9228 -0.2952 -0.2477
vn -0.8926 -0.2776 -0.3552
vn -0.8053 -0.2411 -0.5416
vn -0.8926 -0.0783 -0.4440
vn -0.2807 -0.0000 -0.9598
vn -0.3497 0.2123 -0.9125
vn -0.3967 0.1823 -0.8997
vn -0.4774 -0.0000 -0.8787
vn -0.1627 0.4013 -0.9014
vn -0.5834 0.3193 -0.7468
vn -0.2807 0.5670 -0.7744
vn -0.4772 0.4913 -0.7286
vn -0.3302 0.7120 -0.6197
vn -0.5541 0.6067 -0.5700
vn -0.2100 0.8576 -0.4695
vn -0.4774 0.7557 -0.4484
vn -0.2806 0.9139 -0.2932
vn -0.3637 0.8780 -0.3111
vn -0.3945 0.9139 -0.0961
vn -0.4774 0.8739 -0.0919
vn -0.2807 0.9549 0.0968
vn -0.4772 0.8702 0.1224
vn -0.2100 0.9365 0.2809
vn -0.3637 0.8780 0.3111
vn -0.3303 0.8253 0.4581
vn -0.5541 0.7120 0.4313
vn -0.2100 0.7413 0.6375
vn -0.4772 0.6321 0.6105
vn -0.2806 0.5910 0.7563
vn -0.4772 0.4913 0.7286
vn -0.3303 0.3984 0.8557
vn -0.4772 0.3291 0.8148
vn -0.2100 0.2250 0.9515
vn -0.4772 0.1525 0.8655
vn -0.3303 0.0159 0.9438
vn -0.4772 -0.0308 0.8783
vn -0.1627 -0.2051 0.9651
vn -0.4775 -0.1827 0.8595
vn -0.3303 -0.3984 0.8557
vn -0.4772 -0.3291 0.8148
vn -0.2806 -0.5910 0.7563
vn -0.4772 -0.4913 0.7286
vn -0.2100 -0.7413 0.6375
vn -0.4772 -0.6321 0.6105
vn -0.3303 -0.8253 0.4581
vn -0.5541 -0.7120 0.4313
vn -0.2807 -0.9128 0.2966
vn -0.2865 -0.9112 0.2960
vn -0.2303 -0.9664 0.1145
vn -0.5834 -0.8064 0.0969
vn -0.3945 -0.9139 -0.0961
vn -0.4774 -0.8739 -0.0919
vn -0.2100 -0.9365 -0.2809
vn -0.4772 -0.8258 -0.3007
vn -0.3302 -0.8253 -0.4581
vn -0.3637 -0.7942 -0.4869
vn -0.2807 -0.7156 -0.6396
vn -0.5541 -0.6067 -0.5700
vn -0.2807 -0.5670 -0.7744
vn -0.4772 -0.4913 -0.7286
vn -0.2100 -0.4179 -0.8839
vn -0.4772 -0.3291 -0.8149
vn -0.2805 -0.2323 -0.9313
vn -0.4772 -0.1525 -0.8655
vn -0.8716 -0.0000 -0.4901
vn -0.8715 -0.1187 -0.4758
vn -0.8715 -0.2150 -0.4407
vn -0.8715 -0.3019 -0.3864
vn -0.8717 -0.3642 -0.3280
vn -0.8717 -0.4244 -0.2451
vn -0.8715 -0.4714 -0.1351
vn -0.8717 -0.4874 -0.0513
vn -0.8715 -0.4891 0.0341
vn -0.8717 -0.4661 0.1514
vn -0.8717 -0.4244 0.2450
vn -0.8715 -0.3757 0.3151
vn -0.8715 -0.3019 0.3863
vn -0.8716 -0.2150 0.4407
vn -0.8717 -0.1019 0.4794
vn -0.8716 0.0172 0.4900
vn -0.8716 0.1187 0.4757
vn -0.8715 0.2150 0.4407
vn -0.8715 0.3019 0.3863
vn -0.8715 0.3757 0.3151
vn -0.8717 0.4244 0.2450
vn -0.8717 0.4661 0.1514
vn -0.8715 0.4891 0.0342
vn -0.8717 0.4874 -0.0513
vn -0.8717 0.4661 -0.1515
vn -0.8715 0.4158 -0.2599
vn -0.8717 0.3642 -0.3280
vn -0.8715 0.3019 -0.3864
vn -0.8715 0.2150 -0.4407
vn -0.8715 0.1186 -0.4758
vn 0.0696 -0.0000 0.9976
vn 0.2711 -0.0000 0.9626
vn 0.1909 -0.1833 0.9643
vn 0.0695 -0.2414 0.9679
vn 0.0671 -0.2074 0.9759
vn 0.0671 -0.0000 0.9977
vn -0.2399 -0.0000 0.9708
vn -0.2398 -0.2018 0.9496
vn 0.2211 -0.3653 0.9043
vn 0.0695 -0.4374 0.8966
vn -0.2398 -0.3949 0.8869
vn 0.1305 -0.4219 0.8972
vn 0.2211 -0.5453 0.8086
vn 0.0695 -0.6142 0.7861
vn 0.0215 -0.5994 0.8001
vn -0.2398 -0.5706 0.7854
vn 0.1996 -0.7187 0.6661
vn 0.0696 -0.7413 0.6675
vn -0.2397 -0.6983 0.6745
vn 0.0671 -0.7644 0.6412
vn 0.2512 -0.8282 0.5010
vn 0.0696 -0.8639 0.4988
vn -0.2398 -0.8408 0.4854
vn 0.1306 -0.8687 0.4779
vn 0.1996 -0.9275 0.3162
vn 0.0696 -0.9488 0.3083
vn 0.0216 -0.9553 0.2950
vn -0.2398 -0.9233 0.3000
vn 0.2711 -0.9573 0.1006
vn 0.0696 -0.9921 0.1043
vn -0.2397 -0.9614 0.1352
vn 0.0034 -0.9965 0.0833
vn 0.1996 -0.9729 -0.1165
vn 0.0696 -0.9921 -0.1043
vn -0.2398 -0.9655 -0.1015
vn 0.1306 -0.9879 -0.0832
vn 0.2512 -0.9143 -0.3178
vn 0.0696 -0.9488 -0.3083
vn 0.0671 -0.9591 -0.2749
vn -0.2397 -0.9123 -0.3322
vn 0.1909 -0.8605 -0.4723
vn 0.0695 -0.8459 -0.5287
vn 0.1126 -0.8681 -0.4835
vn -0.2397 -0.8233 -0.5146
vn 0.2213 -0.7247 -0.6525
vn 0.0696 -0.7413 -0.6675
vn 0.0034 -0.7573 -0.6531
vn -0.2397 -0.6983 -0.6745
vn 0.2512 -0.5528 -0.7945
vn 0.0696 -0.5864 -0.8071
vn 0.0671 -0.6144 -0.7862
vn -0.2396 -0.5428 -0.8049
vn 0.1910 -0.4185 -0.8879
vn 0.0696 -0.3736 -0.9250
vn 0.0672 -0.4058 -0.9115
vn -0.2398 -0.3949 -0.8869
vn 0.2213 -0.2028 -0.9539
vn 0.0696 -0.2074 -0.9758
vn -0.2398 -0.2018 -0.9496
vn 0.0671 -0.2074 -0.9759
vn 0.2213 -0.0000 -0.9752
vn 0.0696 -0.0000 -0.9976
vn 0.0671 -0.0000 -0.9977
vn -0.2398 -0.0000 -0.9708
vn 0.2213 0.2028 -0.9539
vn 0.0696 0.2074 -0.9758
vn -0.2398 0.2018 -0.9496
vn 0.0671 0.2074 -0.9759
vn 0.2211 0.4276 -0.8765
vn 0.0698 0.3736 -0.9250
vn 0.0216 0.3932 -0.9192
vn -0.2398 0.3949 -0.8869
vn 0.2512 0.5848 -0.7713
vn 0.0696 0.5864 -0.8071
vn -0.2396 0.5428 -0.8049
vn 0.0671 0.5870 -0.8068
vn 0.1996 0.7376 -0.6451
vn 0.0696 0.7413 -0.6675
vn -0.2396 0.6983 -0.6745
vn 0.0671 0.7419 -0.6671
vn 0.1909 0.8605 -0.4723
vn 0.0698 0.8459 -0.5287
vn -0.2396 0.8233 -0.5146
vn 0.1126 0.8681 -0.4835
vn 0.2512 0.9143 -0.3178
vn 0.0696 0.9488 -0.3083
vn -0.2397 0.9123 -0.3322
vn 0.0671 0.9591 -0.2749
vn 0.2211 0.9657 -0.1358
vn 0.0695 0.9952 -0.0695
vn -0.2398 0.9655 -0.1015
vn 0.1306 0.9879 -0.0833
vn 0.2211 0.9699 0.1019
vn 0.0696 0.9921 0.1043
vn 0.0034 0.9965 0.0833
vn -0.2397 0.9614 0.1352
vn 0.2211 0.9164 0.3336
vn 0.0698 0.9589 0.2749
vn 0.0216 0.9553 0.2950
vn -0.2398 0.9233 0.3000
vn 0.2512 0.8282 0.5010
vn 0.0696 0.8639 0.4988
vn -0.2398 0.8408 0.4854
vn 0.1305 0.8687 0.4779
vn 0.1707 0.7322 0.6593
vn 0.0696 0.7413 0.6675
vn 0.0671 0.7415 0.6676
vn -0.2398 0.7215 0.6496
vn 0.2711 0.5658 0.7787
vn 0.0696 0.5864 0.8071
vn -0.2397 0.5978 0.7650
vn 0.0034 0.5704 0.8214
vn 0.1996 0.3856 0.9008
vn 0.0696 0.4058 0.9113
vn -0.2398 0.3949 0.8869
vn 0.1305 0.4219 0.8972
vn 0.1909 0.1833 0.9643
vn 0.0698 0.2414 0.9679
vn 0.0671 0.2074 0.9759
vn -0.2398 0.2018 0.9496
vn -0.9000 -0.0000 -0.4359
vn -0.5856 -0.1407 -0.7983
vn -0.6278 -0.3166 -0.7110
vn -0.9000 -0.2562 -0.3526
vn -0.4853 -0.6498 -0.5851
vn -0.8124 -0.5149 -0.2738
vn -0.7266 -0.6604 -0.1893
vn -0.7267 -0.6853 -0.0479
vn -0.5856 -0.8027 0.1129
vn -0.7267 -0.6455 0.2350
vn -0.8124 -0.4945 0.3090
vn -0.5856 -0.5831 0.5631
vn -0.7267 -0.3841 0.5696
vn -0.9000 -0.1773 0.3982
vn -0.4853 -0.1818 0.8552
vn -0.9000 -0.0000 0.4358
vn -0.6279 0.1618 0.7613
vn -0.7267 0.3012 0.6174
vn -0.7269 0.4037 0.5556
vn -0.7267 0.4941 0.4773
vn -0.8124 0.4945 0.3091
vn -0.7267 0.6455 0.2350
vn -0.5856 0.8027 0.1129
vn -0.7267 0.6853 -0.0479
vn -0.7266 0.6604 -0.1893
vn -0.8124 0.5149 -0.2737
vn -0.6279 0.5784 -0.5208
vn -0.8421 0.3170 -0.4363
vn -0.6278 0.3166 -0.7110
vn -0.5856 0.1407 -0.7983
vn -0.5757 0.1781 -0.7980
vn -0.8450 0.1294 -0.5189
vn -0.8451 -0.0000 -0.5346
vn -0.4580 -0.0000 -0.8890
vn -0.1348 0.2064 -0.9692
vn -0.1070 -0.0000 -0.9943
vn -0.6824 0.2973 -0.6678
vn -0.8451 0.2174 -0.4884
vn -0.1623 0.4013 -0.9014
vn -0.8450 0.2990 -0.4434
vn -0.5263 0.5068 -0.6828
vn -0.1070 0.5844 -0.8044
vn -0.8450 0.3847 -0.3716
vn -0.5755 0.6265 -0.5256
vn -0.1513 0.7207 -0.6766
vn -0.8450 0.4535 -0.2835
vn -0.5755 0.7221 -0.3839
vn -0.1346 0.8403 -0.5252
vn -0.8450 0.5025 -0.1830
vn -0.5755 0.7861 -0.2253
vn -0.1346 0.9311 -0.3390
vn -0.8450 0.5296 -0.0745
vn -0.5755 0.8158 -0.0570
vn -0.1346 0.9812 -0.1380
vn -0.8450 0.5335 0.0372
vn -0.5755 0.8098 0.1139
vn -0.1347 0.9885 0.0690
vn -0.8450 0.5141 0.1474
vn -0.5755 0.7684 0.2798
vn -0.1347 0.9525 0.2730
vn -0.8450 0.4722 0.2510
vn -0.6415 0.6582 0.3940
vn -0.1466 0.8641 0.4815
vn -0.8451 0.3973 0.3577
vn -0.4580 0.6606 0.5948
vn -0.1181 0.7519 0.6487
vn -0.6415 0.4607 0.6134
vn -0.8450 0.2990 0.4434
vn -0.1348 0.5824 0.8016
vn -0.5758 0.3325 0.7469
vn -0.8451 0.2174 0.4883
vn -0.1181 0.3846 0.9155
vn -0.8450 0.1294 0.5189
vn -0.6415 0.1476 0.7528
vn -0.1624 0.2052 0.9652
vn -0.8451 -0.0000 0.5345
vn -0.4580 -0.0000 0.8889
vn -0.1070 -0.0000 0.9943
vn -0.6415 -0.1476 0.7528
vn -0.8450 -0.1294 0.5189
vn -0.1624 -0.2052 0.9652
vn -0.6232 -0.3036 0.7208
vn -0.8451 -0.2174 0.4883
vn -0.1229 -0.4171 0.9005
vn -0.8451 -0.3142 0.4325
vn -0.5059 -0.4890 0.7106
vn -0.1349 -0.6101 0.7807
vn -0.5263 -0.6261 0.5754
vn -0.8450 -0.4097 0.3437
vn -0.1181 -0.7519 0.6486
vn -0.6415 -0.6582 0.3940
vn -0.8450 -0.4722 0.2510
vn -0.1466 -0.8641 0.4815
vn -0.5755 -0.7684 0.2798
vn -0.8450 -0.5141 0.1474
vn -0.1349 -0.9525 0.2730
vn -0.5755 -0.8098 0.1139
vn -0.8450 -0.5335 0.0372
vn -0.1349 -0.9885 0.0690
vn -0.5755 -0.8158 -0.0570
vn -0.8450 -0.5296 -0.0745
vn -0.1349 -0.9812 -0.1380
vn -0.5755 -0.7861 -0.2253
vn -0.8450 -0.5025 -0.1830
vn -0.1349 -0.9311 -0.3390
vn -0.5755 -0.7221 -0.3839
vn -0.8450 -0.4535 -0.2835
vn -0.1349 -0.8403 -0.5252
vn -0.6231 -0.5917 -0.5115
vn -0.8451 -0.3973 -0.3577
vn -0.1513 -0.7207 -0.6766
vn -0.8451 -0.3142 -0.4325
vn -0.4580 -0.5225 -0.7192
vn -0.1070 -0.5844 -0.8044
vn -0.6414 -0.3231 -0.6958
vn -0.8450 -0.2003 -0.4959
vn -0.1623 -0.4013 -0.9014
vn -0.6231 -0.1780 -0.7616
vn -0.8451 -0.1111 -0.5229
vn -0.1347 -0.2064 -0.9692
vn 0.8866 -0.0000 -0.4626
vn 0.2899 -0.0000 -0.9571
vn 0.3318 0.1976 -0.9224
vn 0.8529 0.1263 -0.5065
vn 0.8963 -0.0000 -0.4434
vn 0.8840 0.1087 -0.4547
vn 0.5582 0.1440 -0.8171
vn 0.5585 -0.0000 -0.8295
vn 0.9956 0.0032 -0.0933
vn 0.9956 0.0226 -0.0906
vn 0.9746 0.0452 -0.2194
vn 0.9827 -0.0020 -0.1850
vn 0.3732 0.3773 -0.8475
vn 0.9402 0.1385 -0.3111
vn 0.9047 0.1810 -0.3857
vn 0.5095 0.3417 -0.7897
vn 0.9956 0.0409 -0.0839
vn 0.9827 0.0735 -0.1698
vn 0.3067 0.5426 -0.7820
vn 0.8531 0.3067 -0.4221
vn 0.8963 0.2606 -0.3587
vn 0.6054 0.4805 -0.6345
vn 0.9956 0.0575 -0.0736
vn 0.9746 0.1306 -0.1821
vn 0.3317 0.6786 -0.6554
vn 0.9222 0.2963 -0.2485
vn 0.8963 0.3295 -0.2967
vn 0.4894 0.6627 -0.5669
vn 0.9956 0.0715 -0.0600
vn 0.9827 0.1361 -0.1252
vn 0.3317 0.8000 -0.5000
vn 0.8952 0.3935 -0.2091
vn 0.8962 0.3917 -0.2082
vn 0.5584 0.7224 -0.4079
vn 0.9956 0.0824 -0.0438
vn 0.9781 0.1764 -0.1102
vn 0.3317 0.8865 -0.3227
vn 0.8529 0.5019 -0.1438
vn 0.9079 0.4007 -0.1230
vn 0.6054 0.7617 -0.2309
vn 0.9956 0.0898 -0.0257
vn 0.9781 0.1954 -0.0711
vn 0.3317 0.9342 -0.1314
vn 0.8952 0.4445 -0.0310
vn 0.8840 0.4636 -0.0606
vn 0.5582 0.8277 -0.0578
vn 0.9956 0.0931 -0.0065
vn 0.9746 0.2227 -0.0248
vn 0.3317 0.9411 0.0657
vn 0.9222 0.3831 0.0539
vn 0.8962 0.4425 0.0309
vn 0.5582 0.8216 0.1156
vn 0.9956 0.0928 0.0098
vn 0.9815 0.1900 0.0249
vn 0.3496 0.8955 0.2754
vn 0.9102 0.3939 0.1280
vn 0.9047 0.4078 0.1236
vn 0.5582 0.7797 0.2839
vn 0.9956 0.0897 0.0257
vn 0.9827 0.1754 0.0591
vn 0.3318 0.8177 0.4703
vn 0.8952 0.3935 0.2092
vn 0.8876 0.3964 0.2345
vn 0.4893 0.7440 0.4551
vn 0.9956 0.0808 0.0467
vn 0.9730 0.2031 0.1095
vn 0.3318 0.7021 0.6301
vn 0.9222 0.2963 0.2486
vn 0.8962 0.3191 0.3082
vn 0.5584 0.6112 0.5609
vn 0.9956 0.0671 0.0649
vn 0.9781 0.1593 0.1337
vn 0.3066 0.5761 0.7577
vn 0.8530 0.3067 0.4222
vn 0.9079 0.2409 0.3430
vn 0.6054 0.4550 0.6531
vn 0.9956 0.0548 0.0755
vn 0.9815 0.1165 0.1521
vn 0.3496 0.3945 0.8498
vn 0.9402 0.1385 0.3111
vn 0.8840 0.2009 0.4222
vn 0.5582 0.3107 0.7694
vn 0.9956 0.0410 0.0839
vn 0.9746 0.0899 0.2053
vn 0.3318 0.1976 0.9224
vn 0.8529 0.1264 0.5065
vn 0.8962 0.1074 0.4305
vn 0.5582 0.1440 0.8171
vn 0.9956 0.0226 0.0906
vn 0.9781 0.0361 0.2048
vn 0.2898 -0.0000 0.9571
vn 0.8865 -0.0000 0.4626
vn 0.8963 -0.0000 0.4434
vn 0.5584 -0.0000 0.8296
vn 0.9956 0.0032 0.0933
vn 0.9827 -0.0020 0.1851
vn 0.3567 -0.1757 0.9176
vn 0.8952 -0.1078 0.4324
vn 0.9079 -0.0938 0.4085
vn 0.5584 -0.1725 0.8115
vn 0.9956 -0.0194 0.0913
vn 0.9730 -0.0413 0.2270
vn 0.3139 -0.3738 0.8728
vn 0.8952 -0.1954 0.4005
vn 0.8755 -0.1965 0.4415
vn 0.5584 -0.3374 0.7579
vn 0.9956 -0.0410 0.0839
vn 0.9746 -0.0898 0.2053
vn 0.3318 -0.5557 0.7623
vn 0.8952 -0.2744 0.3512
vn 0.9079 -0.2409 0.3430
vn 0.6054 -0.4550 0.6531
vn 0.9956 -0.0548 0.0755
vn 0.9815 -0.1165 0.1521
vn 0.3318 -0.7020 0.6301
vn 0.8952 -0.3414 0.2864
vn 0.8962 -0.3191 0.3082
vn 0.5584 -0.6112 0.5609
vn 0.9956 -0.0672 0.0649
vn 0.9781 -0.1593 0.1337
vn 0.3318 -0.8177 0.4704
vn 0.8952 -0.3935 0.2092
vn 0.8876 -0.3964 0.2345
vn 0.4893 -0.7440 0.4550
vn 0.9956 -0.0808 0.0467
vn 0.9730 -0.2031 0.1094
vn 0.3496 -0.8955 0.2754
vn 0.9402 -0.3239 0.1052
vn 0.9047 -0.4078 0.1236
vn 0.5582 -0.7797 0.2839
vn 0.9956 -0.0897 0.0258
vn 0.9827 -0.1754 0.0591
vn 0.3317 -0.9411 0.0657
vn 0.8952 -0.4413 0.0621
vn 0.8962 -0.4425 0.0309
vn 0.5582 -0.8216 0.1156
vn 0.9956 -0.0928 0.0098
vn 0.9815 -0.1900 0.0249
vn 0.3317 -0.9342 -0.1314
vn 0.8529 -0.5208 -0.0363
vn 0.8840 -0.4636 -0.0606
vn 0.5582 -0.8277 -0.0578
vn 0.9956 -0.0931 -0.0065
vn 0.9746 -0.2227 -0.0248
vn 0.3317 -0.8865 -0.3227
vn 0.8952 -0.4284 -0.1228
vn 0.9079 -0.4007 -0.1230
vn 0.6054 -0.7617 -0.2309
vn 0.9956 -0.0897 -0.0258
vn 0.9781 -0.1954 -0.0711
vn 0.3317 -0.8000 -0.5000
vn 0.8952 -0.3935 -0.2091
vn 0.8962 -0.3917 -0.2082
vn 0.5584 -0.7223 -0.4079
vn 0.9956 -0.0824 -0.0438
vn 0.9781 -0.1764 -0.1102
vn 0.3317 -0.6786 -0.6554
vn 0.8952 -0.3414 -0.2864
vn 0.8963 -0.3295 -0.2967
vn 0.4893 -0.6627 -0.5669
vn 0.9956 -0.0715 -0.0600
vn 0.9827 -0.1362 -0.1252
vn 0.3317 -0.5275 -0.7822
vn 0.9222 -0.2382 -0.3047
vn 0.8963 -0.2606 -0.3587
vn 0.6054 -0.4805 -0.6345
vn 0.9956 -0.0575 -0.0736
vn 0.9746 -0.1306 -0.1821
vn 0.3567 -0.3626 -0.8610
vn 0.8529 -0.2289 -0.4692
vn 0.9047 -0.1810 -0.3857
vn 0.5095 -0.3417 -0.7897
vn 0.9956 -0.0410 -0.0839
vn 0.9827 -0.0735 -0.1698
vn 0.3318 -0.1976 -0.9224
vn 0.8952 -0.1079 -0.4324
vn 0.8840 -0.1088 -0.4547
vn 0.5582 -0.1440 -0.8171
vn 0.9956 -0.0194 -0.0912
vn 0.9694 -0.0511 -0.2402
vn 0.8694 -0.4314 -0.2410
vn 0.6176 -0.7501 -0.2366
vn 0.7832 0.3650 -0.5034
vn 0.6176 0.6845 -0.3874
vn 0.8472 -0.0016 -0.5312
vn 0.9463 -0.0000 -0.3233
vn 0.9198 0.0816 -0.3839
vn 0.9414 0.0679 -0.3303
vn 0.9303 0.1608 -0.3296
vn 0.8915 0.1661 -0.4215
vn 0.9066 0.2599 -0.3325
vn 0.8275 0.3127 -0.4664
vn 0.9303 0.2810 -0.2357
vn 0.8915 0.3258 -0.3147
vn 0.9462 0.2856 -0.1518
vn 0.8915 0.3841 -0.2401
vn 0.9303 0.3526 -0.1010
vn 0.8915 0.4256 -0.1549
vn 0.9617 0.2725 -0.0287
vn 0.8916 0.4503 -0.0473
vn 0.9065 0.4211 0.0294
vn 0.8275 0.5558 0.0798
vn 0.8989 0.4167 0.1354
vn 0.9659 0.2464 0.0801
vn 0.9714 0.2055 0.1187
vn 0.8472 0.4609 0.2642
vn 0.9066 0.3234 0.2713
vn 0.8915 0.3258 0.3147
vn 0.9303 0.2258 0.2890
vn 0.8274 0.3127 0.4664
vn 0.8989 0.1782 0.4003
vn 0.9414 0.1350 0.3090
vn 0.9462 0.0562 0.3186
vn 0.8915 0.1096 0.4395
vn 0.9617 0.0001 0.2740
vn 0.8472 -0.0017 0.5313
vn 0.9065 -0.0733 0.4157
vn 0.9287 -0.0919 0.3593
vn 0.9198 -0.1596 0.3586
vn 0.8916 -0.1842 0.4136
vn 0.9065 -0.2599 0.3326
vn 0.8915 -0.2533 0.3756
vn 0.9462 -0.2478 0.2079
vn 0.8915 -0.3258 0.3147
vn 0.9463 -0.2800 0.1617
vn 0.8916 -0.3921 0.2264
vn 0.9462 -0.3040 0.1107
vn 0.8915 -0.4354 0.1248
vn 0.8695 -0.4913 0.0517
vn 0.8916 -0.4503 0.0474
vn 0.9617 -0.2725 -0.0286
vn 0.8916 -0.4503 -0.0473
vn 0.9198 -0.3732 -0.1212
vn 0.8916 -0.4306 -0.1399
vn 0.9463 -0.2800 -0.1616
vn 0.8916 -0.3921 -0.2264
vn 0.9462 -0.2478 -0.2079
vn 0.8915 -0.3258 -0.3147
vn 0.9066 -0.2599 -0.3325
vn 0.8915 -0.2533 -0.3755
vn 0.9198 -0.1596 -0.3585
vn 0.8917 -0.1841 -0.4136
vn 0.9303 -0.0637 -0.3612
vn 0.9287 -0.0919 -0.3593
vn 0.9039 -0.0000 0.4278
vn 0.9500 0.0020 0.3123
vn 0.9302 -0.0637 0.3614
vn 0.9610 -0.0669 0.2683
vn 0.9302 -0.1374 0.3403
vn 0.9222 -0.1696 0.3476
vn 0.9447 -0.1850 0.2709
vn 0.9610 -0.1702 0.2179
vn 0.9143 -0.3019 0.2699
vn 0.9464 -0.2399 0.2161
vn 0.9302 -0.3240 0.1722
vn 0.9610 -0.2345 0.1466
vn 0.9500 -0.2976 0.0946
vn 0.9296 -0.3505 0.1139
vn 0.8907 -0.4521 0.0476
vn 0.9465 -0.3211 0.0338
vn 0.9447 -0.3251 -0.0437
vn 0.9610 -0.2758 -0.0192
vn 0.9303 -0.3488 -0.1133
vn 0.9039 -0.4069 -0.1322
vn 0.9143 -0.3514 -0.2012
vn 0.9662 -0.2231 -0.1288
vn 0.9303 -0.2662 -0.2524
vn 0.9464 -0.2475 -0.2076
vn 0.9613 -0.1620 -0.2229
vn 0.9465 -0.1898 -0.2612
vn 0.9144 -0.1634 -0.3705
vn 0.9662 -0.1048 -0.2354
vn 0.9500 -0.0629 -0.3058
vn 0.9039 -0.0889 -0.4184
vn 0.9144 0.0015 -0.4049
vn 0.9769 -0.0000 -0.2138
vn 0.9303 0.0762 -0.3587
vn 0.9039 0.0889 -0.4184
vn 0.9303 0.1492 -0.3350
vn 0.9662 0.1048 -0.2353
vn 0.9500 0.1852 -0.2514
vn 0.9465 0.1898 -0.2612
vn 0.9303 0.2662 -0.2524
vn 0.9464 0.2475 -0.2076
vn 0.8907 0.3937 -0.2273
vn 0.9662 0.2231 -0.1288
vn 0.9500 0.2963 -0.0984
vn 0.9039 0.4069 -0.1322
vn 0.9447 0.3251 -0.0437
vn 0.9464 0.3222 -0.0225
vn 0.9074 0.4191 0.0306
vn 0.9464 0.3199 0.0450
vn 0.9447 0.3148 0.0923
vn 0.9464 0.3035 0.1105
vn 0.9074 0.3704 0.1984
vn 0.9610 0.2345 0.1466
vn 0.9143 0.3019 0.2699
vn 0.9464 0.2399 0.2161
vn 0.9303 0.2079 0.3022
vn 0.9464 0.1989 0.2545
vn 0.9447 0.1246 0.3034
vn 0.9464 0.1416 0.2903
vn 0.9074 0.0743 0.4136
vn 0.9610 0.0669 0.2683
vn 0.9279 -0.0000 -0.3728
vn 0.6645 -0.1554 -0.7310
vn 0.8179 -0.2523 -0.5171
vn 0.8903 -0.2676 -0.3683
vn 0.8180 -0.4274 -0.3848
vn 0.8180 -0.4981 -0.2876
vn 0.8179 -0.5406 -0.1968
vn 0.8179 -0.5698 -0.0801
vn 0.8179 -0.5740 0.0401
vn 0.8715 -0.4715 0.1352
vn 0.7562 -0.5667 0.3272
vn 0.8903 -0.3384 0.3047
vn 0.6644 -0.4393 0.6046
vn 0.8903 -0.1852 0.4160
vn 0.8714 -0.1187 0.4759
vn 0.7293 -0.0239 0.6837
vn 0.8180 0.1196 0.5626
vn 0.8179 0.2523 0.5172
vn 0.7294 0.4212 0.5391
vn 0.8903 0.3384 0.3047
vn 0.7562 0.5667 0.3272
vn 0.8714 0.4715 0.1352
vn 0.7294 0.6825 0.0477
vn 0.8714 0.4857 -0.0683
vn 0.8179 0.5407 -0.1968
vn 0.8181 0.4981 -0.2875
vn 0.8180 0.4274 -0.3848
vn 0.8180 0.3381 -0.4653
vn 0.8714 0.2151 -0.4408
vn 0.6645 0.1554 -0.7310
vn 0.5172 -0.0000 -0.8559
vn 0.5516 0.1888 -0.8124
vn 0.5172 0.3448 -0.7834
vn 0.4920 0.5208 -0.6977
vn 0.5516 0.6303 -0.5463
vn 0.4920 0.7595 -0.4255
vn 0.4817 0.8394 -0.2515
vn 0.5419 0.8373 -0.0735
vn 0.4817 0.8692 0.1117
vn 0.5419 0.7947 0.2734
vn 0.5172 0.7412 0.4280
vn 0.5172 0.6360 0.5727
vn 0.5169 0.4786 0.7097
vn 0.5169 0.3206 0.7937
vn 0.5516 0.1580 0.8190
vn 0.4817 0.0202 0.8761
vn 0.5169 -0.1486 0.8430
vn 0.4919 -0.3438 0.7999
vn 0.5516 -0.4774 0.6840
vn 0.4919 -0.6394 0.5909
vn 0.5741 -0.7091 0.4094
vn 0.5172 -0.8129 0.2680
vn 0.4817 -0.8692 0.1117
vn 0.5419 -0.8372 -0.0735
vn 0.4817 -0.8394 -0.2516
vn 0.5172 -0.7412 -0.4279
vn 0.5172 -0.6360 -0.5727
vn 0.5172 -0.5031 -0.6924
vn 0.4817 -0.3379 -0.8086
vn 0.5516 -0.1888 -0.8124
vn 0.9161 -0.0696 -0.3948
vn 0.9162 -0.0000 -0.4007
vn 0.9162 -0.1630 -0.3660
vn 0.9162 -0.2355 -0.3242
vn 0.9162 -0.2978 -0.2681
vn 0.9162 -0.3470 -0.2003
vn 0.9162 -0.3811 -0.1238
vn 0.9477 -0.3175 -0.0333
vn 0.8894 -0.4546 0.0478
vn 0.9161 -0.3767 0.1372
vn 0.9477 -0.2765 0.1596
vn 0.9161 -0.3071 0.2577
vn 0.8776 -0.2952 0.3777
vn 0.9394 -0.1503 0.3082
vn 0.9161 -0.0970 0.3890
vn 0.8487 -0.0000 0.5289
vn 0.9161 0.0970 0.3890
vn 0.9394 0.1503 0.3082
vn 0.8776 0.2952 0.3777
vn 0.9477 0.2372 0.2136
vn 0.8894 0.3959 0.2286
vn 0.9477 0.3036 0.0987
vn 0.8894 0.4546 0.0478
vn 0.9645 0.2628 -0.0276
vn 0.8487 0.5030 -0.1635
vn 0.9161 0.3400 -0.2125
vn 0.9394 0.2466 -0.2382
vn 0.8776 0.2680 -0.3974
vn 0.9394 0.1284 -0.3179
vn 0.9161 0.0696 -0.3948
vn 0.9999 -0.0000 0.0123
vn 0.9998 -0.0031 0.0182
vn 0.9997 -0.0099 0.0223
vn 0.9999 -0.0072 0.0099
vn 0.9997 -0.0181 0.0163
vn 0.9999 -0.0127 0.0074
vn 0.9999 -0.0148 0.0054
vn 0.9998 -0.0218 0.0031
vn 0.9998 -0.0182 -0.0013
vn 0.9998 -0.0199 -0.0064
vn 0.9999 -0.0127 -0.0073
vn 0.9998 -0.0155 -0.0140
vn 0.9999 -0.0072 -0.0099
vn 0.9998 -0.0097 -0.0198
vn 0.9998 -0.0044 -0.0204
vn 0.9999 -0.0000 -0.0122
vn 0.9998 0.0044 -0.0204
vn 0.9998 0.0097 -0.0198
vn 0.9999 0.0072 -0.0099
vn 0.9998 0.0155 -0.0140
vn 0.9999 0.0127 -0.0073
vn 0.9998 0.0172 -0.0062
vn 0.9998 0.0208 -0.0022
vn 0.9998 0.0180 0.0025
vn 0.9998 0.0207 0.0076
vn 0.9999 0.0106 0.0061
vn 0.9997 0.0181 0.0163
vn 0.9999 0.0072 0.0099
vn 0.9997 0.0099 0.0223
vn 0.9998 0.0031 0.0182
vn 0.8625 -0.0000 -0.5060
vn 0.9197 -0.0816 -0.3841
vn 0.7380 -0.2744 -0.6164
vn 0.9048 -0.2629 -0.3350
vn 0.7912 -0.4689 -0.3926
vn 0.9048 -0.3764 -0.1991
vn 0.9197 -0.3735 -0.1213
vn 0.8129 -0.5791 -0.0615
vn 0.8625 -0.5033 0.0529
vn 0.8129 -0.5537 0.1806
vn 0.9489 -0.2732 0.1578
vn 0.7380 -0.5015 0.4515
vn 0.9489 -0.1854 0.2552
vn 0.8129 -0.2375 0.5318
vn 0.8625 -0.1052 0.4950
vn 0.8625 -0.0000 0.5061
vn 0.8625 0.1052 0.4950
vn 0.8129 0.2375 0.5318
vn 0.9489 0.1854 0.2552
vn 0.7380 0.5015 0.4516
vn 0.9489 0.2732 0.1578
vn 0.7380 0.6417 0.2086
vn 0.9197 0.3906 0.0411
vn 0.8129 0.5791 -0.0615
vn 0.9197 0.3735 -0.1213
vn 0.9048 0.3764 -0.1991
vn 0.7380 0.5015 -0.4515
vn 0.9489 0.1854 -0.2552
vn 0.7380 0.2745 -0.6164
vn 0.9197 0.0816 -0.3841
vn 0.7432 0.1391 -0.6544
vn 0.8696 -0.0000 -0.4938
vn 0.8696 0.2009 -0.4511
vn 0.7432 0.3933 -0.5412
vn 0.8696 0.3670 -0.3304
vn 0.7973 0.5112 -0.3208
vn 0.7432 0.6363 -0.2067
vn 0.8695 0.4912 -0.0516
vn 0.7432 0.6654 0.0699
vn 0.8695 0.4697 0.1526
vn 0.7432 0.5794 0.3345
vn 0.8695 0.3670 0.3305
vn 0.7432 0.3932 0.5413
vn 0.8695 0.2009 0.4512
vn 0.7432 0.1391 0.6544
vn 0.8695 -0.0000 0.4939
vn 0.7432 -0.1391 0.6544
vn 0.8695 -0.2009 0.4512
vn 0.7432 -0.3933 0.5413
vn 0.8695 -0.3670 0.3305
vn 0.7432 -0.5794 0.3346
vn 0.8696 -0.4697 0.1526
vn 0.7432 -0.6654 0.0699
vn 0.8696 -0.4911 -0.0516
vn 0.7432 -0.6363 -0.2067
vn 0.7973 -0.5112 -0.3208
vn 0.7973 -0.4334 -0.4200
vn 0.7973 -0.3365 -0.5010
vn 0.8696 -0.2009 -0.4511
vn 0.7432 -0.1391 -0.6544
vn 1.0000 -0.0000 -0.0000
vn 0.8413 -0.3201 0.4357
vn 0.8131 -0.4271 -0.3956
vn 0.8694 0.0069 0.4941
vn 0.7832 -0.6185 -0.0644
vn 0.8412 0.1096 0.5294
vn 0.8131 -0.5798 0.0527
vn 0.8412 0.3154 0.4391
vn 0.8131 -0.5082 0.2840
vn 0.8694 -0.2960 0.3957
vn 0.7831 0.5372 0.3133
vn 0.8412 0.0005 0.5407
vn 0.8131 0.5781 -0.0690
vn 0.8412 0.2203 0.4937
vn 0.8131 0.5000 -0.2981
vn 0.8413 0.4037 -0.3596
vn 0.8131 0.3355 0.4758
vn 0.8412 0.2225 -0.4927
vn 0.8131 0.5000 0.2982
vn 0.8694 0.4907 0.0586
vn 0.7832 0.0027 -0.6218
vn 0.8413 -0.2172 -0.4950
vn 0.8131 0.5562 -0.1721
vn 0.8413 0.1119 -0.5289
vn 0.8130 -0.5798 -0.0527
vn 0.8413 -0.1129 -0.5287
vn 0.8131 -0.5511 0.1877
vn 0.8694 -0.1946 -0.4542
vn 0.7831 -0.5399 0.3086
vn 0.6176 -0.7815 0.0889
vn 0.6176 0.4677 -0.6323
vn 0.6176 -0.6777 0.3990
vn 0.6176 0.1701 -0.7679
vn 0.6176 -0.4568 0.6402
vn 0.6176 -0.1570 -0.7706
vn 0.6176 -0.1569 0.7707
vn 0.6176 -0.4568 -0.6402
vn 0.6176 0.1701 0.7679
vn 0.6176 -0.6778 -0.3991
vn 0.6176 0.4677 0.6323
vn 0.6176 -0.7815 -0.0889
vn 0.6176 0.6845 0.3874
vn 0.6176 -0.7501 0.2366
vn 0.6176 0.7829 0.0755
vn 0.6176 -0.5890 0.5213
vn 0.6176 0.7459 -0.2494
vn 0.6175 -0.3261 0.7158
vn 0.6176 0.5800 -0.5312
vn 0.6175 -0.0067 0.7865
vn 0.6176 0.3137 -0.7212
vn 0.6176 0.3137 0.7212
vn 0.6175 -0.0067 -0.7865
vn 0.6176 0.5800 0.5312
vn 0.6175 -0.3261 -0.7158
vn 0.6176 0.7459 0.2494
vn 0.6176 -0.5889 -0.5212
vn 0.6176 0.7829 -0.0755
vn 0.6368 -0.6861 0.3517
vn 0.5609 -0.8269 0.0397
vn 0.5609 -0.5828 0.5880
vn 0.6369 -0.7204 0.2746
vn 0.6368 -0.1978 0.7452
vn 0.5609 -0.5238 0.6411
vn 0.6368 0.1224 0.7612
vn 0.5609 -0.2179 0.7987
vn 0.6368 0.4215 0.6456
vn 0.5609 0.1259 0.8182
vn 0.5608 0.6458 0.5181
vn 0.6367 0.3485 0.6879
vn 0.5609 0.8006 0.2107
vn 0.6368 0.5980 0.4867
vn 0.6368 0.7443 -0.2013
vn 0.5609 0.8171 0.1332
vn 0.6368 0.5981 -0.4866
vn 0.5609 0.8006 -0.2107
vn 0.6368 0.3484 -0.6878
vn 0.5609 0.6457 -0.5181
vn 0.6368 0.0385 -0.7700
vn 0.5610 0.3791 -0.7359
vn 0.5610 -0.2178 -0.7986
vn 0.6369 0.1224 -0.7612
vn 0.5609 -0.5239 -0.6410
vn 0.6369 -0.1978 -0.7452
vn 0.5609 -0.7393 -0.3725
vn 0.6368 -0.4838 -0.6003
vn 0.6368 -0.7699 0.0422
vn 0.5610 -0.7715 -0.3002
vn -0.6847 -0.1265 0.7178
vn -0.6849 -0.0000 0.7286
vn -0.9487 -0.0000 0.3163
vn -0.9068 -0.0902 0.4119
vn -0.9499 -0.0542 0.3078
vn -0.8464 -0.1208 0.5187
vn -0.8349 -0.0074 0.5503
vn -0.9369 0.0105 0.3494
vn -0.9973 0.0154 -0.0724
vn -0.9981 -0.0149 0.0598
vn -0.9981 -0.0000 0.0616
vn -0.9924 -0.0000 -0.1233
vn -0.7596 -0.2475 0.6015
vn -0.9206 -0.1588 0.3567
vn -0.9500 -0.1271 0.2854
vn -0.8284 -0.2278 0.5117
vn -0.9968 0.0297 -0.0736
vn -0.9981 -0.0251 0.0563
vn -0.9205 -0.2185 0.3239
vn -0.6020 -0.4719 0.6441
vn -0.8445 -0.3220 0.4279
vn -0.9615 -0.1636 0.2207
vn -0.9986 -0.0296 0.0438
vn -0.9938 0.0621 -0.0921
vn -0.9205 -0.2810 0.2714
vn -0.7868 -0.4616 0.4097
vn -0.9369 -0.2527 0.2416
vn -0.8396 -0.4162 0.3491
vn -0.9968 0.0570 -0.0551
vn -0.9966 -0.0611 0.0550
vn -0.9068 -0.3639 0.2130
vn -0.6020 -0.6931 0.3965
vn -0.9408 -0.2926 0.1711
vn -0.8398 -0.4702 0.2715
vn -0.9986 -0.0467 0.0248
vn -0.9924 0.1067 -0.0617
vn -0.9206 -0.3738 0.1134
vn -0.6847 -0.7006 0.2008
vn -0.8396 -0.5104 0.1858
vn -0.9583 -0.2739 0.0811
vn -0.9981 0.0586 -0.0191
vn -0.9981 -0.0587 0.0190
vn -0.9382 -0.3439 0.0397
vn -0.6847 -0.7271 0.0508
vn -0.8349 -0.5466 0.0648
vn -0.9499 -0.3118 0.0217
vn -0.9981 -0.0611 0.0086
vn -0.9957 0.0916 -0.0129
vn -0.9333 -0.3579 -0.0284
vn -0.5671 -0.8160 -0.1119
vn -0.8397 -0.5398 -0.0586
vn -0.9499 -0.3095 -0.0435
vn -0.9981 -0.0615 -0.0043
vn -0.9957 0.0923 0.0064
vn -0.7868 -0.5883 -0.1866
vn -0.9067 -0.4003 -0.1328
vn -0.8508 -0.4998 -0.1624
vn -0.9500 -0.2971 -0.0965
vn -0.9981 -0.0586 -0.0191
vn -0.9938 0.1067 0.0306
vn -0.6847 -0.6436 -0.3421
vn -0.9205 -0.3313 -0.2071
vn -0.9499 -0.2760 -0.1467
vn -0.8397 -0.4711 -0.2699
vn -0.9944 0.0915 0.0528
vn -0.9981 -0.0523 -0.0327
vn -0.6847 -0.5584 -0.4685
vn -0.9205 -0.2810 -0.2715
vn -0.9408 -0.2532 -0.2254
vn -0.8329 -0.4195 -0.3609
vn -0.9957 0.0666 0.0643
vn -0.9981 -0.0444 -0.0429
vn -0.6847 -0.4488 -0.5743
vn -0.9205 -0.2185 -0.3240
vn -0.8445 -0.3220 -0.4280
vn -0.9684 -0.1467 -0.2019
vn -0.9973 0.0435 0.0598
vn -0.9988 -0.0290 -0.0399
vn -0.6020 -0.3276 -0.7282
vn -0.9205 -0.1463 -0.3623
vn -0.9408 -0.1361 -0.3104
vn -0.8329 -0.2364 -0.5004
vn -0.9957 0.0376 0.0844
vn -0.9973 -0.0324 -0.0665
vn -0.7595 -0.1170 -0.6399
vn -0.9008 -0.0777 -0.4271
vn -0.8396 -0.1315 -0.5271
vn -0.9369 -0.0624 -0.3440
vn -0.9975 -0.0146 -0.0689
vn -0.9973 0.0154 0.0724
vn -0.9333 0.0091 -0.3590
vn -0.6849 -0.0000 -0.7286
vn -0.8445 -0.0089 -0.5355
vn -0.9684 -0.0000 -0.2496
vn -0.9992 -0.0000 -0.0411
vn -0.9924 -0.0000 0.1232
vn -0.6847 0.1265 -0.7178
vn -0.9205 0.0945 -0.3791
vn -0.9275 0.0777 -0.3658
vn -0.8329 0.1028 -0.5438
vn -0.9981 -0.0128 0.0603
vn -0.9966 0.0171 -0.0804
vn -0.6847 0.2730 -0.6758
vn -0.9381 0.1441 -0.3148
vn -0.8349 0.2171 -0.5058
vn -0.9499 0.1330 -0.2827
vn -0.9981 0.0271 -0.0555
vn -0.9944 -0.0430 0.0965
vn -0.6849 0.4283 -0.5895
vn -0.9008 0.2447 -0.3586
vn -0.8445 0.3220 -0.4280
vn -0.9684 0.1467 -0.2019
vn -0.9988 0.0290 -0.0399
vn -0.9973 -0.0435 0.0598
vn -0.9205 0.2810 -0.2715
vn -0.6847 0.5584 -0.4685
vn -0.9408 0.2532 -0.2254
vn -0.8329 0.4195 -0.3609
vn -0.9981 0.0444 -0.0429
vn -0.9957 -0.0666 0.0643
vn -0.9205 0.3313 -0.2071
vn -0.6847 0.6436 -0.3421
vn -0.8397 0.4711 -0.2699
vn -0.9499 0.2760 -0.1467
vn -0.9981 0.0523 -0.0327
vn -0.9944 -0.0915 0.0528
vn -0.9067 0.4003 -0.1328
vn -0.7868 0.5883 -0.1866
vn -0.8508 0.4998 -0.1624
vn -0.9500 0.2971 -0.0965
vn -0.9981 0.0587 -0.0191
vn -0.9957 -0.0879 0.0285
vn -0.9333 0.3579 -0.0284
vn -0.5671 0.8161 -0.1119
vn -0.9499 0.3095 -0.0435
vn -0.8397 0.5398 -0.0586
vn -0.9944 -0.1051 0.0110
vn -0.9981 0.0615 -0.0043
vn -0.6847 0.7271 0.0508
vn -0.9382 0.3439 0.0397
vn -0.9499 0.3118 0.0217
vn -0.8349 0.5466 0.0648
vn -0.9957 -0.0916 -0.0129
vn -0.9981 0.0611 0.0086
vn -0.6847 0.7006 0.2008
vn -0.9206 0.3738 0.1133
vn -0.9583 0.2739 0.0811
vn -0.8396 0.5104 0.1858
vn -0.9981 0.0586 0.0190
vn -0.6020 0.6931 0.3965
vn -0.9068 0.3639 0.2130
vn -0.9408 0.2926 0.1711
vn -0.8397 0.4702 0.2715
vn -0.9986 0.0467 0.0248
vn -0.9924 -0.1067 -0.0617
vn -0.7868 0.4616 0.4098
vn -0.9205 0.2810 0.2714
vn -0.8396 0.4162 0.3491
vn -0.9369 0.2527 0.2416
vn -0.9968 -0.0570 -0.0551
vn -0.9966 0.0611 0.0550
vn -0.6020 0.4719 0.6441
vn -0.9205 0.2185 0.3239
vn -0.8445 0.3220 0.4280
vn -0.9615 0.1636 0.2207
vn -0.9986 0.0296 0.0438
vn -0.9938 -0.0621 -0.0921
vn -0.7596 0.2475 0.6015
vn -0.9206 0.1588 0.3568
vn -0.9583 0.1230 0.2578
vn -0.8349 0.2171 0.5057
vn -0.9968 -0.0297 -0.0736
vn -0.9981 0.0251 0.0563
vn -0.9068 0.0902 0.4119
vn -0.6847 0.1265 0.7178
vn -0.9499 0.0713 0.3042
vn -0.8464 0.1006 0.5230
vn -0.9981 0.0149 0.0598
vn -0.9973 -0.0154 -0.0724
vn -0.9829 -0.0383 -0.1802
vn -0.9829 -0.0000 -0.1842
vn -0.9829 -0.0808 -0.1657
vn -0.9829 -0.1135 -0.1453
vn -0.9829 -0.1412 -0.1185
vn -0.9829 -0.1595 -0.0921
vn -0.9829 -0.1752 -0.0570
vn -0.9829 -0.1839 -0.0129
vn -0.9829 -0.1832 0.0192
vn -0.9829 -0.1752 0.0569
vn -0.9829 -0.1595 0.0921
vn -0.9829 -0.1412 0.1184
vn -0.9829 -0.1083 0.1490
vn -0.9829 -0.0749 0.1683
vn -0.9829 -0.0383 0.1802
vn -0.9829 -0.0000 0.1842
vn -0.9829 0.0383 0.1802
vn -0.9829 0.0749 0.1683
vn -0.9829 0.1083 0.1490
vn -0.9829 0.1412 0.1184
vn -0.9829 0.1595 0.0921
vn -0.9829 0.1732 0.0630
vn -0.9829 0.1825 0.0257
vn -0.9829 0.1839 -0.0129
vn -0.9829 0.1752 -0.0570
vn -0.9829 0.1595 -0.0921
vn -0.9829 0.1412 -0.1185
vn -0.9829 0.1135 -0.1453
vn -0.9829 0.0808 -0.1657
vn -0.9829 0.0383 -0.1802
vn 0.0493 -0.0000 0.9988
vn 0.0247 -0.2078 0.9779
vn 0.0982 -0.1923 0.9764
vn 0.1021 -0.0000 0.9948
vn -0.0884 -0.2217 0.9711
vn -0.0397 -0.2077 0.9774
vn -0.0394 -0.0000 0.9992
vn -0.0937 -0.0000 0.9956
vn 0.0493 -0.4062 0.9124
vn 0.1079 -0.3853 0.9165
vn -0.0394 -0.4064 0.9128
vn -0.0922 -0.4240 0.9010
vn 0.0317 -0.5995 0.7997
vn 0.1063 -0.5723 0.8131
vn -0.0877 -0.5684 0.8180
vn -0.0473 -0.6039 0.7956
vn 0.0443 -0.7563 0.6528
vn 0.0966 -0.7255 0.6814
vn -0.0916 -0.7299 0.6774
vn -0.0338 -0.7526 0.6576
vn 0.0317 -0.8730 0.4867
vn 0.1063 -0.8535 0.5101
vn -0.0863 -0.8628 0.4981
vn -0.0393 -0.8654 0.4996
vn 0.0369 -0.9606 0.2753
vn 0.1021 -0.9461 0.3074
vn -0.0451 -0.9453 0.3230
vn -0.0922 -0.9403 0.3275
vn 0.0370 -0.9969 0.0696
vn 0.0966 -0.9875 0.1249
vn -0.0899 -0.9862 0.1387
vn -0.0396 -0.9937 0.1046
vn 0.0370 -0.9896 -0.1392
vn 0.1022 -0.9923 -0.0693
vn -0.0899 -0.9935 -0.0694
vn -0.0393 -0.9938 -0.1044
vn 0.0369 -0.9504 -0.3088
vn 0.1026 -0.9460 -0.3074
vn -0.0899 -0.9472 -0.3078
vn -0.0263 -0.9507 -0.3089
vn 0.0370 -0.8824 -0.4691
vn 0.0966 -0.8513 -0.5157
vn -0.0393 -0.8654 -0.4996
vn -0.0899 -0.8446 -0.5279
vn 0.0317 -0.7527 -0.6576
vn 0.1026 -0.7391 -0.6658
vn -0.0473 -0.7562 -0.6527
vn -0.0899 -0.7163 -0.6919
vn 0.0493 -0.5871 -0.8080
vn 0.1080 -0.6011 -0.7919
vn -0.0338 -0.5995 -0.7997
vn -0.0899 -0.5568 -0.8257
vn 0.0317 -0.3928 -0.9191
vn 0.1023 -0.4361 -0.8940
vn -0.0525 -0.4062 -0.9123
vn -0.0899 -0.4051 -0.9098
vn 0.0296 -0.1872 -0.9819
vn 0.1021 -0.2068 -0.9730
vn -0.0883 -0.2217 -0.9711
vn -0.0315 -0.2283 -0.9731
vn 0.0493 -0.0000 -0.9988
vn 0.1021 -0.0000 -0.9948
vn -0.0393 -0.0000 -0.9992
vn -0.0936 -0.0000 -0.9956
vn 0.0296 0.1872 -0.9819
vn 0.1021 0.2068 -0.9730
vn -0.0883 0.2217 -0.9711
vn -0.0315 0.2283 -0.9731
vn 0.0317 0.3928 -0.9191
vn 0.1023 0.4362 -0.8940
vn -0.0473 0.3871 -0.9208
vn -0.0899 0.4367 -0.8951
vn 0.0493 0.5871 -0.8080
vn 0.1080 0.6011 -0.7919
vn -0.0398 0.5873 -0.8084
vn -0.0899 0.5854 -0.8057
vn 0.0317 0.7527 -0.6576
vn 0.1024 0.7391 -0.6657
vn -0.0899 0.7163 -0.6919
vn -0.0473 0.7562 -0.6527
vn 0.0370 0.8824 -0.4691
vn 0.0966 0.8513 -0.5157
vn -0.0899 0.8446 -0.5279
vn -0.0393 0.8654 -0.4996
vn 0.0369 0.9504 -0.3088
vn 0.1021 0.9461 -0.3074
vn -0.0899 0.9472 -0.3078
vn -0.0263 0.9507 -0.3089
vn 0.0370 0.9896 -0.1392
vn 0.1022 0.9923 -0.0693
vn -0.0396 0.9938 -0.1043
vn -0.0899 0.9935 -0.0694
vn 0.0370 0.9969 0.0696
vn 0.0966 0.9875 0.1249
vn -0.0393 0.9938 0.1044
vn -0.0899 0.9862 0.1387
vn 0.0369 0.9606 0.2754
vn 0.1025 0.9460 0.3076
vn -0.0451 0.9453 0.3230
vn -0.0922 0.9403 0.3275
vn 0.0317 0.8730 0.4867
vn 0.1063 0.8535 0.5101
vn -0.0877 0.8730 0.4798
vn -0.0473 0.8544 0.5175
vn 0.0443 0.7563 0.6528
vn 0.0966 0.7255 0.6814
vn -0.0899 0.7401 0.6664
vn -0.0263 0.7429 0.6689
vn 0.0317 0.5995 0.7997
vn 0.1063 0.5723 0.8131
vn -0.0526 0.5870 0.8079
vn -0.0899 0.5854 0.8057
vn 0.0493 0.4062 0.9124
vn 0.1079 0.3852 0.9165
vn -0.0899 0.4367 0.8951
vn -0.0338 0.3928 0.9190
vn 0.0247 0.2078 0.9779
vn 0.0982 0.1923 0.9764
vn -0.0884 0.2217 0.9711
vn -0.0394 0.2078 0.9774
vn 0.6470 -0.0000 0.7625
vn 0.6468 0.1846 0.7400
vn 0.5444 0.3634 0.7560
vn 0.7388 0.3902 0.5495
vn 0.6470 0.5666 0.5102
vn 0.7388 0.5872 0.3306
vn 0.5444 0.7899 0.2824
vn 0.5746 0.8134 0.0908
vn 0.7139 0.6944 -0.0906
vn 0.7388 0.6386 -0.2151
vn 0.5746 0.7061 -0.4137
vn 0.6468 0.5486 -0.5298
vn 0.6468 0.4264 -0.6323
vn 0.5444 0.3187 -0.7759
vn 0.7389 0.1472 -0.6576
vn 0.6470 -0.0000 -0.7625
vn 0.7389 -0.1472 -0.6576
vn 0.5444 -0.3187 -0.7759
vn 0.6468 -0.4264 -0.6323
vn 0.6468 -0.5486 -0.5298
vn 0.5746 -0.7061 -0.4137
vn 0.7388 -0.6386 -0.2151
vn 0.7139 -0.6944 -0.0906
vn 0.5746 -0.8134 0.0908
vn 0.5444 -0.7899 0.2824
vn 0.7388 -0.5872 0.3306
vn 0.6470 -0.5666 0.5102
vn 0.6470 -0.4482 0.6169
vn 0.6468 -0.3344 0.6855
vn 0.6468 -0.1846 0.7400
vn 0.9298 -0.0000 0.3680
vn 0.8999 -0.0907 0.4266
vn 0.9825 -0.0387 0.1823
vn 0.9825 -0.0000 0.1864
vn 0.9254 -0.0727 0.3719
vn 0.9006 -0.0000 0.4346
vn 0.9298 -0.1497 0.3362
vn 0.9825 -0.0758 0.1703
vn 0.9099 -0.1647 0.3808
vn 0.8999 -0.2564 0.3529
vn 0.9793 -0.1182 0.1645
vn 0.9311 -0.2144 0.2951
vn 0.9218 -0.2931 0.2538
vn 0.9865 -0.1205 0.1106
vn 0.9071 -0.3056 0.2895
vn 0.9154 -0.3554 0.1889
vn 0.9854 -0.1450 0.0890
vn 0.9164 -0.3393 0.2121
vn 0.9062 -0.4053 0.1205
vn 0.9793 -0.1930 0.0616
vn 0.9229 -0.3638 0.1262
vn 0.9218 -0.3863 0.0330
vn 0.9825 -0.1853 0.0195
vn 0.9165 -0.3974 0.0455
vn 0.9062 -0.4192 -0.0547
vn 0.9825 -0.1853 -0.0195
vn 0.9071 -0.4196 -0.0334
vn 0.9298 -0.3499 -0.1137
vn 0.9865 -0.1551 -0.0520
vn 0.9099 -0.3959 -0.1240
vn 0.9090 -0.3588 -0.2123
vn 0.9825 -0.1634 -0.0897
vn 0.9254 -0.3312 -0.1840
vn 0.9154 -0.2895 -0.2796
vn 0.9779 -0.1595 -0.1351
vn 0.9165 -0.3066 -0.2572
vn 0.9154 -0.2251 -0.3337
vn 0.9825 -0.1148 -0.1469
vn 0.9165 -0.2464 -0.3153
vn 0.9062 -0.1622 -0.3904
vn 0.9825 -0.0758 -0.1702
vn 0.9229 -0.1635 -0.3486
vn 0.9218 -0.0732 -0.3807
vn 0.9865 -0.0325 -0.1603
vn 0.9165 -0.0868 -0.3904
vn 0.9155 -0.0000 -0.4023
vn 0.9746 -0.0000 -0.2241
vn 0.9006 -0.0000 -0.4346
vn 0.9218 0.0732 -0.3807
vn 0.9889 0.0308 -0.1450
vn 0.9166 0.0867 -0.3904
vn 0.9062 0.1622 -0.3904
vn 0.9746 0.0911 -0.2047
vn 0.9229 0.1635 -0.3486
vn 0.9154 0.2250 -0.3337
vn 0.9854 0.1036 -0.1349
vn 0.9165 0.2464 -0.3153
vn 0.9154 0.2895 -0.2796
vn 0.9779 0.1595 -0.1351
vn 0.9165 0.3066 -0.2572
vn 0.9089 0.3588 -0.2123
vn 0.9825 0.1634 -0.0897
vn 0.9254 0.3312 -0.1840
vn 0.9298 0.3499 -0.1137
vn 0.9865 0.1551 -0.0520
vn 0.9099 0.3959 -0.1240
vn 0.9062 0.4192 -0.0547
vn 0.9825 0.1853 -0.0195
vn 0.9071 0.4196 -0.0334
vn 0.9218 0.3863 0.0330
vn 0.9825 0.1853 0.0195
vn 0.9165 0.3974 0.0455
vn 0.9062 0.4052 0.1206
vn 0.9825 0.1772 0.0576
vn 0.9229 0.3638 0.1262
vn 0.9154 0.3554 0.1890
vn 0.9779 0.1779 0.1100
vn 0.9164 0.3393 0.2121
vn 0.9218 0.2931 0.2538
vn 0.9865 0.1225 0.1083
vn 0.9071 0.3056 0.2895
vn 0.9089 0.2414 0.3399
vn 0.9854 0.1036 0.1350
vn 0.9254 0.2277 0.3029
vn 0.9242 0.1495 0.3513
vn 0.9779 0.0908 0.1884
vn 0.9165 0.1627 0.3654
vn 0.8999 0.0907 0.4266
vn 0.9825 0.0387 0.1823
vn 0.9254 0.0727 0.3719
vn 0.9974 -0.0000 0.0721
vn 0.9974 0.0150 0.0706
vn 0.9974 0.0293 0.0659
vn 0.9974 0.0424 0.0584
vn 0.9974 0.0519 0.0502
vn 0.9974 0.0624 0.0361
vn 0.9974 0.0686 0.0223
vn 0.9974 0.0717 0.0076
vn 0.9974 0.0717 -0.0075
vn 0.9974 0.0693 -0.0199
vn 0.9974 0.0637 -0.0339
vn 0.9974 0.0536 -0.0482
vn 0.9974 0.0424 -0.0583
vn 0.9974 0.0293 -0.0658
vn 0.9974 0.0150 -0.0705
vn 0.9974 -0.0000 -0.0721
vn 0.9974 -0.0175 -0.0700
vn 0.9974 -0.0293 -0.0658
vn 0.9974 -0.0404 -0.0598
vn 0.9974 -0.0536 -0.0482
vn 0.9974 -0.0637 -0.0338
vn 0.9974 -0.0694 -0.0198
vn 0.9974 -0.0717 -0.0075
vn 0.9974 -0.0717 0.0076
vn 0.9974 -0.0678 0.0247
vn 0.9974 -0.0624 0.0361
vn 0.9974 -0.0553 0.0464
vn 0.9974 -0.0444 0.0569
vn 0.9974 -0.0293 0.0659
vn 0.9974 -0.0150 0.0706
s 1
g off
g llanta_trasera_derecha_grey
usemtl grey
f 4//1 1//2 2//3
f 2//3 3//4 4//1
f 7//5 8//6 5//7
f 5//7 6//8 7//5
f 11//9 12//10 9//11
f 9//11 10//12 11//9
f 5//7 13//13 14//14
f 14//14 12//10 5//7
f 15//15 16//16 4//1
f 15//15 4//1 17//17
f 13//13 5//7 8//6
f 16//16 1//2 4//1
f 3//4 18//18 17//17
f 17//17 4//1 3//4
f 5//7 12//10 11//9
f 5//7 11//9 6//8
f 15//15 14//14 13//13
f 13//13 16//16 15//15
f 10//12 9//11 19//19
f 19//19 20//20 10//12
f 17//17 19//19 15//15
f 14//14 9//11 12//10
f 1//2 16//16 13//13
f 13//13 8//6 1//2
f 9//11 14//14 15//15
f 15//15 19//19 9//11
f 19//19 17//17 18//18
f 18//18 20//20 19//19
s 2
f 21//21 22//22 23//23
f 21//21 23//23 24//24
f 26//25 27//26 28//27
f 25//28 26//25 28//27
f 31//29 32//30 29//31
f 29//31 30//32 31//29
f 25//28 33//33 34//34
f 34//34 32//30 25//28
f 35//35 36//36 24//24
f 35//35 24//24 37//37
f 33//33 25//28 28//27
f 36//36 21//21 24//24
f 37//37 24//24 23//23
f 37//37 23//23 38//38
f 32//30 31//29 26//25
f 25//28 32//30 26//25
f 35//35 34//34 33//33
f 33//33 36//36 35//35
f 30//32 29//31 39//39
f 39//39 40//40 30//32
f 37//37 39//39 35//35
f 34//34 29//31 32//30
f 36//36 33//33 28//27
f 36//36 28//27 21//21
f 34//34 35//35 39//39
f 34//34 39//39 29//31
f 37//37 38//38 40//40
f 37//37 40//40 39//39
s 3
f 44//41 41//42 42//43
f 42//43 43//44 44//41
f 47//45 48//46 45//47
f 45//47 46//48 47//45
f 51//49 52//50 49//51
f 49//51 50//52 51//49
f 45//47 53//53 54//54
f 54//54 52//50 45//47
f 55//55 56//56 44//41
f 55//55 44//41 57//57
f 53//53 45//47 48//46
f 56//56 41//42 44//41
f 58//58 57//57 44//41
f 44//41 43//44 58//58
f 45//47 52//50 51//49
f 45//47 51//49 46//48
f 55//55 54//54 53//53
f 53//53 56//56 55//55
f 50//52 49//51 59//59
f 59//59 60//60 50//52
f 57//57 59//59 55//55
f 54//54 49//51 52//50
f 56//56 53//53 48//46
f 56//56 48//46 41//42
f 54//54 55//55 59//59
f 54//54 59//59 49//51
f 59//59 57//57 58//58
f 58//58 60//60 59//59
s 4
f 61//61 62//62 63//63
f 61//61 63//63 64//64
f 67//65 68//66 65//67
f 65//67 66//68 67//65
f 71//69 72//70 69//71
f 69//71 70//72 71//69
f 65//67 73//73 74//74
f 74//74 72//70 65//67
f 75//75 76//76 64//64
f 75//75 64//64 77//77
f 73//73 65//67 68//66
f 76//76 61//61 64//64
f 78//78 77//77 64//64
f 64//64 63//63 78//78
f 72//70 71//69 66//68
f 65//67 72//70 66//68
f 76//76 75//75 74//74
f 74//74 73//73 76//76
f 69//71 79//79 80//38
f 69//71 80//38 70//72
f 77//77 79//79 75//75
f 74//74 69//71 72//70
f 76//76 73//73 68//66
f 76//76 68//66 61//61
f 69//71 74//74 75//75
f 75//75 79//79 69//71
f 77//77 78//78 80//38
f 77//77 80//38 79//79
s 5
f 81//80 82//81 83//82
f 81//80 83//82 84//83
f 87//84 88//85 85//86
f 85//86 86//87 87//84
f 91//88 92//89 89//90
f 89//90 90//91 91//88
f 85//86 93//92 94//93
f 94//93 92//89 85//86
f 95//94 96//95 84//83
f 95//94 84//83 97//96
f 93//92 85//86 88//85
f 96//95 81//80 84//83
f 97//96 84//83 83//82
f 97//96 83//82 98//97
f 86//87 85//86 92//89
f 92//89 91//88 86//87
f 96//95 95//94 94//93
f 94//93 93//92 96//95
f 89//90 99//98 100//99
f 89//90 100//99 90//91
f 97//96 99//98 95//94
f 94//93 89//90 92//89
f 81//80 96//95 93//92
f 93//92 88//85 81//80
f 94//93 95//94 99//98
f 94//93 99//98 89//90
f 99//98 97//96 98//97
f 98//97 100//99 99//98
s 6
f 104//100 101//101 102//102
f 102//102 103//103 104//100
f 106//104 107//105 108//106
f 105//107 106//104 108//106
f 110//108 111//72 112//109
f 109//110 110//108 112//109
f 105//107 113//111 114//112
f 114//112 112//109 105//107
f 115//113 116//114 104//100
f 115//113 104//100 117//115
f 113//111 105//107 108//106
f 116//114 101//101 104//100
f 117//115 104//100 103//103
f 117//115 103//103 118//116
f 106//104 105//107 112//109
f 112//109 111//72 106//104
f 115//113 114//112 113//111
f 113//111 116//114 115//113
f 110//108 109//110 119//117
f 119//117 120//118 110//108
f 117//115 119//117 115//113
f 114//112 109//110 112//109
f 101//101 116//114 113//111
f 113//111 108//106 101//101
f 109//110 114//112 115//113
f 115//113 119//117 109//110
f 119//117 117//115 118//116
f 118//116 120//118 119//117
s 7
f 124//119 121//120 122//121
f 122//121 123//122 124//119
f 127//123 128//124 125//125
f 125//125 126//126 127//123
f 131//127 132//128 129//129
f 129//129 130//130 131//127
f 125//125 133//131 134//132
f 134//132 132//128 125//125
f 135//133 136//134 124//119
f 135//133 124//119 137//135
f 133//131 125//125 128//124
f 136//134 121//120 124//119
f 138//136 137//135 124//119
f 124//119 123//122 138//136
f 125//125 132//128 131//127
f 125//125 131//127 126//126
f 136//134 135//133 134//132
f 134//132 133//131 136//134
f 129//129 139//137 140//138
f 129//129 140//138 130//130
f 137//135 139//137 135//133
f 134//132 129//129 132//128
f 128//124 121//120 136//134
f 136//134 133//131 128//124
f 129//129 134//132 135//133
f 135//133 139//137 129//129
f 137//135 138//136 140//138
f 137//135 140//138 139//137
s 8
f 141//139 142//140 143//141
f 141//139 143//141 144//142
f 147//143 148//144 145//145
f 145//145 146//146 147//143
f 151//147 152//148 149//149
f 149//149 150//150 151//147
f 145//145 153//151 154//152
f 154//152 152//148 145//145
f 155//153 156//154 144//142
f 155//153 144//142 157//155
f 153//151 145//145 148//144
f 156//154 141//139 144//142
f 144//142 143//141 158//156
f 157//155 144//142 158//156
f 151//147 146//146 145//145
f 145//145 152//148 151//147
f 156//154 155//153 154//152
f 154//152 153//151 156//154
f 150//150 149//149 159//157
f 159//157 160//158 150//150
f 157//155 159//157 155//153
f 154//152 149//149 152//148
f 156//154 153//151 148//144
f 156//154 148//144 141//139
f 154//152 155//153 159//157
f 154//152 159//157 149//149
f 159//157 157//155 158//156
f 158//156 160//158 159//157
s 9
f 161//159 162//160 163//161
f 161//159 163//161 164//162
f 166//163 167//164 168//165
f 165//166 166//163 168//165
f 171//167 172//168 169//169
f 169//169 170//170 171//167
f 165//166 173//171 174//172
f 174//172 172//168 165//166
f 175//173 176//174 164//162
f 175//173 164//162 177//175
f 173//171 165//166 168//165
f 176//174 161//159 164//162
f 178//176 177//175 164//162
f 164//162 163//161 178//176
f 166//163 165//166 172//168
f 172//168 171//167 166//163
f 175//173 174//172 173//171
f 173//171 176//174 175//173
f 169//169 179//177 180//178
f 169//169 180//178 170//170
f 177//175 179//177 175//173
f 174//172 169//169 172//168
f 168//165 161//159 176//174
f 176//174 173//171 168//165
f 174//172 175//173 179//177
f 174//172 179//177 169//169
f 179//177 177//175 178//176
f 178//176 180//178 179//177
s 10
f 184//179 181//180 182//181
f 182//181 183//182 184//179
f 186//183 187//184 188//185
f 185//186 186//183 188//185
f 191//187 192//188 189//189
f 189//189 190//190 191//187
f 185//186 193//191 194//192
f 194//192 192//188 185//186
f 195//193 196//194 184//179
f 195//193 184//179 197//195
f 193//191 185//186 188//185
f 196//194 181//180 184//179
f 197//195 184//179 183//182
f 197//195 183//182 198//196
f 192//188 191//187 186//183
f 185//186 192//188 186//183
f 195//193 194//192 193//191
f 193//191 196//194 195//193
f 189//189 199//197 200//198
f 189//189 200//198 190//190
f 197//195 199//197 195//193
f 194//192 189//189 192//188
f 188//185 181//180 196//194
f 196//194 193//191 188//185
f 189//189 194//192 195//193
f 195//193 199//197 189//189
f 199//197 197//195 198//196
f 198//196 200//198 199//197
s 11
f 201//199 202//200 203//201
f 201//199 203//201 204//202
f 206//203 207//204 208//205
f 205//206 206//203 208//205
f 211//207 212//208 209//209
f 209//209 210//210 211//207
f 205//206 213//211 214//212
f 214//212 212//208 205//206
f 215//213 216//214 204//202
f 215//213 204//202 217//215
f 213//211 205//206 208//205
f 216//214 201//199 204//202
f 203//201 218//216 217//215
f 217//215 204//202 203//201
f 206//203 205//206 212//208
f 212//208 211//207 206//203
f 216//214 215//213 214//212
f 214//212 213//211 216//214
f 210//210 209//209 219//217
f 219//217 220//176 210//210
f 217//215 219//217 215//213
f 214//212 209//209 212//208
f 216//214 213//211 208//205
f 216//214 208//205 201//199
f 209//209 214//212 215//213
f 215//213 219//217 209//209
f 219//217 217//215 218//216
f 218//216 220//176 219//217
s 12
f 221//218 222//219 223//220
f 221//218 223//220 224//221
f 227//222 228//223 225//224
f 225//224 226//225 227//222
f 231//226 232//227 229//228
f 229//228 230//229 231//226
f 225//224 233//230 234//231
f 234//231 232//227 225//224
f 235//232 236//233 224//221
f 235//232 224//221 237//234
f 233//230 225//224 228//223
f 236//233 221//218 224//221
f 223//220 238//235 237//234
f 237//234 224//221 223//220
f 232//227 231//226 226//225
f 225//224 232//227 226//225
f 235//232 234//231 233//230
f 233//230 236//233 235//232
f 230//229 229//228 239//236
f 239//236 240//237 230//229
f 237//234 239//236 235//232
f 234//231 229//228 232//227
f 236//233 233//230 228//223
f 236//233 228//223 221//218
f 229//228 234//231 235//232
f 235//232 239//236 229//228
f 239//236 237//234 238//235
f 238//235 240//237 239//236
s 13
f 244//238 241//239 242//240
f 242//240 243//241 244//238
f 246//242 247//243 248//244
f 245//245 246//242 248//244
f 250//246 251//247 252//248
f 249//249 250//246 252//248
f 245//245 253//250 254//251
f 254//251 252//248 245//245
f 255//252 256//253 244//238
f 255//252 244//238 257//254
f 253//250 245//245 248//244
f 256//253 241//239 244//238
f 244//238 243//241 258//255
f 257//254 244//238 258//255
f 245//245 252//248 251//247
f 245//245 251//247 246//242
f 255//252 254//251 253//250
f 253//250 256//253 255//252
f 250//246 249//249 259//256
f 259//256 260//257 250//246
f 257//254 259//256 255//252
f 254//251 249//249 252//248
f 253//250 248//244 241//239
f 256//253 253//250 241//239
f 249//249 254//251 255//252
f 255//252 259//256 249//249
f 259//256 257//254 258//255
f 258//255 260//257 259//256
s 14
f 264//258 261//259 262//260
f 262//260 263//261 264//258
f 266//262 267//263 268//264
f 265//265 266//262 268//264
f 271//266 272//267 269//268
f 269//268 270//9 271//266
f 265//265 273//269 274//270
f 274//270 272//267 265//265
f 275//271 276//272 264//258
f 275//271 264//258 277//273
f 273//269 265//265 268//264
f 276//272 261//259 264//258
f 278//274 277//273 264//258
f 264//258 263//261 278//274
f 266//262 265//265 272//267
f 272//267 271//266 266//262
f 276//272 275//271 274//270
f 274//270 273//269 276//272
f 269//268 279//275 280//276
f 269//268 280//276 270//9
f 277//273 279//275 275//271
f 274//270 269//268 272//267
f 273//269 268//264 261//259
f 276//272 273//269 261//259
f 269//268 274//270 275//271
f 275//271 279//275 269//268
f 279//275 277//273 278//274
f 278//274 280//276 279//275
s 15
f 281//277 282//278 283//279
f 281//277 283//279 284//280
f 287//281 288//282 285//283
f 285//283 286//284 287//281
f 290//285 291//246 292//286
f 289//287 290//285 292//286
f 285//283 293//288 294//289
f 294//289 292//286 285//283
f 295//290 296//291 284//280
f 295//290 284//280 297//292
f 293//288 285//283 288//282
f 296//291 281//277 284//280
f 284//280 283//279 298//293
f 297//292 284//280 298//293
f 286//284 285//283 292//286
f 292//286 291//246 286//284
f 296//291 295//290 294//289
f 294//289 293//288 296//291
f 289//287 299//294 300//295
f 289//287 300//295 290//285
f 297//292 299//294 295//290
f 294//289 289//287 292//286
f 296//291 293//288 288//282
f 296//291 288//282 281//277
f 289//287 294//289 295//290
f 295//290 299//294 289//287
f 299//294 297//292 298//293
f 298//293 300//295 299//294
s 4
f 61//61 68//66 67//65
f 61//61 67//65 62//62
s 3
f 48//46 47//45 42//43
f 41//42 48//46 42//43
s 2
f 21//21 28//27 27//26
f 21//21 27//26 22//22
s 1
f 1//2 8//6 7//5
f 1//2 7//5 2//3
s 15
f 281//277 288//282 287//281
f 281//277 287//281 282//278
s 14
f 268//264 267//263 262//260
f 261//259 268//264 262//260
s 13
f 241//239 248//244 247//243
f 241//239 247//243 242//240
s 12
f 227//222 222//219 221//218
f 221//218 228//223 227//222
s 11
f 201//199 208//205 207//204
f 201//199 207//204 202//200
s 10
f 182//181 181//180 188//185
f 188//185 187//184 182//181
s 9
f 167//164 162//160 161//159
f 161//159 168//165 167//164
s 8
f 141//139 148//144 147//143
f 141//139 147//143 142//140
s 7
f 121//120 128//124 127//123
f 121//120 127//123 122//121
s 6
f 108//106 107//105 102//102
f 101//101 108//106 102//102
s 5
f 81//80 88//85 87//84
f 81//80 87//84 82//81
s 16
g llanta_trasera_derecha_flgrey
usemtl flgrey
f 331//296 481//297 332//298
f 323//299 482//300 324//301
f 315//302 483//303 316//304
f 307//305 484//306 308//307
f 419//308 485//309 420//310
f 411//311 486//312 412//313
f 403//314 487//315 404//316
f 395//317 488//318 396//319
f 387//320 489//321 388//322
f 379//323 490//324 380//325
f 371//326 491//327 372//328
f 363//329 492//330 364//331
f 355//332 493//333 356//334
f 347//335 494//336 348//337
f 339//338 495//339 340//340
f 496//341 338//342 337//343
f 497//344 346//345 345//346
f 498//347 354//348 353//349
f 499//350 362//351 361//352
f 500//353 370//354 369//355
f 501//356 378//357 377//358
f 502//359 386//360 385//361
f 503//362 394//363 393//364
f 504//365 402//366 401//367
f 505//368 410//369 409//370
f 506//371 418//372 417//373
f 507//374 306//375 305//376
f 508//377 314//378 313//379
f 509//380 322//381 321//382
f 510//383 330//384 329//385
s 17
f 511//386 512//387 513//388
f 513//388 512//387 514//389
f 514//389 512//387 515//390
f 515//390 512//387 516//391
f 516//391 512//387 517//392
f 517//392 512//387 518//393
f 518//393 512//387 519//394
f 519//394 512//387 520//395
f 520//395 512//387 521//396
f 521//396 512//387 522//397
f 522//397 512//387 523//398
f 523//398 512//387 524//399
f 524//399 512//387 525//400
f 525//400 512//387 526//401
f 526//401 512//387 527//402
f 527//402 512//387 528//403
f 528//403 512//387 529//404
f 529//404 512//387 530//405
f 530//405 512//387 531//406
f 531//406 512//387 532//407
f 532//407 512//387 533//408
f 533//408 512//387 534//409
f 534//409 512//387 535//410
f 535//410 512//387 536//411
f 536//411 512//387 537//412
f 537//412 512//387 538//413
f 538//413 512//387 539//414
f 539//414 512//387 540//415
f 540//415 512//387 541//416
f 541//416 512//387 511//386
f 511//386 543//417 542//418
f 542//418 541//416 511//386
f 541//416 542//418 544//415
f 544//415 540//415 541//416
f 544//415 545//419 539//414
f 539//414 540//415 544//415
f 539//414 545//419 546//420
f 546//420 538//413 539//414
f 546//420 547//421 537//412
f 537//412 538//413 546//420
f 547//421 548//422 536//411
f 536//411 537//412 547//421
f 548//422 549//423 535//410
f 535//410 536//411 548//422
f 535//410 549//423 550//424
f 550//424 534//409 535//410
f 534//409 550//424 551//425
f 551//425 533//408 534//409
f 533//408 551//425 552//426
f 552//426 532//407 533//408
f 552//426 553//427 531//406
f 531//406 532//407 552//426
f 553//427 554//428 530//405
f 530//405 531//406 553//427
f 554//428 555//429 529//404
f 529//404 530//405 554//428
f 555//429 556//430 528//403
f 528//403 529//404 555//429
f 556//430 557//431 527//402
f 527//402 528//403 556//430
f 557//431 558//432 526//401
f 526//401 527//402 557//431
f 558//432 559//433 525//400
f 525//400 526//401 558//432
f 559//433 560//434 524//399
f 524//399 525//400 559//433
f 524//399 560//434 561//435
f 561//435 523//398 524//399
f 523//398 561//435 562//436
f 562//436 522//397 523//398
f 562//436 563//437 521//396
f 521//396 522//397 562//436
f 563//437 564//438 520//395
f 520//395 521//396 563//437
f 564//438 565//439 519//394
f 519//394 520//395 564//438
f 519//394 565//439 566//440
f 566//440 518//393 519//394
f 566//440 567//441 517//392
f 517//392 518//393 566//440
f 517//392 567//441 568//442
f 568//442 516//391 517//392
f 568//442 569//443 515//390
f 515//390 516//391 568//442
f 515//390 569//443 570//444
f 570//444 514//389 515//390
f 514//389 570//444 571//445
f 571//445 513//388 514//389
f 571//445 543//417 511//386
f 511//386 513//388 571//445
f 573//446 572//447 543//417
f 543//417 571//445 573//446
f 574//448 573//446 571//445
f 571//445 570//444 574//448
f 575//449 574//448 570//444
f 570//444 569//443 575//449
f 568//442 576//450 575//449
f 575//449 569//443 568//442
f 567//441 577//451 576//450
f 576//450 568//442 567//441
f 578//452 577//451 567//441
f 567//441 566//440 578//452
f 579//453 578//452 566//440
f 566//440 565//439 579//453
f 564//438 580//454 579//453
f 579//453 565//439 564//438
f 563//437 581//455 580//454
f 580//454 564//438 563//437
f 582//456 581//455 563//437
f 563//437 562//436 582//456
f 561//435 583//457 582//456
f 582//456 562//436 561//435
f 560//434 584//458 583//457
f 583//457 561//435 560//434
f 585//459 584//458 560//434
f 560//434 559//433 585//459
f 586//460 585//459 559//433
f 559//433 558//432 586//460
f 587//461 586//460 558//432
f 558//432 557//431 587//461
f 556//430 588//462 587//461
f 587//461 557//431 556//430
f 555//429 589//463 588//462
f 588//462 556//430 555//429
f 554//428 590//464 589//463
f 589//463 555//429 554//428
f 591//465 590//464 554//428
f 554//428 553//427 591//465
f 592//466 591//465 553//427
f 553//427 552//426 592//466
f 551//425 593//467 592//466
f 592//466 552//426 551//425
f 594//468 593//467 551//425
f 551//425 550//424 594//468
f 595//469 594//468 550//424
f 550//424 549//423 595//469
f 548//422 596//470 595//469
f 595//469 549//423 548//422
f 547//421 597//471 596//470
f 596//470 548//422 547//421
f 598//472 597//471 547//421
f 547//421 546//420 598//472
f 545//419 599//473 598//472
f 598//472 546//420 545//419
f 544//415 600//474 599//473
f 599//473 545//419 544//415
f 601//475 600//474 544//415
f 544//415 542//418 601//475
f 572//447 601//475 542//418
f 542//418 543//417 572//447
f 603//476 604//477 605//478
f 602//479 603//476 605//478
f 605//478 604//477 606//480
f 605//478 606//480 607//481
f 606//480 608//482 609//483
f 607//481 606//480 609//483
f 608//482 610//484 611//485
f 609//483 608//482 611//485
f 610//484 612//486 613//487
f 611//485 610//484 613//487
f 612//486 614//488 615//489
f 613//487 612//486 615//489
f 614//488 616//490 617//491
f 615//489 614//488 617//491
f 617//491 616//490 618//492
f 617//491 618//492 619//493
f 619//493 618//492 620//494
f 619//493 620//494 621//495
f 621//495 620//494 622//496
f 621//495 622//496 623//497
f 623//497 622//496 624//498
f 623//497 624//498 625//499
f 625//499 624//498 626//500
f 625//499 626//500 627//501
f 627//501 626//500 628//502
f 627//501 628//502 629//503
f 629//503 628//502 630//504
f 629//503 630//504 631//505
f 631//505 630//504 632//506
f 631//505 632//506 633//507
f 633//507 632//506 634//508
f 633//507 634//508 635//509
f 634//508 636//510 637//511
f 635//509 634//508 637//511
f 636//510 638//512 639//513
f 637//511 636//510 639//513
f 638//512 640//514 641//515
f 639//513 638//512 641//515
f 640//514 642//516 643//517
f 641//515 640//514 643//517
f 642//516 644//518 645//519
f 643//517 642//516 645//519
f 645//519 644//518 646//520
f 645//519 646//520 647//521
f 646//520 648//522 649//523
f 647//521 646//520 649//523
f 649//523 648//522 650//524
f 649//523 650//524 651//525
f 651//525 650//524 652//526
f 651//525 652//526 653//527
f 653//527 652//526 654//528
f 653//527 654//528 655//529
f 655//529 654//528 656//530
f 655//529 656//530 657//531
f 657//531 656//530 658//532
f 657//531 658//532 659//533
f 659//533 658//532 660//534
f 659//533 660//534 661//535
f 661//535 660//534 603//476
f 661//535 603//476 602//479
f 603//476 660//534 601//475
f 601//475 572//447 603//476
f 660//534 658//532 600//474
f 600//474 601//475 660//534
f 600//474 658//532 656//530
f 656//530 599//473 600//474
f 599//473 656//530 654//528
f 654//528 598//472 599//473
f 598//472 654//528 652//526
f 652//526 597//471 598//472
f 652//526 650//524 596//470
f 596//470 597//471 652//526
f 596//470 650//524 648//522
f 648//522 595//469 596//470
f 648//522 646//520 594//468
f 594//468 595//469 648//522
f 646//520 644//518 593//467
f 593//467 594//468 646//520
f 593//467 644//518 642//516
f 642//516 592//466 593//467
f 642//516 640//514 591//465
f 591//465 592//466 642//516
f 591//465 640//514 638//512
f 638//512 590//464 591//465
f 590//464 638//512 636//510
f 636//510 589//463 590//464
f 636//510 634//508 588//462
f 588//462 589//463 636//510
f 588//462 634//508 632//506
f 632//506 587//461 588//462
f 632//506 630//504 586//460
f 586//460 587//461 632//506
f 586//460 630//504 628//502
f 628//502 585//459 586//460
f 628//502 626//500 584//458
f 584//458 585//459 628//502
f 626//500 624//498 583//457
f 583//457 584//458 626//500
f 583//457 624//498 622//496
f 622//496 582//456 583//457
f 622//496 620//494 581//455
f 581//455 582//456 622//496
f 581//455 620//494 618//492
f 618//492 580//454 581//455
f 580//454 618//492 616//490
f 616//490 579//453 580//454
f 616//490 614//488 578//452
f 578//452 579//453 616//490
f 614//488 612//486 577//451
f 577//451 578//452 614//488
f 577//451 612//486 610//484
f 610//484 576//450 577//451
f 610//484 608//482 575//449
f 575//449 576//450 610//484
f 608//482 606//480 574//448
f 574//448 575//449 608//482
f 574//448 606//480 604//477
f 604//477 573//446 574//448
f 573//446 604//477 603//476
f 603//476 572//447 573//446
f 663//536 662//537 661//535
f 661//535 602//479 663//536
f 662//537 664//538 659//533
f 659//533 661//535 662//537
f 664//538 665//539 657//531
f 657//531 659//533 664//538
f 665//539 666//540 655//529
f 655//529 657//531 665//539
f 655//529 666//540 667//541
f 667//541 653//527 655//529
f 667//541 668//542 651//525
f 651//525 653//527 667//541
f 668//542 669//543 649//523
f 649//523 651//525 668//542
f 649//523 669//543 670//544
f 670//544 647//521 649//523
f 647//521 670//544 671//545
f 671//545 645//519 647//521
f 671//545 672//546 643//517
f 643//517 645//519 671//545
f 643//517 672//546 673//547
f 673//547 641//515 643//517
f 641//515 673//547 674//548
f 674//548 639//513 641//515
f 639//513 674//548 675//549
f 675//549 637//511 639//513
f 637//511 675//549 676//550
f 676//550 635//509 637//511
f 676//550 677//551 633//507
f 633//507 635//509 676//550
f 677//551 678//552 631//505
f 631//505 633//507 677//551
f 678//552 679//553 629//503
f 629//503 631//505 678//552
f 679//553 680//554 627//501
f 627//501 629//503 679//553
f 680//554 681//555 625//499
f 625//499 627//501 680//554
f 681//555 682//556 623//497
f 623//497 625//499 681//555
f 623//497 682//556 683//557
f 683//557 621//495 623//497
f 683//557 684//558 619//493
f 619//493 621//495 683//557
f 684//558 685//559 617//491
f 617//491 619//493 684//558
f 617//491 685//559 686//560
f 686//560 615//489 617//491
f 686//560 687//561 613//487
f 613//487 615//489 686//560
f 687//561 688//562 611//485
f 611//485 613//487 687//561
f 611//485 688//562 689//563
f 689//563 609//483 611//485
f 609//483 689//563 690//564
f 690//564 607//481 609//483
f 607//481 690//564 691//565
f 691//565 605//478 607//481
f 605//478 691//565 663//536
f 663//536 602//479 605//478
s 18
f 692//566 693//567 694//568
f 692//566 694//568 695//569
f 697//570 696//571 663//572
f 663//572 691//573 697//570
f 695//569 694//568 698//574
f 695//569 698//574 699//575
f 690//576 700//577 697//570
f 697//570 691//573 690//576
f 699//575 698//574 701//578
f 699//575 701//578 702//579
f 703//580 700//577 690//576
f 690//576 689//581 703//580
f 702//579 701//578 704//582
f 702//579 704//582 705//583
f 688//584 706//585 703//580
f 703//580 689//581 688//584
f 704//582 707//586 708//587
f 705//583 704//582 708//587
f 687//588 709//589 706//585
f 706//585 688//584 687//588
f 708//587 707//586 710//590
f 708//587 710//590 711//591
f 712//592 709//589 687//588
f 687//588 686//593 712//592
f 710//590 713//594 714//595
f 711//591 710//590 714//595
f 685//596 715//597 712//592
f 712//592 686//593 685//596
f 714//595 713//594 716//598
f 714//595 716//598 717//599
f 684//600 718//601 715//597
f 715//597 685//596 684//600
f 716//598 719//602 720//603
f 717//599 716//598 720//603
f 721//604 718//601 684//600
f 684//600 683//605 721//604
f 720//603 719//602 722//606
f 720//603 722//606 723//607
f 724//608 721//604 683//605
f 683//605 682//609 724//608
f 723//607 722//606 725//610
f 723//607 725//610 726//611
f 727//612 724//608 682//609
f 682//609 681//613 727//612
f 725//610 728//614 729//615
f 726//611 725//610 729//615
f 730//616 727//612 681//613
f 681//613 680//617 730//616
f 729//615 728//614 731//618
f 729//615 731//618 732//619
f 733//620 730//616 680//617
f 680//617 679//621 733//620
f 732//619 731//618 734//622
f 732//619 734//622 735//623
f 678//624 736//625 733//620
f 733//620 679//621 678//624
f 734//622 737//626 738//627
f 735//623 734//622 738//627
f 739//628 736//625 678//624
f 678//624 677//629 739//628
f 738//627 737//626 740//630
f 738//627 740//630 741//631
f 676//632 742//633 739//628
f 739//628 677//629 676//632
f 740//630 743//634 744//635
f 741//631 740//630 744//635
f 745//636 742//633 676//632
f 676//632 675//637 745//636
f 743//634 746//638 747//639
f 744//635 743//634 747//639
f 674//640 748//641 745//636
f 745//636 675//637 674//640
f 747//639 746//638 749//642
f 747//639 749//642 750//643
f 673//644 751//645 748//641
f 748//641 674//640 673//644
f 749//642 752//646 753//647
f 750//643 749//642 753//647
f 672//648 754//649 751//645
f 751//645 673//644 672//648
f 752//646 755//650 756//651
f 753//647 752//646 756//651
f 671//652 757//653 754//649
f 754//649 672//648 671//652
f 756//651 755//650 758//654
f 756//651 758//654 759//655
f 670//656 760//657 757//653
f 757//653 671//652 670//656
f 759//655 758//654 761//658
f 759//655 761//658 762//659
f 763//660 760//657 670//656
f 670//656 669//661 763//660
f 761//658 764//662 765//663
f 762//659 761//658 765//663
f 766//664 763//660 669//661
f 669//661 668//665 766//664
f 764//662 767//666 768//667
f 765//663 764//662 768//667
f 667//668 769//669 766//664
f 766//664 668//665 667//668
f 768//667 767//666 770//670
f 768//667 770//670 771//671
f 772//672 769//669 667//668
f 667//668 666//673 772//672
f 770//670 773//674 774//675
f 771//671 770//670 774//675
f 665//676 775//677 772//672
f 772//672 666//673 665//676
f 774//675 773//674 776//678
f 774//675 776//678 777//679
f 664//680 778//681 775//677
f 775//677 665//676 664//680
f 776//678 779//682 780//683
f 777//679 776//678 780//683
f 781//684 778//681 664//680
f 664//680 662//685 781//684
f 779//682 693//567 692//566
f 780//683 779//682 692//566
f 663//572 696//571 781//684
f 781//684 662//685 663//572
f 781//684 696//571 693//567
f 779//682 781//684 693//567
f 776//678 778//681 781//684
f 776//678 781//684 779//682
f 773//674 775//677 778//681
f 773//674 778//681 776//678
f 772//672 775//677 773//674
f 770//670 772//672 773//674
f 767//666 769//669 772//672
f 767//666 772//672 770//670
f 764//662 766//664 769//669
f 764//662 769//669 767//666
f 761//658 763//660 766//664
f 761//658 766//664 764//662
f 760//657 763//660 761//658
f 758//654 760//657 761//658
f 757//653 760//657 758//654
f 755//650 757//653 758//654
f 754//649 757//653 755//650
f 752//646 754//649 755//650
f 749//642 751//645 754//649
f 749//642 754//649 752//646
f 746//638 748//641 751//645
f 746//638 751//645 749//642
f 743//634 745//636 748//641
f 743//634 748//641 746//638
f 740//630 742//633 745//636
f 740//630 745//636 743//634
f 739//628 742//633 740//630
f 737//626 739//628 740//630
f 734//622 736//625 739//628
f 734//622 739//628 737//626
f 733//620 736//625 734//622
f 731//618 733//620 734//622
f 728//614 730//616 733//620
f 728//614 733//620 731//618
f 725//610 727//612 730//616
f 725//610 730//616 728//614
f 724//608 727//612 725//610
f 722//606 724//608 725//610
f 719//602 721//604 724//608
f 719//602 724//608 722//606
f 716//598 718//601 721//604
f 716//598 721//604 719//602
f 713//594 715//597 718//601
f 713//594 718//601 716//598
f 712//592 715//597 713//594
f 710//590 712//592 713//594
f 709//589 712//592 710//590
f 707//586 709//589 710//590
f 706//585 709//589 707//586
f 704//582 706//585 707//586
f 703//580 706//585 704//582
f 701//578 703//580 704//582
f 700//577 703//580 701//578
f 698//574 700//577 701//578
f 697//570 700//577 698//574
f 694//568 697//570 698//574
f 693//567 696//571 697//570
f 693//567 697//570 694//568
s 19
f 783//686 782//687 780//387
f 780//387 692//387 783//686
f 780//387 782//687 784//688
f 784//688 777//387 780//387
f 777//387 784//688 785//689
f 785//689 774//387 777//387
f 785//689 786//690 771//387
f 771//387 774//387 785//689
f 771//387 786//690 787//691
f 787//691 768//387 771//387
f 787//691 788//692 765//387
f 765//387 768//387 787//691
f 788//692 789//693 762//387
f 762//387 765//387 788//692
f 789//693 790//694 759//387
f 759//387 762//387 789//693
f 759//387 790//694 791//695
f 791//695 756//387 759//387
f 756//387 791//695 792//696
f 792//696 753//387 756//387
f 792//696 793//697 750//387
f 750//387 753//387 792//696
f 750//387 793//697 794//698
f 794//698 747//387 750//387
f 747//387 794//698 795//699
f 795//699 744//387 747//387
f 795//699 796//700 741//387
f 741//387 744//387 795//699
f 741//387 796//700 797//701
f 797//701 738//387 741//387
f 797//701 798//702 735//387
f 735//387 738//387 797//701
f 798//702 799//703 732//387
f 732//387 735//387 798//702
f 799//703 800//704 729//387
f 729//387 732//387 799//703
f 729//387 800//704 801//705
f 801//705 726//387 729//387
f 726//387 801//705 802//706
f 802//706 723//387 726//387
f 802//706 803//707 720//387
f 720//387 723//387 802//706
f 803//707 804//708 717//387
f 717//387 720//387 803//707
f 717//387 804//708 805//709
f 805//709 714//387 717//387
f 714//387 805//709 806//710
f 806//710 711//387 714//387
f 711//387 806//710 807//711
f 807//711 708//387 711//387
f 807//711 808//712 705//387
f 705//387 708//387 807//711
f 808//712 809//713 702//387
f 702//387 705//387 808//712
f 809//713 810//714 699//387
f 699//387 702//387 809//713
f 810//714 811//715 695//387
f 695//387 699//387 810//714
f 695//387 811//715 783//686
f 783//686 692//387 695//387
f 813//716 450//717 422//718
f 422//718 812//719 813//716
f 811//715 815//720 814//721
f 814//721 783//686 811//715
f 816//722 449//723 450//717
f 450//717 813//716 816//722
f 810//714 817//724 815//720
f 815//720 811//715 810//714
f 448//725 449//723 816//722
f 816//722 818//726 448//725
f 819//727 817//724 810//714
f 810//714 809//713 819//727
f 447//728 448//725 818//726
f 818//726 820//729 447//728
f 808//712 821//730 819//727
f 819//727 809//713 808//712
f 446//731 447//728 820//729
f 820//729 822//732 446//731
f 823//733 821//730 808//712
f 808//712 807//711 823//733
f 445//734 446//731 822//732
f 822//732 824//735 445//734
f 825//736 823//733 807//711
f 807//711 806//710 825//736
f 444//737 445//734 824//735
f 824//735 826//738 444//737
f 827//739 825//736 806//710
f 806//710 805//709 827//739
f 443//740 444//737 826//738
f 826//738 828//741 443//740
f 829//742 827//739 805//709
f 805//709 804//708 829//742
f 442//743 443//740 828//741
f 828//741 830//744 442//743
f 831//745 829//742 804//708
f 804//708 803//707 831//745
f 441//746 442//743 830//744
f 830//744 832//747 441//746
f 833//748 831//745 803//707
f 803//707 802//706 833//748
f 440//749 441//746 832//747
f 832//747 834//750 440//749
f 835//751 833//748 802//706
f 802//706 801//705 835//751
f 836//752 439//753 440//749
f 440//749 834//750 836//752
f 837//754 835//751 801//705
f 801//705 800//704 837//754
f 838//755 438//756 439//753
f 439//753 836//752 838//755
f 799//703 839//757 837//754
f 837//754 800//704 799//703
f 437//758 438//756 838//755
f 838//755 840//759 437//758
f 798//702 841//760 839//757
f 839//757 799//703 798//702
f 436//761 437//758 840//759
f 840//759 842//762 436//761
f 843//763 841//760 798//702
f 798//702 797//701 843//763
f 844//764 435//765 436//761
f 436//761 842//762 844//764
f 796//700 845//766 843//763
f 843//763 797//701 796//700
f 846//767 434//768 435//765
f 435//765 844//764 846//767
f 847//769 845//766 796//700
f 796//700 795//699 847//769
f 433//770 434//768 846//767
f 846//767 848//771 433//770
f 794//698 849//772 847//769
f 847//769 795//699 794//698
f 850//773 432//774 433//770
f 433//770 848//771 850//773
f 793//697 851//775 849//772
f 849//772 794//698 793//697
f 852//776 431//777 432//774
f 432//774 850//773 852//776
f 792//696 853//778 851//775
f 851//775 793//697 792//696
f 854//779 430//780 431//777
f 431//777 852//776 854//779
f 791//695 855//781 853//778
f 853//778 792//696 791//695
f 856//782 429//783 430//780
f 430//780 854//779 856//782
f 790//694 857//784 855//781
f 855//781 791//695 790//694
f 858//785 428//786 429//783
f 429//783 856//782 858//785
f 789//693 859//787 857//784
f 857//784 790//694 789//693
f 860//788 427//789 428//786
f 428//786 858//785 860//788
f 788//692 861//790 859//787
f 859//787 789//693 788//692
f 862//791 426//792 427//789
f 427//789 860//788 862//791
f 787//691 863//793 861//790
f 861//790 788//692 787//691
f 864//794 425//795 426//792
f 426//792 862//791 864//794
f 786//690 865//796 863//793
f 863//793 787//691 786//690
f 424//797 425//795 864//794
f 864//794 866//798 424//797
f 867//799 865//796 786//690
f 786//690 785//689 867//799
f 868//800 423//801 424//797
f 424//797 866//798 868//800
f 784//688 869//802 867//799
f 867//799 785//689 784//688
f 870//803 421//804 423//801
f 423//801 868//800 870//803
f 871//805 869//802 784//688
f 784//688 782//687 871//805
f 422//718 421//804 870//803
f 870//803 812//719 422//718
f 814//721 871//805 782//687
f 782//687 783//686 814//721
f 812//719 870//803 871//805
f 871//805 814//721 812//719
f 870//803 868//800 869//802
f 869//802 871//805 870//803
f 869//802 868//800 866//798
f 866//798 867//799 869//802
f 866//798 864//794 865//796
f 865//796 867//799 866//798
f 864//794 862//791 863//793
f 863//793 865//796 864//794
f 862//791 860//788 861//790
f 861//790 863//793 862//791
f 860//788 858//785 859//787
f 859//787 861//790 860//788
f 858//785 856//782 857//784
f 857//784 859//787 858//785
f 856//782 854//779 855//781
f 855//781 857//784 856//782
f 854//779 852//776 853//778
f 853//778 855//781 854//779
f 853//778 852//776 850//773
f 850//773 851//775 853//778
f 850//773 848//771 849//772
f 849//772 851//775 850//773
f 848//771 846//767 847//769
f 847//769 849//772 848//771
f 846//767 844//764 845//766
f 845//766 847//769 846//767
f 845//766 844//764 842//762
f 842//762 843//763 845//766
f 842//762 840//759 841//760
f 841//760 843//763 842//762
f 841//760 840//759 838//755
f 838//755 839//757 841//760
f 838//755 836//752 837//754
f 837//754 839//757 838//755
f 837//754 836//752 834//750
f 834//750 835//751 837//754
f 834//750 832//747 833//748
f 833//748 835//751 834//750
f 833//748 832//747 830//744
f 830//744 831//745 833//748
f 831//745 830//744 828//741
f 828//741 829//742 831//745
f 829//742 828//741 826//738
f 826//738 827//739 829//742
f 827//739 826//738 824//735
f 824//735 825//736 827//739
f 825//736 824//735 822//732
f 822//732 823//733 825//736
f 823//733 822//732 820//729
f 820//729 821//730 823//733
f 821//730 820//729 818//726
f 818//726 819//727 821//730
f 818//726 816//722 817//724
f 817//724 819//727 818//726
f 817//724 816//722 813//716
f 813//716 815//720 817//724
f 815//720 813//716 812//719
f 812//719 814//721 815//720
s 16
f 872//806 873//807 874//808
f 872//806 874//808 875//809
f 877//810 878//811 879//812
f 876//813 877//810 879//812
f 452//814 480//815 881//816
f 880//817 452//814 881//816
f 875//809 874//808 882//818
f 875//809 882//818 883//819
f 878//811 884//820 885//821
f 879//812 878//811 885//821
f 480//815 479//822 886//823
f 881//816 480//815 886//823
f 882//818 887//824 888//825
f 883//819 882//818 888//825
f 884//820 889//826 890//827
f 885//821 884//820 890//827
f 479//822 478//828 891//829
f 886//823 479//822 891//829
f 888//825 887//824 892//830
f 888//825 892//830 893//831
f 890//827 889//826 894//832
f 890//827 894//832 895//833
f 478//828 477//834 896//835
f 891//829 478//828 896//835
f 893//831 892//830 897//836
f 893//831 897//836 898//837
f 894//832 899//838 900//839
f 895//833 894//832 900//839
f 477//834 476//840 901//841
f 896//835 477//834 901//841
f 898//837 897//836 902//842
f 898//837 902//842 903//843
f 899//838 904//844 905//845
f 900//839 899//838 905//845
f 476//840 475//846 906//847
f 901//841 476//840 906//847
f 903//843 902//842 907//848
f 903//843 907//848 908//849
f 905//845 904//844 909//850
f 905//845 909//850 910//851
f 475//846 474//852 911//853
f 906//847 475//846 911//853
f 908//849 907//848 912//854
f 908//849 912//854 913//855
f 910//851 909//850 914//856
f 910//851 914//856 915//857
f 474//852 473//858 916//859
f 911//853 474//852 916//859
f 913//855 912//854 917//860
f 913//855 917//860 918//861
f 915//857 914//856 919//862
f 915//857 919//862 920//863
f 916//859 473//858 472//864
f 916//859 472//864 921//865
f 917//860 922//866 923//867
f 918//861 917//860 923//867
f 920//863 919//862 924//868
f 920//863 924//868 925//869
f 921//865 472//864 471//870
f 921//865 471//870 926//871
f 922//866 927//872 928//873
f 923//867 922//866 928//873
f 924//868 929//874 930//875
f 925//869 924//868 930//875
f 471//870 470//876 931//877
f 926//871 471//870 931//877
f 927//872 932//878 933//879
f 928//873 927//872 933//879
f 929//874 934//880 935//881
f 930//875 929//874 935//881
f 470//876 469//882 936//883
f 931//877 470//876 936//883
f 933//879 932//878 937//884
f 933//879 937//884 938//885
f 935//881 934//880 939//886
f 935//881 939//886 940//887
f 936//883 469//882 468//888
f 936//883 468//888 941//889
f 937//884 942//890 943//891
f 938//885 937//884 943//891
f 940//887 939//886 944//892
f 940//887 944//892 945//893
f 941//889 468//888 467//894
f 941//889 467//894 946//895
f 942//890 947//896 948//897
f 943//891 942//890 948//897
f 945//893 944//892 949//898
f 945//893 949//898 950//899
f 946//895 467//894 466//900
f 946//895 466//900 951//901
f 948//897 947//896 952//902
f 948//897 952//902 953//903
f 949//898 954//904 955//905
f 950//899 949//898 955//905
f 951//901 466//900 465//906
f 951//901 465//906 956//907
f 953//903 952//902 957//908
f 953//903 957//908 958//909
f 955//905 954//904 959//910
f 955//905 959//910 960//911
f 465//906 464//912 961//913
f 956//907 465//906 961//913
f 958//909 957//908 962//914
f 958//909 962//914 963//915
f 959//910 964//916 965//917
f 960//911 959//910 965//917
f 464//912 463//918 966//919
f 961//913 464//912 966//919
f 963//915 962//914 967//920
f 963//915 967//920 968//921
f 965//917 964//916 969//922
f 965//917 969//922 970//923
f 966//919 463//918 462//924
f 966//919 462//924 971//925
f 968//921 967//920 972//926
f 968//921 972//926 973//927
f 970//923 969//922 974//928
f 970//923 974//928 975//929
f 971//925 462//924 461//930
f 971//925 461//930 976//931
f 973//927 972//926 977//932
f 973//927 977//932 978//933
f 974//928 979//934 980//935
f 975//929 974//928 980//935
f 461//930 460//936 981//937
f 976//931 461//930 981//937
f 977//932 982//938 983//939
f 978//933 977//932 983//939
f 979//934 984//940 985//941
f 980//935 979//934 985//941
f 460//936 459//942 986//943
f 981//937 460//936 986//943
f 982//938 987//944 988//945
f 983//939 982//938 988//945
f 984//940 989//946 990//947
f 985//941 984//940 990//947
f 986//943 459//942 458//948
f 986//943 458//948 991//949
f 987//944 992//950 993//951
f 988//945 987//944 993//951
f 989//946 994//952 995//953
f 990//947 989//946 995//953
f 991//949 458//948 457//954
f 991//949 457//954 996//955
f 992//950 997//956 998//957
f 993//951 992//950 998//957
f 995//953 994//952 999//958
f 995//953 999//958 1000//959
f 996//955 457//954 456//960
f 996//955 456//960 1001//961
f 997//956 1002//962 1003//963
f 998//957 997//956 1003//963
f 1000//959 999//958 1004//964
f 1000//959 1004//964 1005//965
f 1001//961 456//960 455//966
f 1001//961 455//966 1006//967
f 1002//962 1007//968 1008//969
f 1003//963 1002//962 1008//969
f 1004//964 1009//970 1010//971
f 1005//965 1004//964 1010//971
f 1006//967 455//966 454//972
f 1006//967 454//972 1011//973
f 1007//968 1012//974 1013//975
f 1008//969 1007//968 1013//975
f 1010//971 1009//970 1014//976
f 1010//971 1014//976 1015//977
f 1011//973 454//972 453//978
f 1011//973 453//978 1016//979
f 1012//974 1017//980 1018//981
f 1013//975 1012//974 1018//981
f 1015//977 1014//976 1019//982
f 1015//977 1019//982 1020//983
f 1016//979 453//978 451//984
f 1016//979 451//984 1021//985
f 1017//980 873//807 872//806
f 1018//981 1017//980 872//806
f 1020//983 1019//982 877//810
f 1020//983 877//810 876//813
f 451//984 452//814 880//817
f 1021//985 451//984 880//817
f 1021//985 880//817 877//810
f 1019//982 1021//985 877//810
f 1020//983 876//813 873//807
f 1017//980 1020//983 873//807
f 1014//976 1016//979 1021//985
f 1014//976 1021//985 1019//982
f 1015//977 1020//983 1017//980
f 1012//974 1015//977 1017//980
f 1011//973 1016//979 1014//976
f 1009//970 1011//973 1014//976
f 1007//968 1010//971 1015//977
f 1007//968 1015//977 1012//974
f 1004//964 1006//967 1011//973
f 1004//964 1011//973 1009//970
f 1002//962 1005//965 1010//971
f 1002//962 1010//971 1007//968
f 1001//961 1006//967 1004//964
f 999//958 1001//961 1004//964
f 997//956 1000//959 1005//965
f 997//956 1005//965 1002//962
f 996//955 1001//961 999//958
f 994//952 996//955 999//958
f 992//950 995//953 1000//959
f 992//950 1000//959 997//956
f 991//949 996//955 994//952
f 989//946 991//949 994//952
f 987//944 990//947 995//953
f 987//944 995//953 992//950
f 984//940 986//943 991//949
f 984//940 991//949 989//946
f 982//938 985//941 990//947
f 982//938 990//947 987//944
f 979//934 981//937 986//943
f 979//934 986//943 984//940
f 977//932 980//935 985//941
f 977//932 985//941 982//938
f 976//931 981//937 979//934
f 974//928 976//931 979//934
f 972//926 975//929 980//935
f 972//926 980//935 977//932
f 971//925 976//931 974//928
f 969//922 971//925 974//928
f 967//920 970//923 975//929
f 967//920 975//929 972//926
f 966//919 971//925 969//922
f 964//916 966//919 969//922
f 962//914 965//917 970//923
f 962//914 970//923 967//920
f 961//913 966//919 964//916
f 959//910 961//913 964//916
f 957//908 960//911 965//917
f 957//908 965//917 962//914
f 954//904 956//907 961//913
f 954//904 961//913 959//910
f 955//905 960//911 957//908
f 952//902 955//905 957//908
f 949//898 951//901 956//907
f 949//898 956//907 954//904
f 947//896 950//899 955//905
f 947//896 955//905 952//902
f 946//895 951//901 949//898
f 944//892 946//895 949//898
f 945//893 950//899 947//896
f 942//890 945//893 947//896
f 941//889 946//895 944//892
f 939//886 941//889 944//892
f 940//887 945//893 942//890
f 937//884 940//887 942//890
f 934//880 936//883 941//889
f 934//880 941//889 939//886
f 935//881 940//887 937//884
f 932//878 935//881 937//884
f 929//874 931//877 936//883
f 929//874 936//883 934//880
f 930//875 935//881 932//878
f 927//872 930//875 932//878
f 924//868 926//871 931//877
f 924//868 931//877 929//874
f 925//869 930//875 927//872
f 922//866 925//869 927//872
f 919//862 921//865 926//871
f 919//862 926//871 924//868
f 920//863 925//869 922//866
f 917//860 920//863 922//866
f 916//859 921//865 919//862
f 914//856 916//859 919//862
f 915//857 920//863 917//860
f 912//854 915//857 917//860
f 911//853 916//859 914//856
f 909//850 911//853 914//856
f 910//851 915//857 912//854
f 907//848 910//851 912//854
f 904//844 906//847 911//853
f 904//844 911//853 909//850
f 905//845 910//851 907//848
f 902//842 905//845 907//848
f 899//838 901//841 906//847
f 899//838 906//847 904//844
f 900//839 905//845 902//842
f 897//836 900//839 902//842
f 894//832 896//835 901//841
f 894//832 901//841 899//838
f 895//833 900//839 897//836
f 892//830 895//833 897//836
f 891//829 896//835 894//832
f 889//826 891//829 894//832
f 890//827 895//833 892//830
f 887//824 890//827 892//830
f 884//820 886//823 891//829
f 884//820 891//829 889//826
f 885//821 890//827 887//824
f 882//818 885//821 887//824
f 881//816 886//823 884//820
f 878//811 881//816 884//820
f 874//808 879//812 885//821
f 874//808 885//821 882//818
f 877//810 880//817 881//816
f 877//810 881//816 878//811
f 873//807 876//813 879//812
f 873//807 879//812 874//808
f 484//306 507//374 305//376
f 305//376 308//307 484//306
f 306//375 507//374 1022//986
f 303//987 306//375 1022//986
f 1023//988 484//306 307//305
f 307//305 302//989 1023//988
f 1024//990 1025//991 1026//992
f 1024//990 1026//992 1027//993
f 1026//992 1028//994 1029//995
f 1027//993 1026//992 1029//995
f 1028//994 1030//996 1031//997
f 1029//995 1028//994 1031//997
f 1030//996 1032//998 1033//999
f 1031//997 1030//996 1033//999
f 1032//998 1034//1000 1035//1001
f 1033//999 1032//998 1035//1001
f 1034//1000 1036//1002 1037//1003
f 1035//1001 1034//1000 1037//1003
f 1036//1002 1038//1004 1039//1005
f 1037//1003 1036//1002 1039//1005
f 1039//1005 1038//1004 1040//1006
f 1039//1005 1040//1006 1041//1007
f 1041//1007 1040//1006 1042//1008
f 1041//1007 1042//1008 1043//1009
f 1042//1008 1044//1010 1045//1011
f 1043//1009 1042//1008 1045//1011
f 1045//1011 1044//1010 1046//1012
f 1045//1011 1046//1012 1047//1013
f 1047//1013 1046//1012 1048//1014
f 1047//1013 1048//1014 1049//1015
f 1049//1015 1048//1014 1050//1016
f 1049//1015 1050//1016 1051//1017
f 1050//1016 1052//1018 1053//1019
f 1051//1017 1050//1016 1053//1019
f 1052//1018 1054//1020 1055//1021
f 1053//1019 1052//1018 1055//1021
f 1055//1021 1054//1020 1056//1022
f 1055//1021 1056//1022 1057//1023
f 1057//1023 1056//1022 1058//1024
f 1057//1023 1058//1024 1059//1025
f 1058//1024 1060//1026 1061//1027
f 1059//1025 1058//1024 1061//1027
f 1060//1026 1062//1028 1063//1029
f 1061//1027 1060//1026 1063//1029
f 1062//1028 1064//1030 1065//1031
f 1063//1029 1062//1028 1065//1031
f 1065//1031 1064//1030 1066//1032
f 1065//1031 1066//1032 1067//1033
f 1067//1033 1066//1032 1068//1034
f 1067//1033 1068//1034 1069//1035
f 1068//1034 1070//1036 1071//1037
f 1069//1035 1068//1034 1071//1037
f 1071//1037 1070//1036 1072//1038
f 1071//1037 1072//1038 1073//1039
f 1072//1038 1074//1040 1075//1041
f 1073//1039 1072//1038 1075//1041
f 1075//1041 1074//1040 1076//1042
f 1075//1041 1076//1042 1077//1043
f 1077//1043 1076//1042 1078//1044
f 1077//1043 1078//1044 1079//1045
f 1079//1045 1078//1044 1080//1046
f 1079//1045 1080//1046 1081//1047
f 1080//1046 1082//1048 1083//1049
f 1081//1047 1080//1046 1083//1049
f 1082//1048 1025//991 1024//990
f 1083//1049 1082//1048 1024//990
f 1084//1050 1085//1051 1086//1052
f 1084//1050 1086//1052 1087//1053
f 1087//1053 1086//1052 1088//1054
f 1087//1053 1088//1054 1089//1055
f 1089//1055 1088//1054 1090//1056
f 1089//1055 1090//1056 1091//1057
f 1091//1057 1090//1056 1092//1058
f 1091//1057 1092//1058 1093//1059
f 1092//1058 1094//1060 1095//1061
f 1093//1059 1092//1058 1095//1061
f 1094//1060 1096//1062 1097//1063
f 1095//1061 1094//1060 1097//1063
f 1097//1063 1096//1062 1098//1064
f 1097//1063 1098//1064 1099//1065
f 1098//1064 1100//1066 1101//1067
f 1099//1065 1098//1064 1101//1067
f 1100//1066 1102//1068 1103//1069
f 1101//1067 1100//1066 1103//1069
f 1103//1069 1102//1068 1104//1070
f 1103//1069 1104//1070 1105//1071
f 1104//1070 1106//1072 1107//1073
f 1105//1071 1104//1070 1107//1073
f 1106//1072 1108//1074 1109//1075
f 1107//1073 1106//1072 1109//1075
f 1109//1075 1108//1074 1110//1076
f 1109//1075 1110//1076 1111//1077
f 1110//1076 1112//1078 1113//1079
f 1111//1077 1110//1076 1113//1079
f 1113//1079 1112//1078 1114//1080
f 1113//1079 1114//1080 1115//1081
f 1114//1080 1116//1082 1117//1083
f 1115//1081 1114//1080 1117//1083
f 1117//1083 1116//1082 1118//1084
f 1117//1083 1118//1084 1119//1085
f 1118//1084 1120//1086 1121//1087
f 1119//1085 1118//1084 1121//1087
f 1121//1087 1120//1086 1122//1088
f 1121//1087 1122//1088 1123//1089
f 1123//1089 1122//1088 1124//1090
f 1123//1089 1124//1090 1125//1091
f 1124//1090 1126//1092 1127//1093
f 1125//1091 1124//1090 1127//1093
f 1127//1093 1126//1092 1128//1094
f 1127//1093 1128//1094 1129//1095
f 1129//1095 1128//1094 1130//1096
f 1129//1095 1130//1096 1131//1097
f 1131//1097 1130//1096 1132//1098
f 1131//1097 1132//1098 1133//1099
f 1133//1099 1132//1098 1134//1100
f 1133//1099 1134//1100 1135//1101
f 1135//1101 1134//1100 1136//1102
f 1135//1101 1136//1102 1137//1103
f 1136//1102 1138//1104 1139//1105
f 1137//1103 1136//1102 1139//1105
f 1138//1104 1140//1106 1141//1107
f 1139//1105 1138//1104 1141//1107
f 1140//1106 1142//1108 1143//1109
f 1141//1107 1140//1106 1143//1109
f 1142//1108 1085//1051 1084//1050
f 1143//1109 1142//1108 1084//1050
f 1083//1049 1024//990 1085//1051
f 1142//1108 1083//1049 1085//1051
f 1143//1109 1084//1050 1145//1110
f 1144//1111 1143//1109 1145//1110
f 1140//1106 1081//1047 1083//1049
f 1140//1106 1083//1049 1142//1108
f 1146//1112 1141//1107 1143//1109
f 1146//1112 1143//1109 1144//1111
f 1079//1045 1081//1047 1140//1106
f 1138//1104 1079//1045 1140//1106
f 1147//1113 1139//1105 1141//1107
f 1147//1113 1141//1107 1146//1112
f 1077//1043 1079//1045 1138//1104
f 1136//1102 1077//1043 1138//1104
f 1148//1114 1137//1103 1139//1105
f 1148//1114 1139//1105 1147//1113
f 1075//1041 1077//1043 1136//1102
f 1134//1100 1075//1041 1136//1102
f 1135//1101 1137//1103 1148//1114
f 1149//1115 1135//1101 1148//1114
f 1132//1098 1073//1039 1075//1041
f 1132//1098 1075//1041 1134//1100
f 1150//1116 1133//1099 1135//1101
f 1150//1116 1135//1101 1149//1115
f 1071//1037 1073//1039 1132//1098
f 1130//1096 1071//1037 1132//1098
f 1151//1117 1131//1097 1133//1099
f 1151//1117 1133//1099 1150//1116
f 1128//1094 1069//1035 1071//1037
f 1128//1094 1071//1037 1130//1096
f 1152//1118 1129//1095 1131//1097
f 1152//1118 1131//1097 1151//1117
f 1067//1033 1069//1035 1128//1094
f 1126//1092 1067//1033 1128//1094
f 1153//1119 1127//1093 1129//1095
f 1153//1119 1129//1095 1152//1118
f 1065//1031 1067//1033 1126//1092
f 1124//1090 1065//1031 1126//1092
f 1125//1091 1127//1093 1153//1119
f 1154//1120 1125//1091 1153//1119
f 1122//1088 1063//1029 1065//1031
f 1122//1088 1065//1031 1124//1090
f 1123//1089 1125//1091 1154//1120
f 1155//1121 1123//1089 1154//1120
f 1120//1086 1061//1027 1063//1029
f 1120//1086 1063//1029 1122//1088
f 1121//1087 1123//1089 1155//1121
f 1156//1122 1121//1087 1155//1121
f 1118//1084 1059//1025 1061//1027
f 1118//1084 1061//1027 1120//1086
f 1157//1123 1119//1085 1121//1087
f 1157//1123 1121//1087 1156//1122
f 1057//1023 1059//1025 1118//1084
f 1116//1082 1057//1023 1118//1084
f 1158//1124 1117//1083 1119//1085
f 1158//1124 1119//1085 1157//1123
f 1114//1080 1055//1021 1057//1023
f 1114//1080 1057//1023 1116//1082
f 1115//1081 1117//1083 1158//1124
f 1159//1125 1115//1081 1158//1124
f 1112//1078 1053//1019 1055//1021
f 1112//1078 1055//1021 1114//1080
f 1160//1126 1113//1079 1115//1081
f 1160//1126 1115//1081 1159//1125
f 1110//1076 1051//1017 1053//1019
f 1110//1076 1053//1019 1112//1078
f 1111//1077 1113//1079 1160//1126
f 1161//1127 1111//1077 1160//1126
f 1108//1074 1049//1015 1051//1017
f 1108//1074 1051//1017 1110//1076
f 1109//1075 1111//1077 1161//1127
f 1162//1128 1109//1075 1161//1127
f 1047//1013 1049//1015 1108//1074
f 1106//1072 1047//1013 1108//1074
f 1163//1129 1107//1073 1109//1075
f 1163//1129 1109//1075 1162//1128
f 1045//1011 1047//1013 1106//1072
f 1104//1070 1045//1011 1106//1072
f 1164//1130 1105//1071 1107//1073
f 1164//1130 1107//1073 1163//1129
f 1043//1009 1045//1011 1104//1070
f 1102//1068 1043//1009 1104//1070
f 1165//1131 1103//1069 1105//1071
f 1165//1131 1105//1071 1164//1130
f 1100//1066 1041//1007 1043//1009
f 1100//1066 1043//1009 1102//1068
f 1101//1067 1103//1069 1165//1131
f 1166//1132 1101//1067 1165//1131
f 1039//1005 1041//1007 1100//1066
f 1098//1064 1039//1005 1100//1066
f 1167//1133 1099//1065 1101//1067
f 1167//1133 1101//1067 1166//1132
f 1096//1062 1037//1003 1039//1005
f 1096//1062 1039//1005 1098//1064
f 1097//1063 1099//1065 1167//1133
f 1168//1134 1097//1063 1167//1133
f 1094//1060 1035//1001 1037//1003
f 1094//1060 1037//1003 1096//1062
f 1095//1061 1097//1063 1168//1134
f 1169//1135 1095//1061 1168//1134
f 1092//1058 1033//999 1035//1001
f 1092//1058 1035//1001 1094//1060
f 1170//1136 1093//1059 1095//1061
f 1170//1136 1095//1061 1169//1135
f 1090//1056 1031//997 1033//999
f 1090//1056 1033//999 1092//1058
f 1091//1057 1093//1059 1170//1136
f 1171//1137 1091//1057 1170//1136
f 1029//995 1031//997 1090//1056
f 1088//1054 1029//995 1090//1056
f 1172//1138 1089//1055 1091//1057
f 1172//1138 1091//1057 1171//1137
f 1027//993 1029//995 1088//1054
f 1086//1052 1027//993 1088//1054
f 1087//1053 1089//1055 1172//1138
f 1173//1139 1087//1053 1172//1138
f 1024//990 1027//993 1086//1052
f 1085//1051 1024//990 1086//1052
f 1145//1110 1084//1050 1087//1053
f 1145//1110 1087//1053 1173//1139
f 1174//1140 1145//1110 1173//1139
f 1174//1140 1173//1139 1175//1141
f 1173//1139 1172//1138 1176//1142
f 1175//1141 1173//1139 1176//1142
f 1172//1138 1171//1137 1177//1143
f 1176//1142 1172//1138 1177//1143
f 1177//1143 1171//1137 1170//1136
f 1177//1143 1170//1136 1178//1144
f 1170//1136 1169//1135 1179//1145
f 1178//1144 1170//1136 1179//1145
f 1179//1145 1169//1135 1168//1134
f 1179//1145 1168//1134 1180//1146
f 1180//1146 1168//1134 1167//1133
f 1180//1146 1167//1133 1181//1147
f 1181//1147 1167//1133 1166//1132
f 1181//1147 1166//1132 1182//1148
f 1182//1148 1166//1132 1165//1131
f 1182//1148 1165//1131 1183//1149
f 1183//1149 1165//1131 1164//1130
f 1183//1149 1164//1130 1184//1150
f 1164//1130 1163//1129 1185//1151
f 1184//1150 1164//1130 1185//1151
f 1185//1151 1163//1129 1162//1128
f 1185//1151 1162//1128 1186//1152
f 1186//1152 1162//1128 1161//1127
f 1186//1152 1161//1127 1187//1153
f 1187//1153 1161//1127 1160//1126
f 1187//1153 1160//1126 1188//1154
f 1160//1126 1159//1125 1189//1155
f 1188//1154 1160//1126 1189//1155
f 1159//1125 1158//1124 1190//1156
f 1189//1155 1159//1125 1190//1156
f 1158//1124 1157//1123 1191//1157
f 1190//1156 1158//1124 1191//1157
f 1191//1157 1157//1123 1156//1122
f 1191//1157 1156//1122 1192//1158
f 1156//1122 1155//1121 1193//1159
f 1192//1158 1156//1122 1193//1159
f 1193//1159 1155//1121 1154//1120
f 1193//1159 1154//1120 1194//1160
f 1154//1120 1153//1119 1195//1161
f 1194//1160 1154//1120 1195//1161
f 1153//1119 1152//1118 1196//1162
f 1195//1161 1153//1119 1196//1162
f 1152//1118 1151//1117 1197//1163
f 1196//1162 1152//1118 1197//1163
f 1151//1117 1150//1116 1198//1164
f 1197//1163 1151//1117 1198//1164
f 1150//1116 1149//1115 1199//1165
f 1198//1164 1150//1116 1199//1165
f 1199//1165 1149//1115 1148//1114
f 1199//1165 1148//1114 1200//1166
f 1148//1114 1147//1113 1201//1167
f 1200//1166 1148//1114 1201//1167
f 1201//1167 1147//1113 1146//1112
f 1201//1167 1146//1112 1202//1168
f 1202//1168 1146//1112 1144//1111
f 1202//1168 1144//1111 1203//1169
f 1144//1111 1145//1110 1174//1140
f 1203//1169 1144//1111 1174//1140
f 1204//1170 1203//1169 1174//1140
f 1204//1170 1174//1140 1205//1171
f 1206//1172 1202//1168 1203//1169
f 1206//1172 1203//1169 1204//1170
f 1201//1167 1202//1168 1206//1172
f 1207//1173 1201//1167 1206//1172
f 1208//1174 1200//1166 1201//1167
f 1208//1174 1201//1167 1207//1173
f 1199//1165 1200//1166 1208//1174
f 1209//1175 1199//1165 1208//1174
f 1210//1176 1198//1164 1199//1165
f 1210//1176 1199//1165 1209//1175
f 1197//1163 1198//1164 1210//1176
f 1211//1177 1197//1163 1210//1176
f 1212//1178 1196//1162 1197//1163
f 1212//1178 1197//1163 1211//1177
f 1195//1161 1196//1162 1212//1178
f 1213//1179 1195//1161 1212//1178
f 1194//1160 1195//1161 1213//1179
f 1214//1180 1194//1160 1213//1179
f 1215//1181 1193//1159 1194//1160
f 1215//1181 1194//1160 1214//1180
f 1216//1182 1192//1158 1193//1159
f 1216//1182 1193//1159 1215//1181
f 1217//1183 1191//1157 1192//1158
f 1217//1183 1192//1158 1216//1182
f 1218//1184 1190//1156 1191//1157
f 1218//1184 1191//1157 1217//1183
f 1219//1185 1189//1155 1190//1156
f 1219//1185 1190//1156 1218//1184
f 1188//1154 1189//1155 1219//1185
f 1220//1186 1188//1154 1219//1185
f 1187//1153 1188//1154 1220//1186
f 1221//1187 1187//1153 1220//1186
f 1186//1152 1187//1153 1221//1187
f 1222//1188 1186//1152 1221//1187
f 1185//1151 1186//1152 1222//1188
f 1223//1189 1185//1151 1222//1188
f 1224//1190 1184//1150 1185//1151
f 1224//1190 1185//1151 1223//1189
f 1183//1149 1184//1150 1224//1190
f 1225//1191 1183//1149 1224//1190
f 1226//1192 1182//1148 1183//1149
f 1226//1192 1183//1149 1225//1191
f 1181//1147 1182//1148 1226//1192
f 1227//1193 1181//1147 1226//1192
f 1228//1194 1180//1146 1181//1147
f 1228//1194 1181//1147 1227//1193
f 1179//1145 1180//1146 1228//1194
f 1229//1195 1179//1145 1228//1194
f 1178//1144 1179//1145 1229//1195
f 1230//1196 1178//1144 1229//1195
f 1177//1143 1178//1144 1230//1196
f 1231//1197 1177//1143 1230//1196
f 1176//1142 1177//1143 1231//1197
f 1232//1198 1176//1142 1231//1197
f 1175//1141 1176//1142 1232//1198
f 1233//1199 1175//1141 1232//1198
f 1174//1140 1175//1141 1233//1199
f 1205//1171 1174//1140 1233//1199
f 1234//1200 1205//1171 1233//1199
f 1234//1200 1233//1199 1235//1201
f 1235//1201 1233//1199 1232//1198
f 1235//1201 1232//1198 1236//1202
f 1232//1198 1231//1197 1237//1203
f 1236//1202 1232//1198 1237//1203
f 1237//1203 1231//1197 1230//1196
f 1237//1203 1230//1196 1238//1204
f 1230//1196 1229//1195 1239//1205
f 1238//1204 1230//1196 1239//1205
f 1229//1195 1228//1194 1240//1206
f 1239//1205 1229//1195 1240//1206
f 1240//1206 1228//1194 1227//1193
f 1240//1206 1227//1193 1241//1207
f 1227//1193 1226//1192 1242//1208
f 1241//1207 1227//1193 1242//1208
f 1226//1192 1225//1191 1243//1209
f 1242//1208 1226//1192 1243//1209
f 1225//1191 1224//1190 1244//1210
f 1243//1209 1225//1191 1244//1210
f 1224//1190 1223//1189 1245//1211
f 1244//1210 1224//1190 1245//1211
f 1223//1189 1222//1188 1246//1212
f 1245//1211 1223//1189 1246//1212
f 1246//1212 1222//1188 1221//1187
f 1246//1212 1221//1187 1247//1213
f 1221//1187 1220//1186 1248//1214
f 1247//1213 1221//1187 1248//1214
f 1220//1186 1219//1185 1249//1215
f 1248//1214 1220//1186 1249//1215
f 1249//1215 1219//1185 1218//1184
f 1249//1215 1218//1184 1250//1216
f 1250//1216 1218//1184 1217//1183
f 1250//1216 1217//1183 1251//1217
f 1217//1183 1216//1182 1252//1218
f 1251//1217 1217//1183 1252//1218
f 1252//1218 1216//1182 1215//1181
f 1252//1218 1215//1181 1253//1219
f 1253//1219 1215//1181 1214//1180
f 1253//1219 1214//1180 1254//1220
f 1254//1220 1214//1180 1213//1179
f 1254//1220 1213//1179 1255//1221
f 1255//1221 1213//1179 1212//1178
f 1255//1221 1212//1178 1256//1222
f 1256//1222 1212//1178 1211//1177
f 1256//1222 1211//1177 1257//1223
f 1257//1223 1211//1177 1210//1176
f 1257//1223 1210//1176 1258//1224
f 1210//1176 1209//1175 1259//1225
f 1258//1224 1210//1176 1259//1225
f 1259//1225 1209//1175 1208//1174
f 1259//1225 1208//1174 1260//1226
f 1208//1174 1207//1173 1261//1227
f 1260//1226 1208//1174 1261//1227
f 1261//1227 1207//1173 1206//1172
f 1261//1227 1206//1172 1262//1228
f 1206//1172 1204//1170 1263//1229
f 1262//1228 1206//1172 1263//1229
f 1204//1170 1205//1171 1234//1200
f 1263//1229 1204//1170 1234//1200
f 1263//1229 1234//1200 1265//1230
f 1264//1231 1263//1229 1265//1230
f 1262//1228 1263//1229 1264//1231
f 1266//1232 1262//1228 1264//1231
f 1267//1233 1261//1227 1262//1228
f 1267//1233 1262//1228 1266//1232
f 1260//1226 1261//1227 1267//1233
f 1268//1234 1260//1226 1267//1233
f 1269//1235 1259//1225 1260//1226
f 1269//1235 1260//1226 1268//1234
f 1258//1224 1259//1225 1269//1235
f 1270//1236 1258//1224 1269//1235
f 1257//1223 1258//1224 1270//1236
f 1271//1237 1257//1223 1270//1236
f 1256//1222 1257//1223 1271//1237
f 1272//1238 1256//1222 1271//1237
f 1273//1239 1255//1221 1256//1222
f 1273//1239 1256//1222 1272//1238
f 1274//1240 1254//1220 1255//1221
f 1274//1240 1255//1221 1273//1239
f 1253//1219 1254//1220 1274//1240
f 1275//1241 1253//1219 1274//1240
f 1276//1242 1252//1218 1253//1219
f 1276//1242 1253//1219 1275//1241
f 1251//1217 1252//1218 1276//1242
f 1277//1243 1251//1217 1276//1242
f 1250//1216 1251//1217 1277//1243
f 1278//1244 1250//1216 1277//1243
f 1279//1245 1249//1215 1250//1216
f 1279//1245 1250//1216 1278//1244
f 1248//1214 1249//1215 1279//1245
f 1280//1246 1248//1214 1279//1245
f 1281//1247 1247//1213 1248//1214
f 1281//1247 1248//1214 1280//1246
f 1282//1248 1246//1212 1247//1213
f 1282//1248 1247//1213 1281//1247
f 1245//1211 1246//1212 1282//1248
f 1283//1249 1245//1211 1282//1248
f 1284//1250 1244//1210 1245//1211
f 1284//1250 1245//1211 1283//1249
f 1243//1209 1244//1210 1284//1250
f 1285//1251 1243//1209 1284//1250
f 1286//1252 1242//1208 1243//1209
f 1286//1252 1243//1209 1285//1251
f 1287//1253 1241//1207 1242//1208
f 1287//1253 1242//1208 1286//1252
f 1288//1254 1240//1206 1241//1207
f 1288//1254 1241//1207 1287//1253
f 1289//1255 1239//1205 1240//1206
f 1289//1255 1240//1206 1288//1254
f 1238//1204 1239//1205 1289//1255
f 1290//1256 1238//1204 1289//1255
f 1291//1257 1237//1203 1238//1204
f 1291//1257 1238//1204 1290//1256
f 1236//1202 1237//1203 1291//1257
f 1292//1258 1236//1202 1291//1257
f 1293//1259 1235//1201 1236//1202
f 1293//1259 1236//1202 1292//1258
f 1265//1230 1234//1200 1235//1201
f 1265//1230 1235//1201 1293//1259
f 1265//1230 1293//1259 1295//1260
f 1294//1261 1265//1230 1295//1260
f 1295//1260 1293//1259 1292//1258
f 1295//1260 1292//1258 1296//1262
f 1292//1258 1291//1257 1297//1263
f 1296//1262 1292//1258 1297//1263
f 1297//1263 1291//1257 1290//1256
f 1297//1263 1290//1256 1298//1264
f 1290//1256 1289//1255 1299//1265
f 1298//1264 1290//1256 1299//1265
f 1289//1255 1288//1254 1300//1266
f 1299//1265 1289//1255 1300//1266
f 1300//1266 1288//1254 1287//1253
f 1300//1266 1287//1253 1301//1267
f 1287//1253 1286//1252 1302//1268
f 1301//1267 1287//1253 1302//1268
f 1302//1268 1286//1252 1285//1251
f 1302//1268 1285//1251 1303//1269
f 1285//1251 1284//1250 1304//1270
f 1303//1269 1285//1251 1304//1270
f 1304//1270 1284//1250 1283//1249
f 1304//1270 1283//1249 1305//1271
f 1283//1249 1282//1248 1306//1272
f 1305//1271 1283//1249 1306//1272
f 1306//1272 1282//1248 1281//1247
f 1306//1272 1281//1247 1307//1273
f 1281//1247 1280//1246 1308//1274
f 1307//1273 1281//1247 1308//1274
f 1308//1274 1280//1246 1279//1245
f 1308//1274 1279//1245 1309//1275
f 1279//1245 1278//1244 1310//1276
f 1309//1275 1279//1245 1310//1276
f 1310//1276 1278//1244 1277//1243
f 1310//1276 1277//1243 1311//1277
f 1277//1243 1276//1242 1312//1278
f 1311//1277 1277//1243 1312//1278
f 1312//1278 1276//1242 1275//1241
f 1312//1278 1275//1241 1313//1279
f 1275//1241 1274//1240 1314//1280
f 1313//1279 1275//1241 1314//1280
f 1314//1280 1274//1240 1273//1239
f 1314//1280 1273//1239 1315//1281
f 1273//1239 1272//1238 1316//1282
f 1315//1281 1273//1239 1316//1282
f 1316//1282 1272//1238 1271//1237
f 1316//1282 1271//1237 1317//1283
f 1271//1237 1270//1236 1318//1284
f 1317//1283 1271//1237 1318//1284
f 1318//1284 1270//1236 1269//1235
f 1318//1284 1269//1235 1319//1285
f 1319//1285 1269//1235 1268//1234
f 1319//1285 1268//1234 1320//1286
f 1320//1286 1268//1234 1267//1233
f 1320//1286 1267//1233 1321//1287
f 1321//1287 1267//1233 1266//1232
f 1321//1287 1266//1232 1322//1288
f 1266//1232 1264//1231 1323//1289
f 1322//1288 1266//1232 1323//1289
f 1323//1289 1264//1231 1265//1230
f 1323//1289 1265//1230 1294//1261
f 1323//1289 1294//1261 1324//1290
f 1322//1288 1323//1289 1324//1290
f 1321//1287 1322//1288 1324//1290
f 1320//1286 1321//1287 1324//1290
f 1319//1285 1320//1286 1324//1290
f 1318//1284 1319//1285 1324//1290
f 1317//1283 1318//1284 1324//1290
f 1316//1282 1317//1283 1324//1290
f 1315//1281 1316//1282 1324//1290
f 1314//1280 1315//1281 1324//1290
f 1313//1279 1314//1280 1324//1290
f 1312//1278 1313//1279 1324//1290
f 1311//1277 1312//1278 1324//1290
f 1310//1276 1311//1277 1324//1290
f 1309//1275 1310//1276 1324//1290
f 1308//1274 1309//1275 1324//1290
f 1307//1273 1308//1274 1324//1290
f 1306//1272 1307//1273 1324//1290
f 1305//1271 1306//1272 1324//1290
f 1304//1270 1305//1271 1324//1290
f 1303//1269 1304//1270 1324//1290
f 1302//1268 1303//1269 1324//1290
f 1301//1267 1302//1268 1324//1290
f 1300//1266 1301//1267 1324//1290
f 1299//1265 1300//1266 1324//1290
f 1298//1264 1299//1265 1324//1290
f 1297//1263 1298//1264 1324//1290
f 1296//1262 1297//1263 1324//1290
f 1295//1260 1296//1262 1324//1290
f 1294//1261 1295//1260 1324//1290
f 978//933 983//939 496//341
f 496//341 495//339 978//933
f 1326//1291 1068//1034 1066//1032
f 1325//1292 1326//1291 1066//1032
f 968//921 973//927 497//344
f 497//344 494//336 968//921
f 1328//1293 1064//1030 1062//1028
f 1327//1294 1328//1293 1062//1028
f 958//909 963//915 498//347
f 498//347 493//333 958//909
f 1330//1295 1060//1026 1058//1024
f 1329//1296 1330//1295 1058//1024
f 948//897 953//903 499//350
f 499//350 492//330 948//897
f 1332//1297 1056//1022 1054//1020
f 1331//1298 1332//1297 1054//1020
f 938//885 943//891 500//353
f 500//353 491//327 938//885
f 1052//1018 1050//1016 1333//1299
f 1333//1299 1334//1300 1052//1018
f 928//873 933//879 501//356
f 501//356 490//324 928//873
f 1048//1014 1046//1012 1335//1301
f 1335//1301 1336//1302 1048//1014
f 489//321 918//861 923//867
f 502//359 489//321 923//867
f 1044//1010 1042//1008 1337//1303
f 1337//1303 1338//1304 1044//1010
f 488//318 908//849 913//855
f 503//362 488//318 913//855
f 1340//1305 1040//1006 1038//1004
f 1339//1306 1340//1305 1038//1004
f 898//837 903//843 504//365
f 504//365 487//315 898//837
f 1342//1307 1036//1002 1034//1000
f 1341//1308 1342//1307 1034//1000
f 486//312 888//825 893//831
f 505//368 486//312 893//831
f 1032//998 1030//996 1343//1309
f 1343//1309 1344//1310 1032//998
f 485//309 875//809 883//819
f 506//371 485//309 883//819
f 1346//1311 1028//994 1026//992
f 1345//1312 1346//1311 1026//992
f 484//306 1018//981 872//806
f 507//374 484//306 872//806
f 1022//986 1025//991 1082//1048
f 1023//988 1022//986 1082//1048
f 1008//969 1013//975 508//377
f 508//377 483//303 1008//969
f 1080//1046 1078//1044 1347//1313
f 1347//1313 1348//1314 1080//1046
f 482//300 998//957 1003//963
f 509//380 482//300 1003//963
f 1076//1042 1074//1040 1349//1315
f 1349//1315 1350//1316 1076//1042
f 481//297 988//945 993//951
f 510//383 481//297 993//951
f 1072//1038 1070//1036 1351//1317
f 1351//1317 1352//1318 1072//1038
f 1080//1046 1013//975 1018//981
f 1080//1046 1018//981 1082//1048
f 1076//1042 1003//963 1008//969
f 1076//1042 1008//969 1078//1044
f 1072//1038 993//951 998//957
f 1072//1038 998//957 1074//1040
f 983//939 988//945 1070//1036
f 1068//1034 983//939 1070//1036
f 973//927 978//933 1066//1032
f 1064//1030 973//927 1066//1032
f 963//915 968//921 1062//1028
f 1060//1026 963//915 1062//1028
f 953//903 958//909 1058//1024
f 1056//1022 953//903 1058//1024
f 1052//1018 943//891 948//897
f 1052//1018 948//897 1054//1020
f 933//879 938//885 1050//1016
f 1048//1014 933//879 1050//1016
f 1044//1010 923//867 928//873
f 1044//1010 928//873 1046//1012
f 913//855 918//861 1042//1008
f 1040//1006 913//855 1042//1008
f 1036//1002 903//843 908//849
f 1036//1002 908//849 1038//1004
f 893//831 898//837 1034//1000
f 1032//998 893//831 1034//1000
f 1028//994 883//819 888//825
f 1028//994 888//825 1030//996
f 872//806 875//809 1026//992
f 1025//991 872//806 1026//992
f 510//383 993//951 1072//1038
f 1352//1318 510//383 1072//1038
f 1070//1036 988//945 481//297
f 481//297 1351//1317 1070//1036
f 509//380 1003//963 1076//1042
f 1350//1316 509//380 1076//1042
f 1074//1040 998//957 482//300
f 482//300 1349//1315 1074//1040
f 508//377 1013//975 1080//1046
f 1348//1314 508//377 1080//1046
f 1078//1044 1008//969 483//303
f 483//303 1347//1313 1078//1044
f 507//374 872//806 1025//991
f 1022//986 507//374 1025//991
f 1082//1048 1018//981 484//306
f 484//306 1023//988 1082//1048
f 506//371 883//819 1028//994
f 1346//1311 506//371 1028//994
f 1026//992 875//809 485//309
f 485//309 1345//1312 1026//992
f 505//368 893//831 1032//998
f 1344//1310 505//368 1032//998
f 1030//996 888//825 486//312
f 486//312 1343//1309 1030//996
f 504//365 903//843 1036//1002
f 1342//1307 504//365 1036//1002
f 1034//1000 898//837 487//315
f 487//315 1341//1308 1034//1000
f 503//362 913//855 1040//1006
f 1340//1305 503//362 1040//1006
f 1038//1004 908//849 488//318
f 488//318 1339//1306 1038//1004
f 502//359 923//867 1044//1010
f 1338//1304 502//359 1044//1010
f 1042//1008 918//861 489//321
f 489//321 1337//1303 1042//1008
f 501//356 933//879 1048//1014
f 1336//1302 501//356 1048//1014
f 1046//1012 928//873 490//324
f 490//324 1335//1301 1046//1012
f 500//353 943//891 1052//1018
f 1334//1300 500//353 1052//1018
f 1050//1016 938//885 491//327
f 491//327 1333//1299 1050//1016
f 499//350 953//903 1056//1022
f 1332//1297 499//350 1056//1022
f 1054//1020 948//897 492//330
f 492//330 1331//1298 1054//1020
f 498//347 963//915 1060//1026
f 1330//1295 498//347 1060//1026
f 1058//1024 958//909 493//333
f 493//333 1329//1296 1058//1024
f 497//344 973//927 1064//1030
f 1328//1293 497//344 1064//1030
f 1062//1028 968//921 494//336
f 494//336 1327//1294 1062//1028
f 496//341 983//939 1068//1034
f 1326//1291 496//341 1068//1034
f 1066//1032 978//933 495//339
f 495//339 1325//1292 1066//1032
f 316//304 483//303 508//377
f 313//379 316//304 508//377
f 314//378 508//377 1348//1314
f 311//1319 314//378 1348//1314
f 1347//1313 483//303 315//302
f 315//302 310//1320 1347//1313
f 324//301 482//300 509//380
f 321//382 324//301 509//380
f 322//381 509//380 1350//1316
f 319//1321 322//381 1350//1316
f 1349//1315 482//300 323//299
f 323//299 318//1322 1349//1315
f 481//297 510//383 329//385
f 329//385 332//298 481//297
f 330//384 510//383 1352//1318
f 327//1323 330//384 1352//1318
f 1351//1317 481//297 331//296
f 331//296 326//1324 1351//1317
f 495//339 496//341 337//343
f 337//343 340//340 495//339
f 338//342 496//341 1326//1291
f 335//1325 338//342 1326//1291
f 1325//1292 495//339 339//338
f 339//338 334//1326 1325//1292
f 348//337 494//336 497//344
f 345//346 348//337 497//344
f 346//345 497//344 1328//1293
f 343//1327 346//345 1328//1293
f 1327//1294 494//336 347//335
f 347//335 342//1328 1327//1294
f 493//333 498//347 353//349
f 353//349 356//334 493//333
f 354//348 498//347 1330//1295
f 351//1329 354//348 1330//1295
f 1329//1296 493//333 355//332
f 355//332 350//1330 1329//1296
f 364//331 492//330 499//350
f 361//352 364//331 499//350
f 362//351 499//350 1332//1297
f 359//1331 362//351 1332//1297
f 1331//1298 492//330 363//329
f 363//329 358//1332 1331//1298
f 372//328 491//327 500//353
f 369//355 372//328 500//353
f 370//354 500//353 1334//1300
f 367//1333 370//354 1334//1300
f 1333//1299 491//327 371//326
f 371//326 366//1334 1333//1299
f 490//324 501//356 377//358
f 377//358 380//325 490//324
f 378//357 501//356 1336//1302
f 375//1335 378//357 1336//1302
f 1335//1301 490//324 379//323
f 379//323 374//1336 1335//1301
f 489//321 502//359 385//361
f 385//361 388//322 489//321
f 386//360 502//359 1338//1304
f 383//1337 386//360 1338//1304
f 1337//1303 489//321 387//320
f 387//320 382//1338 1337//1303
f 488//318 503//362 393//364
f 393//364 396//319 488//318
f 394//363 503//362 1340//1305
f 391//1339 394//363 1340//1305
f 1339//1306 488//318 395//317
f 395//317 390//1340 1339//1306
f 404//316 487//315 504//365
f 401//367 404//316 504//365
f 402//366 504//365 1342//1307
f 399//1341 402//366 1342//1307
f 1341//1308 487//315 403//314
f 403//314 398//1342 1341//1308
f 486//312 505//368 409//370
f 409//370 412//313 486//312
f 410//369 505//368 1344//1310
f 407//1343 410//369 1344//1310
f 1343//1309 486//312 411//311
f 411//311 406//1344 1343//1309
f 485//309 506//371 417//373
f 417//373 420//310 485//309
f 418//372 506//371 1346//1311
f 415//1345 418//372 1346//1311
f 1345//1312 485//309 419//308
f 419//308 414//1346 1345//1312
f 1326//1291 336//1347 335//1325
f 1325//1292 334//1326 333//1348
f 1326//1291 1325//1292 333//1348
f 333//1348 336//1347 1326//1291
f 1328//1293 344//1349 343//1327
f 1327//1294 342//1328 341//1350
f 344//1349 1328//1293 1327//1294
f 341//1350 344//1349 1327//1294
f 1330//1295 352//1351 351//1329
f 1329//1296 350//1330 349//1352
f 1330//1295 1329//1296 349//1352
f 349//1352 352//1351 1330//1295
f 1332//1297 360//1353 359//1331
f 1331//1298 358//1332 357//1354
f 1332//1297 1331//1298 357//1354
f 357//1354 360//1353 1332//1297
f 1334//1300 368//1355 367//1333
f 1333//1299 366//1334 365//1356
f 1334//1300 1333//1299 365//1356
f 365//1356 368//1355 1334//1300
f 1336//1302 376//1357 375//1335
f 1335//1301 374//1336 373//1358
f 376//1357 1336//1302 1335//1301
f 373//1358 376//1357 1335//1301
f 1338//1304 384//1359 383//1337
f 1337//1303 382//1338 381//1360
f 384//1359 1338//1304 1337//1303
f 381//1360 384//1359 1337//1303
f 1340//1305 392//1361 391//1339
f 1339//1306 390//1340 389//1362
f 1340//1305 1339//1306 389//1362
f 389//1362 392//1361 1340//1305
f 1342//1307 400//1363 399//1341
f 1341//1308 398//1342 397//1364
f 1342//1307 1341//1308 397//1364
f 397//1364 400//1363 1342//1307
f 1344//1310 408//1365 407//1343
f 1343//1309 406//1344 405//1366
f 1344//1310 1343//1309 405//1366
f 405//1366 408//1365 1344//1310
f 1346//1311 416//1367 415//1345
f 1345//1312 414//1346 413//1368
f 1346//1311 1345//1312 413//1368
f 413//1368 416//1367 1346//1311
f 1022//986 304//1369 303//987
f 1023//988 302//989 301//1370
f 304//1369 1022//986 1023//988
f 301//1370 304//1369 1023//988
f 1348//1314 312//1371 311//1319
f 1347//1313 310//1320 309//1372
f 312//1371 1348//1314 1347//1313
f 309//1372 312//1371 1347//1313
f 1350//1316 320//1373 319//1321
f 1349//1315 318//1322 317//1374
f 320//1373 1350//1316 1349//1315
f 317//1374 320//1373 1349//1315
f 1352//1318 328//1375 327//1323
f 1351//1317 326//1324 325//1376
f 1352//1318 1351//1317 325//1376
f 325//1376 328//1375 1352//1318
s 20
g llanta_trasera_derecha_rubber
usemtl rubber
f 1356//1377 1353//1378 1354//1379
f 1354//1379 1355//1380 1356//1377
f 1359//1381 1360//1382 1357//1383
f 1357//1383 1358//1384 1359//1381
f 1363//1385 1364//1386 1361//1387
f 1361//1387 1362//1388 1363//1385
f 1366//1389 1356//1377 1355//1380
f 1355//1380 1365//1390 1366//1389
f 1367//1391 1368//1392 1360//1382
f 1360//1382 1359//1381 1367//1391
f 1369//1393 1370//1394 1364//1386
f 1364//1386 1363//1385 1369//1393
f 1371//1395 1372//1396 1366//1389
f 1366//1389 1365//1390 1371//1395
f 1374//1397 1368//1392 1367//1391
f 1367//1391 1373//1398 1374//1397
f 1376//1399 1370//1394 1369//1393
f 1369//1393 1375//1400 1376//1399
f 1377//1401 1378//1402 1372//1396
f 1372//1396 1371//1395 1377//1401
f 1379//1403 1380//1404 1374//1397
f 1374//1397 1373//1398 1379//1403
f 1381//1405 1382//1406 1376//1399
f 1376//1399 1375//1400 1381//1405
f 1383//1407 1384//1408 1378//1402
f 1378//1402 1377//1401 1383//1407
f 1385//1409 1386//1410 1380//1404
f 1380//1404 1379//1403 1385//1409
f 1388//1411 1382//1406 1381//1405
f 1381//1405 1387//1412 1388//1411
f 1389//1413 1390//1414 1384//1408
f 1384//1408 1383//1407 1389//1413
f 1392//1415 1386//1410 1385//1409
f 1385//1409 1391//1416 1392//1415
f 1393//1417 1394//1418 1388//1411
f 1388//1411 1387//1412 1393//1417
f 1395//1419 1396//1420 1390//1414
f 1390//1414 1389//1413 1395//1419
f 1398//1421 1392//1415 1391//1416
f 1391//1416 1397//1422 1398//1421
f 1400//1423 1394//1418 1393//1417
f 1393//1417 1399//1424 1400//1423
f 1401//1425 1402//1426 1396//1420
f 1396//1420 1395//1419 1401//1425
f 1404//1427 1398//1421 1397//1422
f 1397//1422 1403//1428 1404//1427
f 1406//1429 1400//1423 1399//1424
f 1399//1424 1405//1430 1406//1429
f 1408//1431 1402//1426 1401//1425
f 1401//1425 1407//1432 1408//1431
f 1410//1433 1404//1427 1403//1428
f 1403//1428 1409//1434 1410//1433
f 1412//1435 1406//1429 1405//1430
f 1405//1430 1411//1436 1412//1435
f 1414//1437 1408//1431 1407//1432
f 1407//1432 1413//1438 1414//1437
f 1415//1439 1416//1440 1410//1433
f 1410//1433 1409//1434 1415//1439
f 1417//1441 1418//1442 1412//1435
f 1412//1435 1411//1436 1417//1441
f 1420//1443 1414//1437 1413//1438
f 1413//1438 1419//1444 1420//1443
f 1421//1445 1422//1446 1416//1440
f 1416//1440 1415//1439 1421//1445
f 1423//1447 1424//1448 1418//1442
f 1418//1442 1417//1441 1423//1447
f 1426//1449 1420//1443 1419//1444
f 1419//1444 1425//1450 1426//1449
f 1428//1451 1422//1446 1421//1445
f 1421//1445 1427//1452 1428//1451
f 1429//1453 1430//1454 1424//1448
f 1424//1448 1423//1447 1429//1453
f 1432//1455 1426//1449 1425//1450
f 1425//1450 1431//1456 1432//1455
f 1433//1457 1434//1458 1428//1451
f 1428//1451 1427//1452 1433//1457
f 1435//1459 1436//1460 1430//1454
f 1430//1454 1429//1453 1435//1459
f 1438//1461 1432//1455 1431//1456
f 1431//1456 1437//1462 1438//1461
f 1440//1463 1434//1458 1433//1457
f 1433//1457 1439//1464 1440//1463
f 1442//1465 1436//1460 1435//1459
f 1435//1459 1441//1466 1442//1465
f 1443//1467 1444//1468 1438//1461
f 1438//1461 1437//1462 1443//1467
f 1446//1469 1440//1463 1439//1464
f 1439//1464 1445//1470 1446//1469
f 1448//1471 1442//1465 1441//1466
f 1441//1466 1447//1472 1448//1471
f 1450//1473 1444//1468 1443//1467
f 1443//1467 1449//1474 1450//1473
f 1451//1475 1452//1476 1446//1469
f 1446//1469 1445//1470 1451//1475
f 1453//1477 1454//1478 1448//1471
f 1448//1471 1447//1472 1453//1477
f 1456//1479 1450//1473 1449//1474
f 1449//1474 1455//1480 1456//1479
f 1458//1481 1452//1476 1451//1475
f 1451//1475 1457//1482 1458//1481
f 1460//1483 1454//1478 1453//1477
f 1453//1477 1459//1484 1460//1483
f 1462//1485 1456//1479 1455//1480
f 1455//1480 1461//1486 1462//1485
f 1464//1487 1458//1481 1457//1482
f 1457//1482 1463//1488 1464//1487
f 1466//1489 1460//1483 1459//1484
f 1459//1484 1465//1490 1466//1489
f 1467//1491 1468//1492 1462//1485
f 1462//1485 1461//1486 1467//1491
f 1469//1493 1470//1494 1464//1487
f 1464//1487 1463//1488 1469//1493
f 1472//1495 1466//1489 1465//1490
f 1465//1490 1471//1496 1472//1495
f 1473//1497 1474//1498 1468//1492
f 1468//1492 1467//1491 1473//1497
f 1476//1499 1470//1494 1469//1493
f 1469//1493 1475//1500 1476//1499
f 1478//1501 1472//1495 1471//1496
f 1471//1496 1477//1502 1478//1501
f 1479//1503 1480//1504 1474//1498
f 1474//1498 1473//1497 1479//1503
f 1482//1505 1476//1499 1475//1500
f 1475//1500 1481//1506 1482//1505
f 1484//1507 1478//1501 1477//1502
f 1477//1502 1483//1508 1484//1507
f 1485//1509 1486//1510 1480//1504
f 1480//1504 1479//1503 1485//1509
f 1487//1511 1488//1512 1482//1505
f 1482//1505 1481//1506 1487//1511
f 1489//1513 1490//1514 1484//1507
f 1484//1507 1483//1508 1489//1513
f 1492//1515 1486//1510 1485//1509
f 1485//1509 1491//1516 1492//1515
f 1493//1517 1494//1518 1488//1512
f 1488//1512 1487//1511 1493//1517
f 1495//1519 1496//1520 1490//1514
f 1490//1514 1489//1513 1495//1519
f 1498//1521 1492//1515 1491//1516
f 1491//1516 1497//1522 1498//1521
f 1499//1523 1500//1524 1494//1518
f 1494//1518 1493//1517 1499//1523
f 1501//1435 1502//1525 1496//1520
f 1496//1520 1495//1519 1501//1435
f 1504//1526 1498//1521 1497//1522
f 1497//1522 1503//1527 1504//1526
f 1505//1528 1506//1529 1500//1524
f 1500//1524 1499//1523 1505//1528
f 1508//1530 1502//1525 1501//1435
f 1501//1435 1507//1531 1508//1530
f 1510//1532 1504//1526 1503//1527
f 1503//1527 1509//1533 1510//1532
f 1512//1534 1506//1529 1505//1528
f 1505//1528 1511//1535 1512//1534
f 1513//1536 1514//1537 1508//1530
f 1508//1530 1507//1531 1513//1536
f 1516//1538 1510//1532 1509//1533
f 1509//1533 1515//1539 1516//1538
f 1518//1540 1512//1534 1511//1535
f 1511//1535 1517//1541 1518//1540
f 1520//1542 1514//1537 1513//1536
f 1513//1536 1519//1543 1520//1542
f 1522//1544 1516//1538 1515//1539
f 1515//1539 1521//1545 1522//1544
f 1523//1546 1524//1547 1518//1540
f 1518//1540 1517//1541 1523//1546
f 1525//1548 1526//1549 1520//1542
f 1520//1542 1519//1543 1525//1548
f 1527//1550 1528//1551 1522//1544
f 1522//1544 1521//1545 1527//1550
f 1529//1552 1530//1553 1524//1547
f 1524//1547 1523//1546 1529//1552
f 1532//1554 1526//1549 1525//1548
f 1525//1548 1531//1555 1532//1554
f 1354//1379 1353//1378 1528//1551
f 1528//1551 1527//1550 1354//1379
f 1358//1384 1357//1383 1530//1553
f 1530//1553 1529//1552 1358//1384
f 1361//1387 1532//1554 1531//1555
f 1531//1555 1362//1388 1361//1387
f 1362//1388 1531//1555 1533//1556
f 1533//1556 1534//1557 1362//1388
f 1361//1387 1358//1384 1529//1552
f 1529//1552 1532//1554 1361//1387
f 1357//1383 1354//1379 1527//1550
f 1527//1550 1530//1553 1357//1383
f 1533//1556 1531//1555 1525//1548
f 1525//1548 1535//1558 1533//1556
f 1532//1554 1529//1552 1523//1546
f 1523//1546 1526//1549 1532//1554
f 1527//1550 1521//1545 1524//1547
f 1524//1547 1530//1553 1527//1550
f 1535//1558 1525//1548 1519//1543
f 1519//1543 1536//1559 1535//1558
f 1523//1546 1517//1541 1520//1542
f 1520//1542 1526//1549 1523//1546
f 1524//1547 1521//1545 1515//1539
f 1515//1539 1518//1540 1524//1547
f 1536//1559 1519//1543 1513//1536
f 1513//1536 1537//1560 1536//1559
f 1517//1541 1511//1535 1514//1537
f 1514//1537 1520//1542 1517//1541
f 1518//1540 1515//1539 1509//1533
f 1509//1533 1512//1534 1518//1540
f 1537//1560 1513//1536 1507//1531
f 1507//1531 1538//1561 1537//1560
f 1514//1537 1511//1535 1505//1528
f 1505//1528 1508//1530 1514//1537
f 1512//1534 1509//1533 1503//1527
f 1503//1527 1506//1529 1512//1534
f 1507//1531 1501//1435 1539//1562
f 1539//1562 1538//1561 1507//1531
f 1508//1530 1505//1528 1499//1523
f 1499//1523 1502//1525 1508//1530
f 1503//1527 1497//1522 1500//1524
f 1500//1524 1506//1529 1503//1527
f 1539//1562 1501//1435 1495//1519
f 1495//1519 1540//1563 1539//1562
f 1499//1523 1493//1517 1496//1520
f 1496//1520 1502//1525 1499//1523
f 1497//1522 1491//1516 1494//1518
f 1494//1518 1500//1524 1497//1522
f 1540//1563 1495//1519 1489//1513
f 1489//1513 1541//1564 1540//1563
f 1493//1517 1487//1511 1490//1514
f 1490//1514 1496//1520 1493//1517
f 1494//1518 1491//1516 1485//1509
f 1485//1509 1488//1512 1494//1518
f 1489//1513 1483//1508 1542//1565
f 1542//1565 1541//1564 1489//1513
f 1487//1511 1481//1506 1484//1507
f 1484//1507 1490//1514 1487//1511
f 1488//1512 1485//1509 1479//1503
f 1479//1503 1482//1505 1488//1512
f 1542//1565 1483//1508 1477//1502
f 1477//1502 1543//1566 1542//1565
f 1484//1507 1481//1506 1475//1500
f 1475//1500 1478//1501 1484//1507
f 1479//1503 1473//1497 1476//1499
f 1476//1499 1482//1505 1479//1503
f 1477//1502 1471//1496 1544//1567
f 1544//1567 1543//1566 1477//1502
f 1478//1501 1475//1500 1469//1493
f 1469//1493 1472//1495 1478//1501
f 1473//1497 1467//1491 1470//1494
f 1470//1494 1476//1499 1473//1497
f 1471//1496 1465//1490 1545//1568
f 1545//1568 1544//1567 1471//1496
f 1472//1495 1469//1493 1463//1488
f 1463//1488 1466//1489 1472//1495
f 1467//1491 1461//1486 1464//1487
f 1464//1487 1470//1494 1467//1491
f 1545//1568 1465//1490 1459//1484
f 1459//1484 1546//1569 1545//1568
f 1463//1488 1457//1482 1460//1483
f 1460//1483 1466//1489 1463//1488
f 1461//1486 1455//1480 1458//1481
f 1458//1481 1464//1487 1461//1486
f 1459//1484 1453//1477 1547//1570
f 1547//1570 1546//1569 1459//1484
f 1457//1482 1451//1475 1454//1478
f 1454//1478 1460//1483 1457//1482
f 1458//1481 1455//1480 1449//1474
f 1449//1474 1452//1476 1458//1481
f 1547//1570 1453//1477 1447//1472
f 1447//1472 1548//1571 1547//1570
f 1454//1478 1451//1475 1445//1470
f 1445//1470 1448//1471 1454//1478
f 1452//1476 1449//1474 1443//1467
f 1443//1467 1446//1469 1452//1476
f 1447//1472 1441//1466 1549//1572
f 1549//1572 1548//1571 1447//1472
f 1445//1470 1439//1464 1442//1465
f 1442//1465 1448//1471 1445//1470
f 1446//1469 1443//1467 1437//1462
f 1437//1462 1440//1463 1446//1469
f 1549//1572 1441//1466 1435//1459
f 1435//1459 1550//1573 1549//1572
f 1442//1465 1439//1464 1433//1457
f 1433//1457 1436//1460 1442//1465
f 1440//1463 1437//1462 1431//1456
f 1431//1456 1434//1458 1440//1463
f 1435//1459 1429//1453 1551//1574
f 1551//1574 1550//1573 1435//1459
f 1436//1460 1433//1457 1427//1452
f 1427//1452 1430//1454 1436//1460
f 1434//1458 1431//1456 1425//1450
f 1425//1450 1428//1451 1434//1458
f 1551//1574 1429//1453 1423//1447
f 1423//1447 1552//1575 1551//1574
f 1427//1452 1421//1445 1424//1448
f 1424//1448 1430//1454 1427//1452
f 1428//1451 1425//1450 1419//1444
f 1419//1444 1422//1446 1428//1451
f 1552//1575 1423//1447 1417//1441
f 1417//1441 1553//1576 1552//1575
f 1421//1445 1415//1439 1418//1442
f 1418//1442 1424//1448 1421//1445
f 1422//1446 1419//1444 1413//1438
f 1413//1438 1416//1440 1422//1446
f 1417//1441 1411//1436 1554//1577
f 1554//1577 1553//1576 1417//1441
f 1415//1439 1409//1434 1412//1435
f 1412//1435 1418//1442 1415//1439
f 1416//1440 1413//1438 1407//1432
f 1407//1432 1410//1433 1416//1440
f 1411//1436 1405//1430 1555//1578
f 1555//1578 1554//1577 1411//1436
f 1412//1435 1409//1434 1403//1428
f 1403//1428 1406//1429 1412//1435
f 1407//1432 1401//1425 1404//1427
f 1404//1427 1410//1433 1407//1432
f 1405//1430 1399//1424 1556//1579
f 1556//1579 1555//1578 1405//1430
f 1406//1429 1403//1428 1397//1422
f 1397//1422 1400//1423 1406//1429
f 1401//1425 1395//1419 1398//1421
f 1398//1421 1404//1427 1401//1425
f 1399//1424 1393//1417 1557//1580
f 1557//1580 1556//1579 1399//1424
f 1400//1423 1397//1422 1391//1416
f 1391//1416 1394//1418 1400//1423
f 1398//1421 1395//1419 1389//1413
f 1389//1413 1392//1415 1398//1421
f 1557//1580 1393//1417 1387//1412
f 1387//1412 1558//1581 1557//1580
f 1391//1416 1385//1409 1388//1411
f 1388//1411 1394//1418 1391//1416
f 1392//1415 1389//1413 1383//1407
f 1383//1407 1386//1410 1392//1415
f 1387//1412 1381//1405 1559//1582
f 1559//1582 1558//1581 1387//1412
f 1385//1409 1379//1403 1382//1406
f 1382//1406 1388//1411 1385//1409
f 1383//1407 1377//1401 1380//1404
f 1380//1404 1386//1410 1383//1407
f 1381//1405 1375//1400 1560//1583
f 1560//1583 1559//1582 1381//1405
f 1382//1406 1379//1403 1373//1398
f 1373//1398 1376//1399 1382//1406
f 1377//1401 1371//1395 1374//1397
f 1374//1397 1380//1404 1377//1401
f 1375//1400 1369//1393 1561//1584
f 1561//1584 1560//1583 1375//1400
f 1376//1399 1373//1398 1367//1391
f 1367//1391 1370//1394 1376//1399
f 1371//1395 1365//1390 1368//1392
f 1368//1392 1374//1397 1371//1395
f 1369//1393 1363//1385 1562//1585
f 1562//1585 1561//1584 1369//1393
f 1367//1391 1359//1381 1364//1386
f 1364//1386 1370//1394 1367//1391
f 1368//1392 1365//1390 1355//1380
f 1355//1380 1360//1382 1368//1392
f 1562//1585 1363//1385 1362//1388
f 1362//1388 1534//1557 1562//1585
f 1359//1381 1358//1384 1361//1387
f 1361//1387 1364//1386 1359//1381
f 1355//1380 1354//1379 1357//1383
f 1357//1383 1360//1382 1355//1380
f 1564//1586 1565//1587 1566//1588
f 1563//1589 1564//1586 1566//1588
f 1569//1590 1570//1591 1567//1592
f 1567//1592 1568//1593 1569//1590
f 1566//1588 1565//1587 1571//1594
f 1566//1588 1571//1594 1572//1595
f 1574//1596 1570//1591 1569//1590
f 1569//1590 1573//1597 1574//1596
f 1571//1594 1575//1598 1576//1599
f 1572//1595 1571//1594 1576//1599
f 1577//1600 1578//1601 1574//1596
f 1574//1596 1573//1597 1577//1600
f 1575//1598 1579//1602 1580//1603
f 1576//1599 1575//1598 1580//1603
f 1581//1604 1582//1605 1578//1601
f 1578//1601 1577//1600 1581//1604
f 1579//1602 1583//1606 1584//1607
f 1580//1603 1579//1602 1584//1607
f 1585//1608 1586//1609 1582//1605
f 1582//1605 1581//1604 1585//1608
f 1583//1606 1587//1610 1588//1611
f 1584//1607 1583//1606 1588//1611
f 1590//1612 1586//1609 1585//1608
f 1585//1608 1589//1613 1590//1612
f 1587//1610 1591//1614 1592//1615
f 1588//1611 1587//1610 1592//1615
f 1593//1616 1594//1617 1590//1612
f 1590//1612 1589//1613 1593//1616
f 1591//1614 1595//1618 1596//1619
f 1592//1615 1591//1614 1596//1619
f 1597//1620 1598//1621 1594//1617
f 1594//1617 1593//1616 1597//1620
f 1595//1618 1599//1622 1600//1623
f 1596//1619 1595//1618 1600//1623
f 1601//1624 1602//1625 1598//1621
f 1598//1621 1597//1620 1601//1624
f 1600//1623 1599//1622 1603//1626
f 1600//1623 1603//1626 1604//1627
f 1606//1628 1602//1625 1601//1624
f 1601//1624 1605//1629 1606//1628
f 1604//1627 1603//1626 1607//1630
f 1604//1627 1607//1630 1608//1631
f 1610//1632 1606//1628 1605//1629
f 1605//1629 1609//1633 1610//1632
f 1608//1631 1607//1630 1611//1634
f 1608//1631 1611//1634 1612//1635
f 1614//1636 1610//1632 1609//1633
f 1609//1633 1613//1637 1614//1636
f 1611//1634 1615//1638 1616//1639
f 1612//1635 1611//1634 1616//1639
f 1618//1640 1614//1636 1613//1637
f 1613//1637 1617//1641 1618//1640
f 1615//1638 1619//1642 1620//1643
f 1616//1639 1615//1638 1620//1643
f 1621//1644 1622//1645 1618//1640
f 1618//1640 1617//1641 1621//1644
f 1620//1643 1619//1642 1623//1646
f 1620//1643 1623//1646 1624//1647
f 1626//1648 1622//1645 1621//1644
f 1621//1644 1625//1649 1626//1648
f 1623//1646 1627//1650 1628//1651
f 1624//1647 1623//1646 1628//1651
f 1629//1652 1630//1653 1626//1648
f 1626//1648 1625//1649 1629//1652
f 1628//1651 1627//1650 1631//1654
f 1628//1651 1631//1654 1632//1655
f 1634//1656 1630//1653 1629//1652
f 1629//1652 1633//1657 1634//1656
f 1632//1655 1631//1654 1635//1658
f 1632//1655 1635//1658 1636//1659
f 1638//1660 1634//1656 1633//1657
f 1633//1657 1637//1661 1638//1660
f 1635//1658 1639//1662 1640//1663
f 1636//1659 1635//1658 1640//1663
f 1641//1664 1642//1665 1638//1660
f 1638//1660 1637//1661 1641//1664
f 1639//1662 1643//1666 1644//1667
f 1640//1663 1639//1662 1644//1667
f 1645//1668 1646//1669 1642//1665
f 1642//1665 1641//1664 1645//1668
f 1643//1666 1647//1670 1648//1671
f 1644//1667 1643//1666 1648//1671
f 1649//1672 1650//1673 1646//1669
f 1646//1669 1645//1668 1649//1672
f 1648//1671 1647//1670 1651//1674
f 1648//1671 1651//1674 1652//1675
f 1654//1676 1650//1673 1649//1672
f 1649//1672 1653//1677 1654//1676
f 1652//1675 1651//1674 1655//1678
f 1652//1675 1655//1678 1656//1679
f 1658//1680 1654//1676 1653//1677
f 1653//1677 1657//1681 1658//1680
f 1656//1679 1655//1678 1659//1682
f 1656//1679 1659//1682 1660//1683
f 1662//1684 1658//1680 1657//1681
f 1657//1681 1661//1685 1662//1684
f 1660//1683 1659//1682 1663//1686
f 1660//1683 1663//1686 1664//1687
f 1665//1688 1666//1689 1662//1684
f 1662//1684 1661//1685 1665//1688
f 1664//1687 1663//1686 1667//1690
f 1664//1687 1667//1690 1668//1691
f 1669//1692 1670//1693 1666//1689
f 1666//1689 1665//1688 1669//1692
f 1668//1691 1667//1690 1671//1694
f 1668//1691 1671//1694 1672//1695
f 1674//1696 1670//1693 1669//1692
f 1669//1692 1673//1697 1674//1696
f 1672//1695 1671//1694 1675//1698
f 1672//1695 1675//1698 1676//1699
f 1677//1700 1678//1701 1674//1696
f 1674//1696 1673//1697 1677//1700
f 1675//1698 1679//1702 1680//1703
f 1676//1699 1675//1698 1680//1703
f 1681//1704 1682//1705 1678//1701
f 1678//1701 1677//1700 1681//1704
f 1680//1703 1679//1702 1564//1586
f 1680//1703 1564//1586 1563//1589
f 1567//1592 1682//1705 1681//1704
f 1681//1704 1568//1593 1567//1592
f 1568//1593 1681//1704 1528//1551
f 1528//1551 1353//1378 1568//1593
f 1679//1702 1682//1705 1567//1592
f 1679//1702 1567//1592 1564//1586
f 1680//1703 1563//1589 1684//1706
f 1683//1707 1680//1703 1684//1706
f 1681//1704 1677//1700 1522//1544
f 1522//1544 1528//1551 1681//1704
f 1679//1702 1675//1698 1678//1701
f 1678//1701 1682//1705 1679//1702
f 1676//1699 1680//1703 1683//1707
f 1685//1708 1676//1699 1683//1707
f 1677//1700 1673//1697 1516//1538
f 1516//1538 1522//1544 1677//1700
f 1678//1701 1675//1698 1671//1694
f 1671//1694 1674//1696 1678//1701
f 1672//1695 1676//1699 1685//1708
f 1686//1709 1672//1695 1685//1708
f 1516//1538 1673//1697 1669//1692
f 1669//1692 1510//1532 1516//1538
f 1670//1693 1674//1696 1671//1694
f 1667//1690 1670//1693 1671//1694
f 1687//1710 1668//1691 1672//1695
f 1687//1710 1672//1695 1686//1709
f 1669//1692 1665//1688 1504//1526
f 1504//1526 1510//1532 1669//1692
f 1670//1693 1667//1690 1663//1686
f 1663//1686 1666//1689 1670//1693
f 1664//1687 1668//1691 1687//1710
f 1688//1711 1664//1687 1687//1710
f 1504//1526 1665//1688 1661//1685
f 1661//1685 1498//1521 1504//1526
f 1663//1686 1659//1682 1662//1684
f 1662//1684 1666//1689 1663//1686
f 1689//1712 1660//1683 1664//1687
f 1689//1712 1664//1687 1688//1711
f 1498//1521 1661//1685 1657//1681
f 1657//1681 1492//1515 1498//1521
f 1658//1680 1662//1684 1659//1682
f 1655//1678 1658//1680 1659//1682
f 1690//1713 1656//1679 1660//1683
f 1690//1713 1660//1683 1689//1712
f 1492//1515 1657//1681 1653//1677
f 1653//1677 1486//1510 1492//1515
f 1655//1678 1651//1674 1654//1676
f 1654//1676 1658//1680 1655//1678
f 1652//1675 1656//1679 1690//1713
f 1691//1714 1652//1675 1690//1713
f 1486//1510 1653//1677 1649//1672
f 1649//1672 1480//1504 1486//1510
f 1651//1674 1647//1670 1650//1673
f 1650//1673 1654//1676 1651//1674
f 1648//1671 1652//1675 1691//1714
f 1692//1715 1648//1671 1691//1714
f 1649//1672 1645//1668 1474//1498
f 1474//1498 1480//1504 1649//1672
f 1643//1666 1646//1669 1650//1673
f 1643//1666 1650//1673 1647//1670
f 1693//1716 1644//1667 1648//1671
f 1693//1716 1648//1671 1692//1715
f 1645//1668 1641//1664 1468//1492
f 1468//1492 1474//1498 1645//1668
f 1646//1669 1643//1666 1639//1662
f 1639//1662 1642//1665 1646//1669
f 1640//1663 1644//1667 1693//1716
f 1694//1717 1640//1663 1693//1716
f 1641//1664 1637//1661 1462//1485
f 1462//1485 1468//1492 1641//1664
f 1638//1660 1642//1665 1639//1662
f 1635//1658 1638//1660 1639//1662
f 1636//1659 1640//1663 1694//1717
f 1695//1718 1636//1659 1694//1717
f 1462//1485 1637//1661 1633//1657
f 1633//1657 1456//1479 1462//1485
f 1631//1654 1634//1656 1638//1660
f 1631//1654 1638//1660 1635//1658
f 1632//1655 1636//1659 1695//1718
f 1696//1719 1632//1655 1695//1718
f 1456//1479 1633//1657 1629//1652
f 1629//1652 1450//1473 1456//1479
f 1630//1653 1634//1656 1631//1654
f 1627//1650 1630//1653 1631//1654
f 1628//1651 1632//1655 1696//1719
f 1697//1720 1628//1651 1696//1719
f 1450//1473 1629//1652 1625//1649
f 1625//1649 1444//1468 1450//1473
f 1627//1650 1623//1646 1626//1648
f 1626//1648 1630//1653 1627//1650
f 1698//1721 1624//1647 1628//1651
f 1698//1721 1628//1651 1697//1720
f 1625//1649 1621//1644 1438//1461
f 1438//1461 1444//1468 1625//1649
f 1626//1648 1623//1646 1619//1642
f 1619//1642 1622//1645 1626//1648
f 1620//1643 1624//1647 1698//1721
f 1699//1722 1620//1643 1698//1721
f 1621//1644 1617//1641 1432//1455
f 1432//1455 1438//1461 1621//1644
f 1615//1638 1618//1640 1622//1645
f 1615//1638 1622//1645 1619//1642
f 1700//1723 1616//1639 1620//1643
f 1700//1723 1620//1643 1699//1722
f 1432//1455 1617//1641 1613//1637
f 1613//1637 1426//1449 1432//1455
f 1614//1636 1618//1640 1615//1638
f 1611//1634 1614//1636 1615//1638
f 1701//1724 1612//1635 1616//1639
f 1701//1724 1616//1639 1700//1723
f 1426//1449 1613//1637 1609//1633
f 1609//1633 1420//1443 1426//1449
f 1607//1630 1610//1632 1614//1636
f 1607//1630 1614//1636 1611//1634
f 1702//1725 1608//1631 1612//1635
f 1702//1725 1612//1635 1701//1724
f 1420//1443 1609//1633 1605//1629
f 1605//1629 1414//1437 1420//1443
f 1607//1630 1603//1626 1606//1628
f 1606//1628 1610//1632 1607//1630
f 1703//1726 1604//1627 1608//1631
f 1703//1726 1608//1631 1702//1725
f 1414//1437 1605//1629 1601//1624
f 1601//1624 1408//1431 1414//1437
f 1602//1625 1606//1628 1603//1626
f 1599//1622 1602//1625 1603//1626
f 1600//1623 1604//1627 1703//1726
f 1704//1727 1600//1623 1703//1726
f 1601//1624 1597//1620 1402//1426
f 1402//1426 1408//1431 1601//1624
f 1595//1618 1598//1621 1602//1625
f 1595//1618 1602//1625 1599//1622
f 1705//1728 1596//1619 1600//1623
f 1705//1728 1600//1623 1704//1727
f 1597//1620 1593//1616 1396//1420
f 1396//1420 1402//1426 1597//1620
f 1598//1621 1595//1618 1591//1614
f 1591//1614 1594//1617 1598//1621
f 1706//1729 1592//1615 1596//1619
f 1706//1729 1596//1619 1705//1728
f 1593//1616 1589//1613 1390//1414
f 1390//1414 1396//1420 1593//1616
f 1587//1610 1590//1612 1594//1617
f 1587//1610 1594//1617 1591//1614
f 1588//1611 1592//1615 1706//1729
f 1707//1730 1588//1611 1706//1729
f 1589//1613 1585//1608 1384//1408
f 1384//1408 1390//1414 1589//1613
f 1590//1612 1587//1610 1583//1606
f 1583//1606 1586//1609 1590//1612
f 1584//1607 1588//1611 1707//1730
f 1708//1731 1584//1607 1707//1730
f 1384//1408 1585//1608 1581//1604
f 1581//1604 1378//1402 1384//1408
f 1583//1606 1579//1602 1582//1605
f 1582//1605 1586//1609 1583//1606
f 1709//1732 1580//1603 1584//1607
f 1709//1732 1584//1607 1708//1731
f 1581//1604 1577//1600 1372//1396
f 1372//1396 1378//1402 1581//1604
f 1575//1598 1578//1601 1582//1605
f 1575//1598 1582//1605 1579//1602
f 1576//1599 1580//1603 1709//1732
f 1710//1733 1576//1599 1709//1732
f 1372//1396 1577//1600 1573//1597
f 1573//1597 1366//1389 1372//1396
f 1575//1598 1571//1594 1574//1596
f 1574//1596 1578//1601 1575//1598
f 1711//1734 1572//1595 1576//1599
f 1711//1734 1576//1599 1710//1733
f 1366//1389 1573//1597 1569//1590
f 1569//1590 1356//1377 1366//1389
f 1574//1596 1571//1594 1565//1587
f 1565//1587 1570//1591 1574//1596
f 1712//1735 1566//1588 1572//1595
f 1712//1735 1572//1595 1711//1734
f 1356//1377 1569//1590 1568//1593
f 1568//1593 1353//1378 1356//1377
f 1565//1587 1564//1586 1567//1592
f 1567//1592 1570//1591 1565//1587
f 1684//1706 1563//1589 1566//1588
f 1684//1706 1566//1588 1712//1735
f 1714//1736 1715//1737 1716//1738
f 1713//1739 1714//1736 1716//1738
f 1684//1706 1712//1735 1718//1740
f 1717//1741 1684//1706 1718//1740
f 1716//1738 1715//1737 1719//1742
f 1716//1738 1719//1742 1720//1743
f 1712//1735 1711//1734 1721//1744
f 1718//1740 1712//1735 1721//1744
f 1719//1742 1722//1745 1723//1746
f 1720//1743 1719//1742 1723//1746
f 1711//1734 1710//1733 1724//1747
f 1721//1744 1711//1734 1724//1747
f 1723//1746 1722//1745 1725//1748
f 1723//1746 1725//1748 1726//1749
f 1724//1747 1710//1733 1709//1732
f 1724//1747 1709//1732 1727//1750
f 1725//1748 1728//1751 1729//1752
f 1726//1749 1725//1748 1729//1752
f 1709//1732 1708//1731 1730//1753
f 1727//1750 1709//1732 1730//1753
f 1728//1751 1731//1754 1732//1755
f 1729//1752 1728//1751 1732//1755
f 1708//1731 1707//1730 1733//1756
f 1730//1753 1708//1731 1733//1756
f 1732//1755 1731//1754 1734//1757
f 1732//1755 1734//1757 1735//1758
f 1733//1756 1707//1730 1706//1729
f 1733//1756 1706//1729 1736//1759
f 1734//1757 1737//1760 1738//1761
f 1735//1758 1734//1757 1738//1761
f 1736//1759 1706//1729 1705//1728
f 1736//1759 1705//1728 1739//1762
f 1738//1761 1737//1760 1740//1763
f 1738//1761 1740//1763 1741//1764
f 1705//1728 1704//1727 1742//1765
f 1739//1762 1705//1728 1742//1765
f 1740//1763 1743//1766 1744//1767
f 1741//1764 1740//1763 1744//1767
f 1704//1727 1703//1726 1745//1768
f 1742//1765 1704//1727 1745//1768
f 1743//1766 1746//1769 1747//1770
f 1744//1767 1743//1766 1747//1770
f 1703//1726 1702//1725 1748//1771
f 1745//1768 1703//1726 1748//1771
f 1746//1769 1749//1772 1750//1773
f 1747//1770 1746//1769 1750//1773
f 1702//1725 1701//1724 1751//1774
f 1748//1771 1702//1725 1751//1774
f 1749//1772 1752//1775 1753//1776
f 1750//1773 1749//1772 1753//1776
f 1701//1724 1700//1723 1754//1777
f 1751//1774 1701//1724 1754//1777
f 1753//1776 1752//1775 1755//1778
f 1753//1776 1755//1778 1756//1779
f 1754//1777 1700//1723 1699//1722
f 1754//1777 1699//1722 1757//1780
f 1755//1778 1758//1781 1759//1782
f 1756//1779 1755//1778 1759//1782
f 1757//1780 1699//1722 1698//1721
f 1757//1780 1698//1721 1760//1783
f 1759//1782 1758//1781 1761//1784
f 1759//1782 1761//1784 1762//1785
f 1698//1721 1697//1720 1763//1786
f 1760//1783 1698//1721 1763//1786
f 1761//1784 1764//1787 1765//1788
f 1762//1785 1761//1784 1765//1788
f 1697//1720 1696//1719 1766//1789
f 1763//1786 1697//1720 1766//1789
f 1765//1788 1764//1787 1767//1790
f 1765//1788 1767//1790 1768//1791
f 1766//1789 1696//1719 1695//1718
f 1766//1789 1695//1718 1769//1792
f 1768//1791 1767//1790 1770//1793
f 1768//1791 1770//1793 1771//1794
f 1769//1792 1695//1718 1694//1717
f 1769//1792 1694//1717 1772//1795
f 1771//1794 1770//1793 1773//1796
f 1771//1794 1773//1796 1774//1797
f 1772//1795 1694//1717 1693//1716
f 1772//1795 1693//1716 1775//1798
f 1774//1797 1773//1796 1776//1799
f 1774//1797 1776//1799 1777//1800
f 1775//1798 1693//1716 1692//1715
f 1775//1798 1692//1715 1778//1801
f 1776//1799 1779//1802 1780//1803
f 1777//1800 1776//1799 1780//1803
f 1778//1801 1692//1715 1691//1714
f 1778//1801 1691//1714 1781//1804
f 1780//1803 1779//1802 1782//1805
f 1780//1803 1782//1805 1783//1806
f 1691//1714 1690//1713 1784//1807
f 1781//1804 1691//1714 1784//1807
f 1782//1805 1785//1808 1786//1809
f 1783//1806 1782//1805 1786//1809
f 1690//1713 1689//1712 1787//1810
f 1784//1807 1690//1713 1787//1810
f 1786//1809 1785//1808 1788//1811
f 1786//1809 1788//1811 1789//1812
f 1787//1810 1689//1712 1688//1711
f 1787//1810 1688//1711 1790//1813
f 1789//1812 1788//1811 1791//1814
f 1789//1812 1791//1814 1792//1815
f 1790//1813 1688//1711 1687//1710
f 1790//1813 1687//1710 1793//1816
f 1791//1814 1794//1817 1795//1818
f 1792//1815 1791//1814 1795//1818
f 1687//1710 1686//1709 1796//1819
f 1793//1816 1687//1710 1796//1819
f 1794//1817 1797//1820 1798//1821
f 1795//1818 1794//1817 1798//1821
f 1686//1709 1685//1708 1799//1822
f 1796//1819 1686//1709 1799//1822
f 1797//1820 1800//1823 1801//1824
f 1798//1821 1797//1820 1801//1824
f 1799//1822 1685//1708 1683//1707
f 1799//1822 1683//1707 1802//1825
f 1801//1824 1800//1823 1714//1736
f 1801//1824 1714//1736 1713//1739
f 1802//1825 1683//1707 1684//1706
f 1802//1825 1684//1706 1717//1741
f 1800//1823 1802//1825 1717//1741
f 1800//1823 1717//1741 1714//1736
f 1801//1824 1713//1739 1804//1826
f 1803//1827 1801//1824 1804//1826
f 1799//1822 1802//1825 1800//1823
f 1797//1820 1799//1822 1800//1823
f 1805//1828 1798//1821 1801//1824
f 1805//1828 1801//1824 1803//1827
f 1794//1817 1796//1819 1799//1822
f 1794//1817 1799//1822 1797//1820
f 1795//1818 1798//1821 1805//1828
f 1806//1829 1795//1818 1805//1828
f 1793//1816 1796//1819 1794//1817
f 1791//1814 1793//1816 1794//1817
f 1807//1830 1792//1815 1795//1818
f 1807//1830 1795//1818 1806//1829
f 1790//1813 1793//1816 1791//1814
f 1788//1811 1790//1813 1791//1814
f 1808//1831 1789//1812 1792//1815
f 1808//1831 1792//1815 1807//1830
f 1787//1810 1790//1813 1788//1811
f 1785//1808 1787//1810 1788//1811
f 1786//1809 1789//1812 1808//1831
f 1809//1832 1786//1809 1808//1831
f 1784//1807 1787//1810 1785//1808
f 1782//1805 1784//1807 1785//1808
f 1810//1833 1783//1806 1786//1809
f 1810//1833 1786//1809 1809//1832
f 1781//1804 1784//1807 1782//1805
f 1779//1802 1781//1804 1782//1805
f 1780//1803 1783//1806 1810//1833
f 1811//1834 1780//1803 1810//1833
f 1778//1801 1781//1804 1779//1802
f 1776//1799 1778//1801 1779//1802
f 1812//1835 1777//1800 1780//1803
f 1812//1835 1780//1803 1811//1834
f 1773//1796 1775//1798 1778//1801
f 1773//1796 1778//1801 1776//1799
f 1813//1836 1774//1797 1777//1800
f 1813//1836 1777//1800 1812//1835
f 1772//1795 1775//1798 1773//1796
f 1770//1793 1772//1795 1773//1796
f 1814//1837 1771//1794 1774//1797
f 1814//1837 1774//1797 1813//1836
f 1769//1792 1772//1795 1770//1793
f 1767//1790 1769//1792 1770//1793
f 1768//1791 1771//1794 1814//1837
f 1815//1838 1768//1791 1814//1837
f 1766//1789 1769//1792 1767//1790
f 1764//1787 1766//1789 1767//1790
f 1816//1839 1765//1788 1768//1791
f 1816//1839 1768//1791 1815//1838
f 1763//1786 1766//1789 1764//1787
f 1761//1784 1763//1786 1764//1787
f 1762//1785 1765//1788 1816//1839
f 1817//1840 1762//1785 1816//1839
f 1760//1783 1763//1786 1761//1784
f 1758//1781 1760//1783 1761//1784
f 1818//1841 1759//1782 1762//1785
f 1818//1841 1762//1785 1817//1840
f 1755//1778 1757//1780 1760//1783
f 1755//1778 1760//1783 1758//1781
f 1756//1779 1759//1782 1818//1841
f 1819//1842 1756//1779 1818//1841
f 1752//1775 1754//1777 1757//1780
f 1752//1775 1757//1780 1755//1778
f 1753//1776 1756//1779 1819//1842
f 1820//1843 1753//1776 1819//1842
f 1749//1772 1751//1774 1754//1777
f 1749//1772 1754//1777 1752//1775
f 1821//1844 1750//1773 1753//1776
f 1821//1844 1753//1776 1820//1843
f 1746//1769 1748//1771 1751//1774
f 1746//1769 1751//1774 1749//1772
f 1822//1845 1747//1770 1750//1773
f 1822//1845 1750//1773 1821//1844
f 1743//1766 1745//1768 1748//1771
f 1743//1766 1748//1771 1746//1769
f 1744//1767 1747//1770 1822//1845
f 1823//1846 1744//1767 1822//1845
f 1742//1765 1745//1768 1743//1766
f 1740//1763 1742//1765 1743//1766
f 1741//1764 1744//1767 1823//1846
f 1824//1847 1741//1764 1823//1846
f 1737//1760 1739//1762 1742//1765
f 1737//1760 1742//1765 1740//1763
f 1738//1761 1741//1764 1824//1847
f 1825//1848 1738//1761 1824//1847
f 1734//1757 1736//1759 1739//1762
f 1734//1757 1739//1762 1737//1760
f 1826//1849 1735//1758 1738//1761
f 1826//1849 1738//1761 1825//1848
f 1731//1754 1733//1756 1736//1759
f 1731//1754 1736//1759 1734//1757
f 1732//1755 1735//1758 1826//1849
f 1827//1850 1732//1755 1826//1849
f 1728//1751 1730//1753 1733//1756
f 1728//1751 1733//1756 1731//1754
f 1729//1752 1732//1755 1827//1850
f 1828//1851 1729//1752 1827//1850
f 1725//1748 1727//1750 1730//1753
f 1725//1748 1730//1753 1728//1751
f 1829//1852 1726//1749 1729//1752
f 1829//1852 1729//1752 1828//1851
f 1722//1745 1724//1747 1727//1750
f 1722//1745 1727//1750 1725//1748
f 1830//1853 1723//1746 1726//1749
f 1830//1853 1726//1749 1829//1852
f 1721//1744 1724//1747 1722//1745
f 1719//1742 1721//1744 1722//1745
f 1831//1854 1720//1743 1723//1746
f 1831//1854 1723//1746 1830//1853
f 1715//1737 1718//1740 1721//1744
f 1715//1737 1721//1744 1719//1742
f 1716//1738 1720//1743 1831//1854
f 1832//1855 1716//1738 1831//1854
f 1717//1741 1718//1740 1715//1737
f 1714//1736 1717//1741 1715//1737
f 1804//1826 1713//1739 1716//1738
f 1804//1826 1716//1738 1832//1855
