# Blender 4.5.3 LTS
# www.blender.org
mtllib llanta_trasera_izquierda.mtl
g rin_Mesh
v -0.671507 0.197957 -1.575691
v -0.536754 0.197957 -1.575689
v -0.549193 0.278363 -1.646304
v -0.659063 0.278363 -1.646308
v -0.659063 0.070005 -1.668211
v -0.549193 0.070005 -1.668206
v -0.536754 0.133971 -1.582409
v -0.671507 0.133971 -1.582412
v -0.657559 0.150412 -1.817927
v -0.550685 0.150412 -1.817924
v -0.549191 0.070005 -1.747299
v -0.659061 0.070005 -1.747304
v -0.725753 0.141437 -1.653456
v -0.725750 0.136506 -1.752518
v -0.725750 0.230841 -1.742602
v -0.725753 0.205425 -1.646733
v -0.659061 0.294807 -1.723679
v -0.549191 0.294807 -1.723677
v -0.657559 0.230841 -1.809473
v -0.550685 0.230841 -1.809471
v -0.671511 0.821724 -1.358951
v -0.536760 0.821724 -1.358949
v -0.549201 0.923902 -1.390760
v -0.659070 0.923904 -1.390757
v -0.659068 0.742467 -1.495509
v -0.549198 0.742467 -1.495504
v -0.536760 0.766006 -1.391112
v -0.671511 0.766006 -1.391118
v -0.657566 0.876816 -1.599588
v -0.550693 0.876816 -1.599585
v -0.549196 0.774638 -1.567768
v -0.659065 0.774638 -1.567771
v -0.725757 0.801723 -1.452983
v -0.725755 0.837512 -1.545486
v -0.725757 0.919657 -1.498060
v -0.725760 0.857441 -1.420809
v -0.659068 0.970394 -1.454751
v -0.549198 0.970394 -1.454745
v -0.657566 0.946855 -1.559149
v -0.550693 0.946855 -1.559147
v -0.671524 1.303407 -0.907240
v -0.536772 1.303407 -0.907237
v -0.549213 1.409692 -0.894736
v -0.659083 1.409692 -0.894739
v -0.659078 1.286549 -1.064232
v -0.549209 1.286549 -1.064227
v -0.536769 1.265592 -0.959285
v -0.671522 1.265592 -0.959288
v -0.657578 1.451613 -1.104663
v -0.550705 1.451613 -1.104661
v -0.549209 1.345329 -1.117155
v -0.659078 1.345329 -1.117159
v -0.725770 1.323384 -1.001282
v -0.725768 1.393703 -1.071226
v -0.725770 1.449453 -0.994486
v -0.725772 1.361198 -0.949225
v -0.659083 1.478191 -0.934284
v -0.549213 1.478191 -0.934279
v -0.657578 1.499148 -1.039238
v -0.550705 1.499148 -1.039235
v -0.671539 1.559723 -0.298662
v -0.536787 1.559723 -0.298659
v -0.549230 1.651734 -0.244016
v -0.659100 1.651734 -0.244019
v -0.659096 1.608174 -0.448938
v -0.549226 1.608174 -0.448934
v -0.536787 1.546345 -0.361589
v -0.671539 1.546345 -0.361593
v -0.657596 1.775413 -0.418736
v -0.550722 1.775413 -0.418733
v -0.549223 1.683399 -0.473381
v -0.659093 1.683399 -0.473384
v -0.725788 1.616216 -0.376452
v -0.725785 1.708909 -0.411747
v -0.725788 1.728630 -0.318971
v -0.725788 1.629593 -0.313514
v -0.659100 1.730398 -0.252284
v -0.549230 1.730398 -0.252279
v -0.657598 1.792226 -0.339630
v -0.550726 1.792226 -0.339627
v -0.671557 1.546345 0.361549
v -0.536804 1.546345 0.361551
v -0.549248 1.608174 0.448906
v -0.659118 1.608174 0.448900
v -0.659113 1.651734 0.243976
v -0.549244 1.651734 0.243981
v -0.536804 1.559723 0.298626
v -0.671557 1.559723 0.298624
v -0.657615 1.792226 0.339592
v -0.550743 1.792226 0.339595
v -0.549244 1.730398 0.252246
v -0.659113 1.730398 0.252244
v -0.725805 1.629593 0.313471
v -0.725805 1.728630 0.318929
v -0.725807 1.708909 0.411707
v -0.725807 1.616216 0.376406
v -0.659118 1.683399 0.473346
v -0.549248 1.683399 0.473349
v -0.657618 1.775413 0.418698
v -0.550745 1.775413 0.418701
v -0.671574 1.265593 0.959250
v -0.536821 1.265593 0.959255
v -0.549265 1.286550 1.064196
v -0.659135 1.286550 1.064193
v -0.659130 1.409692 0.894701
v -0.549261 1.409692 0.894704
v -0.536819 1.303407 0.907201
v -0.671571 1.303407 0.907199
v -0.657635 1.499148 1.039195
v -0.550762 1.499148 1.039198
v -0.549261 1.478191 0.934248
v -0.659130 1.478191 0.934246
v -0.725822 1.361199 0.949185
v -0.725822 1.449454 0.994445
v -0.725825 1.393703 1.071183
v -0.725822 1.323384 1.001239
v -0.659135 1.345329 1.117116
v -0.549265 1.345329 1.117118
v -0.657635 1.451613 1.104620
v -0.550762 1.451613 1.104623
v -0.671583 0.766006 1.391076
v -0.536832 0.766006 1.391080
v -0.549275 0.742467 1.495480
v -0.659145 0.742467 1.495475
v -0.659142 0.923904 1.390719
v -0.549273 0.923904 1.390723
v -0.536832 0.821724 1.358917
v -0.671583 0.821724 1.358913
v -0.657648 0.946855 1.559111
v -0.550774 0.946855 1.559113
v -0.549275 0.970394 1.454714
v -0.659145 0.970394 1.454710
v -0.725835 0.857441 1.420766
v -0.725837 0.919657 1.498017
v -0.725837 0.837512 1.545446
v -0.725835 0.801723 1.452938
v -0.659148 0.774638 1.567733
v -0.549278 0.774638 1.567736
v -0.657650 0.876817 1.599545
v -0.550778 0.876817 1.599547
v -0.671588 0.133971 1.582374
v -0.536837 0.133971 1.582376
v -0.549280 0.070005 1.668171
v -0.659150 0.070005 1.668168
v -0.659150 0.278364 1.646270
v -0.549280 0.278364 1.646272
v -0.536837 0.197957 1.575654
v -0.671588 0.197957 1.575649
v -0.657655 0.230841 1.809433
v -0.550783 0.230841 1.809436
v -0.549282 0.294807 1.723645
v -0.659153 0.294807 1.723641
v -0.725840 0.205425 1.646693
v -0.725842 0.230841 1.742559
v -0.725842 0.136506 1.752475
v -0.725840 0.141437 1.653416
v -0.659153 0.070005 1.747264
v -0.549282 0.070005 1.747266
v -0.657655 0.150412 1.817887
v -0.550783 0.150412 1.817889
v -0.671586 -0.521228 1.500058
v -0.536834 -0.521228 1.500061
v -0.549278 -0.614559 1.552424
v -0.659148 -0.614559 1.552422
v -0.659150 -0.415308 1.617162
v -0.549280 -0.415308 1.617165
v -0.536837 -0.460040 1.519945
v -0.671588 -0.460040 1.519943
v -0.657653 -0.525086 1.746892
v -0.550780 -0.525086 1.746895
v -0.549282 -0.431754 1.694534
v -0.659150 -0.431754 1.694529
v -0.725837 -0.482114 1.587876
v -0.725840 -0.497887 1.685801
v -0.725840 -0.588098 1.656487
v -0.725837 -0.543304 1.567992
v -0.659150 -0.646731 1.624677
v -0.549280 -0.646731 1.624680
v -0.657653 -0.602002 1.721903
v -0.550780 -0.602002 1.721906
v -0.671578 -1.086302 1.158363
v -0.536827 -1.086302 1.158365
v -0.549268 -1.192865 1.168242
v -0.659137 -1.192865 1.168237
v -0.659140 -1.037170 1.308426
v -0.549273 -1.037170 1.308428
v -0.536827 -1.038491 1.201422
v -0.671578 -1.038491 1.201419
v -0.657643 -1.190223 1.382291
v -0.550769 -1.190223 1.382294
v -0.549273 -1.083663 1.372419
v -0.659142 -1.083663 1.372417
v -0.725829 -1.086287 1.254498
v -0.725832 -1.140528 1.337546
v -0.725829 -1.211016 1.274075
v -0.725826 -1.134100 1.211452
v -0.659137 -1.251642 1.221167
v -0.549270 -1.251642 1.221172
v -0.657643 -1.250323 1.328174
v -0.550769 -1.250323 1.328177
v -0.671564 -1.463546 0.616381
v -0.536812 -1.463546 0.616383
v -0.549253 -1.564907 0.582062
v -0.659122 -1.564907 0.582059
v -0.659127 -1.479694 0.773450
v -0.549258 -1.479694 0.773452
v -0.536814 -1.437377 0.675158
v -0.671566 -1.437377 0.675155
v -0.657628 -1.649557 0.778677
v -0.550755 -1.649557 0.778679
v -0.549258 -1.548195 0.813003
v -0.659127 -1.548195 0.813000
v -0.725814 -1.502634 0.704211
v -0.725817 -1.585961 0.758007
v -0.725814 -1.624540 0.671362
v -0.725812 -1.528803 0.645434
v -0.659122 -1.640135 0.606499
v -0.549253 -1.640135 0.606502
v -0.657626 -1.682451 0.704792
v -0.550752 -1.682451 0.704794
v -0.671546 -1.587726 -0.032187
v -0.536794 -1.587726 -0.032184
v -0.549235 -1.666368 -0.104770
v -0.659102 -1.666368 -0.104773
v -0.659110 -1.666368 0.104735
v -0.549240 -1.666368 0.104738
v -0.536797 -1.587726 0.032154
v -0.671548 -1.587726 0.032149
v -0.657608 -1.823668 0.040417
v -0.550735 -1.823668 0.040419
v -0.549240 -1.745031 0.113001
v -0.659110 -1.745031 0.112998
v -0.725797 -1.659160 0.032149
v -0.725797 -1.757165 0.047408
v -0.725795 -1.757165 -0.047449
v -0.725795 -1.659160 -0.032189
v -0.659102 -1.745031 -0.113041
v -0.549233 -1.745031 -0.113038
v -0.657606 -1.823668 -0.040454
v -0.550732 -1.823668 -0.040451
v -0.671529 -1.437377 -0.675195
v -0.536777 -1.437377 -0.675192
v -0.549215 -1.479694 -0.773485
v -0.659085 -1.479694 -0.773490
v -0.659090 -1.564907 -0.582096
v -0.549223 -1.564907 -0.582094
v -0.536780 -1.463546 -0.616416
v -0.671531 -1.463546 -0.616418
v -0.657588 -1.682451 -0.704832
v -0.550715 -1.682451 -0.704830
v -0.549221 -1.640135 -0.606533
v -0.659090 -1.640135 -0.606540
v -0.725780 -1.528803 -0.645476
v -0.725780 -1.624540 -0.671399
v -0.725777 -1.585961 -0.758049
v -0.725777 -1.502634 -0.704250
v -0.659085 -1.548196 -0.813038
v -0.549215 -1.548196 -0.813036
v -0.657586 -1.649557 -0.778714
v -0.550713 -1.649557 -0.778711
v -0.671517 -1.038492 -1.201457
v -0.536765 -1.038492 -1.201454
v -0.549203 -1.037171 -1.308461
v -0.659073 -1.037171 -1.308466
v -0.659075 -1.192865 -1.168280
v -0.549206 -1.192865 -1.168277
v -0.536765 -1.086302 -1.158401
v -0.671517 -1.086302 -1.158405
v -0.657571 -1.250324 -1.328213
v -0.550697 -1.250324 -1.328212
v -0.549206 -1.251642 -1.221203
v -0.659073 -1.251642 -1.221205
v -0.725765 -1.134100 -1.211497
v -0.725762 -1.211017 -1.274114
v -0.725760 -1.140528 -1.337587
v -0.725762 -1.086287 -1.254541
v -0.659070 -1.083663 -1.372454
v -0.549201 -1.083663 -1.372450
v -0.657571 -1.190223 -1.382325
v -0.550697 -1.190223 -1.382323
v -0.671507 -0.460040 -1.519980
v -0.536754 -0.460040 -1.519978
v -0.549196 -0.415308 -1.617195
v -0.659063 -0.415308 -1.617200
v -0.659065 -0.614560 -1.552462
v -0.549196 -0.614560 -1.552460
v -0.536757 -0.521228 -1.500096
v -0.671509 -0.521228 -1.500098
v -0.657561 -0.602002 -1.721941
v -0.550688 -0.602002 -1.721939
v -0.549193 -0.646731 -1.624712
v -0.659063 -0.646731 -1.624717
v -0.725755 -0.543304 -1.568036
v -0.725753 -0.588099 -1.656527
v -0.725753 -0.497887 -1.685841
v -0.725755 -0.482114 -1.587916
v -0.659061 -0.431754 -1.694569
v -0.549193 -0.431754 -1.694566
v -0.657561 -0.525086 -1.746930
v -0.550688 -0.525086 -1.746928
v -0.536753 0.197957 -1.575687
v -0.549192 0.278363 -1.646302
v -0.549192 0.070004 -1.668204
v -0.536753 0.133970 -1.582407
v -0.550684 0.150411 -1.817923
v -0.549190 0.070004 -1.747297
v -0.549190 0.294806 -1.723675
v -0.550684 0.230840 -1.809469
v -0.536759 0.821723 -1.358947
v -0.549200 0.923901 -1.390758
v -0.549197 0.742466 -1.495503
v -0.536759 0.766005 -1.391110
v -0.550692 0.876816 -1.599583
v -0.549195 0.774638 -1.567766
v -0.549197 0.970394 -1.454743
v -0.550692 0.946854 -1.559145
v -0.536771 1.303406 -0.907235
v -0.549212 1.409691 -0.894734
v -0.549208 1.286549 -1.064225
v -0.536768 1.265592 -0.959284
v -0.550704 1.451613 -1.104659
v -0.549208 1.345328 -1.117153
v -0.549212 1.478191 -0.934277
v -0.550704 1.499148 -1.039233
v -0.536786 1.559722 -0.298657
v -0.549229 1.651733 -0.244015
v -0.549225 1.608173 -0.448932
v -0.536786 1.546345 -0.361587
v -0.550721 1.775412 -0.418732
v -0.549222 1.683399 -0.473379
v -0.549229 1.730398 -0.252277
v -0.550725 1.792226 -0.339625
v -0.536803 1.546345 0.361553
v -0.549247 1.608173 0.448908
v -0.549243 1.651733 0.243983
v -0.536803 1.559722 0.298628
v -0.550742 1.792226 0.339596
v -0.549243 1.730398 0.252247
v -0.549247 1.683399 0.473351
v -0.550744 1.775412 0.418703
v -0.536820 1.265592 0.959257
v -0.549264 1.286549 1.064198
v -0.549260 1.409691 0.894705
v -0.536818 1.303407 0.907203
v -0.550761 1.499148 1.039200
v -0.549260 1.478191 0.934250
v -0.549264 1.345329 1.117120
v -0.550761 1.451613 1.104625
v -0.536831 0.766006 1.391082
v -0.549274 0.742466 1.495482
v -0.549272 0.923904 1.390725
v -0.536831 0.821723 1.358919
v -0.550773 0.946855 1.559115
v -0.549274 0.970394 1.454716
v -0.549277 0.774638 1.567738
v -0.550777 0.876816 1.599549
v -0.536836 0.133971 1.582378
v -0.549279 0.070005 1.668173
v -0.549279 0.278363 1.646274
v -0.536836 0.197957 1.575656
v -0.550782 0.230841 1.809437
v -0.549281 0.294807 1.723647
v -0.549281 0.070005 1.747268
v -0.550782 0.150412 1.817890
v -0.536833 -0.521228 1.500063
v -0.549277 -0.614560 1.552426
v -0.549279 -0.415308 1.617167
v -0.536836 -0.460040 1.519947
v -0.550779 -0.525086 1.746897
v -0.549281 -0.431754 1.694535
v -0.549279 -0.646732 1.624682
v -0.550779 -0.602002 1.721907
v -0.536826 -1.086302 1.158367
v -0.549267 -1.192865 1.168244
v -0.549272 -1.037171 1.308430
v -0.536826 -1.038492 1.201424
v -0.550768 -1.190223 1.382296
v -0.549272 -1.083663 1.372421
v -0.549269 -1.251642 1.221174
v -0.550768 -1.250324 1.328179
v -0.536811 -1.463546 0.616385
v -0.549252 -1.564907 0.582064
v -0.549257 -1.479694 0.773454
v -0.536813 -1.437378 0.675160
v -0.550754 -1.649557 0.778681
v -0.549257 -1.548196 0.813005
v -0.549252 -1.640135 0.606504
v -0.550751 -1.682451 0.704796
v -0.536793 -1.587726 -0.032182
v -0.549234 -1.666368 -0.104768
v -0.549239 -1.666368 0.104740
v -0.536796 -1.587726 0.032156
v -0.550734 -1.823668 0.040420
v -0.549239 -1.745031 0.113003
v -0.549232 -1.745031 -0.113036
v -0.550731 -1.823668 -0.040450
v -0.536776 -1.437378 -0.675191
v -0.549214 -1.479694 -0.773483
v -0.549222 -1.564907 -0.582092
v -0.536779 -1.463546 -0.616414
v -0.550714 -1.682451 -0.704828
v -0.549220 -1.640135 -0.606532
v -0.549214 -1.548196 -0.813034
v -0.550712 -1.649557 -0.778709
v -0.536764 -1.038492 -1.201452
v -0.549202 -1.037171 -1.308459
v -0.549205 -1.192865 -1.168275
v -0.536764 -1.086303 -1.158399
v -0.550696 -1.250324 -1.328210
v -0.549205 -1.251642 -1.221201
v -0.549200 -1.083663 -1.372448
v -0.550696 -1.190223 -1.382321
v -0.536753 -0.460041 -1.519976
v -0.549195 -0.415309 -1.617193
v -0.549195 -0.614560 -1.552458
v -0.536756 -0.521228 -1.500094
v -0.550687 -0.602003 -1.721937
v -0.549192 -0.646732 -1.624711
v -0.549192 -0.431754 -1.694564
v -0.550687 -0.525087 -1.746926
v 1.442225 0.489036 -2.300691
v 1.442225 0.000001 -2.352088
v 1.442220 0.956696 -2.148741
v 1.442212 1.382547 -1.902876
v 1.442205 1.747973 -1.573845
v 1.442195 2.037004 -1.176026
v 1.442183 2.237008 -0.726813
v 1.442171 2.339243 -0.245824
v 1.442158 2.339243 0.245905
v 1.442145 2.237008 0.726882
v 1.442133 2.037004 1.176101
v 1.442123 1.747973 1.573918
v 1.442113 1.382548 1.902949
v 1.442108 0.956696 2.148815
v 1.442103 0.489036 2.300765
v 1.442100 0.000001 2.352165
v 1.442103 -0.489034 2.300765
v 1.442108 -0.956694 2.148815
v 1.442113 -1.382546 1.902949
v 1.442123 -1.747971 1.573918
v 1.442133 -2.037002 1.176101
v 1.442145 -2.237006 0.726883
v 1.442158 -2.339242 0.245905
v 1.442171 -2.339242 -0.245824
v 1.442183 -2.237006 -0.726812
v 1.442195 -2.037002 -1.176026
v 1.442205 -1.747971 -1.573845
v 1.442212 -1.382546 -1.902875
v 1.442220 -0.956695 -2.148741
v 1.442225 -0.489034 -2.300691
v -1.238194 0.555986 -2.615744
v -1.238192 0.000001 -2.674181
v -1.238199 1.087674 -2.442987
v -1.238206 1.571826 -2.163461
v -1.238217 1.987279 -1.789386
v -1.238226 2.315880 -1.337105
v -1.238241 2.543266 -0.826391
v -1.238256 2.659497 -0.279558
v -1.238271 2.659497 0.279493
v -1.238284 2.543266 0.826322
v -1.238298 2.315880 1.337037
v -1.238310 1.987279 1.789321
v -1.238321 1.571826 2.163399
v -1.238325 1.087675 2.442924
v -1.238330 0.555986 2.615676
v -1.238333 0.000001 2.674115
v -1.238330 -0.555987 2.615676
v -1.238325 -1.087672 2.442924
v -1.238321 -1.571824 2.163399
v -1.238310 -1.987278 1.789321
v -1.238298 -2.315878 1.337037
v -1.238284 -2.543262 0.826322
v -1.238271 -2.659497 0.279494
v -1.238256 -2.659497 -0.279558
v -1.238241 -2.543262 -0.826391
v -1.238226 -2.315878 -1.337105
v -1.238217 -1.987278 -1.789385
v -1.238206 -1.571824 -2.163461
v -1.238199 -1.087673 -2.442987
v -1.238194 -0.555987 -2.615744
v -0.482543 1.837245 -0.240044
v -0.482522 1.580779 -0.966569
v -0.482510 1.050979 -1.525964
v -0.482501 0.339456 -1.821510
v -0.482501 -0.430761 -1.802105
v -0.482510 -1.126496 -1.471098
v -0.482525 -1.627448 -0.885729
v -0.482545 -1.847001 -0.147211
v -0.482565 -1.747192 0.616760
v -0.482582 -1.345275 1.274081
v -0.482595 -0.710750 1.711102
v -0.482597 0.046672 1.852257
v -0.482591 0.796024 1.673141
v -0.482580 1.407735 1.204718
v -0.482562 1.776035 0.527984
v -0.482556 1.837245 0.240016
v -0.482574 1.580779 0.966541
v -0.482590 1.050980 1.525940
v -0.482597 0.339457 1.821485
v -0.482597 -0.430761 1.802078
v -0.482587 -1.126496 1.471074
v -0.482573 -1.627448 0.885705
v -0.482553 -1.847001 0.147187
v -0.482533 -1.747192 -0.616787
v -0.482515 -1.345275 -1.274108
v -0.482502 -0.710750 -1.711129
v -0.482501 0.046671 -1.852283
v -0.482505 0.796024 -1.673167
v -0.482518 1.407735 -1.204742
v -0.482535 1.776035 -0.528013
v 0.887211 0.000001 -0.896025
v 0.887186 0.000001 0.000022
v 0.887211 -0.186298 -0.876445
v 0.887208 -0.364454 -0.818561
v 0.887206 -0.526683 -0.724895
v 0.887203 -0.665894 -0.599553
v 0.887198 -0.775999 -0.448003
v 0.887193 -0.852193 -0.276870
v 0.887188 -0.891137 -0.093642
v 0.887183 -0.891137 0.093684
v 0.887178 -0.852193 0.276918
v 0.887176 -0.775999 0.448049
v 0.887171 -0.665894 0.599594
v 0.887169 -0.526683 0.724941
v 0.887166 -0.364454 0.818606
v 0.887163 -0.186298 0.876489
v 0.887163 0.000001 0.896074
v 0.887163 0.186300 0.876489
v 0.887166 0.364456 0.818606
v 0.887169 0.526684 0.724941
v 0.887171 0.665895 0.599594
v 0.887176 0.776001 0.448049
v 0.887178 0.852194 0.276917
v 0.887183 0.891139 0.093684
v 0.887188 0.891139 -0.093642
v 0.887193 0.852194 -0.276870
v 0.887198 0.776001 -0.448004
v 0.887203 0.665895 -0.599554
v 0.887206 0.526684 -0.724895
v 0.887208 0.364456 -0.818561
v 0.887211 0.186300 -0.876445
v 0.698282 0.209586 -0.986008
v 0.698282 0.000001 -1.008037
v 0.698280 0.410012 -0.920882
v 0.698277 0.592520 -0.815517
v 0.698275 0.749132 -0.674503
v 0.698270 0.873000 -0.504010
v 0.698265 0.958717 -0.311489
v 0.698257 1.002533 -0.105354
v 0.698253 1.002533 0.105385
v 0.698247 0.958717 0.311525
v 0.698242 0.873000 0.504044
v 0.698237 0.749132 0.674536
v 0.698235 0.592520 0.815553
v 0.698232 0.410012 0.920923
v 0.698230 0.209586 0.986044
v 0.698230 0.000001 1.008073
v 0.698230 -0.209587 0.986044
v 0.698232 -0.410013 0.920923
v 0.698235 -0.592518 0.815553
v 0.698237 -0.749131 0.674536
v 0.698242 -0.872998 0.504044
v 0.698247 -0.958715 0.311525
v 0.698253 -1.002532 0.105385
v 0.698257 -1.002532 -0.105354
v 0.698265 -0.958715 -0.311489
v 0.698270 -0.872998 -0.504010
v 0.698275 -0.749131 -0.674503
v 0.698277 -0.592518 -0.815517
v 0.698280 -0.410013 -0.920882
v 0.698282 -0.209587 -0.986008
v 0.698287 0.000001 -1.218049
v 0.698287 -0.253249 -1.191432
v 0.698284 -0.495432 -1.112744
v 0.698282 -0.715961 -0.985419
v 0.698277 -0.905200 -0.815028
v 0.698272 -1.054876 -0.609018
v 0.698265 -1.158449 -0.376386
v 0.698260 -1.211392 -0.127304
v 0.698253 -1.211392 0.127340
v 0.698245 -1.158449 0.376418
v 0.698240 -1.054876 0.609051
v 0.698235 -0.905200 0.815064
v 0.698230 -0.715961 0.985455
v 0.698227 -0.495432 1.112778
v 0.698225 -0.253249 1.191467
v 0.698222 0.000001 1.218083
v 0.698225 0.253250 1.191467
v 0.698227 0.495434 1.112778
v 0.698230 0.715963 0.985455
v 0.698235 0.905199 0.815064
v 0.698240 1.054877 0.609051
v 0.698245 1.158451 0.376418
v 0.698253 1.211393 0.127340
v 0.698260 1.211393 -0.127304
v 0.698265 1.158451 -0.376386
v 0.698272 1.054877 -0.609018
v 0.698277 0.905199 -0.815028
v 0.698282 0.715963 -0.985419
v 0.698284 0.495434 -1.112744
v 0.698287 0.253250 -1.191432
v 1.843687 0.000001 -1.890054
v 1.631143 0.000001 -1.904061
v 1.631141 -0.395886 -1.862455
v 1.843687 -0.392974 -1.848753
v 1.631139 -0.774470 -1.739447
v 1.843685 -0.768775 -1.726649
v 1.631133 -1.119204 -1.540412
v 1.843678 -1.110974 -1.529080
v 1.631126 -1.415026 -1.274054
v 1.843673 -1.404620 -1.264680
v 1.631118 -1.649004 -0.952009
v 1.843663 -1.636878 -0.945003
v 1.631108 -1.810909 -0.588354
v 1.843653 -1.797594 -0.584027
v 1.631096 -1.893672 -0.198992
v 1.843642 -1.879746 -0.197521
v 1.631086 -1.893672 0.199076
v 1.843633 -1.879746 0.197620
v 1.631076 -1.810909 0.588447
v 1.843623 -1.797594 0.584122
v 1.631066 -1.649003 0.952088
v 1.843613 -1.636877 0.945103
v 1.631058 -1.415025 1.274135
v 1.843606 -1.404620 1.264773
v 1.631051 -1.119204 1.540495
v 1.843598 -1.110973 1.529178
v 1.631046 -0.774470 1.739527
v 1.843594 -0.768774 1.726746
v 1.631044 -0.395886 1.862540
v 1.843590 -0.392973 1.848850
v 1.631041 0.000001 1.904146
v 1.843588 0.000001 1.890150
v 1.631044 0.395885 1.862540
v 1.843590 0.392975 1.848850
v 1.631046 0.774472 1.739527
v 1.843594 0.768773 1.726746
v 1.631051 1.119206 1.540494
v 1.843598 1.110976 1.529178
v 1.631058 1.415027 1.274135
v 1.843606 1.404622 1.264773
v 1.631066 1.649003 0.952088
v 1.843613 1.636877 0.945102
v 1.631076 1.810911 0.588447
v 1.843623 1.797596 0.584121
v 1.631086 1.893674 0.199075
v 1.843633 1.879750 0.197620
v 1.631096 1.893674 -0.198992
v 1.843642 1.879750 -0.197521
v 1.631108 1.810911 -0.588354
v 1.843653 1.797596 -0.584027
v 1.631118 1.649002 -0.952009
v 1.843663 1.636877 -0.945003
v 1.631126 1.415027 -1.274054
v 1.843673 1.404621 -1.264681
v 1.631133 1.119206 -1.540412
v 1.843678 1.110975 -1.529080
v 1.631139 0.774471 -1.739447
v 1.843685 0.768773 -1.726649
v 1.631141 0.395885 -1.862455
v 1.843687 0.392975 -1.848753
v 1.938157 0.427905 -2.013088
v 1.938157 0.000001 -2.058058
v 1.938152 0.837112 -1.880131
v 1.938146 1.209730 -1.664995
v 1.938139 1.529477 -1.377098
v 1.938129 1.782379 -1.029007
v 1.938119 1.957382 -0.635938
v 1.938110 2.046838 -0.215081
v 1.938098 2.046838 0.215181
v 1.938087 1.957382 0.636043
v 1.938077 1.782379 1.029109
v 1.938067 1.529477 1.377198
v 1.938060 1.209730 1.665100
v 1.938053 0.837112 1.880232
v 1.938050 0.427905 2.013189
v 1.938050 0.000001 2.058165
v 1.938050 -0.427906 2.013189
v 1.938053 -0.837110 1.880232
v 1.938060 -1.209728 1.665100
v 1.938067 -1.529476 1.377198
v 1.938077 -1.782377 1.029109
v 1.938087 -1.957380 0.636043
v 1.938098 -2.046839 0.215181
v 1.938110 -2.046839 -0.215080
v 1.938119 -1.957380 -0.635938
v 1.938129 -1.782378 -1.029007
v 1.938139 -1.529476 -1.377098
v 1.938146 -1.209728 -1.664994
v 1.938152 -0.837110 -1.880131
v 1.938157 -0.427906 -2.013088
v 0.072477 0.000001 -1.764095
v 0.875427 0.000001 -1.820075
v 0.875425 -0.378420 -1.780307
v 0.072477 -0.366775 -1.725546
v 1.654767 0.000001 -2.128077
v 1.654767 -0.442460 -2.081567
v 0.875422 -0.740300 -1.662720
v 0.072471 -0.717523 -1.611579
v 1.654762 -0.865582 -1.944089
v 0.875417 -1.069827 -1.472468
v 0.072466 -1.036910 -1.427185
v 1.654757 -1.250875 -1.721638
v 0.875410 -1.352596 -1.217860
v 0.072462 -1.310980 -1.180407
v 1.654749 -1.581500 -1.423942
v 0.875403 -1.576251 -0.910029
v 0.072454 -1.527753 -0.882049
v 1.654740 -1.843001 -1.064014
v 0.875392 -1.731016 -0.562420
v 0.072445 -1.677756 -0.545134
v 1.654729 -2.023957 -0.657580
v 0.875382 -1.810130 -0.190229
v 0.072435 -1.754431 -0.184400
v 1.654717 -2.116458 -0.222401
v 0.875372 -1.810130 0.190273
v 0.072425 -1.754431 0.184401
v 1.654705 -2.116458 0.222488
v 0.875365 -1.731016 0.562466
v 0.072414 -1.677756 0.545139
v 1.654692 -2.023957 0.657667
v 0.875355 -1.576251 0.910070
v 0.072407 -1.527753 0.882051
v 1.654682 -1.843001 1.064099
v 0.875345 -1.352596 1.217906
v 0.072400 -1.310980 1.180414
v 1.654672 -1.581499 1.424033
v 0.875340 -1.069827 1.472512
v 0.072392 -1.036910 1.427186
v 1.654665 -1.250875 1.721724
v 0.875335 -0.740299 1.662763
v 0.072388 -0.717523 1.611586
v 1.654660 -0.865582 1.944171
v 0.875330 -0.378419 1.780349
v 0.072385 -0.366775 1.725549
v 1.654655 -0.442460 2.081656
v 0.875330 0.000001 1.820125
v 0.072385 0.000001 1.764102
v 1.654655 0.000001 2.128156
v 0.875330 0.378421 1.780349
v 0.072385 0.366777 1.725549
v 1.654655 0.442461 2.081656
v 0.875335 0.740301 1.662763
v 0.072388 0.717525 1.611586
v 1.654660 0.865584 1.944171
v 0.875340 1.069828 1.472512
v 0.072392 1.036909 1.427185
v 1.654665 1.250877 1.721724
v 0.875345 1.352598 1.217906
v 0.072400 1.310980 1.180414
v 1.654672 1.581499 1.424032
v 0.875355 1.576253 0.910070
v 0.072407 1.527752 0.882050
v 1.654682 1.843004 1.064099
v 0.875365 1.731018 0.562466
v 0.072414 1.677755 0.545139
v 1.654692 2.023959 0.657666
v 0.875372 1.810129 0.190273
v 0.072425 1.754433 0.184401
v 1.654705 2.116460 0.222488
v 0.875382 1.810129 -0.190230
v 0.072435 1.754433 -0.184400
v 1.654717 2.116460 -0.222402
v 0.875392 1.731018 -0.562421
v 0.072445 1.677755 -0.545134
v 1.654729 2.023959 -0.657581
v 0.875403 1.576252 -0.910030
v 0.072454 1.527752 -0.882050
v 1.654740 1.843003 -1.064014
v 0.875410 1.352598 -1.217861
v 0.072462 1.310979 -1.180408
v 1.654749 1.581498 -1.423943
v 0.875417 1.069828 -1.472468
v 0.072466 1.036909 -1.427186
v 1.654757 1.250876 -1.721639
v 0.875422 0.740301 -1.662720
v 0.072471 0.717524 -1.611579
v 1.654762 0.865584 -1.944090
v 0.875425 0.378421 -1.780307
v 0.072477 0.366777 -1.725546
v 1.654767 0.442461 -2.081567
v 0.072480 0.404619 -1.903581
v 0.072481 0.000001 -1.946106
v 0.072477 0.791553 -1.777858
v 0.072471 1.143894 -1.574431
v 0.072464 1.446240 -1.302203
v 0.072457 1.685378 -0.973050
v 0.072447 1.850859 -0.601377
v 0.072437 1.935446 -0.203421
v 0.072425 1.935446 0.203424
v 0.072414 1.850859 0.601379
v 0.072405 1.685378 0.973056
v 0.072397 1.446241 1.302204
v 0.072390 1.143894 1.574436
v 0.072385 0.791553 1.777858
v 0.072380 0.404619 1.903580
v 0.072380 0.000001 1.946108
v 0.072380 -0.404618 1.903580
v 0.072385 -0.791554 1.777858
v 0.072390 -1.143892 1.574436
v 0.072397 -1.446238 1.302204
v 0.072405 -1.685375 0.973056
v 0.072414 -1.850857 0.601380
v 0.072425 -1.935445 0.203425
v 0.072437 -1.935445 -0.203421
v 0.072447 -1.850857 -0.601377
v 0.072457 -1.685376 -0.973049
v 0.072464 -1.446238 -1.302202
v 0.072471 -1.143893 -1.574431
v 0.072477 -0.791554 -1.777858
v 0.072480 -0.404618 -1.903581
v 1.265099 0.000001 -2.072080
v 1.265099 -0.430816 -2.026800
v 0.887238 0.000001 -1.988086
v 0.887238 -0.413350 -1.944643
v 1.265097 -0.842803 -1.892936
v 0.887235 -0.808635 -1.816207
v 1.265090 -1.217959 -1.676343
v 0.887228 -1.168582 -1.608392
v 1.265082 -1.539881 -1.386480
v 0.887223 -1.477452 -1.330288
v 1.265075 -1.794503 -1.036020
v 0.887213 -1.721753 -0.994035
v 1.265062 -1.970697 -0.640283
v 0.887203 -1.890805 -0.614339
v 1.265052 -2.060762 -0.216559
v 0.887193 -1.977217 -0.207792
v 1.265040 -2.060762 0.216633
v 0.887181 -1.977217 0.207833
v 1.265030 -1.970697 0.640351
v 0.887171 -1.890805 0.614380
v 1.265020 -1.794503 1.036091
v 0.887161 -1.721753 0.994078
v 1.265010 -1.539881 1.386548
v 0.887151 -1.477452 1.330329
v 1.265002 -1.217958 1.676411
v 0.887143 -1.168581 1.608436
v 1.264995 -0.842803 1.893004
v 0.887138 -0.808635 1.816249
v 1.264993 -0.430816 2.026867
v 0.887136 -0.413349 1.944687
v 1.264990 0.000001 2.072148
v 0.887133 0.000001 1.988133
v 1.264993 0.430818 2.026867
v 0.887136 0.413351 1.944687
v 1.264995 0.842805 1.893004
v 0.887138 0.808637 1.816249
v 1.265002 1.217958 1.676411
v 0.887143 1.168583 1.608436
v 1.265010 1.539880 1.386548
v 0.887151 1.477454 1.330328
v 1.265020 1.794503 1.036091
v 0.887161 1.721753 0.994078
v 1.265030 1.970697 0.640351
v 0.887171 1.890804 0.614379
v 1.265040 2.060764 0.216633
v 0.887181 1.977219 0.207833
v 1.265052 2.060764 -0.216559
v 0.887193 1.977219 -0.207793
v 1.265062 1.970697 -0.640284
v 0.887203 1.890804 -0.614339
v 1.265075 1.794502 -1.036020
v 0.887213 1.721752 -0.994036
v 1.265082 1.539880 -1.386480
v 0.887223 1.477453 -1.330288
v 1.265090 1.217958 -1.676344
v 0.887228 1.168583 -1.608392
v 1.265097 0.842805 -1.892937
v 0.887235 0.808637 -1.816208
v 1.265099 0.430817 -2.026800
v 0.887238 0.413351 -1.944643
v -0.482498 0.000001 -1.904117
v -0.647807 0.000001 -1.988130
v -0.647810 -0.413350 -1.944682
v -0.482501 -0.395886 -1.862510
v -1.049278 0.000001 -2.072142
v -1.143740 0.000001 -2.212152
v -1.143742 -0.459926 -2.163812
v -1.049278 -0.430816 -2.026862
v -1.214583 0.000001 -2.422168
v -1.214583 -0.503588 -2.369235
v -0.647813 -0.808638 -1.816246
v -0.482502 -0.774470 -1.739502
v -1.143744 -0.899750 -2.020903
v -1.049281 -0.842803 -1.892998
v -1.214587 -0.985170 -2.212766
v -0.647818 -1.168582 -1.608432
v -0.482508 -1.119204 -1.540466
v -1.143752 -1.300252 -1.789679
v -1.049288 -1.217959 -1.676402
v -1.214595 -1.423693 -1.959579
v -0.647825 -1.477452 -1.330327
v -0.482515 -1.415026 -1.274108
v -1.143759 -1.643926 -1.480226
v -1.049295 -1.539881 -1.386542
v -1.214602 -1.799995 -1.620755
v -0.647836 -1.721753 -0.994074
v -0.482522 -1.649004 -0.952064
v -1.143770 -1.915754 -1.106089
v -1.049302 -1.794503 -1.036083
v -1.214615 -2.097629 -1.211103
v -0.647845 -1.890805 -0.614377
v -0.482533 -1.810912 -0.588411
v -1.143779 -2.103853 -0.683611
v -1.049316 -1.970697 -0.640345
v -1.214627 -2.303584 -0.748516
v -0.647855 -1.977217 -0.207833
v -0.482545 -1.893672 -0.199046
v -1.143792 -2.200003 -0.231262
v -1.049325 -2.060762 -0.216622
v -1.214639 -2.408863 -0.253215
v -0.647867 -1.977217 0.207795
v -0.482556 -1.893672 0.199020
v -1.143804 -2.200003 0.231199
v -1.049338 -2.060762 0.216570
v -1.214652 -2.408863 0.253152
v -0.647877 -1.890805 0.614339
v -0.482565 -1.810912 0.588390
v -1.143817 -2.103853 0.683555
v -1.049347 -1.970697 0.640292
v -1.214668 -2.303584 0.748448
v -0.647888 -1.721753 0.994038
v -0.482574 -1.649003 0.952035
v -1.143827 -1.915754 1.106030
v -1.049357 -1.794503 1.036029
v -1.214677 -2.097629 1.211034
v -0.647897 -1.477452 1.330289
v -0.482582 -1.415025 1.274081
v -1.143836 -1.643926 1.480171
v -1.049368 -1.539881 1.386489
v -1.214690 -1.799995 1.620692
v -0.647905 -1.168581 1.608395
v -0.482590 -1.119204 1.540440
v -1.143847 -1.300252 1.789616
v -1.049375 -1.217958 1.676351
v -1.214699 -1.423692 1.959515
v -0.647910 -0.808638 1.816209
v -0.482595 -0.774470 1.739473
v -1.143851 -0.899750 2.020844
v -1.049382 -0.842803 1.892944
v -1.214704 -0.985169 2.212697
v -0.647912 -0.413349 1.944647
v -0.482597 -0.395886 1.862484
v -1.143856 -0.459926 2.163754
v -1.049385 -0.430816 2.026807
v -1.214710 -0.503588 2.369173
v -0.647914 0.000001 1.988093
v -0.482600 0.000001 1.904091
v -1.143856 0.000001 2.212091
v -1.049388 0.000001 2.072088
v -1.214710 0.000001 2.422103
v -0.647912 0.413351 1.944647
v -0.482597 0.395887 1.862484
v -1.143856 0.459928 2.163754
v -1.049385 0.430818 2.026807
v -1.214710 0.503590 2.369173
v -0.647910 0.808637 1.816209
v -0.482595 0.774472 1.739473
v -1.143851 0.899752 2.020844
v -1.049382 0.842805 1.892944
v -1.214704 0.985171 2.212697
v -0.647905 1.168583 1.608395
v -0.482590 1.119206 1.540439
v -1.143847 1.300254 1.789616
v -1.049375 1.217960 1.676351
v -1.214699 1.423694 1.959515
v -0.647897 1.477454 1.330289
v -0.482582 1.415027 1.274081
v -1.143836 1.643928 1.480171
v -1.049368 1.539880 1.386489
v -1.214690 1.799997 1.620692
v -0.647888 1.721753 0.994038
v -0.482574 1.649003 0.952034
v -1.143827 1.915753 1.106030
v -1.049357 1.794503 1.036029
v -1.214677 2.097631 1.211034
v -0.647877 1.890804 0.614339
v -0.482565 1.810913 0.588390
v -1.143817 2.103852 0.683554
v -1.049347 1.970697 0.640292
v -1.214668 2.303585 0.748448
v -0.647867 1.977219 0.207794
v -0.482556 1.893674 0.199019
v -1.143804 2.200004 0.231199
v -1.049338 2.060764 0.216570
v -1.214652 2.408864 0.253152
v -0.647855 1.977219 -0.207833
v -0.482545 1.893674 -0.199046
v -1.143792 2.200004 -0.231263
v -1.049325 2.060764 -0.216623
v -1.214639 2.408864 -0.253216
v -0.647845 1.890804 -0.614378
v -0.482533 1.810913 -0.588411
v -1.143779 2.103852 -0.683612
v -1.049316 1.970697 -0.640345
v -1.214627 2.303585 -0.748516
v -0.647836 1.721752 -0.994074
v -0.482522 1.649002 -0.952064
v -1.143770 1.915753 -1.106089
v -1.049302 1.794502 -1.036083
v -1.214615 2.097631 -1.211103
v -0.647825 1.477453 -1.330328
v -0.482515 1.415027 -1.274108
v -1.143759 1.643928 -1.480226
v -1.049295 1.539880 -1.386543
v -1.214602 1.799996 -1.620756
v -0.647818 1.168583 -1.608432
v -0.482508 1.119206 -1.540466
v -1.143752 1.300254 -1.789679
v -1.049288 1.217960 -1.676402
v -1.214595 1.423694 -1.959579
v -0.647813 0.808637 -1.816246
v -0.482502 0.774471 -1.739502
v -1.143744 0.899751 -2.020903
v -1.049281 0.842805 -1.892998
v -1.214587 0.985171 -2.212766
v -0.647810 0.413351 -1.944682
v -0.482501 0.395887 -1.862510
v -1.143742 0.459927 -2.163812
v -1.049278 0.430817 -2.026862
v -1.214583 0.503589 -2.369235
v -0.482508 0.046672 -1.568120
v -0.482508 0.280376 -1.543557
v -0.388044 0.000001 -1.470092
v -0.482510 0.000001 -1.526101
v -0.482510 -0.317289 -1.492746
v -0.388044 -0.305647 -1.437965
v -0.482513 -0.620715 -1.394162
v -0.388046 -0.597936 -1.342998
v -0.482518 -0.897009 -1.234642
v -0.388051 -0.864093 -1.189334
v -0.482522 -1.134101 -1.021161
v -0.388056 -1.092482 -0.983687
v -0.482530 -1.321626 -0.763056
v -0.388063 -1.273128 -0.735052
v -0.482535 -1.451393 -0.471598
v -0.388071 -1.398130 -0.454292
v -0.482545 -1.517725 -0.159531
v -0.388079 -1.462026 -0.153676
v -0.482553 -1.517725 0.159507
v -0.388085 -1.462026 0.153657
v -0.482560 -1.451393 0.471573
v -0.388096 -1.398130 0.454268
v -0.482570 -1.321626 0.763029
v -0.388100 -1.273128 0.735031
v -0.482574 -1.134100 1.021135
v -0.388108 -1.092482 0.983668
v -0.482582 -0.897009 1.234616
v -0.388113 -0.864093 1.189312
v -0.482585 -0.620715 1.394133
v -0.388118 -0.597935 1.342978
v -0.482587 -0.317289 1.492726
v -0.388120 -0.305647 1.437944
v -0.482590 0.000001 1.526072
v -0.388120 0.000001 1.470073
v -0.482587 0.317290 1.492726
v -0.388120 0.305647 1.437944
v -0.482585 0.620714 1.394133
v -0.388118 0.597937 1.342978
v -0.482582 0.897011 1.234615
v -0.388113 0.864092 1.189312
v -0.482574 1.134102 1.021135
v -0.388108 1.092484 0.983667
v -0.482570 1.321628 0.763028
v -0.388100 1.273127 0.735031
v -0.482560 1.451392 0.471573
v -0.388096 1.398132 0.454267
v -0.482553 1.517724 0.159507
v -0.388085 1.462028 0.153657
v -0.482545 1.517724 -0.159531
v -0.388079 1.462028 -0.153676
v -0.482535 1.451392 -0.471599
v -0.388071 1.398132 -0.454292
v -0.482530 1.321628 -0.763056
v -0.388063 1.273127 -0.735052
v -0.482522 1.134102 -1.021161
v -0.388056 1.092484 -0.983687
v -0.482518 0.897010 -1.234642
v -0.388051 0.864092 -1.189334
v -0.482513 0.620714 -1.394162
v -0.388046 0.597937 -1.342998
v -0.482510 0.317290 -1.492746
v -0.388044 0.305647 -1.437965
v -0.529749 0.000001 -1.176081
v -0.399854 0.000001 -1.344087
v -0.399857 -0.279447 -1.314716
v -0.529749 -0.244517 -1.150377
v -0.399860 -0.546684 -1.227885
v -0.529752 -0.478348 -1.074401
v -0.399861 -0.790027 -1.087392
v -0.529754 -0.691273 -0.951470
v -0.399866 -0.998842 -0.899369
v -0.529760 -0.873986 -0.786957
v -0.399874 -1.164000 -0.672050
v -0.529765 -1.018501 -0.588048
v -0.399878 -1.278289 -0.415352
v -0.529772 -1.118504 -0.363440
v -0.399886 -1.336709 -0.140507
v -0.529777 -1.169621 -0.122945
v -0.399894 -1.336709 0.140484
v -0.529785 -1.169621 0.122913
v -0.399901 -1.278289 0.415331
v -0.529789 -1.118504 0.363411
v -0.399909 -1.164000 0.672026
v -0.529797 -1.018501 0.588017
v -0.399914 -0.998842 0.899351
v -0.529802 -0.873986 0.786927
v -0.399918 -0.790027 1.087370
v -0.529807 -0.691273 0.951442
v -0.399924 -0.546684 1.227863
v -0.529809 -0.478348 1.074378
v -0.399926 -0.279447 1.314698
v -0.529812 -0.244517 1.150356
v -0.399926 0.000001 1.344063
v -0.529812 0.000001 1.176049
v -0.399926 0.279448 1.314698
v -0.529812 0.244519 1.150356
v -0.399924 0.546686 1.227863
v -0.529809 0.478350 1.074378
v -0.399918 0.790029 1.087370
v -0.529807 0.691274 0.951441
v -0.399914 0.998841 0.899351
v -0.529802 0.873988 0.786927
v -0.399909 1.164002 0.672025
v -0.529797 1.018502 0.588017
v -0.399901 1.278291 0.415331
v -0.529789 1.118505 0.363411
v -0.399894 1.336713 0.140484
v -0.529785 1.169621 0.122913
v -0.399886 1.336713 -0.140507
v -0.529777 1.169621 -0.122945
v -0.399878 1.278291 -0.415352
v -0.529772 1.118505 -0.363440
v -0.399874 1.164002 -0.672050
v -0.529765 1.018502 -0.588048
v -0.399866 0.998841 -0.899369
v -0.529760 0.873988 -0.786957
v -0.399861 0.790029 -1.087392
v -0.529754 0.691274 -0.951470
v -0.399860 0.546686 -1.227885
v -0.529752 0.478350 -1.074401
v -0.399857 0.279448 -1.314716
v -0.529749 0.244518 -1.150377
v -0.529757 0.195034 -0.917566
v -0.529757 0.000001 -0.938068
v -0.529757 0.381542 -0.856966
v -0.529762 0.551373 -0.758912
v -0.529765 0.697109 -0.627693
v -0.529770 0.812378 -0.469039
v -0.529775 0.892140 -0.289893
v -0.529777 0.932914 -0.098070
v -0.529785 0.932914 0.098039
v -0.529787 0.892140 0.289860
v -0.529792 0.812378 0.469010
v -0.529797 0.697109 0.627669
v -0.529800 0.551373 0.758880
v -0.529804 0.381542 0.856940
v -0.529804 0.195034 0.917536
v -0.529804 0.000001 0.938040
v -0.529804 -0.195030 0.917536
v -0.529804 -0.381540 0.856940
v -0.529800 -0.551374 0.758880
v -0.529797 -0.697107 0.627669
v -0.529792 -0.812377 0.469010
v -0.529787 -0.892140 0.289860
v -0.529785 -0.932912 0.098039
v -0.529777 -0.932912 -0.098070
v -0.529775 -0.892140 -0.289893
v -0.529770 -0.812377 -0.469039
v -0.529765 -0.697107 -0.627693
v -0.529762 -0.551374 -0.758912
v -0.529757 -0.381541 -0.856966
v -0.529757 -0.195030 -0.917566
v -0.411675 0.000001 -0.896058
v -0.411675 -0.186298 -0.876478
v -0.411677 -0.364454 -0.818592
v -0.411679 -0.526685 -0.724928
v -0.411682 -0.665894 -0.599585
v -0.411687 -0.776002 -0.448035
v -0.411692 -0.852193 -0.276908
v -0.411694 -0.891140 -0.093673
v -0.411702 -0.891140 0.093651
v -0.411707 -0.852193 0.276884
v -0.411710 -0.776002 0.448017
v -0.411714 -0.665894 0.599562
v -0.411717 -0.526685 0.724910
v -0.411719 -0.364454 0.818574
v -0.411722 -0.186298 0.876460
v -0.411722 0.000001 0.896041
v -0.411722 0.186300 0.876460
v -0.411719 0.364458 0.818574
v -0.411717 0.526684 0.724910
v -0.411714 0.665895 0.599562
v -0.411710 0.776001 0.448017
v -0.411707 0.852194 0.276884
v -0.411702 0.891141 0.093651
v -0.411694 0.891141 -0.093673
v -0.411692 0.852194 -0.276908
v -0.411687 0.776001 -0.448035
v -0.411682 0.665895 -0.599585
v -0.411679 0.526684 -0.724928
v -0.411677 0.364458 -0.818592
v -0.411675 0.186300 -0.876478
v -0.305407 0.165924 -0.780613
v -0.305407 0.000001 -0.798053
v -0.305410 0.324595 -0.729057
v -0.305412 0.469079 -0.645641
v -0.305415 0.593063 -0.534003
v -0.305418 0.691128 -0.399031
v -0.305422 0.758984 -0.246619
v -0.305427 0.793673 -0.083427
v -0.305430 0.793673 0.083411
v -0.305435 0.758984 0.246602
v -0.305439 0.691128 0.399014
v -0.305441 0.593063 0.533987
v -0.305445 0.469079 0.645624
v -0.305447 0.324595 0.729040
v -0.305450 0.165924 0.780597
v -0.305450 0.000001 0.798038
v -0.305450 -0.165922 0.780597
v -0.305447 -0.324593 0.729040
v -0.305445 -0.469077 0.645624
v -0.305441 -0.593062 0.533987
v -0.305439 -0.691126 0.399014
v -0.305435 -0.758985 0.246602
v -0.305430 -0.793672 0.083411
v -0.305427 -0.793672 -0.083427
v -0.305422 -0.758985 -0.246619
v -0.305418 -0.691126 -0.399031
v -0.305415 -0.593062 -0.534003
v -0.305412 -0.469078 -0.645641
v -0.305410 -0.324593 -0.729057
v -0.305407 -0.165922 -0.780613
v -0.305412 0.000001 -0.588041
v -0.305412 -0.122258 -0.575190
v -0.305415 -0.239174 -0.537201
v -0.305415 -0.345637 -0.475740
v -0.305418 -0.436993 -0.393479
v -0.305420 -0.509251 -0.294025
v -0.305422 -0.559252 -0.181722
v -0.305427 -0.584812 -0.061474
v -0.305430 -0.584812 0.061454
v -0.305435 -0.559252 0.181703
v -0.305437 -0.509251 0.294008
v -0.305439 -0.436993 0.393460
v -0.305441 -0.345637 0.475724
v -0.305441 -0.239174 0.537182
v -0.305445 -0.122258 0.575170
v -0.305445 0.000001 0.588023
v -0.305445 0.122259 0.575170
v -0.305441 0.239175 0.537182
v -0.305441 0.345636 0.475724
v -0.305439 0.436994 0.393460
v -0.305437 0.509253 0.294008
v -0.305435 0.559253 0.181703
v -0.305430 0.584811 0.061454
v -0.305427 0.584811 -0.061474
v -0.305422 0.559253 -0.181722
v -0.305420 0.509253 -0.294025
v -0.305418 0.436994 -0.393479
v -0.305415 0.345636 -0.475740
v -0.305415 0.239175 -0.537201
v -0.305412 0.122259 -0.575190
v -0.317228 0.055309 -0.260215
v -0.317228 0.000001 -0.266024
v -0.317228 0.108197 -0.243026
v -0.317228 0.156360 -0.215222
v -0.317230 0.197688 -0.178005
v -0.317230 0.230376 -0.133017
v -0.317233 0.252997 -0.082210
v -0.317233 0.264559 -0.027813
v -0.317235 0.264559 0.027798
v -0.317235 0.252997 0.082196
v -0.317237 0.230376 0.132998
v -0.317237 0.197688 0.177985
v -0.317240 0.156360 0.215203
v -0.317240 0.108197 0.243008
v -0.317240 0.055309 0.260197
v -0.317240 0.000001 0.266005
v -0.317240 -0.055308 0.260197
v -0.317240 -0.108198 0.243008
v -0.317240 -0.156361 0.215203
v -0.317237 -0.197687 0.177986
v -0.317237 -0.230375 0.132998
v -0.317235 -0.252995 0.082196
v -0.317235 -0.264557 0.027798
v -0.317233 -0.264557 -0.027813
v -0.317233 -0.252995 -0.082210
v -0.317230 -0.230375 -0.133017
v -0.317230 -0.197687 -0.178005
v -0.317228 -0.156361 -0.215222
v -0.317228 -0.108198 -0.243026
v -0.317228 -0.055308 -0.260215
v -0.151918 0.000001 -0.182017
v -0.151918 -0.037842 -0.178039
v -0.151918 -0.074030 -0.166281
v -0.151918 -0.106981 -0.147257
v -0.151918 -0.135260 -0.121792
v -0.151920 -0.157625 -0.091014
v -0.151920 -0.173102 -0.056250
v -0.151923 -0.181012 -0.019029
v -0.151923 -0.181012 0.019018
v -0.151923 -0.173102 0.056239
v -0.151925 -0.157625 0.091000
v -0.151925 -0.135260 0.121784
v -0.151925 -0.106981 0.147244
v -0.151925 -0.074030 0.166268
v -0.151925 -0.037842 0.178028
v -0.151928 0.000001 0.182006
v -0.151925 0.037843 0.178028
v -0.151925 0.074032 0.166268
v -0.151925 0.106983 0.147244
v -0.151925 0.135259 0.121784
v -0.151925 0.157626 0.091000
v -0.151923 0.173102 0.056239
v -0.151923 0.181014 0.019018
v -0.151923 0.181014 -0.019029
v -0.151920 0.173102 -0.056250
v -0.151920 0.157626 -0.091014
v -0.151918 0.135259 -0.121792
v -0.151918 0.106983 -0.147257
v -0.151918 0.074032 -0.166281
v -0.151918 0.037843 -0.178039
v -0.163731 0.000001 -0.000007
v -0.482560 1.505782 0.440174
v -0.482556 1.554638 0.210314
v -0.482574 1.196562 1.014570
v -0.482570 1.334685 0.824457
v -0.482587 0.680445 1.413546
v -0.482582 0.883952 1.296044
v -0.482590 0.046672 1.568098
v -0.482590 0.280377 1.543533
v -0.482587 -0.595169 1.451507
v -0.482590 -0.371679 1.524126
v -0.482577 -1.134100 1.083942
v -0.482582 -0.959468 1.241180
v -0.482562 -1.476936 0.528947
v -0.482568 -1.381357 0.743624
v -0.482545 -1.564396 -0.117510
v -0.482553 -1.564396 0.117486
v -0.482530 -1.381357 -0.743651
v -0.482535 -1.476936 -0.528976
v -0.482515 -0.959468 -1.241205
v -0.482520 -1.134101 -1.083968
v -0.482510 -0.371679 -1.524150
v -0.482510 -0.595170 -1.451534
v -0.482515 0.883951 -1.296072
v -0.482513 0.680444 -1.413572
v -0.482527 1.334684 -0.824487
v -0.482522 1.196561 -1.014599
v -0.482543 1.554638 -0.210340
v -0.482538 1.505782 -0.440200
vn -0.3843 0.7886 0.4800
vn -0.4367 0.1758 0.8823
vn -0.0000 0.4376 0.8992
vn -0.0000 0.9132 0.4076
vn -0.0000 -0.4947 0.8691
vn -0.4197 -0.4834 0.7682
vn -0.3295 -0.9071 0.2620
vn -0.0000 -0.9491 0.3149
vn -0.0000 -0.9110 -0.4124
vn -0.3505 -0.8448 -0.4043
vn -0.3655 -0.3122 -0.8769
vn -0.0000 -0.1624 -0.9867
vn -0.9129 -0.2731 0.3035
vn -0.8451 -0.4366 -0.3085
vn -0.8907 0.3655 -0.2704
vn -0.8731 0.3240 0.3644
vn -0.2798 0.9515 -0.1276
vn -0.0000 0.9340 -0.3573
vn -0.2300 0.4898 -0.8409
vn -0.0000 0.4946 -0.8691
vn -0.2783 -0.0798 0.9572
vn -0.0000 -0.1106 0.9939
vn -0.0000 0.5828 0.8126
vn -0.4574 0.5590 0.6916
vn -0.0000 -0.9951 -0.0984
vn -0.0000 -0.7113 0.7029
vn -0.4381 -0.7569 0.4849
vn -0.4574 -0.8784 -0.1383
vn -0.0000 -0.5457 -0.8380
vn -0.2797 -0.6948 -0.6625
vn -0.2753 0.0033 -0.9613
vn -0.0000 0.2529 -0.9675
vn -0.9207 -0.3812 0.0835
vn -0.8468 -0.1601 -0.5072
vn -0.8957 0.4445 0.0059
vn -0.8723 0.0510 0.4863
vn -0.2333 0.9550 0.1833
vn -0.0000 0.9794 0.2019
vn -0.3630 0.6721 -0.6453
vn -0.0001 0.8825 -0.4703
vn -0.3295 0.2266 0.9166
vn -0.4197 -0.4237 0.8027
vn -0.0000 -0.5054 0.8629
vn -0.0000 0.2018 0.9794
vn -0.0001 -0.9975 0.0707
vn -0.4367 -0.8520 0.2889
vn -0.3295 -0.8017 -0.4988
vn -0.0000 -0.8691 -0.4947
vn -0.0000 -0.3032 -0.9529
vn -0.3505 -0.2648 -0.8983
vn -0.2753 0.3941 -0.8769
vn -0.0000 0.6246 -0.7810
vn -0.9207 -0.3823 -0.0788
vn -0.8468 0.0601 -0.5285
vn -0.8957 0.4037 0.1862
vn -0.8723 -0.1513 0.4650
vn -0.3506 0.7725 0.5294
vn -0.0000 0.8126 0.5828
vn -0.3136 0.9185 -0.2409
vn -0.0000 0.9768 -0.2139
vn -0.2783 -0.7647 0.5812
vn -0.0000 -0.8126 0.5828
vn -0.0001 -0.3200 0.9474
vn -0.3824 -0.0975 0.9188
vn -0.0000 -0.9794 -0.2018
vn -0.5217 -0.8403 -0.1475
vn -0.3842 -0.5599 -0.7341
vn -0.0000 -0.5007 -0.8656
vn -0.0000 0.2576 -0.9663
vn -0.2797 0.0274 -0.9597
vn -0.3136 0.7936 -0.5214
vn -0.0000 0.8126 -0.5828
vn -0.8730 -0.3963 -0.2842
vn -0.8957 0.1318 -0.4246
vn -0.8468 0.4329 0.3089
vn -0.9128 -0.2733 0.3034
vn -0.2790 0.5773 0.7674
vn -0.0000 0.3709 0.9287
vn -0.3457 0.9160 0.2038
vn -0.3764 -0.9109 0.1692
vn -0.0000 -0.9794 0.2018
vn -0.0000 -0.5928 0.8053
vn -0.4574 -0.4850 0.7454
vn -0.0000 -0.8126 -0.5828
vn -0.4197 -0.7135 -0.5611
vn -0.3842 -0.2129 -0.8984
vn -0.0000 -0.1053 -0.9944
vn -0.0000 0.6284 -0.7779
vn -0.2797 0.4154 -0.8656
vn -0.2300 0.9511 -0.2060
vn -0.0000 0.9794 -0.2018
vn -0.8723 -0.3273 -0.3634
vn -0.8907 0.3701 -0.2641
vn -0.8451 0.1584 0.5106
vn -0.9207 -0.3172 0.2274
vn -0.2798 0.0274 0.9597
vn -0.0000 0.2577 0.9662
vn -0.3656 0.7375 0.5679
vn -0.0000 0.8883 0.4593
vn -0.3843 -0.8100 0.4429
vn -0.5218 -0.8276 -0.2069
vn -0.0000 -0.9768 -0.2139
vn -0.0000 -0.8095 0.5871
vn -0.0000 0.2018 -0.9794
vn -0.0000 -0.5054 -0.8629
vn -0.2783 -0.4622 -0.8419
vn -0.4574 0.2294 -0.8592
vn -0.0000 0.9769 0.2139
vn -0.2332 0.7979 -0.5559
vn -0.4354 0.8663 0.2448
vn -0.9128 -0.1263 -0.3883
vn -0.8451 0.4854 -0.2239
vn -0.8907 0.0514 0.4517
vn -0.8730 -0.4776 0.0984
vn -0.2798 -0.3652 0.8879
vn -0.0000 -0.1576 0.9875
vn -0.2301 0.4833 0.8447
vn -0.0000 0.5053 0.8629
vn -0.3295 -0.9352 0.1296
vn -0.3351 -0.7200 -0.6077
vn -0.0000 -0.8825 -0.4703
vn -0.0000 -0.9951 0.0984
vn -0.0000 -0.1107 -0.9939
vn -0.5217 -0.1193 -0.8448
vn -0.3295 0.5798 -0.7452
vn -0.0000 0.5827 -0.8127
vn -0.0000 0.9794 -0.2019
vn -0.3505 0.9211 -0.1695
vn -0.3136 0.7411 0.5936
vn -0.0000 0.8054 0.5927
vn -0.8730 0.1478 -0.4648
vn -0.8957 0.4445 -0.0058
vn -0.8468 -0.1601 0.5072
vn -0.9128 -0.3730 -0.1662
vn -0.2789 -0.5514 0.7862
vn -0.0000 -0.7685 0.6398
vn -0.3457 0.0892 0.9341
vn -0.0000 0.1106 0.9939
vn -0.2783 -0.4980 -0.8213
vn -0.0000 -0.4946 -0.8691
vn -0.0000 -0.9088 -0.4173
vn -0.3824 -0.9036 -0.1930
vn -0.0000 0.3031 -0.9529
vn -0.5217 0.2346 -0.8202
vn -0.3295 0.8328 -0.4449
vn -0.0000 0.8629 -0.5054
vn -0.0000 0.9768 0.2140
vn -0.3506 0.9104 0.2198
vn -0.2753 0.5623 0.7798
vn -0.0000 0.3640 0.9314
vn -0.8731 0.3240 -0.3644
vn -0.8907 0.3655 0.2703
vn -0.8451 -0.4366 0.3085
vn -0.9128 -0.2731 -0.3035
vn -0.3506 -0.8448 0.4043
vn -0.0000 -0.9110 0.4123
vn -0.3137 -0.2506 0.9159
vn -0.0000 -0.3031 0.9530
vn -0.2783 -0.1209 -0.9529
vn -0.0000 -0.0984 -0.9952
vn -0.0000 -0.6605 -0.7508
vn -0.3823 -0.7470 -0.5439
vn -0.0000 0.9939 -0.1107
vn -0.0000 0.5497 -0.8353
vn -0.4381 0.6396 -0.6317
vn -0.4574 0.8880 -0.0473
vn -0.0000 0.7080 0.7062
vn -0.2798 0.8174 0.5036
vn -0.2301 0.1055 0.9674
vn -0.0000 0.0984 0.9951
vn -0.9207 0.3555 -0.1610
vn -0.8468 0.2620 0.4628
vn -0.8958 -0.4360 0.0866
vn -0.8723 -0.1510 -0.4652
vn -0.3506 -0.9362 0.0257
vn -0.0000 -1.0000 0.0062
vn -0.3656 -0.6419 0.6741
vn -0.0000 -0.5497 0.8354
vn -0.3843 -0.3558 -0.8519
vn -0.4197 0.2475 -0.8733
vn -0.0000 0.3149 -0.9491
vn -0.0000 -0.4994 -0.8664
vn -0.0000 0.9530 0.3031
vn -0.0000 0.9110 -0.4123
vn -0.3765 0.8364 -0.3984
vn -0.4574 0.8305 0.3179
vn -0.0000 0.3595 0.9331
vn -0.2798 0.5419 0.7925
vn -0.3137 -0.3356 0.8883
vn -0.0000 -0.3149 0.9491
vn -0.9207 0.3903 -0.0025
vn -0.8451 0.1719 0.5062
vn -0.8907 -0.4546 0.0038
vn -0.8723 0.0512 -0.4863
vn -0.2797 -0.8448 -0.4561
vn -0.0000 -0.9656 -0.2601
vn -0.2753 -0.9132 0.3003
vn -0.0000 -0.8419 0.5396
vn -0.2783 0.6272 -0.7275
vn -0.0000 0.6737 -0.7390
vn -0.0000 0.0062 -1.0000
vn -0.4574 -0.0458 -0.8881
vn -0.0000 0.7473 0.6645
vn -0.0000 0.9886 -0.1505
vn -0.4381 0.8974 0.0526
vn -0.4574 0.6294 0.6282
vn -0.0000 -0.0511 0.9987
vn -0.2798 0.1727 0.9444
vn -0.3656 -0.6033 0.7088
vn -0.0000 -0.7733 0.6340
vn -0.8731 0.4467 0.1955
vn -0.8958 -0.0406 0.4427
vn -0.8468 -0.4877 -0.2122
vn -0.9128 0.2042 -0.3536
vn -0.2797 -0.5863 -0.7603
vn -0.0000 -0.7764 -0.6303
vn -0.2301 -0.9732 -0.0038
vn -0.2784 0.8688 -0.4095
vn -0.0000 0.9160 -0.4011
vn -0.0000 0.4124 -0.9110
vn -0.4574 0.3194 -0.8299
vn -0.0000 0.9160 0.4011
vn -0.5218 0.7912 0.3190
vn -0.3843 0.3950 0.8345
vn -0.0000 0.3097 0.9508
vn -0.0000 -0.4530 0.8915
vn -0.2798 -0.2264 0.9330
vn -0.3656 -0.8394 0.4021
vn -0.0000 -0.9644 0.2646
vn -0.9207 0.2630 0.2884
vn -0.8451 -0.2611 0.4665
vn -0.8907 -0.3071 -0.3353
vn -0.8723 0.3957 -0.2874
vn -0.2797 -0.2264 -0.9330
vn -0.0000 -0.4529 -0.8916
vn -0.2300 -0.8875 -0.3992
vn -0.0000 -0.9161 -0.4010
vn -0.3295 0.6805 -0.6545
vn -0.4367 0.8934 0.1055
vn -0.0000 0.9904 -0.1383
vn -0.0000 0.7473 -0.6645
vn -0.0000 0.1160 0.9933
vn -0.0000 0.7734 0.6340
vn -0.3331 0.5365 0.7753
vn -0.3824 -0.0957 0.9190
vn -0.0000 -1.0000 -0.0060
vn -0.0000 -0.5560 0.8312
vn -0.2789 -0.7243 0.6306
vn -0.4354 -0.8983 -0.0594
vn -0.9129 0.2042 0.3535
vn -0.8451 -0.4283 0.3199
vn -0.8907 -0.1442 -0.4312
vn -0.8731 0.4467 -0.1956
vn -0.3505 0.0722 -0.9338
vn -0.0000 0.0984 -0.9951
vn -0.2300 -0.6484 -0.7257
vn -0.0000 -0.6737 -0.7390
vn -0.3295 0.8879 -0.3212
vn -0.5218 0.7665 0.3745
vn -0.0000 0.9110 0.4124
vn -0.0000 0.9530 -0.3031
vn -0.0000 -0.4011 0.9160
vn -0.0000 0.3149 0.9491
vn -0.2784 0.2771 0.9196
vn -0.4574 -0.4030 0.7927
vn -0.0000 -0.9656 0.2600
vn -0.2798 -0.8448 0.4561
vn -0.3136 -0.8483 -0.4266
vn -0.8723 0.0512 0.4863
vn -0.8957 -0.4336 0.0982
vn -0.8468 0.0511 -0.5294
vn -0.9207 0.3903 0.0024
vn -0.3505 0.4458 -0.8237
vn -0.0000 0.4947 -0.8691
vn -0.2752 -0.2031 -0.9397
vn -0.0000 -0.4486 -0.8937
vn -0.2784 0.6579 0.6998
vn -0.0000 0.6645 0.7473
vn -0.0000 0.9757 0.2192
vn -0.3824 0.9240 0.0009
vn -0.0000 -0.0984 0.9951
vn -0.5217 -0.0589 0.8511
vn -0.3843 -0.6716 0.6335
vn -0.0000 -0.8086 0.5884
vn -0.0000 -0.7655 -0.6435
vn -0.0000 -1.0000 -0.0061
vn -0.2333 -0.9722 -0.0192
vn -0.3631 -0.5233 -0.7709
vn -0.8730 -0.2412 0.4238
vn -0.8957 -0.4360 -0.0867
vn -0.8468 0.2620 -0.4629
vn -0.9128 0.3303 0.2401
vn -0.3505 0.7423 -0.5711
vn -0.0000 0.8054 -0.5928
vn -0.2753 0.1966 -0.9410
vn -0.0000 -0.0463 -0.9989
vn -0.5363 0.2421 0.8086
vn -0.9137 0.3813 0.1405
vn -0.6301 0.7722 0.0823
vn -0.5362 0.5500 0.6403
vn -0.9475 0.3128 0.0669
vn -0.5329 0.7657 -0.3602
vn -0.5362 0.7629 0.3612
vn -0.9242 0.3737 -0.0789
vn -0.5329 0.5530 -0.6404
vn -0.5362 0.8439 0.0196
vn -0.9137 0.2515 -0.3193
vn -0.6300 0.3169 -0.7090
vn -0.5362 0.7789 -0.3253
vn -0.9137 0.0999 -0.3940
vn -0.6300 0.0012 -0.7766
vn -0.5362 0.5792 -0.6140
vn -0.9137 -0.0690 -0.4005
vn -0.6301 -0.3148 -0.7099
vn -0.5362 0.2794 -0.7965
vn -0.9242 -0.1175 -0.3633
vn -0.5329 -0.6947 -0.4831
vn -0.5362 -0.0687 -0.8413
vn -0.9137 -0.3438 -0.2168
vn -0.6301 -0.7382 -0.2411
vn -0.5362 -0.4049 -0.7406
vn -0.9137 -0.4023 -0.0582
vn -0.6301 -0.7724 0.0800
vn -0.5361 -0.6712 -0.5119
vn -0.8808 -0.4557 0.1288
vn -0.6301 -0.6731 0.3872
vn -0.5362 -0.8213 -0.1947
vn -0.9242 -0.3490 0.1548
vn -0.5329 -0.4078 0.7414
vn -0.5362 -0.8295 0.1562
vn -0.9242 -0.2560 0.2834
vn -0.5330 -0.0710 0.8432
vn -0.5362 -0.6942 0.4801
vn -0.8808 -0.0184 0.4732
vn -0.6301 0.1603 0.7598
vn -0.5362 -0.4389 0.7210
vn -0.9242 0.0394 0.3798
vn -0.5330 0.5791 0.6169
vn -0.5362 -0.1077 0.8372
vn -0.8808 0.3394 0.3302
vn -0.6300 0.6720 0.3893
vn -0.9474 0.2586 -0.1884
vn -0.5362 0.2421 -0.8086
vn -0.5329 0.8460 0.0175
vn -0.9137 0.4055 0.0267
vn -0.5362 0.5500 -0.6403
vn -0.6300 0.7389 0.2390
vn -0.9474 0.3130 0.0661
vn -0.5362 0.7629 -0.3612
vn -0.5330 0.5530 0.6404
vn -0.9137 0.2515 0.3192
vn -0.5362 0.8439 -0.0197
vn -0.6301 0.3169 0.7089
vn -0.9137 0.0999 0.3939
vn -0.5362 0.7789 0.3253
vn -0.6301 0.0012 0.7765
vn -0.9475 0.0339 0.3181
vn -0.5362 0.5792 0.6140
vn -0.5330 -0.4382 0.7238
vn -0.9242 -0.1175 0.3634
vn -0.5362 0.2795 0.7965
vn -0.5330 -0.6947 0.4830
vn -0.9242 -0.2551 0.2841
vn -0.5362 -0.0687 0.8413
vn -0.5329 -0.8312 0.1587
vn -0.9137 -0.4022 0.0581
vn -0.5362 -0.4049 0.7406
vn -0.6301 -0.7724 -0.0800
vn -0.9242 -0.3819 0.0005
vn -0.5362 -0.6712 0.5119
vn -0.5329 -0.6741 -0.5115
vn -0.9242 -0.3491 -0.1549
vn -0.5362 -0.8213 0.1947
vn -0.5329 -0.4078 -0.7414
vn -0.9242 -0.2559 -0.2835
vn -0.5362 -0.8295 -0.1563
vn -0.5329 -0.0710 -0.8432
vn -0.9137 -0.0158 -0.4061
vn -0.5362 -0.6942 -0.4801
vn -0.6300 0.1603 -0.7599
vn -0.8807 0.1757 -0.4398
vn -0.5362 -0.4389 -0.7210
vn -0.6300 0.4556 -0.6289
vn -0.9242 0.1905 -0.3311
vn -0.5362 -0.1078 -0.8372
vn -0.5329 0.7800 -0.3281
vn 0.7620 -0.0000 -0.6476
vn 1.0000 -0.0000 -0.0000
vn 0.8695 -0.1027 -0.4832
vn 0.8078 -0.2208 -0.5466
vn 0.7620 -0.3807 -0.5239
vn 0.8695 -0.3671 -0.3305
vn 0.7620 -0.5608 -0.3238
vn 0.8695 -0.4698 -0.1526
vn 0.7620 -0.6440 -0.0677
vn 0.8078 -0.5837 0.0821
vn 0.8078 -0.5539 0.2017
vn 0.8695 -0.4278 0.2470
vn 0.8078 -0.4516 0.3789
vn 0.7620 -0.3807 0.5239
vn 0.8078 -0.2208 0.5466
vn 0.8078 -0.1023 0.5806
vn 0.8078 0.0206 0.5891
vn 0.8078 0.1427 0.5720
vn 0.8078 0.2585 0.5298
vn 0.8078 0.3630 0.4645
vn 0.8078 0.4516 0.3789
vn 0.8695 0.4278 0.2470
vn 0.8078 0.5539 0.2017
vn 0.8078 0.5837 0.0821
vn 0.7620 0.6440 -0.0677
vn 0.8078 0.5539 -0.2017
vn 0.8078 0.4999 -0.3124
vn 0.8695 0.3671 -0.3305
vn 0.7620 0.3807 -0.5239
vn 0.8695 0.2009 -0.4513
vn 0.8078 0.1427 -0.5720
vn 0.9198 -0.0000 -0.3924
vn 0.8694 0.0858 -0.4867
vn 0.9198 0.2307 -0.3175
vn 0.7620 0.4813 -0.4333
vn 0.9066 0.3727 -0.1981
vn 0.8694 0.4751 -0.1361
vn 0.8695 0.4913 -0.0516
vn 0.8693 0.4930 0.0345
vn 0.9065 0.4058 0.1163
vn 0.7620 0.5609 0.3237
vn 0.8693 0.3555 0.3433
vn 0.9065 0.2360 0.3500
vn 0.8693 0.1851 0.4583
vn 0.8693 0.0858 0.4867
vn 0.8078 -0.0206 0.5891
vn 0.8693 -0.1196 0.4795
vn 0.8693 -0.2167 0.4442
vn 0.9463 -0.1901 0.2616
vn 0.8693 -0.3555 0.3433
vn 0.7620 -0.5609 0.3238
vn 0.9065 -0.4058 0.1163
vn 0.8694 -0.4930 0.0345
vn 0.8695 -0.4913 -0.0516
vn 0.8266 -0.5353 -0.1739
vn 0.9463 -0.2800 -0.1616
vn 0.8265 -0.4183 -0.3766
vn 0.8695 -0.2903 -0.3996
vn 0.8694 -0.2167 -0.4441
vn 0.8265 -0.1170 -0.5506
vn 0.8926 0.0782 0.4440
vn 0.9335 -0.0000 0.3585
vn 0.8579 0.2090 0.4694
vn 0.9227 0.2373 0.3037
vn 0.9335 0.2664 0.2399
vn 0.8053 0.5134 0.2965
vn 0.8926 0.4334 0.1242
vn 0.9552 0.2944 0.0310
vn 0.8926 0.4497 -0.0314
vn 0.8053 0.5638 -0.1832
vn 0.9552 0.2564 -0.1480
vn 0.8579 0.3818 -0.3438
vn 0.8427 0.3010 -0.4464
vn 0.9335 0.1458 -0.3275
vn 0.8579 0.1068 -0.5025
vn 0.9552 -0.0000 -0.2960
vn 0.8579 -0.1068 -0.5025
vn 0.9335 -0.1458 -0.3275
vn 0.8427 -0.3010 -0.4464
vn 0.8579 -0.3818 -0.3438
vn 0.9552 -0.2564 -0.1480
vn 0.8053 -0.5638 -0.1832
vn 0.8926 -0.4497 -0.0314
vn 0.9552 -0.2944 0.0310
vn 0.8579 -0.4886 0.1588
vn 0.8927 -0.3902 0.2253
vn 0.9228 -0.2952 0.2477
vn 0.8926 -0.2776 0.3552
vn 0.8053 -0.2411 0.5416
vn 0.8926 -0.0783 0.4440
vn 0.2807 -0.0000 0.9598
vn 0.3497 0.2123 0.9125
vn 0.3967 0.1823 0.8997
vn 0.4774 -0.0000 0.8787
vn 0.1627 0.4013 0.9014
vn 0.5834 0.3193 0.7468
vn 0.2807 0.5670 0.7744
vn 0.4772 0.4913 0.7286
vn 0.3302 0.7120 0.6197
vn 0.5541 0.6067 0.5700
vn 0.2100 0.8576 0.4695
vn 0.4774 0.7557 0.4484
vn 0.2806 0.9139 0.2932
vn 0.3637 0.8780 0.3111
vn 0.3944 0.9139 0.0961
vn 0.4774 0.8739 0.0919
vn 0.2807 0.9549 -0.0968
vn 0.4772 0.8702 -0.1224
vn 0.2100 0.9365 -0.2809
vn 0.3637 0.8780 -0.3111
vn 0.3303 0.8253 -0.4581
vn 0.5541 0.7120 -0.4313
vn 0.2100 0.7413 -0.6375
vn 0.4772 0.6321 -0.6105
vn 0.2806 0.5910 -0.7563
vn 0.4772 0.4913 -0.7286
vn 0.3303 0.3984 -0.8557
vn 0.4772 0.3291 -0.8148
vn 0.2100 0.2250 -0.9515
vn 0.4772 0.1525 -0.8655
vn 0.3303 0.0159 -0.9438
vn 0.4772 -0.0308 -0.8783
vn 0.1627 -0.2051 -0.9651
vn 0.4775 -0.1827 -0.8595
vn 0.3303 -0.3984 -0.8557
vn 0.4772 -0.3291 -0.8148
vn 0.2806 -0.5910 -0.7563
vn 0.4772 -0.4913 -0.7286
vn 0.2100 -0.7413 -0.6375
vn 0.4772 -0.6321 -0.6105
vn 0.3303 -0.8253 -0.4581
vn 0.5541 -0.7120 -0.4313
vn 0.2807 -0.9128 -0.2966
vn 0.2865 -0.9112 -0.2960
vn 0.2303 -0.9664 -0.1145
vn 0.5834 -0.8064 -0.0969
vn 0.3944 -0.9139 0.0961
vn 0.4774 -0.8739 0.0919
vn 0.2100 -0.9365 0.2809
vn 0.4772 -0.8258 0.3007
vn 0.3302 -0.8253 0.4581
vn 0.3637 -0.7942 0.4869
vn 0.2807 -0.7156 0.6396
vn 0.5541 -0.6067 0.5700
vn 0.2807 -0.5670 0.7744
vn 0.4772 -0.4913 0.7286
vn 0.2100 -0.4179 0.8839
vn 0.4772 -0.3291 0.8149
vn 0.2805 -0.2323 0.9313
vn 0.4772 -0.1525 0.8655
vn 0.8716 -0.0000 0.4901
vn 0.8715 -0.1187 0.4758
vn 0.8715 -0.2150 0.4407
vn 0.8715 -0.3019 0.3864
vn 0.8717 -0.3642 0.3280
vn 0.8717 -0.4244 0.2451
vn 0.8715 -0.4714 0.1351
vn 0.8717 -0.4874 0.0513
vn 0.8715 -0.4891 -0.0341
vn 0.8717 -0.4661 -0.1514
vn 0.8717 -0.4244 -0.2450
vn 0.8715 -0.3757 -0.3151
vn 0.8715 -0.3019 -0.3863
vn 0.8715 -0.2150 -0.4407
vn 0.8717 -0.1019 -0.4794
vn 0.8716 0.0172 -0.4900
vn 0.8716 0.1187 -0.4757
vn 0.8715 0.2150 -0.4407
vn 0.8716 0.3019 -0.3863
vn 0.8715 0.3757 -0.3151
vn 0.8717 0.4244 -0.2450
vn 0.8717 0.4661 -0.1514
vn 0.8715 0.4891 -0.0342
vn 0.8717 0.4874 0.0513
vn 0.8717 0.4661 0.1515
vn 0.8715 0.4158 0.2599
vn 0.8717 0.3642 0.3280
vn 0.8715 0.3019 0.3864
vn 0.8715 0.2150 0.4407
vn 0.8715 0.1186 0.4758
vn -0.0696 -0.0000 -0.9976
vn -0.2711 -0.0000 -0.9626
vn -0.1909 -0.1833 -0.9643
vn -0.0695 -0.2414 -0.9679
vn -0.0671 -0.2074 -0.9760
vn -0.0670 -0.0000 -0.9978
vn 0.2399 -0.0000 -0.9708
vn 0.2398 -0.2018 -0.9496
vn -0.2211 -0.3653 -0.9043
vn -0.0695 -0.4374 -0.8966
vn 0.2398 -0.3949 -0.8869
vn -0.1305 -0.4219 -0.8972
vn -0.2211 -0.5453 -0.8086
vn -0.0695 -0.6142 -0.7861
vn -0.0215 -0.5994 -0.8001
vn 0.2398 -0.5706 -0.7854
vn -0.1996 -0.7187 -0.6661
vn -0.0696 -0.7413 -0.6675
vn 0.2397 -0.6983 -0.6745
vn -0.0671 -0.7644 -0.6412
vn -0.2512 -0.8282 -0.5010
vn -0.0696 -0.8639 -0.4988
vn 0.2398 -0.8408 -0.4854
vn -0.1306 -0.8687 -0.4779
vn -0.1996 -0.9275 -0.3162
vn -0.0696 -0.9488 -0.3083
vn -0.0216 -0.9553 -0.2950
vn 0.2398 -0.9233 -0.3000
vn -0.2711 -0.9573 -0.1006
vn -0.0696 -0.9921 -0.1043
vn 0.2397 -0.9614 -0.1352
vn -0.0034 -0.9965 -0.0833
vn -0.1996 -0.9729 0.1165
vn -0.0696 -0.9921 0.1043
vn 0.2398 -0.9655 0.1015
vn -0.1306 -0.9879 0.0832
vn -0.2512 -0.9143 0.3178
vn -0.0696 -0.9488 0.3083
vn -0.0671 -0.9591 0.2749
vn 0.2397 -0.9123 0.3322
vn -0.1909 -0.8605 0.4723
vn -0.0695 -0.8460 0.5287
vn -0.1126 -0.8681 0.4835
vn 0.2397 -0.8233 0.5146
vn -0.2213 -0.7247 0.6525
vn -0.0696 -0.7413 0.6675
vn -0.0034 -0.7573 0.6531
vn 0.2397 -0.6983 0.6745
vn -0.2512 -0.5528 0.7945
vn -0.0696 -0.5864 0.8071
vn -0.0671 -0.6144 0.7862
vn 0.2396 -0.5428 0.8049
vn -0.1910 -0.4185 0.8879
vn -0.0696 -0.3736 0.9250
vn -0.0672 -0.4058 0.9115
vn 0.2398 -0.3949 0.8869
vn -0.2212 -0.2028 0.9539
vn -0.0696 -0.2074 0.9758
vn 0.2398 -0.2018 0.9496
vn -0.0671 -0.2074 0.9760
vn -0.2213 -0.0000 0.9752
vn -0.0696 -0.0000 0.9976
vn -0.0671 -0.0000 0.9977
vn 0.2398 -0.0000 0.9708
vn -0.2213 0.2028 0.9539
vn -0.0696 0.2074 0.9758
vn 0.2398 0.2018 0.9496
vn -0.0671 0.2074 0.9760
vn -0.2211 0.4276 0.8765
vn -0.0698 0.3736 0.9250
vn -0.0216 0.3932 0.9192
vn 0.2398 0.3949 0.8869
vn -0.2512 0.5848 0.7713
vn -0.0696 0.5864 0.8071
vn 0.2396 0.5429 0.8049
vn -0.0670 0.5870 0.8068
vn -0.1996 0.7376 0.6451
vn -0.0696 0.7413 0.6675
vn 0.2396 0.6983 0.6745
vn -0.0671 0.7419 0.6671
vn -0.1909 0.8605 0.4723
vn -0.0698 0.8459 0.5287
vn 0.2396 0.8233 0.5146
vn -0.1126 0.8681 0.4835
vn -0.2512 0.9143 0.3178
vn -0.0696 0.9488 0.3083
vn 0.2397 0.9123 0.3322
vn -0.0671 0.9591 0.2749
vn -0.2211 0.9657 0.1358
vn -0.0695 0.9952 0.0695
vn 0.2398 0.9655 0.1015
vn -0.1306 0.9879 0.0833
vn -0.2212 0.9699 -0.1019
vn -0.0696 0.9921 -0.1043
vn -0.0034 0.9965 -0.0833
vn 0.2397 0.9614 -0.1352
vn -0.2211 0.9164 -0.3336
vn -0.0698 0.9589 -0.2749
vn -0.0216 0.9553 -0.2950
vn 0.2398 0.9233 -0.3000
vn -0.2512 0.8282 -0.5010
vn -0.0696 0.8639 -0.4988
vn 0.2398 0.8408 -0.4854
vn -0.1305 0.8687 -0.4779
vn -0.1707 0.7322 -0.6593
vn -0.0696 0.7413 -0.6675
vn -0.0670 0.7415 -0.6676
vn 0.2398 0.7215 -0.6496
vn -0.2711 0.5658 -0.7787
vn -0.0696 0.5864 -0.8071
vn 0.2397 0.5978 -0.7650
vn -0.0034 0.5704 -0.8214
vn -0.1996 0.3856 -0.9008
vn -0.0696 0.4057 -0.9113
vn 0.2398 0.3949 -0.8869
vn -0.1305 0.4219 -0.8972
vn -0.1909 0.1833 -0.9643
vn -0.0698 0.2414 -0.9679
vn -0.0671 0.2074 -0.9760
vn 0.2398 0.2018 -0.9496
vn 0.9000 -0.0000 0.4359
vn 0.5856 -0.1407 0.7983
vn 0.6278 -0.3166 0.7110
vn 0.9000 -0.2562 0.3527
vn 0.4853 -0.6498 0.5851
vn 0.8123 -0.5149 0.2738
vn 0.7266 -0.6604 0.1893
vn 0.7267 -0.6853 0.0479
vn 0.5856 -0.8027 -0.1129
vn 0.7267 -0.6455 -0.2350
vn 0.8124 -0.4945 -0.3090
vn 0.5856 -0.5831 -0.5631
vn 0.7267 -0.3841 -0.5696
vn 0.9000 -0.1773 -0.3982
vn 0.4854 -0.1818 -0.8552
vn 0.9000 -0.0000 -0.4359
vn 0.6279 0.1618 -0.7613
vn 0.7267 0.3012 -0.6174
vn 0.7269 0.4037 -0.5556
vn 0.7267 0.4941 -0.4773
vn 0.8123 0.4945 -0.3091
vn 0.7267 0.6455 -0.2350
vn 0.5856 0.8027 -0.1129
vn 0.7267 0.6853 0.0479
vn 0.7266 0.6604 0.1893
vn 0.8124 0.5149 0.2737
vn 0.6279 0.5784 0.5208
vn 0.8421 0.3170 0.4363
vn 0.6278 0.3166 0.7110
vn 0.5856 0.1407 0.7983
vn 0.5757 0.1781 0.7980
vn 0.8450 0.1294 0.5189
vn 0.8451 -0.0000 0.5346
vn 0.4580 -0.0000 0.8889
vn 0.1348 0.2064 0.9691
vn 0.1070 -0.0000 0.9943
vn 0.6824 0.2973 0.6678
vn 0.8451 0.2174 0.4884
vn 0.1623 0.4013 0.9014
vn 0.8450 0.2990 0.4434
vn 0.5263 0.5068 0.6828
vn 0.1070 0.5844 0.8044
vn 0.8450 0.3847 0.3716
vn 0.5755 0.6265 0.5256
vn 0.1513 0.7207 0.6766
vn 0.8450 0.4535 0.2835
vn 0.5755 0.7221 0.3839
vn 0.1346 0.8403 0.5252
vn 0.8450 0.5025 0.1830
vn 0.5755 0.7861 0.2253
vn 0.1346 0.9311 0.3390
vn 0.8450 0.5296 0.0745
vn 0.5755 0.8158 0.0570
vn 0.1346 0.9812 0.1380
vn 0.8450 0.5335 -0.0372
vn 0.5755 0.8098 -0.1139
vn 0.1347 0.9885 -0.0690
vn 0.8450 0.5141 -0.1474
vn 0.5755 0.7684 -0.2798
vn 0.1347 0.9525 -0.2730
vn 0.8450 0.4722 -0.2510
vn 0.6415 0.6582 -0.3940
vn 0.1466 0.8641 -0.4815
vn 0.8451 0.3973 -0.3577
vn 0.4580 0.6606 -0.5948
vn 0.1181 0.7519 -0.6487
vn 0.6415 0.4607 -0.6134
vn 0.8450 0.2990 -0.4434
vn 0.1350 0.5824 -0.8016
vn 0.5758 0.3325 -0.7469
vn 0.8451 0.2174 -0.4883
vn 0.1181 0.3846 -0.9155
vn 0.8450 0.1294 -0.5189
vn 0.6415 0.1476 -0.7528
vn 0.1624 0.2052 -0.9652
vn 0.8451 -0.0000 -0.5345
vn 0.4580 -0.0000 -0.8889
vn 0.1070 -0.0000 -0.9943
vn 0.6415 -0.1476 -0.7528
vn 0.8450 -0.1294 -0.5189
vn 0.1624 -0.2052 -0.9652
vn 0.6232 -0.3036 -0.7208
vn 0.8451 -0.2174 -0.4883
vn 0.1229 -0.4171 -0.9005
vn 0.8451 -0.3142 -0.4325
vn 0.5059 -0.4890 -0.7106
vn 0.1349 -0.6101 -0.7807
vn 0.5263 -0.6261 -0.5754
vn 0.8450 -0.4097 -0.3437
vn 0.1181 -0.7519 -0.6486
vn 0.6415 -0.6582 -0.3940
vn 0.8450 -0.4722 -0.2510
vn 0.1466 -0.8641 -0.4815
vn 0.5755 -0.7684 -0.2798
vn 0.8450 -0.5141 -0.1474
vn 0.1349 -0.9525 -0.2730
vn 0.5755 -0.8098 -0.1139
vn 0.8450 -0.5335 -0.0372
vn 0.1349 -0.9885 -0.0690
vn 0.5755 -0.8158 0.0570
vn 0.8450 -0.5296 0.0745
vn 0.1349 -0.9812 0.1380
vn 0.5755 -0.7861 0.2253
vn 0.8450 -0.5025 0.1830
vn 0.1349 -0.9311 0.3390
vn 0.5755 -0.7221 0.3839
vn 0.8450 -0.4535 0.2835
vn 0.1349 -0.8403 0.5252
vn 0.6231 -0.5917 0.5115
vn 0.8451 -0.3973 0.3577
vn 0.1513 -0.7207 0.6766
vn 0.8451 -0.3142 0.4325
vn 0.4580 -0.5224 0.7192
vn 0.1070 -0.5844 0.8044
vn 0.6414 -0.3231 0.6958
vn 0.8450 -0.2003 0.4959
vn 0.1623 -0.4013 0.9014
vn 0.6231 -0.1780 0.7616
vn 0.8451 -0.1111 0.5229
vn 0.1347 -0.2064 0.9692
vn -0.8866 -0.0000 0.4626
vn -0.2899 -0.0000 0.9571
vn -0.3318 0.1976 0.9224
vn -0.8529 0.1263 0.5065
vn -0.8963 -0.0000 0.4434
vn -0.8840 0.1087 0.4547
vn -0.5582 0.1440 0.8171
vn -0.5585 -0.0000 0.8295
vn -0.9956 0.0032 0.0933
vn -0.9956 0.0226 0.0906
vn -0.9746 0.0452 0.2194
vn -0.9827 -0.0020 0.1850
vn -0.3732 0.3773 0.8475
vn -0.9402 0.1385 0.3112
vn -0.9047 0.1810 0.3857
vn -0.5095 0.3417 0.7897
vn -0.9956 0.0409 0.0839
vn -0.9827 0.0735 0.1698
vn -0.3067 0.5426 0.7820
vn -0.8531 0.3067 0.4221
vn -0.8963 0.2606 0.3587
vn -0.6054 0.4805 0.6345
vn -0.9956 0.0575 0.0736
vn -0.9746 0.1306 0.1821
vn -0.3317 0.6786 0.6554
vn -0.9222 0.2963 0.2485
vn -0.8963 0.3295 0.2967
vn -0.4894 0.6627 0.5669
vn -0.9956 0.0715 0.0600
vn -0.9828 0.1361 0.1252
vn -0.3317 0.8000 0.5000
vn -0.8952 0.3935 0.2091
vn -0.8962 0.3917 0.2082
vn -0.5584 0.7224 0.4079
vn -0.9956 0.0824 0.0438
vn -0.9781 0.1764 0.1102
vn -0.3317 0.8865 0.3227
vn -0.8529 0.5019 0.1438
vn -0.9079 0.4007 0.1230
vn -0.6054 0.7617 0.2309
vn -0.9956 0.0898 0.0258
vn -0.9781 0.1954 0.0711
vn -0.3317 0.9342 0.1314
vn -0.8952 0.4445 0.0310
vn -0.8840 0.4636 0.0606
vn -0.5582 0.8277 0.0578
vn -0.9956 0.0931 0.0065
vn -0.9746 0.2227 0.0248
vn -0.3317 0.9411 -0.0657
vn -0.9221 0.3831 -0.0539
vn -0.8962 0.4425 -0.0309
vn -0.5582 0.8216 -0.1156
vn -0.9956 0.0928 -0.0098
vn -0.9815 0.1900 -0.0249
vn -0.3496 0.8955 -0.2754
vn -0.9102 0.3939 -0.1280
vn -0.9047 0.4078 -0.1236
vn -0.5582 0.7797 -0.2839
vn -0.9956 0.0897 -0.0257
vn -0.9827 0.1754 -0.0591
vn -0.3318 0.8177 -0.4703
vn -0.8952 0.3935 -0.2092
vn -0.8876 0.3964 -0.2345
vn -0.4893 0.7440 -0.4551
vn -0.9956 0.0808 -0.0467
vn -0.9730 0.2031 -0.1095
vn -0.3318 0.7021 -0.6301
vn -0.9222 0.2963 -0.2486
vn -0.8962 0.3191 -0.3082
vn -0.5584 0.6112 -0.5609
vn -0.9956 0.0671 -0.0649
vn -0.9781 0.1593 -0.1337
vn -0.3066 0.5761 -0.7577
vn -0.8530 0.3067 -0.4222
vn -0.9079 0.2409 -0.3430
vn -0.6054 0.4550 -0.6531
vn -0.9956 0.0548 -0.0755
vn -0.9815 0.1165 -0.1521
vn -0.3496 0.3945 -0.8498
vn -0.9402 0.1385 -0.3112
vn -0.8840 0.2009 -0.4222
vn -0.5582 0.3107 -0.7693
vn -0.9956 0.0410 -0.0839
vn -0.9746 0.0899 -0.2053
vn -0.3318 0.1976 -0.9224
vn -0.8529 0.1264 -0.5065
vn -0.8962 0.1074 -0.4305
vn -0.5582 0.1440 -0.8171
vn -0.9956 0.0226 -0.0906
vn -0.9781 0.0361 -0.2048
vn -0.2898 -0.0000 -0.9571
vn -0.8865 -0.0000 -0.4626
vn -0.8963 -0.0000 -0.4434
vn -0.5584 -0.0000 -0.8296
vn -0.9956 0.0032 -0.0933
vn -0.9827 -0.0020 -0.1851
vn -0.3567 -0.1757 -0.9176
vn -0.8952 -0.1078 -0.4324
vn -0.9079 -0.0938 -0.4085
vn -0.5584 -0.1725 -0.8115
vn -0.9956 -0.0194 -0.0913
vn -0.9730 -0.0413 -0.2270
vn -0.3139 -0.3738 -0.8728
vn -0.8952 -0.1954 -0.4005
vn -0.8755 -0.1965 -0.4415
vn -0.5584 -0.3374 -0.7579
vn -0.9956 -0.0410 -0.0839
vn -0.9746 -0.0898 -0.2053
vn -0.3318 -0.5557 -0.7623
vn -0.8952 -0.2744 -0.3512
vn -0.9079 -0.2409 -0.3430
vn -0.6054 -0.4550 -0.6531
vn -0.9956 -0.0548 -0.0755
vn -0.9815 -0.1165 -0.1521
vn -0.3318 -0.7020 -0.6301
vn -0.8952 -0.3414 -0.2864
vn -0.8962 -0.3191 -0.3082
vn -0.5584 -0.6112 -0.5609
vn -0.9956 -0.0672 -0.0649
vn -0.9781 -0.1593 -0.1337
vn -0.3318 -0.8177 -0.4704
vn -0.8952 -0.3935 -0.2092
vn -0.8876 -0.3964 -0.2345
vn -0.4893 -0.7440 -0.4550
vn -0.9956 -0.0808 -0.0467
vn -0.9730 -0.2031 -0.1094
vn -0.3496 -0.8955 -0.2754
vn -0.9402 -0.3239 -0.1052
vn -0.9047 -0.4078 -0.1236
vn -0.5582 -0.7797 -0.2839
vn -0.9956 -0.0897 -0.0258
vn -0.9827 -0.1754 -0.0591
vn -0.3317 -0.9411 -0.0657
vn -0.8952 -0.4413 -0.0621
vn -0.8962 -0.4425 -0.0309
vn -0.5582 -0.8216 -0.1156
vn -0.9956 -0.0928 -0.0098
vn -0.9815 -0.1900 -0.0249
vn -0.3317 -0.9342 0.1314
vn -0.8529 -0.5208 0.0363
vn -0.8840 -0.4636 0.0606
vn -0.5582 -0.8277 0.0578
vn -0.9956 -0.0931 0.0065
vn -0.9746 -0.2227 0.0248
vn -0.3317 -0.8865 0.3227
vn -0.8952 -0.4284 0.1228
vn -0.9079 -0.4007 0.1230
vn -0.6054 -0.7617 0.2309
vn -0.9956 -0.0897 0.0258
vn -0.9781 -0.1954 0.0711
vn -0.3317 -0.8000 0.5000
vn -0.8952 -0.3935 0.2091
vn -0.8962 -0.3917 0.2082
vn -0.5584 -0.7223 0.4079
vn -0.9956 -0.0824 0.0438
vn -0.9781 -0.1764 0.1102
vn -0.3317 -0.6786 0.6554
vn -0.8952 -0.3414 0.2864
vn -0.8963 -0.3295 0.2967
vn -0.4893 -0.6627 0.5669
vn -0.9956 -0.0715 0.0600
vn -0.9827 -0.1362 0.1252
vn -0.3317 -0.5275 0.7821
vn -0.9222 -0.2382 0.3047
vn -0.8963 -0.2606 0.3587
vn -0.6054 -0.4805 0.6345
vn -0.9956 -0.0575 0.0736
vn -0.9746 -0.1306 0.1821
vn -0.3567 -0.3626 0.8610
vn -0.8529 -0.2289 0.4692
vn -0.9047 -0.1810 0.3857
vn -0.5095 -0.3417 0.7897
vn -0.9956 -0.0410 0.0839
vn -0.9827 -0.0735 0.1698
vn -0.3318 -0.1976 0.9224
vn -0.8952 -0.1079 0.4324
vn -0.8840 -0.1088 0.4547
vn -0.5582 -0.1440 0.8171
vn -0.9956 -0.0194 0.0912
vn -0.9694 -0.0511 0.2402
vn -0.8694 -0.4313 0.2410
vn -0.6176 -0.7501 0.2366
vn -0.7832 0.3650 0.5034
vn -0.6176 0.6845 0.3874
vn -0.8473 -0.0016 0.5312
vn -0.9463 -0.0000 0.3233
vn -0.9198 0.0816 0.3839
vn -0.9414 0.0679 0.3304
vn -0.9303 0.1608 0.3296
vn -0.8915 0.1661 0.4215
vn -0.9066 0.2599 0.3325
vn -0.8275 0.3127 0.4664
vn -0.9303 0.2810 0.2357
vn -0.8915 0.3258 0.3147
vn -0.9462 0.2856 0.1518
vn -0.8915 0.3841 0.2401
vn -0.9303 0.3526 0.1010
vn -0.8915 0.4256 0.1549
vn -0.9617 0.2726 0.0286
vn -0.8916 0.4503 0.0473
vn -0.9065 0.4211 -0.0294
vn -0.8275 0.5558 -0.0798
vn -0.8989 0.4167 -0.1354
vn -0.9658 0.2464 -0.0801
vn -0.9714 0.2056 -0.1187
vn -0.8472 0.4609 -0.2642
vn -0.9065 0.3234 -0.2713
vn -0.8915 0.3258 -0.3147
vn -0.9303 0.2258 -0.2890
vn -0.8275 0.3127 -0.4664
vn -0.8989 0.1782 -0.4003
vn -0.9414 0.1350 -0.3090
vn -0.9462 0.0562 -0.3186
vn -0.8915 0.1096 -0.4395
vn -0.9617 0.0001 -0.2741
vn -0.8472 -0.0017 -0.5313
vn -0.9065 -0.0733 -0.4157
vn -0.9287 -0.0919 -0.3593
vn -0.9197 -0.1596 -0.3586
vn -0.8916 -0.1842 -0.4136
vn -0.9065 -0.2599 -0.3326
vn -0.8915 -0.2533 -0.3756
vn -0.9462 -0.2478 -0.2079
vn -0.8915 -0.3258 -0.3147
vn -0.9463 -0.2800 -0.1617
vn -0.8916 -0.3921 -0.2264
vn -0.9462 -0.3041 -0.1107
vn -0.8915 -0.4354 -0.1248
vn -0.8695 -0.4913 -0.0517
vn -0.8916 -0.4503 -0.0474
vn -0.9617 -0.2726 0.0286
vn -0.8916 -0.4503 0.0473
vn -0.9198 -0.3732 0.1212
vn -0.8916 -0.4306 0.1399
vn -0.9463 -0.2800 0.1616
vn -0.8916 -0.3921 0.2264
vn -0.9462 -0.2479 0.2079
vn -0.8915 -0.3258 0.3147
vn -0.9066 -0.2599 0.3325
vn -0.8915 -0.2533 0.3755
vn -0.9198 -0.1596 0.3585
vn -0.8917 -0.1841 0.4136
vn -0.9303 -0.0637 0.3612
vn -0.9287 -0.0919 0.3593
vn -0.9039 -0.0000 -0.4277
vn -0.9500 0.0020 -0.3123
vn -0.9302 -0.0637 -0.3614
vn -0.9610 -0.0669 -0.2683
vn -0.9302 -0.1374 -0.3403
vn -0.9222 -0.1696 -0.3476
vn -0.9447 -0.1850 -0.2709
vn -0.9610 -0.1702 -0.2179
vn -0.9143 -0.3019 -0.2699
vn -0.9464 -0.2399 -0.2161
vn -0.9303 -0.3240 -0.1722
vn -0.9610 -0.2345 -0.1466
vn -0.9500 -0.2976 -0.0946
vn -0.9296 -0.3505 -0.1139
vn -0.8907 -0.4521 -0.0476
vn -0.9465 -0.3211 -0.0338
vn -0.9447 -0.3251 0.0437
vn -0.9610 -0.2758 0.0192
vn -0.9303 -0.3488 0.1133
vn -0.9039 -0.4069 0.1322
vn -0.9143 -0.3514 0.2012
vn -0.9662 -0.2231 0.1288
vn -0.9303 -0.2662 0.2524
vn -0.9464 -0.2475 0.2076
vn -0.9613 -0.1620 0.2229
vn -0.9464 -0.1898 0.2612
vn -0.9144 -0.1634 0.3704
vn -0.9662 -0.1048 0.2355
vn -0.9500 -0.0629 0.3058
vn -0.9039 -0.0889 0.4184
vn -0.9144 0.0015 0.4049
vn -0.9769 -0.0000 0.2138
vn -0.9303 0.0762 0.3587
vn -0.9039 0.0889 0.4184
vn -0.9303 0.1492 0.3350
vn -0.9662 0.1048 0.2353
vn -0.9500 0.1852 0.2514
vn -0.9464 0.1898 0.2612
vn -0.9303 0.2662 0.2524
vn -0.9464 0.2475 0.2076
vn -0.8907 0.3937 0.2273
vn -0.9662 0.2231 0.1288
vn -0.9500 0.2963 0.0984
vn -0.9039 0.4069 0.1322
vn -0.9447 0.3251 0.0437
vn -0.9464 0.3222 0.0225
vn -0.9074 0.4191 -0.0306
vn -0.9464 0.3199 -0.0450
vn -0.9447 0.3148 -0.0923
vn -0.9464 0.3035 -0.1105
vn -0.9074 0.3704 -0.1984
vn -0.9610 0.2345 -0.1466
vn -0.9143 0.3019 -0.2699
vn -0.9464 0.2399 -0.2161
vn -0.9303 0.2079 -0.3022
vn -0.9464 0.1989 -0.2545
vn -0.9447 0.1246 -0.3034
vn -0.9464 0.1416 -0.2903
vn -0.9074 0.0743 -0.4136
vn -0.9610 0.0669 -0.2683
vn -0.9279 -0.0000 0.3728
vn -0.6645 -0.1553 0.7310
vn -0.8179 -0.2523 0.5171
vn -0.8903 -0.2676 0.3683
vn -0.8180 -0.4274 0.3848
vn -0.8180 -0.4981 0.2876
vn -0.8179 -0.5406 0.1968
vn -0.8179 -0.5698 0.0801
vn -0.8179 -0.5740 -0.0401
vn -0.8715 -0.4715 -0.1352
vn -0.7562 -0.5667 -0.3272
vn -0.8903 -0.3384 -0.3047
vn -0.6644 -0.4393 -0.6046
vn -0.8903 -0.1852 -0.4160
vn -0.8714 -0.1187 -0.4759
vn -0.7294 -0.0239 -0.6837
vn -0.8180 0.1196 -0.5626
vn -0.8178 0.2523 -0.5172
vn -0.7294 0.4212 -0.5391
vn -0.8903 0.3384 -0.3047
vn -0.7562 0.5667 -0.3272
vn -0.8714 0.4715 -0.1352
vn -0.7294 0.6824 -0.0477
vn -0.8714 0.4857 0.0683
vn -0.8179 0.5407 0.1968
vn -0.8181 0.4981 0.2875
vn -0.8180 0.4274 0.3848
vn -0.8180 0.3381 0.4653
vn -0.8714 0.2151 0.4408
vn -0.6645 0.1555 0.7309
vn -0.5172 -0.0000 0.8559
vn -0.5516 0.1888 0.8125
vn -0.5172 0.3448 0.7834
vn -0.4920 0.5208 0.6977
vn -0.5516 0.6303 0.5463
vn -0.4920 0.7595 0.4255
vn -0.4817 0.8394 0.2515
vn -0.5419 0.8373 0.0735
vn -0.4817 0.8692 -0.1117
vn -0.5419 0.7947 -0.2734
vn -0.5172 0.7412 -0.4280
vn -0.5172 0.6360 -0.5727
vn -0.5169 0.4786 -0.7097
vn -0.5169 0.3206 -0.7937
vn -0.5516 0.1580 -0.8190
vn -0.4817 0.0202 -0.8761
vn -0.5169 -0.1486 -0.8430
vn -0.4919 -0.3438 -0.7999
vn -0.5516 -0.4774 -0.6840
vn -0.4919 -0.6394 -0.5909
vn -0.5741 -0.7091 -0.4094
vn -0.5172 -0.8129 -0.2680
vn -0.4817 -0.8692 -0.1117
vn -0.5419 -0.8372 0.0735
vn -0.4817 -0.8394 0.2516
vn -0.5172 -0.7412 0.4279
vn -0.5172 -0.6360 0.5727
vn -0.5172 -0.5031 0.6924
vn -0.4817 -0.3379 0.8086
vn -0.5516 -0.1888 0.8125
vn -0.9161 -0.0696 0.3948
vn -0.9162 -0.0000 0.4007
vn -0.9162 -0.1630 0.3660
vn -0.9162 -0.2355 0.3242
vn -0.9162 -0.2978 0.2681
vn -0.9162 -0.3470 0.2003
vn -0.9162 -0.3811 0.1238
vn -0.9477 -0.3175 0.0334
vn -0.8894 -0.4546 -0.0478
vn -0.9161 -0.3767 -0.1372
vn -0.9477 -0.2765 -0.1596
vn -0.9161 -0.3071 -0.2577
vn -0.8776 -0.2952 -0.3777
vn -0.9394 -0.1503 -0.3082
vn -0.9161 -0.0970 -0.3890
vn -0.8487 -0.0000 -0.5289
vn -0.9161 0.0970 -0.3890
vn -0.9394 0.1503 -0.3082
vn -0.8776 0.2952 -0.3777
vn -0.9477 0.2372 -0.2136
vn -0.8894 0.3959 -0.2286
vn -0.9477 0.3036 -0.0987
vn -0.8894 0.4546 -0.0478
vn -0.9644 0.2628 0.0276
vn -0.8487 0.5030 0.1635
vn -0.9161 0.3400 0.2125
vn -0.9394 0.2466 0.2382
vn -0.8776 0.2680 0.3974
vn -0.9394 0.1284 0.3179
vn -0.9161 0.0696 0.3948
vn -0.9999 -0.0000 -0.0124
vn -0.9998 -0.0031 -0.0181
vn -0.9997 -0.0099 -0.0223
vn -0.9999 -0.0072 -0.0099
vn -0.9997 -0.0181 -0.0163
vn -0.9999 -0.0127 -0.0074
vn -0.9999 -0.0149 -0.0054
vn -0.9998 -0.0218 -0.0031
vn -0.9998 -0.0183 0.0013
vn -0.9998 -0.0198 0.0064
vn -0.9999 -0.0127 0.0073
vn -0.9998 -0.0155 0.0140
vn -0.9999 -0.0072 0.0099
vn -0.9998 -0.0097 0.0198
vn -0.9998 -0.0044 0.0204
vn -0.9999 -0.0000 0.0122
vn -0.9998 0.0044 0.0204
vn -0.9998 0.0097 0.0198
vn -0.9999 0.0072 0.0099
vn -0.9998 0.0155 0.0140
vn -0.9999 0.0127 0.0073
vn -0.9998 0.0171 0.0061
vn -0.9998 0.0208 0.0022
vn -0.9998 0.0179 -0.0025
vn -0.9998 0.0207 -0.0076
vn -0.9999 0.0106 -0.0061
vn -0.9997 0.0181 -0.0163
vn -0.9999 0.0072 -0.0099
vn -0.9997 0.0099 -0.0223
vn -0.9998 0.0031 -0.0182
vn -0.8625 -0.0000 0.5060
vn -0.9197 -0.0816 0.3841
vn -0.7381 -0.2744 0.6164
vn -0.9048 -0.2629 0.3350
vn -0.7912 -0.4689 0.3926
vn -0.9048 -0.3764 0.1991
vn -0.9197 -0.3735 0.1213
vn -0.8129 -0.5791 0.0615
vn -0.8625 -0.5033 -0.0529
vn -0.8129 -0.5537 -0.1806
vn -0.9489 -0.2733 -0.1578
vn -0.7380 -0.5015 -0.4514
vn -0.9489 -0.1854 -0.2552
vn -0.8129 -0.2375 -0.5318
vn -0.8625 -0.1052 -0.4950
vn -0.8625 -0.0000 -0.5061
vn -0.8625 0.1052 -0.4950
vn -0.8129 0.2375 -0.5318
vn -0.9489 0.1854 -0.2552
vn -0.7380 0.5015 -0.4516
vn -0.9489 0.2733 -0.1578
vn -0.7381 0.6417 -0.2086
vn -0.9196 0.3906 -0.0411
vn -0.8129 0.5791 0.0615
vn -0.9197 0.3735 0.1213
vn -0.9048 0.3764 0.1991
vn -0.7380 0.5015 0.4515
vn -0.9489 0.1855 0.2552
vn -0.7381 0.2745 0.6163
vn -0.9197 0.0816 0.3841
vn -0.7432 0.1391 0.6544
vn -0.8696 -0.0000 0.4938
vn -0.8696 0.2009 0.4511
vn -0.7433 0.3933 0.5412
vn -0.8696 0.3670 0.3304
vn -0.7973 0.5112 0.3208
vn -0.7432 0.6363 0.2067
vn -0.8695 0.4912 0.0516
vn -0.7432 0.6654 -0.0699
vn -0.8695 0.4697 -0.1526
vn -0.7432 0.5794 -0.3345
vn -0.8695 0.3670 -0.3305
vn -0.7432 0.3932 -0.5413
vn -0.8695 0.2009 -0.4512
vn -0.7432 0.1391 -0.6544
vn -0.8695 -0.0000 -0.4939
vn -0.7433 -0.1391 -0.6544
vn -0.8695 -0.2009 -0.4512
vn -0.7432 -0.3933 -0.5413
vn -0.8695 -0.3670 -0.3305
vn -0.7432 -0.5794 -0.3346
vn -0.8696 -0.4697 -0.1526
vn -0.7432 -0.6654 -0.0699
vn -0.8696 -0.4911 0.0516
vn -0.7433 -0.6363 0.2067
vn -0.7973 -0.5112 0.3208
vn -0.7973 -0.4334 0.4200
vn -0.7974 -0.3365 0.5010
vn -0.8696 -0.2009 0.4511
vn -0.7432 -0.1391 0.6544
vn -1.0000 -0.0000 -0.0000
vn -0.8413 -0.3201 -0.4356
vn -0.8131 -0.4271 0.3956
vn -0.8694 0.0069 -0.4941
vn -0.7832 -0.6185 0.0644
vn -0.8413 0.1096 -0.5294
vn -0.8131 -0.5797 -0.0527
vn -0.8413 0.3154 -0.4391
vn -0.8131 -0.5082 -0.2840
vn -0.8694 -0.2959 -0.3957
vn -0.7831 0.5372 -0.3133
vn -0.8412 0.0005 -0.5407
vn -0.8131 0.5780 0.0690
vn -0.8413 0.2203 -0.4937
vn -0.8131 0.5000 0.2981
vn -0.8413 0.4037 0.3595
vn -0.8131 0.3355 -0.4758
vn -0.8413 0.2225 0.4927
vn -0.8131 0.5000 -0.2982
vn -0.8694 0.4907 -0.0586
vn -0.7832 0.0027 0.6218
vn -0.8413 -0.2172 0.4950
vn -0.8131 0.5561 0.1721
vn -0.8413 0.1119 0.5288
vn -0.8130 -0.5798 0.0528
vn -0.8413 -0.1129 0.5286
vn -0.8131 -0.5511 -0.1877
vn -0.8694 -0.1946 0.4542
vn -0.7831 -0.5399 -0.3086
vn -0.6176 -0.7815 -0.0889
vn -0.6176 0.4677 0.6323
vn -0.6176 -0.6777 -0.3990
vn -0.6176 0.1701 0.7679
vn -0.6176 -0.4568 -0.6403
vn -0.6176 -0.1570 0.7707
vn -0.6176 -0.1569 -0.7707
vn -0.6176 -0.4568 0.6403
vn -0.6176 0.1701 -0.7679
vn -0.6175 -0.6777 0.3991
vn -0.6176 0.4677 -0.6323
vn -0.6176 -0.7815 0.0889
vn -0.6176 0.6845 -0.3874
vn -0.6176 -0.7501 -0.2366
vn -0.6176 0.7829 -0.0755
vn -0.6175 -0.5890 -0.5213
vn -0.6176 0.7459 0.2494
vn -0.6175 -0.3262 -0.7158
vn -0.6176 0.5800 0.5312
vn -0.6175 -0.0068 -0.7865
vn -0.6176 0.3137 0.7212
vn -0.6176 0.3137 -0.7212
vn -0.6175 -0.0067 0.7865
vn -0.6176 0.5800 -0.5312
vn -0.6175 -0.3261 0.7158
vn -0.6176 0.7459 -0.2494
vn -0.6176 -0.5889 0.5212
vn -0.6176 0.7829 0.0755
vn -0.6368 -0.6862 -0.3517
vn -0.5609 -0.8269 -0.0397
vn -0.5609 -0.5828 -0.5880
vn -0.6369 -0.7204 -0.2746
vn -0.6368 -0.1978 -0.7452
vn -0.5609 -0.5238 -0.6411
vn -0.6368 0.1224 -0.7613
vn -0.5609 -0.2179 -0.7987
vn -0.6368 0.4215 -0.6456
vn -0.5609 0.1259 -0.8182
vn -0.5608 0.6458 -0.5181
vn -0.6367 0.3485 -0.6879
vn -0.5609 0.8006 -0.2107
vn -0.6368 0.5980 -0.4867
vn -0.6368 0.7443 0.2013
vn -0.5609 0.8171 -0.1332
vn -0.6368 0.5981 0.4866
vn -0.5609 0.8006 0.2107
vn -0.6368 0.3484 0.6878
vn -0.5609 0.6457 0.5181
vn -0.6368 0.0385 0.7701
vn -0.5610 0.3791 0.7359
vn -0.5610 -0.2178 0.7986
vn -0.6369 0.1224 0.7612
vn -0.5609 -0.5239 0.6410
vn -0.6369 -0.1978 0.7452
vn -0.5609 -0.7393 0.3726
vn -0.6368 -0.4838 0.6003
vn -0.6368 -0.7699 -0.0422
vn -0.5610 -0.7715 0.3002
vt 0.888697 0.395977
vt 0.884860 0.396143
vt 0.880530 0.384525
vt 0.893679 0.387965
vt 0.872887 0.389289
vt 0.883231 0.397503
vt 0.882072 0.401194
vt 0.872887 0.403533
vt 0.877977 0.412527
vt 0.884013 0.403636
vt 0.888052 0.404433
vt 0.891212 0.412484
vt 0.885003 0.399390
vt 0.886258 0.401704
vt 0.888344 0.400121
vt 0.886409 0.398284
vt 0.890801 0.398226
vt 0.899059 0.395485
vt 0.890682 0.402469
vt 0.897193 0.406308
vt 0.890235 0.426135
vt 0.899021 0.422022
vt 0.898720 0.434299
vt 0.890109 0.430158
vt 0.881426 0.412527
vt 0.895193 0.416179
vt 0.888608 0.424377
vt 0.884681 0.423738
vt 0.872887 0.420086
vt 0.882123 0.425451
vt 0.881468 0.429613
vt 0.872887 0.433608
vt 0.886564 0.426416
vt 0.884175 0.427837
vt 0.885986 0.429851
vt 0.887828 0.427787
vt 0.887968 0.432477
vt 0.891506 0.439890
vt 0.883548 0.432160
vt 0.879938 0.440216
vt 0.888833 0.504484
vt 0.885101 0.505498
vt 0.877762 0.495351
vt 0.891315 0.495806
vt 0.872886 0.502345
vt 0.883658 0.507087
vt 0.883268 0.511093
vt 0.875225 0.515012
vt 0.881513 0.522754
vt 0.885675 0.513129
vt 0.889733 0.513167
vt 0.894489 0.520751
vt 0.885806 0.508742
vt 0.887561 0.510796
vt 0.889184 0.508728
vt 0.886925 0.507327
vt 0.891226 0.506497
vt 0.899704 0.500879
vt 0.892024 0.510720
vt 0.899704 0.513383
vt 0.622429 0.105747
vt 0.612036 0.106554
vt 0.617591 0.095148
vt 0.624130 0.101972
vt 0.613462 0.114186
vt 0.623234 0.107875
vt 0.626260 0.110335
vt 0.625383 0.119757
vt 0.634571 0.117297
vt 0.629355 0.109787
vt 0.631891 0.106139
vt 0.640376 0.106854
vt 0.625782 0.107035
vt 0.628457 0.106736
vt 0.627870 0.104119
vt 0.625294 0.105237
vt 0.627200 0.100988
vt 0.626510 0.091052
vt 0.630787 0.103022
vt 0.639147 0.096661
vt 0.883032 0.456058
vt 0.872887 0.461192
vt 0.872887 0.446516
vt 0.883191 0.452109
vt 0.877693 0.467912
vt 0.884577 0.457726
vt 0.888225 0.458687
vt 0.891200 0.467568
vt 0.898111 0.461542
vt 0.890796 0.456985
vt 0.891687 0.452826
vt 0.898823 0.450708
vt 0.886470 0.455910
vt 0.888842 0.454556
vt 0.887183 0.452485
vt 0.885397 0.454453
vt 0.885361 0.450014
vt 0.882279 0.440216
vt 0.889605 0.450260
vt 0.894583 0.443446
vt 0.677760 0.125019
vt 0.673946 0.124248
vt 0.672457 0.112227
vt 0.684542 0.118283
vt 0.659501 0.128587
vt 0.665333 0.116107
vt 0.671799 0.124996
vt 0.670106 0.128643
vt 0.675777 0.142885
vt 0.664214 0.137514
vt 0.671057 0.131683
vt 0.675138 0.133097
vt 0.673239 0.127501
vt 0.673952 0.130146
vt 0.676409 0.129042
vt 0.674928 0.126746
vt 0.679303 0.127753
vt 0.688310 0.126991
vt 0.678146 0.131905
vt 0.683903 0.137711
vt 0.599435 0.097070
vt 0.603252 0.098406
vt 0.603085 0.109615
vt 0.593242 0.102420
vt 0.611208 0.108324
vt 0.605280 0.097726
vt 0.607857 0.094749
vt 0.616845 0.096262
vt 0.616080 0.086151
vt 0.607036 0.091713
vt 0.603520 0.089242
vt 0.604191 0.080325
vt 0.604470 0.095252
vt 0.604134 0.092636
vt 0.601565 0.093244
vt 0.602713 0.095744
vt 0.598457 0.093953
vt 0.589388 0.094554
vt 0.600446 0.090367
vt 0.594038 0.082168
vt 0.574250 0.084084
vt 0.564007 0.084815
vt 0.569226 0.073027
vt 0.575945 0.080376
vt 0.565534 0.092160
vt 0.575046 0.086218
vt 0.578144 0.088768
vt 0.576810 0.097430
vt 0.586704 0.096808
vt 0.581188 0.087924
vt 0.583568 0.084567
vt 0.592696 0.085038
vt 0.577610 0.085364
vt 0.580305 0.084997
vt 0.579589 0.082430
vt 0.577098 0.083575
vt 0.578903 0.079495
vt 0.578909 0.068511
vt 0.582873 0.081235
vt 0.589696 0.076275
vt 0.888659 0.485026
vt 0.894495 0.492670
vt 0.882360 0.495351
vt 0.884593 0.485737
vt 0.899584 0.474200
vt 0.899217 0.487719
vt 0.890057 0.483078
vt 0.889918 0.479128
vt 0.891183 0.467912
vt 0.887786 0.476935
vt 0.883434 0.476954
vt 0.879408 0.469941
vt 0.887668 0.481470
vt 0.885812 0.479376
vt 0.884217 0.481552
vt 0.886561 0.482975
vt 0.882193 0.483803
vt 0.872887 0.490148
vt 0.881391 0.479662
vt 0.872887 0.476290
vt 0.527706 0.064171
vt 0.531427 0.064941
vt 0.533085 0.077263
vt 0.520808 0.071014
vt 0.546472 0.060192
vt 0.540379 0.073230
vt 0.533557 0.064133
vt 0.535178 0.060526
vt 0.541052 0.050820
vt 0.534192 0.057669
vt 0.530212 0.055861
vt 0.529464 0.048259
vt 0.532157 0.061633
vt 0.531435 0.059051
vt 0.529031 0.060185
vt 0.530542 0.062459
vt 0.526176 0.061473
vt 0.517058 0.062170
vt 0.527287 0.057461
vt 0.521713 0.051407
vt 0.889787 0.341554
vt 0.898926 0.337326
vt 0.898926 0.350451
vt 0.889600 0.345556
vt 0.881027 0.328111
vt 0.894909 0.331378
vt 0.888179 0.339775
vt 0.884279 0.339136
vt 0.872887 0.335739
vt 0.881760 0.340841
vt 0.881068 0.345110
vt 0.873140 0.348530
vt 0.886135 0.341761
vt 0.883850 0.343186
vt 0.885481 0.345327
vt 0.887337 0.343188
vt 0.887463 0.347748
vt 0.890746 0.356488
vt 0.883149 0.347757
vt 0.879368 0.354522
vt 0.558534 0.072381
vt 0.569847 0.071698
vt 0.563791 0.084656
vt 0.556811 0.075898
vt 0.568223 0.063517
vt 0.557744 0.070273
vt 0.554722 0.067835
vt 0.555462 0.058077
vt 0.546179 0.061008
vt 0.551662 0.068410
vt 0.549312 0.071968
vt 0.541074 0.071743
vt 0.555203 0.071140
vt 0.552554 0.071371
vt 0.553209 0.073960
vt 0.555741 0.072877
vt 0.553985 0.076989
vt 0.553279 0.086577
vt 0.550093 0.075195
vt 0.543870 0.079622
vt 0.693806 0.135336
vt 0.693090 0.139374
vt 0.682931 0.140542
vt 0.687505 0.130004
vt 0.697114 0.152845
vt 0.685326 0.147325
vt 0.694081 0.141441
vt 0.697733 0.143176
vt 0.712989 0.137075
vt 0.706887 0.150133
vt 0.700694 0.141917
vt 0.702061 0.137897
vt 0.696471 0.139947
vt 0.699099 0.139154
vt 0.697936 0.136730
vt 0.695652 0.138262
vt 0.696659 0.133947
vt 0.694890 0.124111
vt 0.700781 0.134892
vt 0.706885 0.128316
vt 0.653910 0.120320
vt 0.654567 0.116360
vt 0.666095 0.114475
vt 0.660665 0.126096
vt 0.649704 0.101595
vt 0.662299 0.107622
vt 0.653763 0.114241
vt 0.650152 0.112700
vt 0.640377 0.106851
vt 0.647291 0.113722
vt 0.645466 0.117762
vt 0.637549 0.118560
vt 0.651327 0.115705
vt 0.648733 0.116509
vt 0.649810 0.118947
vt 0.652051 0.117388
vt 0.651060 0.121689
vt 0.652681 0.131947
vt 0.647108 0.120714
vt 0.640756 0.126819
vt 0.888479 0.368211
vt 0.896310 0.361358
vt 0.899655 0.374266
vt 0.889305 0.372190
vt 0.890564 0.356488
vt 0.886590 0.366989
vt 0.882720 0.366793
vt 0.878534 0.359414
vt 0.872886 0.377201
vt 0.873421 0.365902
vt 0.880462 0.369046
vt 0.880883 0.373423
vt 0.885056 0.369151
vt 0.883110 0.370966
vt 0.885131 0.372685
vt 0.886499 0.370291
vt 0.887417 0.374626
vt 0.894361 0.384525
vt 0.883456 0.375401
vt 0.879593 0.384525
vt 0.371692 0.692358
vt 0.374752 0.706919
vt 0.364161 0.696712
vt 0.298627 0.656503
vt 0.295825 0.670905
vt 0.289720 0.657473
vt 0.246709 0.593592
vt 0.238186 0.605650
vt 0.238197 0.590806
vt 0.225410 0.514965
vt 0.212493 0.522256
vt 0.219074 0.509039
vt 0.238227 0.434146
vt 0.223414 0.435356
vt 0.234866 0.426095
vt 0.282669 0.365806
vt 0.268635 0.361013
vt 0.282639 0.357332
vt 0.350904 0.321843
vt 0.340000 0.311814
vt 0.354830 0.313584
vt 0.430778 0.310205
vt 0.425048 0.296595
vt 0.437047 0.304528
vt 0.508256 0.331587
vt 0.508593 0.317049
vt 0.516366 0.329219
vt 0.570164 0.382340
vt 0.576365 0.369143
vt 0.578511 0.383470
vt 0.606279 0.453759
vt 0.617051 0.444076
vt 0.613928 0.458390
vt 0.610567 0.533444
vt 0.624441 0.528935
vt 0.615719 0.540813
vt 0.582543 0.608049
vt 0.597113 0.609788
vt 0.584221 0.616463
vt 0.526685 0.665577
vt 0.539373 0.672671
vt 0.524865 0.674259
vt 0.452233 0.695314
vt 0.460962 0.707211
vt 0.447472 0.702253
vt 0.428154 0.711412
vt 0.433738 0.697995
vt 0.440650 0.703664
vt 0.511105 0.689568
vt 0.510537 0.674914
vt 0.518786 0.677253
vt 0.578029 0.636474
vt 0.572038 0.623427
vt 0.580756 0.622289
vt 0.617571 0.561098
vt 0.606670 0.551644
vt 0.613790 0.547476
vt 0.623854 0.476175
vt 0.610030 0.471957
vt 0.614866 0.465252
vt 0.595417 0.395774
vt 0.581100 0.397275
vt 0.582861 0.388614
vt 0.536998 0.333557
vt 0.524352 0.340838
vt 0.522449 0.332142
vt 0.458117 0.300015
vt 0.449514 0.311867
vt 0.444056 0.304719
vt 0.371850 0.301726
vt 0.368942 0.316196
vt 0.361683 0.311951
vt 0.293397 0.338545
vt 0.296474 0.352937
vt 0.287479 0.352217
vt 0.236981 0.404774
vt 0.245623 0.416689
vt 0.237138 0.419587
vt 0.212017 0.488492
vt 0.225102 0.495868
vt 0.218443 0.502121
vt 0.224370 0.575250
vt 0.239126 0.576308
vt 0.235866 0.584349
vt 0.270515 0.649009
vt 0.284558 0.643805
vt 0.284900 0.652540
vt 0.342788 0.697314
vt 0.353507 0.687196
vt 0.357438 0.695276
vt 0.516306 0.509826
vt 0.499776 0.504596
vt 0.517033 0.506432
vt 0.517093 0.502966
vt 0.516392 0.499570
vt 0.514877 0.496420
vt 0.512792 0.493578
vt 0.510071 0.491275
vt 0.506963 0.489482
vt 0.503507 0.488418
vt 0.499889 0.488053
vt 0.496268 0.488423
vt 0.492790 0.489430
vt 0.489617 0.491104
vt 0.486929 0.493430
vt 0.484788 0.496226
vt 0.483298 0.499381
vt 0.482528 0.502760
vt 0.482510 0.506217
vt 0.483243 0.509606
vt 0.484702 0.512776
vt 0.486842 0.515576
vt 0.489497 0.517940
vt 0.492614 0.519710
vt 0.496042 0.520826
vt 0.499648 0.521166
vt 0.503262 0.520798
vt 0.506718 0.519727
vt 0.509905 0.518068
vt 0.512591 0.515735
vt 0.514777 0.512965
vt 0.520540 0.511162
vt 0.518681 0.515139
vt 0.515977 0.518679
vt 0.512513 0.521555
vt 0.508532 0.523729
vt 0.504156 0.525003
vt 0.499621 0.525441
vt 0.495101 0.524950
vt 0.490772 0.523614
vt 0.486807 0.521428
vt 0.483387 0.518487
vt 0.480727 0.514902
vt 0.478925 0.510881
vt 0.478022 0.506610
vt 0.478047 0.502260
vt 0.479024 0.498009
vt 0.480910 0.494047
vt 0.483619 0.490557
vt 0.487025 0.487678
vt 0.490974 0.485480
vt 0.495349 0.484131
vt 0.499932 0.483728
vt 0.504485 0.484230
vt 0.508806 0.485622
vt 0.512762 0.487788
vt 0.516129 0.490743
vt 0.518826 0.494272
vt 0.520654 0.498269
vt 0.521603 0.502541
vt 0.521577 0.506914
vt 0.526090 0.507417
vt 0.524838 0.512522
vt 0.526180 0.502107
vt 0.524983 0.496939
vt 0.522743 0.492143
vt 0.519584 0.487815
vt 0.515434 0.484297
vt 0.510656 0.481730
vt 0.505490 0.480001
vt 0.499969 0.479330
vt 0.494436 0.479920
vt 0.489122 0.481468
vt 0.484328 0.484139
vt 0.480279 0.487667
vt 0.476969 0.491862
vt 0.474766 0.496669
vt 0.473519 0.501769
vt 0.473524 0.507015
vt 0.474542 0.512168
vt 0.476714 0.517068
vt 0.480011 0.521347
vt 0.484069 0.524976
vt 0.488923 0.527579
vt 0.494151 0.529126
vt 0.499585 0.529786
vt 0.505067 0.529223
vt 0.510321 0.527675
vt 0.515159 0.525124
vt 0.519387 0.521649
vt 0.522636 0.517324
vt 0.551461 0.520965
vt 0.553691 0.510371
vt 0.560264 0.511081
vt 0.557439 0.522860
vt 0.553980 0.499591
vt 0.560248 0.499005
vt 0.551578 0.489085
vt 0.557703 0.487211
vt 0.547004 0.479182
vt 0.552621 0.476144
vt 0.540407 0.470383
vt 0.545271 0.466255
vt 0.532001 0.463119
vt 0.535860 0.458101
vt 0.522106 0.457697
vt 0.524891 0.451910
vt 0.511337 0.454098
vt 0.512794 0.448012
vt 0.500076 0.452842
vt 0.500139 0.446616
vt 0.488789 0.453911
vt 0.487475 0.447861
vt 0.477970 0.457228
vt 0.475366 0.451562
vt 0.468111 0.462584
vt 0.464334 0.457558
vt 0.459634 0.469791
vt 0.454852 0.465631
vt 0.452912 0.478518
vt 0.447314 0.475379
vt 0.448223 0.488368
vt 0.442134 0.486430
vt 0.445696 0.498859
vt 0.439464 0.498208
vt 0.445786 0.509640
vt 0.439396 0.510263
vt 0.448095 0.520245
vt 0.441915 0.522118
vt 0.452634 0.530150
vt 0.446978 0.533229
vt 0.459254 0.538943
vt 0.454393 0.543079
vt 0.467706 0.546178
vt 0.463731 0.551329
vt 0.477393 0.551744
vt 0.474811 0.557263
vt 0.488238 0.554875
vt 0.486859 0.561052
vt 0.499536 0.556120
vt 0.499471 0.562299
vt 0.510813 0.555135
vt 0.512104 0.561213
vt 0.521585 0.551827
vt 0.524163 0.557451
vt 0.531449 0.546512
vt 0.535189 0.551525
vt 0.539938 0.539375
vt 0.544709 0.543556
vt 0.546674 0.530716
vt 0.552203 0.533829
vt 0.563288 0.524719
vt 0.557521 0.536802
vt 0.549327 0.547569
vt 0.538779 0.556333
vt 0.526678 0.562911
vt 0.513345 0.566989
vt 0.499421 0.568175
vt 0.485560 0.566852
vt 0.472237 0.562737
vt 0.460118 0.556042
vt 0.449670 0.547087
vt 0.441546 0.536158
vt 0.435991 0.523890
vt 0.433289 0.510836
vt 0.433344 0.497571
vt 0.436272 0.484594
vt 0.441908 0.472377
vt 0.450256 0.461648
vt 0.460690 0.452733
vt 0.472853 0.446132
vt 0.486188 0.441957
vt 0.500179 0.440733
vt 0.514161 0.442168
vt 0.527506 0.446510
vt 0.539473 0.453421
vt 0.549946 0.462276
vt 0.558109 0.473198
vt 0.563590 0.485433
vt 0.566509 0.498433
vt 0.566358 0.511737
vt 0.684204 0.563135
vt 0.614547 0.540909
vt 0.619338 0.517210
vt 0.692590 0.525719
vt 0.576598 0.512859
vt 0.572758 0.527729
vt 0.620213 0.493110
vt 0.693370 0.487069
vt 0.576558 0.497488
vt 0.615562 0.469396
vt 0.684940 0.449183
vt 0.573373 0.482464
vt 0.605802 0.447054
vt 0.668926 0.413422
vt 0.566878 0.468346
vt 0.590885 0.427515
vt 0.646264 0.381198
vt 0.557472 0.455907
vt 0.572579 0.410642
vt 0.615810 0.355471
vt 0.545562 0.445531
vt 0.550618 0.398131
vt 0.581075 0.334991
vt 0.531529 0.437832
vt 0.526258 0.390669
vt 0.541929 0.323466
vt 0.516364 0.432856
vt 0.500835 0.388860
vt 0.501297 0.318077
vt 0.500402 0.431031
vt 0.475537 0.391439
vt 0.461033 0.322184
vt 0.484203 0.432359
vt 0.450849 0.397590
vt 0.422353 0.334734
vt 0.468931 0.437309
vt 0.429161 0.410457
vt 0.386489 0.353520
vt 0.454871 0.444742
vt 0.410252 0.426832
vt 0.355897 0.379200
vt 0.442528 0.454964
vt 0.394132 0.445715
vt 0.331615 0.410844
vt 0.433254 0.467579
vt 0.384657 0.468269
vt 0.314344 0.446152
vt 0.426434 0.481530
vt 0.377896 0.491707
vt 0.306664 0.484518
vt 0.423414 0.496553
vt 0.378497 0.515971
vt 0.306197 0.523548
vt 0.423110 0.511785
vt 0.384282 0.539585
vt 0.314258 0.561269
vt 0.426336 0.526908
vt 0.394428 0.561779
vt 0.331875 0.596336
vt 0.432755 0.541048
vt 0.410012 0.580896
vt 0.355042 0.628366
vt 0.442079 0.553687
vt 0.428511 0.597415
vt 0.384567 0.654378
vt 0.454259 0.563921
vt 0.449889 0.610343
vt 0.420009 0.673071
vt 0.468192 0.571442
vt 0.473673 0.618854
vt 0.458933 0.684711
vt 0.483342 0.576066
vt 0.499023 0.620631
vt 0.499234 0.689618
vt 0.499318 0.577921
vt 0.524152 0.617514
vt 0.539340 0.686444
vt 0.515351 0.576426
vt 0.548248 0.610147
vt 0.577654 0.673674
vt 0.530868 0.571934
vt 0.570663 0.598710
vt 0.613144 0.655000
vt 0.544716 0.563998
vt 0.589470 0.582612
vt 0.642823 0.628912
vt 0.556704 0.554022
vt 0.603670 0.562670
vt 0.666980 0.597709
vt 0.566427 0.541778
vt 0.702272 0.568926
vt 0.684531 0.607418
vt 0.657900 0.641924
vt 0.624395 0.669787
vt 0.586097 0.691640
vt 0.543291 0.704527
vt 0.498923 0.708522
vt 0.454626 0.703527
vt 0.411809 0.690841
vt 0.373028 0.669661
vt 0.340346 0.640751
vt 0.313979 0.606216
vt 0.295398 0.567213
vt 0.286848 0.525466
vt 0.285871 0.482516
vt 0.295828 0.440450
vt 0.313817 0.400936
vt 0.341043 0.366048
vt 0.374858 0.337837
vt 0.414146 0.317039
vt 0.456909 0.303869
vt 0.501607 0.299077
vt 0.546448 0.304149
vt 0.589281 0.317632
vt 0.627863 0.340020
vt 0.660895 0.368949
vt 0.686820 0.404063
vt 0.703943 0.443612
vt 0.713566 0.485294
vt 0.712715 0.528109
vt 0.890045 0.547137
vt 0.952768 0.553762
vt 0.932870 0.642811
vt 0.873209 0.623572
vt 0.822289 0.539676
vt 0.807809 0.602560
vt 0.889792 0.469510
vt 0.952800 0.463892
vt 0.822659 0.475476
vt 0.935188 0.375539
vt 0.875322 0.393067
vt 0.809619 0.412388
vt 0.897849 0.292541
vt 0.842872 0.321877
vt 0.782435 0.353457
vt 0.843892 0.218699
vt 0.796258 0.257991
vt 0.744232 0.300306
vt 0.775269 0.156439
vt 0.736876 0.204295
vt 0.695052 0.255936
vt 0.694193 0.108493
vt 0.666820 0.163162
vt 0.637008 0.222138
vt 0.603768 0.077396
vt 0.588866 0.136648
vt 0.572519 0.200501
vt 0.507925 0.064973
vt 0.506373 0.126243
vt 0.504399 0.192050
vt 0.410970 0.071965
vt 0.422971 0.132856
vt 0.435615 0.197151
vt 0.316563 0.097693
vt 0.341763 0.154730
vt 0.369529 0.216930
vt 0.268109 0.194890
vt 0.230187 0.143728
vt 0.308127 0.248401
vt 0.204241 0.248129
vt 0.155825 0.206528
vt 0.257034 0.293530
vt 0.098641 0.283066
vt 0.155595 0.313786
vt 0.216101 0.347019
vt 0.059004 0.367998
vt 0.120396 0.386666
vt 0.187478 0.407267
vt 0.104583 0.465223
vt 0.039905 0.458823
vt 0.173364 0.471761
vt 0.104312 0.545044
vt 0.039905 0.551693
vt 0.172915 0.537680
vt 0.060647 0.642901
vt 0.122074 0.623282
vt 0.188296 0.601808
vt 0.157032 0.695794
vt 0.102175 0.727483
vt 0.217537 0.661349
vt 0.208422 0.758138
vt 0.161742 0.799907
vt 0.257934 0.713953
vt 0.270533 0.809675
vt 0.234225 0.859017
vt 0.309429 0.756394
vt 0.342137 0.847465
vt 0.317368 0.902517
vt 0.368666 0.787810
vt 0.419984 0.870307
vt 0.407603 0.928738
vt 0.433092 0.806946
vt 0.500730 0.877501
vt 0.501070 0.936897
vt 0.499978 0.813132
vt 0.581089 0.868925
vt 0.594016 0.926977
vt 0.566556 0.806037
vt 0.657891 0.845075
vt 0.683009 0.899521
vt 0.630075 0.785797
vt 0.764723 0.855671
vt 0.728606 0.807646
vt 0.688831 0.754699
vt 0.788477 0.755554
vt 0.834478 0.796384
vt 0.738910 0.712215
vt 0.837817 0.693959
vt 0.891740 0.725082
vt 0.779319 0.660944
vt 0.206929 0.482836
vt 0.185174 0.480651
vt 0.195478 0.431916
vt 0.216198 0.438492
vt 0.108819 0.472974
vt 0.121923 0.408276
vt 0.144563 0.415433
vt 0.132495 0.475360
vt 0.041130 0.466157
vt 0.057185 0.387563
vt 0.091771 0.398616
vt 0.077230 0.469785
vt 0.215870 0.386708
vt 0.234751 0.397638
vt 0.148331 0.347680
vt 0.168814 0.359461
vt 0.089523 0.313668
vt 0.121003 0.331878
vt 0.244780 0.346567
vt 0.260777 0.360940
vt 0.187375 0.294431
vt 0.204981 0.310461
vt 0.137153 0.248579
vt 0.163979 0.273097
vt 0.281435 0.313551
vt 0.294258 0.331101
vt 0.236556 0.250709
vt 0.250289 0.269930
vt 0.197264 0.195454
vt 0.218242 0.224990
vt 0.324248 0.288970
vt 0.333142 0.308798
vt 0.293575 0.218378
vt 0.303042 0.240039
vt 0.266816 0.156292
vt 0.281106 0.189456
vt 0.371152 0.273844
vt 0.375733 0.294920
vt 0.355989 0.198733
vt 0.360665 0.221900
vt 0.342786 0.132612
vt 0.349829 0.167934
vt 0.419928 0.269097
vt 0.419899 0.290724
vt 0.420908 0.192616
vt 0.420568 0.216125
vt 0.421784 0.125402
vt 0.421290 0.161303
vt 0.468660 0.274561
vt 0.464198 0.295702
vt 0.485445 0.200233
vt 0.480234 0.223066
vt 0.500283 0.134937
vt 0.492310 0.169810
vt 0.515203 0.289907
vt 0.506300 0.309655
vt 0.546767 0.221079
vt 0.537005 0.242232
vt 0.574703 0.160627
vt 0.559745 0.192897
vt 0.557101 0.314881
vt 0.544237 0.332107
vt 0.602125 0.254072
vt 0.588350 0.272652
vt 0.641750 0.200996
vt 0.620591 0.229310
vt 0.593013 0.347678
vt 0.577078 0.361815
vt 0.649284 0.297621
vt 0.632036 0.312990
vt 0.698778 0.254063
vt 0.672352 0.277307
vt 0.621198 0.386841
vt 0.602950 0.397321
vt 0.686349 0.349803
vt 0.666293 0.361205
vt 0.743507 0.317522
vt 0.712978 0.334735
vt 0.640966 0.431033
vt 0.620625 0.437679
vt 0.711899 0.408304
vt 0.690065 0.415240
vt 0.774112 0.388506
vt 0.740896 0.399027
vt 0.651131 0.478429
vt 0.630119 0.480621
vt 0.724848 0.470553
vt 0.702155 0.472879
vt 0.789509 0.463833
vt 0.755021 0.467366
vt 0.651401 0.526621
vt 0.630360 0.524504
vt 0.724856 0.533866
vt 0.702162 0.531643
vt 0.789509 0.540294
vt 0.755080 0.536854
vt 0.641539 0.573771
vt 0.621481 0.567690
vt 0.712701 0.596000
vt 0.691004 0.589245
vt 0.774564 0.615212
vt 0.741560 0.604976
vt 0.623004 0.618356
vt 0.604276 0.608114
vt 0.687618 0.654269
vt 0.667598 0.643143
vt 0.744714 0.685741
vt 0.714259 0.669008
vt 0.595071 0.657947
vt 0.578982 0.644105
vt 0.651512 0.706671
vt 0.634050 0.691656
vt 0.701322 0.749185
vt 0.674710 0.726522
vt 0.559636 0.691002
vt 0.546629 0.674027
vt 0.605278 0.750799
vt 0.591269 0.732439
vt 0.645604 0.802903
vt 0.624061 0.775107
vt 0.518175 0.716333
vt 0.508902 0.697004
vt 0.550738 0.784594
vt 0.540742 0.763713
vt 0.579643 0.844279
vt 0.564188 0.812436
vt 0.472084 0.732595
vt 0.467072 0.711373
vt 0.490013 0.806470
vt 0.484434 0.783781
vt 0.506048 0.871313
vt 0.497435 0.836687
vt 0.423450 0.738943
vt 0.423121 0.717377
vt 0.425673 0.815255
vt 0.424928 0.791772
vt 0.427812 0.882465
vt 0.426609 0.846551
vt 0.374507 0.734872
vt 0.378759 0.713684
vt 0.360605 0.810270
vt 0.364832 0.787046
vt 0.348467 0.876757
vt 0.354917 0.841225
vt 0.327374 0.720410
vt 0.335993 0.700439
vt 0.297764 0.791531
vt 0.306891 0.769603
vt 0.271827 0.854199
vt 0.285675 0.820710
vt 0.284105 0.696437
vt 0.296715 0.678717
vt 0.240077 0.759893
vt 0.253658 0.740417
vt 0.201467 0.815836
vt 0.222094 0.785942
vt 0.246872 0.663773
vt 0.263004 0.649065
vt 0.190261 0.716737
vt 0.207585 0.700530
vt 0.140600 0.763369
vt 0.167132 0.738434
vt 0.217206 0.623892
vt 0.236022 0.612836
vt 0.150484 0.663889
vt 0.170973 0.651609
vt 0.091952 0.698997
vt 0.123233 0.680227
vt 0.196683 0.578901
vt 0.217150 0.572206
vt 0.122659 0.603786
vt 0.145111 0.596298
vt 0.058111 0.625429
vt 0.092673 0.613847
vt 0.185610 0.530486
vt 0.207226 0.528150
vt 0.108785 0.539022
vt 0.132417 0.536522
vt 0.041154 0.546382
vt 0.077277 0.542466
vt 0.244103 0.491497
vt 0.231843 0.496933
vt 0.244625 0.518877
vt 0.232126 0.513720
vt 0.261268 0.488199
vt 0.249220 0.486964
vt 0.256513 0.451637
vt 0.268328 0.455441
vt 0.271231 0.418588
vt 0.281792 0.424730
vt 0.292238 0.389425
vt 0.301292 0.397594
vt 0.318969 0.365183
vt 0.326105 0.375118
vt 0.350130 0.347283
vt 0.355038 0.358474
vt 0.384360 0.336410
vt 0.386783 0.348297
vt 0.419843 0.332803
vt 0.419804 0.344786
vt 0.455331 0.336726
vt 0.452779 0.348522
vt 0.488999 0.347855
vt 0.484035 0.359049
vt 0.519867 0.365767
vt 0.512858 0.375362
vt 0.546077 0.389427
vt 0.537213 0.397519
vt 0.567057 0.418147
vt 0.556644 0.424207
vt 0.581494 0.450506
vt 0.569931 0.454303
vt 0.588877 0.485129
vt 0.576981 0.486429
vt 0.589156 0.520459
vt 0.577401 0.519321
vt 0.582021 0.555121
vt 0.570587 0.551537
vt 0.568283 0.587681
vt 0.557640 0.581721
vt 0.547685 0.616658
vt 0.538662 0.608678
vt 0.521789 0.640789
vt 0.514575 0.631133
vt 0.491170 0.658974
vt 0.486203 0.648192
vt 0.457743 0.670689
vt 0.454962 0.658888
vt 0.422215 0.675183
vt 0.422013 0.662875
vt 0.386747 0.671863
vt 0.388980 0.660069
vt 0.352196 0.661669
vt 0.357066 0.650262
vt 0.321043 0.643942
vt 0.327944 0.634077
vt 0.293825 0.620272
vt 0.302770 0.611963
vt 0.272305 0.591427
vt 0.282826 0.585112
vt 0.257250 0.558429
vt 0.269005 0.554509
vt 0.249601 0.523264
vt 0.261756 0.521865
vt 0.297636 0.491865
vt 0.275111 0.489608
vt 0.281423 0.459675
vt 0.302980 0.466542
vt 0.293745 0.431636
vt 0.313423 0.442884
vt 0.311640 0.406877
vt 0.328559 0.422024
vt 0.334227 0.386287
vt 0.347642 0.404754
vt 0.360639 0.371082
vt 0.369846 0.391845
vt 0.389609 0.361756
vt 0.394209 0.383808
vt 0.419758 0.358485
vt 0.419703 0.381248
vt 0.449853 0.361958
vt 0.445114 0.383941
vt 0.478554 0.371394
vt 0.469470 0.391777
vt 0.504810 0.386400
vt 0.491532 0.404664
vt 0.527105 0.406649
vt 0.510482 0.421709
vt 0.544768 0.431084
vt 0.525521 0.442256
vt 0.557108 0.458546
vt 0.535867 0.465533
vt 0.563510 0.487955
vt 0.541452 0.490408
vt 0.563868 0.518026
vt 0.541490 0.515859
vt 0.557748 0.547471
vt 0.536520 0.540785
vt 0.545769 0.575061
vt 0.526262 0.564086
vt 0.528410 0.599690
vt 0.511680 0.584970
vt 0.506387 0.620237
vt 0.492946 0.602240
vt 0.480511 0.635857
vt 0.471014 0.615316
vt 0.451902 0.645518
vt 0.446868 0.623693
vt 0.421787 0.649115
vt 0.421385 0.626653
vt 0.391578 0.646593
vt 0.395860 0.624347
vt 0.362499 0.637538
vt 0.371340 0.616710
vt 0.335855 0.622808
vt 0.348976 0.604142
vt 0.312911 0.602631
vt 0.329690 0.587129
vt 0.294741 0.578050
vt 0.314313 0.566446
vt 0.282131 0.550119
vt 0.303576 0.542987
vt 0.275382 0.520282
vt 0.297919 0.517757
vt 0.322673 0.494360
vt 0.322531 0.515012
vt 0.327181 0.535130
vt 0.335853 0.553751
vt 0.347933 0.570314
vt 0.363394 0.583787
vt 0.381214 0.593878
vt 0.400751 0.599968
vt 0.421090 0.601827
vt 0.441310 0.599408
vt 0.460681 0.592978
vt 0.478112 0.582398
vt 0.493287 0.568739
vt 0.504831 0.551918
vt 0.512931 0.533346
vt 0.517109 0.513477
vt 0.517023 0.493137
vt 0.512600 0.473271
vt 0.504267 0.454661
vt 0.492117 0.438287
vt 0.477101 0.424530
vt 0.459368 0.414471
vt 0.439991 0.408132
vt 0.419691 0.406100
vt 0.399407 0.408201
vt 0.380003 0.414605
vt 0.362225 0.424791
vt 0.347120 0.438674
vt 0.335080 0.455290
vt 0.326580 0.474087
vt 0.335019 0.495588
vt 0.338808 0.478002
vt 0.345954 0.461555
vt 0.356330 0.446933
vt 0.369703 0.435043
vt 0.385044 0.425885
vt 0.402013 0.420421
vt 0.419726 0.418588
vt 0.437426 0.420412
vt 0.454333 0.425925
vt 0.469695 0.434827
vt 0.483047 0.446543
vt 0.493515 0.460969
vt 0.500754 0.477205
vt 0.504446 0.494554
vt 0.504690 0.512244
vt 0.501155 0.529589
vt 0.494175 0.545922
vt 0.483785 0.560336
vt 0.470791 0.572486
vt 0.455394 0.581409
vt 0.438567 0.587185
vt 0.420944 0.589306
vt 0.403211 0.587675
vt 0.386166 0.582387
vt 0.370537 0.573696
vt 0.357258 0.561718
vt 0.346461 0.547445
vt 0.339088 0.531090
vt 0.335295 0.513577
vt 0.348621 0.511995
vt 0.348563 0.496934
vt 0.351811 0.526812
vt 0.358138 0.540525
vt 0.367068 0.552676
vt 0.378389 0.562609
vt 0.391460 0.570052
vt 0.405851 0.574437
vt 0.420781 0.575942
vt 0.435686 0.574100
vt 0.449813 0.569216
vt 0.462716 0.561710
vt 0.473738 0.551602
vt 0.482434 0.539394
vt 0.488427 0.525654
vt 0.491498 0.510963
vt 0.491271 0.495951
vt 0.488043 0.481302
vt 0.481914 0.467634
vt 0.473042 0.455631
vt 0.461942 0.445595
vt 0.448905 0.438223
vt 0.434672 0.433501
vt 0.419731 0.432072
vt 0.404779 0.433504
vt 0.390492 0.438261
vt 0.377506 0.445929
vt 0.366332 0.456041
vt 0.357596 0.468336
vt 0.351566 0.482187
vt 0.367335 0.498789
vt 0.369568 0.487879
vt 0.374012 0.477695
vt 0.380467 0.468655
vt 0.388671 0.461177
vt 0.398239 0.455567
vt 0.408770 0.452083
vt 0.419776 0.450902
vt 0.430780 0.452012
vt 0.441301 0.455396
vt 0.450892 0.460888
vt 0.459133 0.468250
vt 0.465674 0.477162
vt 0.470228 0.487240
vt 0.472612 0.498045
vt 0.472707 0.509121
vt 0.470486 0.519969
vt 0.466064 0.530101
vt 0.459645 0.539105
vt 0.451494 0.546572
vt 0.441980 0.552183
vt 0.431510 0.555724
vt 0.420524 0.557008
vt 0.409515 0.555961
vt 0.398963 0.552646
vt 0.389310 0.547201
vt 0.381002 0.539849
vt 0.374391 0.530916
vt 0.369789 0.520792
vt 0.367402 0.509928
vt 0.396274 0.501627
vt 0.396336 0.506640
vt 0.397363 0.511562
vt 0.399473 0.516126
vt 0.402455 0.520148
vt 0.406211 0.523441
vt 0.410548 0.525876
vt 0.415288 0.527429
vt 0.420252 0.527879
vt 0.425209 0.527344
vt 0.429925 0.525714
vt 0.434247 0.523219
vt 0.437894 0.519809
vt 0.440831 0.515768
vt 0.442796 0.511175
vt 0.443825 0.506285
vt 0.443762 0.501287
vt 0.442721 0.496400
vt 0.440622 0.491865
vt 0.437705 0.487809
vt 0.433947 0.484521
vt 0.429636 0.482003
vt 0.424867 0.480529
vt 0.419910 0.480004
vt 0.414959 0.480602
vt 0.410224 0.482146
vt 0.405885 0.484643
vt 0.402222 0.488060
vt 0.399269 0.492110
vt 0.397308 0.496725
vt 0.409918 0.500719
vt 0.409515 0.502904
vt 0.410844 0.498699
vt 0.412102 0.496867
vt 0.413771 0.495403
vt 0.415665 0.494245
vt 0.417765 0.493507
vt 0.419981 0.493304
vt 0.422198 0.493483
vt 0.424305 0.494199
vt 0.426257 0.495265
vt 0.427891 0.496778
vt 0.429244 0.498548
vt 0.430122 0.500594
vt 0.430640 0.502761
vt 0.430613 0.504989
vt 0.430208 0.507181
vt 0.429279 0.509206
vt 0.428020 0.511043
vt 0.426350 0.512517
vt 0.424452 0.513684
vt 0.422328 0.514350
vt 0.420118 0.514645
vt 0.417904 0.514391
vt 0.415763 0.513761
vt 0.413837 0.512629
vt 0.412193 0.511126
vt 0.410899 0.509317
vt 0.410015 0.507283
vt 0.409491 0.505125
vt 0.420056 0.503951
vt 0.427253 0.679668
vt 0.454015 0.676099
vt 0.497566 0.661048
vt 0.520556 0.647174
vt 0.554347 0.615979
vt 0.569718 0.594020
vt 0.587801 0.551840
vt 0.593022 0.525678
vt 0.587300 0.453728
vt 0.592693 0.479861
vt 0.552740 0.390034
vt 0.568414 0.411795
vt 0.495359 0.345715
vt 0.518551 0.359365
vt 0.451500 0.331210
vt 0.424726 0.328409
vt 0.378559 0.332896
vt 0.352808 0.341269
vt 0.292138 0.382614
vt 0.312420 0.364474
vt 0.264738 0.420590
vt 0.253819 0.445590
vt 0.265782 0.589499
vt 0.254623 0.564519
vt 0.314314 0.644876
vt 0.293916 0.626872
vt 0.380984 0.675499
vt 0.354987 0.667622
vt 0.245716 0.574535
vt 0.252240 0.589829
vt 0.289869 0.639480
vt 0.302115 0.650799
vt 0.356472 0.681192
vt 0.372527 0.685573
vt 0.434019 0.691163
vt 0.450277 0.688981
vt 0.508102 0.668632
vt 0.522395 0.660539
vt 0.567394 0.618802
vt 0.576482 0.605143
vt 0.600708 0.549261
vt 0.603748 0.533201
vt 0.603597 0.472191
vt 0.599975 0.456269
vt 0.575153 0.400255
vt 0.565527 0.387121
vt 0.520084 0.346008
vt 0.505928 0.337854
vt 0.447641 0.318467
vt 0.431225 0.316821
vt 0.369815 0.322696
vt 0.354095 0.328016
vt 0.300155 0.358781
vt 0.287893 0.369909
vt 0.251189 0.420384
vt 0.244847 0.435831
vt 0.438313 0.683948
vt 0.443915 0.682808
vt 0.509657 0.660043
vt 0.514569 0.657457
vt 0.564928 0.610783
vt 0.567848 0.606073
vt 0.595342 0.542949
vt 0.596147 0.537493
vt 0.596152 0.468559
vt 0.594730 0.463223
vt 0.566331 0.399898
vt 0.563323 0.395079
vt 0.511827 0.349266
vt 0.507117 0.346060
vt 0.441841 0.324439
vt 0.436276 0.324138
vt 0.366911 0.330622
vt 0.361683 0.332628
vt 0.300694 0.367236
vt 0.296682 0.371381
vt 0.255253 0.427890
vt 0.253284 0.433173
vt 0.238802 0.502733
vt 0.238611 0.508414
vt 0.254253 0.576763
vt 0.256239 0.582218
vt 0.298632 0.638324
vt 0.302640 0.642277
vt 0.363401 0.676220
vt 0.368866 0.677535
s 1
g off
g rin_rin
usemtl rin
f 4/1/1 1/2/2 2/3/3
f 2/3/3 3/4/4 4/1/1
f 7/5/5 8/6/6 5/7/7
f 5/7/7 6/8/8 7/5/5
f 11/9/9 12/10/10 9/11/11
f 9/11/11 10/12/12 11/9/9
f 5/7/7 13/13/13 14/14/14
f 14/14/14 12/10/10 5/7/7
f 15/15/15 16/16/16 4/1/1
f 15/15/15 4/1/1 17/17/17
f 13/13/13 5/7/7 8/6/6
f 16/16/16 1/2/2 4/1/1
f 3/4/4 18/18/18 17/17/17
f 17/17/17 4/1/1 3/4/4
f 5/7/7 12/10/10 11/9/9
f 5/7/7 11/9/9 6/8/8
f 15/15/15 14/14/14 13/13/13
f 13/13/13 16/16/16 15/15/15
f 10/12/12 9/11/11 19/19/19
f 19/19/19 20/20/20 10/12/12
f 17/17/17 19/19/19 15/15/15
f 14/14/14 9/11/11 12/10/10
f 1/2/2 16/16/16 13/13/13
f 13/13/13 8/6/6 1/2/2
f 9/11/11 14/14/14 15/15/15
f 15/15/15 19/19/19 9/11/11
f 19/19/19 17/17/17 18/18/18
f 18/18/18 20/20/20 19/19/19
s 2
f 21/21/21 22/22/22 23/23/23
f 21/21/21 23/23/23 24/24/24
f 26/25/25 27/26/26 28/27/27
f 25/28/28 26/25/25 28/27/27
f 31/29/29 32/30/30 29/31/31
f 29/31/31 30/32/32 31/29/29
f 25/28/28 33/33/33 34/34/34
f 34/34/34 32/30/30 25/28/28
f 35/35/35 36/36/36 24/24/24
f 35/35/35 24/24/24 37/37/37
f 33/33/33 25/28/28 28/27/27
f 36/36/36 21/21/21 24/24/24
f 37/37/37 24/24/24 23/23/23
f 37/37/37 23/23/23 38/38/38
f 32/30/30 31/29/29 26/25/25
f 25/28/28 32/30/30 26/25/25
f 35/35/35 34/34/34 33/33/33
f 33/33/33 36/36/36 35/35/35
f 30/32/32 29/31/31 39/39/39
f 39/39/39 40/40/40 30/32/32
f 37/37/37 39/39/39 35/35/35
f 34/34/34 29/31/31 32/30/30
f 36/36/36 33/33/33 28/27/27
f 36/36/36 28/27/27 21/21/21
f 34/34/34 35/35/35 39/39/39
f 34/34/34 39/39/39 29/31/31
f 37/37/37 38/38/38 40/40/40
f 37/37/37 40/40/40 39/39/39
s 3
f 44/41/41 41/42/42 42/43/43
f 42/43/43 43/44/44 44/41/41
f 47/45/45 48/46/46 45/47/47
f 45/47/47 46/48/48 47/45/45
f 51/49/49 52/50/50 49/51/51
f 49/51/51 50/52/52 51/49/49
f 45/47/47 53/53/53 54/54/54
f 54/54/54 52/50/50 45/47/47
f 55/55/55 56/56/56 44/41/41
f 55/55/55 44/41/41 57/57/57
f 53/53/53 45/47/47 48/46/46
f 56/56/56 41/42/42 44/41/41
f 58/58/58 57/57/57 44/41/41
f 44/41/41 43/44/44 58/58/58
f 45/47/47 52/50/50 51/49/49
f 45/47/47 51/49/49 46/48/48
f 55/55/55 54/54/54 53/53/53
f 53/53/53 56/56/56 55/55/55
f 50/52/52 49/51/51 59/59/59
f 59/59/59 60/60/60 50/52/52
f 57/57/57 59/59/59 55/55/55
f 54/54/54 49/51/51 52/50/50
f 56/56/56 53/53/53 48/46/46
f 56/56/56 48/46/46 41/42/42
f 54/54/54 55/55/55 59/59/59
f 54/54/54 59/59/59 49/51/51
f 59/59/59 57/57/57 58/58/58
f 58/58/58 60/60/60 59/59/59
s 4
f 61/61/61 62/62/62 63/63/63
f 61/61/61 63/63/63 64/64/64
f 67/65/65 68/66/66 65/67/67
f 65/67/67 66/68/68 67/65/65
f 71/69/69 72/70/70 69/71/71
f 69/71/71 70/72/72 71/69/69
f 65/67/67 73/73/73 74/74/74
f 74/74/74 72/70/70 65/67/67
f 75/75/75 76/76/76 64/64/64
f 75/75/75 64/64/64 77/77/77
f 73/73/73 65/67/67 68/66/66
f 76/76/76 61/61/61 64/64/64
f 78/78/78 77/77/77 64/64/64
f 64/64/64 63/63/63 78/78/78
f 72/70/70 71/69/69 66/68/68
f 65/67/67 72/70/70 66/68/68
f 76/76/76 75/75/75 74/74/74
f 74/74/74 73/73/73 76/76/76
f 69/71/71 79/79/79 80/80/38
f 69/71/71 80/80/38 70/72/72
f 77/77/77 79/79/79 75/75/75
f 74/74/74 69/71/71 72/70/70
f 76/76/76 73/73/73 68/66/66
f 76/76/76 68/66/66 61/61/61
f 69/71/71 74/74/74 75/75/75
f 75/75/75 79/79/79 69/71/71
f 77/77/77 78/78/78 80/80/38
f 77/77/77 80/80/38 79/79/79
s 5
f 81/81/80 82/82/81 83/83/82
f 81/81/80 83/83/82 84/84/83
f 87/85/84 88/86/85 85/87/86
f 85/87/86 86/88/87 87/85/84
f 91/89/88 92/90/89 89/91/90
f 89/91/90 90/92/91 91/89/88
f 85/87/86 93/93/92 94/94/93
f 94/94/93 92/90/89 85/87/86
f 95/95/94 96/96/95 84/84/83
f 95/95/94 84/84/83 97/97/96
f 93/93/92 85/87/86 88/86/85
f 96/96/95 81/81/80 84/84/83
f 97/97/96 84/84/83 83/83/82
f 97/97/96 83/83/82 98/98/97
f 86/88/87 85/87/86 92/90/89
f 92/90/89 91/89/88 86/88/87
f 96/96/95 95/95/94 94/94/93
f 94/94/93 93/93/92 96/96/95
f 89/91/90 99/99/98 100/100/99
f 89/91/90 100/100/99 90/92/91
f 97/97/96 99/99/98 95/95/94
f 94/94/93 89/91/90 92/90/89
f 81/81/80 96/96/95 93/93/92
f 93/93/92 88/86/85 81/81/80
f 94/94/93 95/95/94 99/99/98
f 94/94/93 99/99/98 89/91/90
f 99/99/98 97/97/96 98/98/97
f 98/98/97 100/100/99 99/99/98
s 6
f 104/101/100 101/102/101 102/103/102
f 102/103/102 103/104/103 104/101/100
f 106/105/104 107/106/105 108/107/106
f 105/108/107 106/105/104 108/107/106
f 110/109/108 111/110/72 112/111/109
f 109/112/110 110/109/108 112/111/109
f 105/108/107 113/113/111 114/114/112
f 114/114/112 112/111/109 105/108/107
f 115/115/113 116/116/114 104/101/100
f 115/115/113 104/101/100 117/117/115
f 113/113/111 105/108/107 108/107/106
f 116/116/114 101/102/101 104/101/100
f 117/117/115 104/101/100 103/104/103
f 117/117/115 103/104/103 118/118/116
f 106/105/104 105/108/107 112/111/109
f 112/111/109 111/110/72 106/105/104
f 115/115/113 114/114/112 113/113/111
f 113/113/111 116/116/114 115/115/113
f 110/109/108 109/112/110 119/119/117
f 119/119/117 120/120/118 110/109/108
f 117/117/115 119/119/117 115/115/113
f 114/114/112 109/112/110 112/111/109
f 101/102/101 116/116/114 113/113/111
f 113/113/111 108/107/106 101/102/101
f 109/112/110 114/114/112 115/115/113
f 115/115/113 119/119/117 109/112/110
f 119/119/117 117/117/115 118/118/116
f 118/118/116 120/120/118 119/119/117
s 7
f 124/121/119 121/122/120 122/123/121
f 122/123/121 123/124/122 124/121/119
f 127/125/123 128/126/124 125/127/125
f 125/127/125 126/128/126 127/125/123
f 131/129/127 132/130/128 129/131/129
f 129/131/129 130/132/130 131/129/127
f 125/127/125 133/133/131 134/134/132
f 134/134/132 132/130/128 125/127/125
f 135/135/133 136/136/134 124/121/119
f 135/135/133 124/121/119 137/137/135
f 133/133/131 125/127/125 128/126/124
f 136/136/134 121/122/120 124/121/119
f 138/138/136 137/137/135 124/121/119
f 124/121/119 123/124/122 138/138/136
f 125/127/125 132/130/128 131/129/127
f 125/127/125 131/129/127 126/128/126
f 136/136/134 135/135/133 134/134/132
f 134/134/132 133/133/131 136/136/134
f 129/131/129 139/139/137 140/140/138
f 129/131/129 140/140/138 130/132/130
f 137/137/135 139/139/137 135/135/133
f 134/134/132 129/131/129 132/130/128
f 128/126/124 121/122/120 136/136/134
f 136/136/134 133/133/131 128/126/124
f 129/131/129 134/134/132 135/135/133
f 135/135/133 139/139/137 129/131/129
f 137/137/135 138/138/136 140/140/138
f 137/137/135 140/140/138 139/139/137
s 8
f 141/141/139 142/142/140 143/143/141
f 141/141/139 143/143/141 144/144/142
f 147/145/143 148/146/144 145/147/145
f 145/147/145 146/148/146 147/145/143
f 151/149/147 152/150/148 149/151/149
f 149/151/149 150/152/150 151/149/147
f 145/147/145 153/153/151 154/154/152
f 154/154/152 152/150/148 145/147/145
f 155/155/153 156/156/154 144/144/142
f 155/155/153 144/144/142 157/157/155
f 153/153/151 145/147/145 148/146/144
f 156/156/154 141/141/139 144/144/142
f 144/144/142 143/143/141 158/158/156
f 157/157/155 144/144/142 158/158/156
f 151/149/147 146/148/146 145/147/145
f 145/147/145 152/150/148 151/149/147
f 156/156/154 155/155/153 154/154/152
f 154/154/152 153/153/151 156/156/154
f 150/152/150 149/151/149 159/159/157
f 159/159/157 160/160/158 150/152/150
f 157/157/155 159/159/157 155/155/153
f 154/154/152 149/151/149 152/150/148
f 156/156/154 153/153/151 148/146/144
f 156/156/154 148/146/144 141/141/139
f 154/154/152 155/155/153 159/159/157
f 154/154/152 159/159/157 149/151/149
f 159/159/157 157/157/155 158/158/156
f 158/158/156 160/160/158 159/159/157
s 9
f 161/161/159 162/162/160 163/163/161
f 161/161/159 163/163/161 164/164/162
f 166/165/163 167/166/164 168/167/165
f 165/168/166 166/165/163 168/167/165
f 171/169/167 172/170/168 169/171/169
f 169/171/169 170/172/170 171/169/167
f 165/168/166 173/173/171 174/174/172
f 174/174/172 172/170/168 165/168/166
f 175/175/173 176/176/174 164/164/162
f 175/175/173 164/164/162 177/177/175
f 173/173/171 165/168/166 168/167/165
f 176/176/174 161/161/159 164/164/162
f 178/178/176 177/177/175 164/164/162
f 164/164/162 163/163/161 178/178/176
f 166/165/163 165/168/166 172/170/168
f 172/170/168 171/169/167 166/165/163
f 175/175/173 174/174/172 173/173/171
f 173/173/171 176/176/174 175/175/173
f 169/171/169 179/179/177 180/180/178
f 169/171/169 180/180/178 170/172/170
f 177/177/175 179/179/177 175/175/173
f 174/174/172 169/171/169 172/170/168
f 168/167/165 161/161/159 176/176/174
f 176/176/174 173/173/171 168/167/165
f 174/174/172 175/175/173 179/179/177
f 174/174/172 179/179/177 169/171/169
f 179/179/177 177/177/175 178/178/176
f 178/178/176 180/180/178 179/179/177
s 10
f 184/181/179 181/182/180 182/183/181
f 182/183/181 183/184/182 184/181/179
f 186/185/183 187/186/184 188/187/185
f 185/188/186 186/185/183 188/187/185
f 191/189/187 192/190/188 189/191/189
f 189/191/189 190/192/190 191/189/187
f 185/188/186 193/193/191 194/194/192
f 194/194/192 192/190/188 185/188/186
f 195/195/193 196/196/194 184/181/179
f 195/195/193 184/181/179 197/197/195
f 193/193/191 185/188/186 188/187/185
f 196/196/194 181/182/180 184/181/179
f 197/197/195 184/181/179 183/184/182
f 197/197/195 183/184/182 198/198/196
f 192/190/188 191/189/187 186/185/183
f 185/188/186 192/190/188 186/185/183
f 195/195/193 194/194/192 193/193/191
f 193/193/191 196/196/194 195/195/193
f 189/191/189 199/199/197 200/200/198
f 189/191/189 200/200/198 190/192/190
f 197/197/195 199/199/197 195/195/193
f 194/194/192 189/191/189 192/190/188
f 188/187/185 181/182/180 196/196/194
f 196/196/194 193/193/191 188/187/185
f 189/191/189 194/194/192 195/195/193
f 195/195/193 199/199/197 189/191/189
f 199/199/197 197/197/195 198/198/196
f 198/198/196 200/200/198 199/199/197
s 11
f 201/201/199 202/202/200 203/203/201
f 201/201/199 203/203/201 204/204/202
f 206/205/203 207/206/204 208/207/205
f 205/208/206 206/205/203 208/207/205
f 211/209/207 212/210/208 209/211/209
f 209/211/209 210/212/210 211/209/207
f 205/208/206 213/213/211 214/214/212
f 214/214/212 212/210/208 205/208/206
f 215/215/213 216/216/214 204/204/202
f 215/215/213 204/204/202 217/217/215
f 213/213/211 205/208/206 208/207/205
f 216/216/214 201/201/199 204/204/202
f 203/203/201 218/218/216 217/217/215
f 217/217/215 204/204/202 203/203/201
f 206/205/203 205/208/206 212/210/208
f 212/210/208 211/209/207 206/205/203
f 216/216/214 215/215/213 214/214/212
f 214/214/212 213/213/211 216/216/214
f 210/212/210 209/211/209 219/219/217
f 219/219/217 220/220/176 210/212/210
f 217/217/215 219/219/217 215/215/213
f 214/214/212 209/211/209 212/210/208
f 216/216/214 213/213/211 208/207/205
f 216/216/214 208/207/205 201/201/199
f 209/211/209 214/214/212 215/215/213
f 215/215/213 219/219/217 209/211/209
f 219/219/217 217/217/215 218/218/216
f 218/218/216 220/220/176 219/219/217
s 12
f 221/221/218 222/222/219 223/223/220
f 221/221/218 223/223/220 224/224/221
f 227/225/222 228/226/223 225/227/224
f 225/227/224 226/228/225 227/225/222
f 231/229/226 232/230/227 229/231/228
f 229/231/228 230/232/229 231/229/226
f 225/227/224 233/233/230 234/234/231
f 234/234/231 232/230/227 225/227/224
f 235/235/232 236/236/233 224/224/221
f 235/235/232 224/224/221 237/237/234
f 233/233/230 225/227/224 228/226/223
f 236/236/233 221/221/218 224/224/221
f 223/223/220 238/238/235 237/237/234
f 237/237/234 224/224/221 223/223/220
f 232/230/227 231/229/226 226/228/225
f 225/227/224 232/230/227 226/228/225
f 235/235/232 234/234/231 233/233/230
f 233/233/230 236/236/233 235/235/232
f 230/232/229 229/231/228 239/239/236
f 239/239/236 240/240/237 230/232/229
f 237/237/234 239/239/236 235/235/232
f 234/234/231 229/231/228 232/230/227
f 236/236/233 233/233/230 228/226/223
f 236/236/233 228/226/223 221/221/218
f 229/231/228 234/234/231 235/235/232
f 235/235/232 239/239/236 229/231/228
f 239/239/236 237/237/234 238/238/235
f 238/238/235 240/240/237 239/239/236
s 13
f 244/241/238 241/242/239 242/243/240
f 242/243/240 243/244/241 244/241/238
f 246/245/242 247/246/243 248/247/244
f 245/248/245 246/245/242 248/247/244
f 250/249/246 251/250/247 252/251/248
f 249/252/249 250/249/246 252/251/248
f 245/248/245 253/253/250 254/254/251
f 254/254/251 252/251/248 245/248/245
f 255/255/252 256/256/253 244/241/238
f 255/255/252 244/241/238 257/257/254
f 253/253/250 245/248/245 248/247/244
f 256/256/253 241/242/239 244/241/238
f 244/241/238 243/244/241 258/258/255
f 257/257/254 244/241/238 258/258/255
f 245/248/245 252/251/248 251/250/247
f 245/248/245 251/250/247 246/245/242
f 255/255/252 254/254/251 253/253/250
f 253/253/250 256/256/253 255/255/252
f 250/249/246 249/252/249 259/259/256
f 259/259/256 260/260/257 250/249/246
f 257/257/254 259/259/256 255/255/252
f 254/254/251 249/252/249 252/251/248
f 253/253/250 248/247/244 241/242/239
f 256/256/253 253/253/250 241/242/239
f 249/252/249 254/254/251 255/255/252
f 255/255/252 259/259/256 249/252/249
f 259/259/256 257/257/254 258/258/255
f 258/258/255 260/260/257 259/259/256
s 14
f 264/261/258 261/262/259 262/263/260
f 262/263/260 263/264/261 264/261/258
f 266/265/262 267/266/263 268/267/264
f 265/268/265 266/265/262 268/267/264
f 271/269/266 272/270/267 269/271/268
f 269/271/268 270/272/9 271/269/266
f 265/268/265 273/273/269 274/274/270
f 274/274/270 272/270/267 265/268/265
f 275/275/271 276/276/272 264/261/258
f 275/275/271 264/261/258 277/277/273
f 273/273/269 265/268/265 268/267/264
f 276/276/272 261/262/259 264/261/258
f 278/278/274 277/277/273 264/261/258
f 264/261/258 263/264/261 278/278/274
f 266/265/262 265/268/265 272/270/267
f 272/270/267 271/269/266 266/265/262
f 276/276/272 275/275/271 274/274/270
f 274/274/270 273/273/269 276/276/272
f 269/271/268 279/279/275 280/280/276
f 269/271/268 280/280/276 270/272/9
f 277/277/273 279/279/275 275/275/271
f 274/274/270 269/271/268 272/270/267
f 273/273/269 268/267/264 261/262/259
f 276/276/272 273/273/269 261/262/259
f 269/271/268 274/274/270 275/275/271
f 275/275/271 279/279/275 269/271/268
f 279/279/275 277/277/273 278/278/274
f 278/278/274 280/280/276 279/279/275
s 15
f 281/281/277 282/282/278 283/283/279
f 281/281/277 283/283/279 284/284/280
f 287/285/281 288/286/282 285/287/283
f 285/287/283 286/288/284 287/285/281
f 290/289/285 291/290/286 292/291/287
f 289/292/288 290/289/285 292/291/287
f 285/287/283 293/293/289 294/294/290
f 294/294/290 292/291/287 285/287/283
f 295/295/291 296/296/292 284/284/280
f 295/295/291 284/284/280 297/297/293
f 293/293/289 285/287/283 288/286/282
f 296/296/292 281/281/277 284/284/280
f 284/284/280 283/283/279 298/298/294
f 297/297/293 284/284/280 298/298/294
f 286/288/284 285/287/283 292/291/287
f 292/291/287 291/290/286 286/288/284
f 296/296/292 295/295/291 294/294/290
f 294/294/290 293/293/289 296/296/292
f 289/292/288 299/299/295 300/300/296
f 289/292/288 300/300/296 290/289/285
f 297/297/293 299/299/295 295/295/291
f 294/294/290 289/292/288 292/291/287
f 296/296/292 293/293/289 288/286/282
f 296/296/292 288/286/282 281/281/277
f 289/292/288 294/294/290 295/295/291
f 295/295/291 299/299/295 289/292/288
f 299/299/295 297/297/293 298/298/294
f 298/298/294 300/300/296 299/299/295
s 4
f 61/61/61 68/66/66 67/65/65
f 61/61/61 67/65/65 62/62/62
s 3
f 48/46/46 47/45/45 42/43/43
f 41/42/42 48/46/46 42/43/43
s 2
f 21/21/21 28/27/27 27/26/26
f 21/21/21 27/26/26 22/22/22
s 1
f 1/2/2 8/6/6 7/5/5
f 1/2/2 7/5/5 2/3/3
s 15
f 281/281/277 288/286/282 287/285/281
f 281/281/277 287/285/281 282/282/278
s 14
f 268/267/264 267/266/263 262/263/260
f 261/262/259 268/267/264 262/263/260
s 13
f 241/242/239 248/247/244 247/246/243
f 241/242/239 247/246/243 242/243/240
s 12
f 227/225/222 222/222/219 221/221/218
f 221/221/218 228/226/223 227/225/222
s 11
f 201/201/199 208/207/205 207/206/204
f 201/201/199 207/206/204 202/202/200
s 10
f 182/183/181 181/182/180 188/187/185
f 188/187/185 187/186/184 182/183/181
s 9
f 167/166/164 162/162/160 161/161/159
f 161/161/159 168/167/165 167/166/164
s 8
f 141/141/139 148/146/144 147/145/143
f 141/141/139 147/145/143 142/142/140
s 7
f 121/122/120 128/126/124 127/125/123
f 121/122/120 127/125/123 122/123/121
s 6
f 108/107/106 107/106/105 102/103/102
f 101/102/101 108/107/106 102/103/102
s 5
f 81/81/80 88/86/85 87/85/84
f 81/81/80 87/85/84 82/82/81
s 16
f 331/301/297 481/302/298 332/303/299
f 323/304/300 482/305/301 324/306/302
f 315/307/303 483/308/304 316/309/305
f 307/310/306 484/311/307 308/312/308
f 419/313/309 485/314/310 420/315/311
f 411/316/312 486/317/313 412/318/314
f 403/319/315 487/320/316 404/321/317
f 395/322/318 488/323/319 396/324/320
f 387/325/321 489/326/322 388/327/323
f 379/328/324 490/329/325 380/330/326
f 371/331/327 491/332/328 372/333/329
f 363/334/330 492/335/331 364/336/332
f 355/337/333 493/338/334 356/339/335
f 347/340/336 494/341/337 348/342/338
f 339/343/339 495/344/340 340/345/341
f 496/346/342 338/347/343 337/348/344
f 497/349/345 346/350/346 345/351/347
f 498/352/348 354/353/349 353/354/350
f 499/355/351 362/356/352 361/357/353
f 500/358/354 370/359/355 369/360/356
f 501/361/357 378/362/358 377/363/359
f 502/364/360 386/365/361 385/366/362
f 503/367/363 394/368/364 393/369/365
f 504/370/366 402/371/367 401/372/368
f 505/373/369 410/374/370 409/375/371
f 506/376/372 418/377/373 417/378/374
f 507/379/375 306/380/376 305/381/377
f 508/382/378 314/383/379 313/384/380
f 509/385/381 322/386/382 321/387/383
f 510/388/384 330/389/385 329/390/386
s 17
f 511/391/387 512/392/388 513/393/389
f 513/393/389 512/392/388 514/394/390
f 514/394/390 512/392/388 515/395/391
f 515/395/391 512/392/388 516/396/392
f 516/396/392 512/392/388 517/397/393
f 517/397/393 512/392/388 518/398/394
f 518/398/394 512/392/388 519/399/395
f 519/399/395 512/392/388 520/400/396
f 520/400/396 512/392/388 521/401/397
f 521/401/397 512/392/388 522/402/398
f 522/402/398 512/392/388 523/403/399
f 523/403/399 512/392/388 524/404/400
f 524/404/400 512/392/388 525/405/401
f 525/405/401 512/392/388 526/406/402
f 526/406/402 512/392/388 527/407/403
f 527/407/403 512/392/388 528/408/404
f 528/408/404 512/392/388 529/409/405
f 529/409/405 512/392/388 530/410/406
f 530/410/406 512/392/388 531/411/407
f 531/411/407 512/392/388 532/412/408
f 532/412/408 512/392/388 533/413/409
f 533/413/409 512/392/388 534/414/410
f 534/414/410 512/392/388 535/415/411
f 535/415/411 512/392/388 536/416/412
f 536/416/412 512/392/388 537/417/413
f 537/417/413 512/392/388 538/418/414
f 538/418/414 512/392/388 539/419/415
f 539/419/415 512/392/388 540/420/416
f 540/420/416 512/392/388 541/421/417
f 541/421/417 512/392/388 511/391/387
f 511/391/387 543/422/418 542/423/419
f 542/423/419 541/421/417 511/391/387
f 541/421/417 542/423/419 544/424/416
f 544/424/416 540/420/416 541/421/417
f 544/424/416 545/425/420 539/419/415
f 539/419/415 540/420/416 544/424/416
f 539/419/415 545/425/420 546/426/421
f 546/426/421 538/418/414 539/419/415
f 546/426/421 547/427/422 537/417/413
f 537/417/413 538/418/414 546/426/421
f 547/427/422 548/428/423 536/416/412
f 536/416/412 537/417/413 547/427/422
f 548/428/423 549/429/424 535/415/411
f 535/415/411 536/416/412 548/428/423
f 535/415/411 549/429/424 550/430/425
f 550/430/425 534/414/410 535/415/411
f 534/414/410 550/430/425 551/431/426
f 551/431/426 533/413/409 534/414/410
f 533/413/409 551/431/426 552/432/427
f 552/432/427 532/412/408 533/413/409
f 552/432/427 553/433/428 531/411/407
f 531/411/407 532/412/408 552/432/427
f 553/433/428 554/434/429 530/410/406
f 530/410/406 531/411/407 553/433/428
f 554/434/429 555/435/430 529/409/405
f 529/409/405 530/410/406 554/434/429
f 555/435/430 556/436/431 528/408/404
f 528/408/404 529/409/405 555/435/430
f 556/436/431 557/437/432 527/407/403
f 527/407/403 528/408/404 556/436/431
f 557/437/432 558/438/433 526/406/402
f 526/406/402 527/407/403 557/437/432
f 558/438/433 559/439/434 525/405/401
f 525/405/401 526/406/402 558/438/433
f 559/439/434 560/440/435 524/404/400
f 524/404/400 525/405/401 559/439/434
f 524/404/400 560/440/435 561/441/436
f 561/441/436 523/403/399 524/404/400
f 523/403/399 561/441/436 562/442/437
f 562/442/437 522/402/398 523/403/399
f 562/442/437 563/443/438 521/401/397
f 521/401/397 522/402/398 562/442/437
f 563/443/438 564/444/439 520/400/396
f 520/400/396 521/401/397 563/443/438
f 564/444/439 565/445/440 519/399/395
f 519/399/395 520/400/396 564/444/439
f 519/399/395 565/445/440 566/446/441
f 566/446/441 518/398/394 519/399/395
f 566/446/441 567/447/442 517/397/393
f 517/397/393 518/398/394 566/446/441
f 517/397/393 567/447/442 568/448/443
f 568/448/443 516/396/392 517/397/393
f 568/448/443 569/449/444 515/395/391
f 515/395/391 516/396/392 568/448/443
f 515/395/391 569/449/444 570/450/445
f 570/450/445 514/394/390 515/395/391
f 514/394/390 570/450/445 571/451/446
f 571/451/446 513/393/389 514/394/390
f 571/451/446 543/422/418 511/391/387
f 511/391/387 513/393/389 571/451/446
f 573/452/447 572/453/448 543/422/418
f 543/422/418 571/451/446 573/452/447
f 574/454/449 573/452/447 571/451/446
f 571/451/446 570/450/445 574/454/449
f 575/455/450 574/454/449 570/450/445
f 570/450/445 569/449/444 575/455/450
f 568/448/443 576/456/451 575/455/450
f 575/455/450 569/449/444 568/448/443
f 567/447/442 577/457/452 576/456/451
f 576/456/451 568/448/443 567/447/442
f 578/458/453 577/457/452 567/447/442
f 567/447/442 566/446/441 578/458/453
f 579/459/454 578/458/453 566/446/441
f 566/446/441 565/445/440 579/459/454
f 564/444/439 580/460/455 579/459/454
f 579/459/454 565/445/440 564/444/439
f 563/443/438 581/461/456 580/460/455
f 580/460/455 564/444/439 563/443/438
f 582/462/457 581/461/456 563/443/438
f 563/443/438 562/442/437 582/462/457
f 561/441/436 583/463/458 582/462/457
f 582/462/457 562/442/437 561/441/436
f 560/440/435 584/464/459 583/463/458
f 583/463/458 561/441/436 560/440/435
f 585/465/460 584/464/459 560/440/435
f 560/440/435 559/439/434 585/465/460
f 586/466/461 585/465/460 559/439/434
f 559/439/434 558/438/433 586/466/461
f 587/467/462 586/466/461 558/438/433
f 558/438/433 557/437/432 587/467/462
f 556/436/431 588/468/463 587/467/462
f 587/467/462 557/437/432 556/436/431
f 555/435/430 589/469/464 588/468/463
f 588/468/463 556/436/431 555/435/430
f 554/434/429 590/470/465 589/469/464
f 589/469/464 555/435/430 554/434/429
f 591/471/466 590/470/465 554/434/429
f 554/434/429 553/433/428 591/471/466
f 592/472/467 591/471/466 553/433/428
f 553/433/428 552/432/427 592/472/467
f 551/431/426 593/473/468 592/472/467
f 592/472/467 552/432/427 551/431/426
f 594/474/469 593/473/468 551/431/426
f 551/431/426 550/430/425 594/474/469
f 595/475/470 594/474/469 550/430/425
f 550/430/425 549/429/424 595/475/470
f 548/428/423 596/476/471 595/475/470
f 595/475/470 549/429/424 548/428/423
f 547/427/422 597/477/472 596/476/471
f 596/476/471 548/428/423 547/427/422
f 598/478/473 597/477/472 547/427/422
f 547/427/422 546/426/421 598/478/473
f 545/425/420 599/479/474 598/478/473
f 598/478/473 546/426/421 545/425/420
f 544/424/416 600/480/475 599/479/474
f 599/479/474 545/425/420 544/424/416
f 601/481/476 600/480/475 544/424/416
f 544/424/416 542/423/419 601/481/476
f 572/453/448 601/481/476 542/423/419
f 542/423/419 543/422/418 572/453/448
f 603/482/477 604/483/478 605/484/479
f 602/485/480 603/482/477 605/484/479
f 605/484/479 604/483/478 606/486/481
f 605/484/479 606/486/481 607/487/482
f 606/486/481 608/488/483 609/489/484
f 607/487/482 606/486/481 609/489/484
f 608/488/483 610/490/485 611/491/486
f 609/489/484 608/488/483 611/491/486
f 610/490/485 612/492/487 613/493/488
f 611/491/486 610/490/485 613/493/488
f 612/492/487 614/494/489 615/495/490
f 613/493/488 612/492/487 615/495/490
f 614/494/489 616/496/491 617/497/492
f 615/495/490 614/494/489 617/497/492
f 617/497/492 616/496/491 618/498/493
f 617/497/492 618/498/493 619/499/494
f 619/499/494 618/498/493 620/500/495
f 619/499/494 620/500/495 621/501/496
f 621/501/496 620/500/495 622/502/497
f 621/501/496 622/502/497 623/503/498
f 623/503/498 622/502/497 624/504/499
f 623/503/498 624/504/499 625/505/500
f 625/505/500 624/504/499 626/506/501
f 625/505/500 626/506/501 627/507/502
f 627/507/502 626/506/501 628/508/503
f 627/507/502 628/508/503 629/509/504
f 629/509/504 628/508/503 630/510/505
f 629/509/504 630/510/505 631/511/506
f 631/511/506 630/510/505 632/512/507
f 631/511/506 632/512/507 633/513/508
f 633/513/508 632/512/507 634/514/509
f 633/513/508 634/514/509 635/515/510
f 634/514/509 636/516/511 637/517/512
f 635/515/510 634/514/509 637/517/512
f 636/516/511 638/518/513 639/519/514
f 637/517/512 636/516/511 639/519/514
f 638/518/513 640/520/515 641/521/516
f 639/519/514 638/518/513 641/521/516
f 640/520/515 642/522/517 643/523/518
f 641/521/516 640/520/515 643/523/518
f 642/522/517 644/524/519 645/525/520
f 643/523/518 642/522/517 645/525/520
f 645/525/520 644/524/519 646/526/521
f 645/525/520 646/526/521 647/527/522
f 646/526/521 648/528/523 649/529/524
f 647/527/522 646/526/521 649/529/524
f 649/529/524 648/528/523 650/530/525
f 649/529/524 650/530/525 651/531/526
f 651/531/526 650/530/525 652/532/527
f 651/531/526 652/532/527 653/533/528
f 653/533/528 652/532/527 654/534/529
f 653/533/528 654/534/529 655/535/530
f 655/535/530 654/534/529 656/536/531
f 655/535/530 656/536/531 657/537/532
f 657/537/532 656/536/531 658/538/533
f 657/537/532 658/538/533 659/539/534
f 659/539/534 658/538/533 660/540/535
f 659/539/534 660/540/535 661/541/536
f 661/541/536 660/540/535 603/482/477
f 661/541/536 603/482/477 602/485/480
f 603/482/477 660/540/535 601/481/476
f 601/481/476 572/453/448 603/482/477
f 660/540/535 658/538/533 600/480/475
f 600/480/475 601/481/476 660/540/535
f 600/480/475 658/538/533 656/536/531
f 656/536/531 599/479/474 600/480/475
f 599/479/474 656/536/531 654/534/529
f 654/534/529 598/478/473 599/479/474
f 598/478/473 654/534/529 652/532/527
f 652/532/527 597/477/472 598/478/473
f 652/532/527 650/530/525 596/476/471
f 596/476/471 597/477/472 652/532/527
f 596/476/471 650/530/525 648/528/523
f 648/528/523 595/475/470 596/476/471
f 648/528/523 646/526/521 594/474/469
f 594/474/469 595/475/470 648/528/523
f 646/526/521 644/524/519 593/473/468
f 593/473/468 594/474/469 646/526/521
f 593/473/468 644/524/519 642/522/517
f 642/522/517 592/472/467 593/473/468
f 642/522/517 640/520/515 591/471/466
f 591/471/466 592/472/467 642/522/517
f 591/471/466 640/520/515 638/518/513
f 638/518/513 590/470/465 591/471/466
f 590/470/465 638/518/513 636/516/511
f 636/516/511 589/469/464 590/470/465
f 636/516/511 634/514/509 588/468/463
f 588/468/463 589/469/464 636/516/511
f 588/468/463 634/514/509 632/512/507
f 632/512/507 587/467/462 588/468/463
f 632/512/507 630/510/505 586/466/461
f 586/466/461 587/467/462 632/512/507
f 586/466/461 630/510/505 628/508/503
f 628/508/503 585/465/460 586/466/461
f 628/508/503 626/506/501 584/464/459
f 584/464/459 585/465/460 628/508/503
f 626/506/501 624/504/499 583/463/458
f 583/463/458 584/464/459 626/506/501
f 583/463/458 624/504/499 622/502/497
f 622/502/497 582/462/457 583/463/458
f 622/502/497 620/500/495 581/461/456
f 581/461/456 582/462/457 622/502/497
f 581/461/456 620/500/495 618/498/493
f 618/498/493 580/460/455 581/461/456
f 580/460/455 618/498/493 616/496/491
f 616/496/491 579/459/454 580/460/455
f 616/496/491 614/494/489 578/458/453
f 578/458/453 579/459/454 616/496/491
f 614/494/489 612/492/487 577/457/452
f 577/457/452 578/458/453 614/494/489
f 577/457/452 612/492/487 610/490/485
f 610/490/485 576/456/451 577/457/452
f 610/490/485 608/488/483 575/455/450
f 575/455/450 576/456/451 610/490/485
f 608/488/483 606/486/481 574/454/449
f 574/454/449 575/455/450 608/488/483
f 574/454/449 606/486/481 604/483/478
f 604/483/478 573/452/447 574/454/449
f 573/452/447 604/483/478 603/482/477
f 603/482/477 572/453/448 573/452/447
f 663/542/537 662/543/538 661/541/536
f 661/541/536 602/485/480 663/542/537
f 662/543/538 664/544/539 659/539/534
f 659/539/534 661/541/536 662/543/538
f 664/544/539 665/545/540 657/537/532
f 657/537/532 659/539/534 664/544/539
f 665/545/540 666/546/541 655/535/530
f 655/535/530 657/537/532 665/545/540
f 655/535/530 666/546/541 667/547/542
f 667/547/542 653/533/528 655/535/530
f 667/547/542 668/548/543 651/531/526
f 651/531/526 653/533/528 667/547/542
f 668/548/543 669/549/544 649/529/524
f 649/529/524 651/531/526 668/548/543
f 649/529/524 669/549/544 670/550/545
f 670/550/545 647/527/522 649/529/524
f 647/527/522 670/550/545 671/551/546
f 671/551/546 645/525/520 647/527/522
f 671/551/546 672/552/547 643/523/518
f 643/523/518 645/525/520 671/551/546
f 643/523/518 672/552/547 673/553/548
f 673/553/548 641/521/516 643/523/518
f 641/521/516 673/553/548 674/554/549
f 674/554/549 639/519/514 641/521/516
f 639/519/514 674/554/549 675/555/550
f 675/555/550 637/517/512 639/519/514
f 637/517/512 675/555/550 676/556/551
f 676/556/551 635/515/510 637/517/512
f 676/556/551 677/557/552 633/513/508
f 633/513/508 635/515/510 676/556/551
f 677/557/552 678/558/553 631/511/506
f 631/511/506 633/513/508 677/557/552
f 678/558/553 679/559/554 629/509/504
f 629/509/504 631/511/506 678/558/553
f 679/559/554 680/560/555 627/507/502
f 627/507/502 629/509/504 679/559/554
f 680/560/555 681/561/556 625/505/500
f 625/505/500 627/507/502 680/560/555
f 681/561/556 682/562/557 623/503/498
f 623/503/498 625/505/500 681/561/556
f 623/503/498 682/562/557 683/563/558
f 683/563/558 621/501/496 623/503/498
f 683/563/558 684/564/559 619/499/494
f 619/499/494 621/501/496 683/563/558
f 684/564/559 685/565/560 617/497/492
f 617/497/492 619/499/494 684/564/559
f 617/497/492 685/565/560 686/566/561
f 686/566/561 615/495/490 617/497/492
f 686/566/561 687/567/562 613/493/488
f 613/493/488 615/495/490 686/566/561
f 687/567/562 688/568/563 611/491/486
f 611/491/486 613/493/488 687/567/562
f 611/491/486 688/568/563 689/569/564
f 689/569/564 609/489/484 611/491/486
f 609/489/484 689/569/564 690/570/565
f 690/570/565 607/487/482 609/489/484
f 607/487/482 690/570/565 691/571/566
f 691/571/566 605/484/479 607/487/482
f 605/484/479 691/571/566 663/542/537
f 663/542/537 602/485/480 605/484/479
s 18
f 692/572/567 693/573/568 694/574/569
f 692/572/567 694/574/569 695/575/570
f 697/576/571 696/577/572 663/542/573
f 663/542/573 691/571/574 697/576/571
f 695/575/570 694/574/569 698/578/575
f 695/575/570 698/578/575 699/579/576
f 690/570/577 700/580/578 697/576/571
f 697/576/571 691/571/574 690/570/577
f 699/579/576 698/578/575 701/581/579
f 699/579/576 701/581/579 702/582/580
f 703/583/581 700/580/578 690/570/577
f 690/570/577 689/569/582 703/583/581
f 702/582/580 701/581/579 704/584/583
f 702/582/580 704/584/583 705/585/584
f 688/568/585 706/586/586 703/583/581
f 703/583/581 689/569/582 688/568/585
f 704/584/583 707/587/587 708/588/588
f 705/585/584 704/584/583 708/588/588
f 687/567/589 709/589/590 706/586/586
f 706/586/586 688/568/585 687/567/589
f 708/588/588 707/587/587 710/590/591
f 708/588/588 710/590/591 711/591/592
f 712/592/593 709/589/590 687/567/589
f 687/567/589 686/566/594 712/592/593
f 710/590/591 713/593/595 714/594/596
f 711/591/592 710/590/591 714/594/596
f 685/565/597 715/595/598 712/592/593
f 712/592/593 686/566/594 685/565/597
f 714/594/596 713/593/595 716/596/599
f 714/594/596 716/596/599 717/597/600
f 684/564/601 718/598/602 715/595/598
f 715/595/598 685/565/597 684/564/601
f 716/596/599 719/599/603 720/600/604
f 717/597/600 716/596/599 720/600/604
f 721/601/605 718/598/602 684/564/601
f 684/564/601 683/563/606 721/601/605
f 720/600/604 719/599/603 722/602/607
f 720/600/604 722/602/607 723/603/608
f 724/604/609 721/601/605 683/563/606
f 683/563/606 682/562/610 724/604/609
f 723/603/608 722/602/607 725/605/611
f 723/603/608 725/605/611 726/606/612
f 727/607/613 724/604/609 682/562/610
f 682/562/610 681/561/614 727/607/613
f 725/605/611 728/608/615 729/609/616
f 726/606/612 725/605/611 729/609/616
f 730/610/617 727/607/613 681/561/614
f 681/561/614 680/560/618 730/610/617
f 729/609/616 728/608/615 731/611/619
f 729/609/616 731/611/619 732/612/620
f 733/613/621 730/610/617 680/560/618
f 680/560/618 679/559/622 733/613/621
f 732/612/620 731/611/619 734/614/623
f 732/612/620 734/614/623 735/615/624
f 678/558/625 736/616/626 733/613/621
f 733/613/621 679/559/622 678/558/625
f 734/614/623 737/617/627 738/618/628
f 735/615/624 734/614/623 738/618/628
f 739/619/629 736/616/626 678/558/625
f 678/558/625 677/557/630 739/619/629
f 738/618/628 737/617/627 740/620/631
f 738/618/628 740/620/631 741/621/632
f 676/556/633 742/622/634 739/619/629
f 739/619/629 677/557/630 676/556/633
f 740/620/631 743/623/635 744/624/636
f 741/621/632 740/620/631 744/624/636
f 745/625/637 742/622/634 676/556/633
f 676/556/633 675/555/638 745/625/637
f 743/623/635 746/626/639 747/627/640
f 744/624/636 743/623/635 747/627/640
f 674/554/641 748/628/642 745/625/637
f 745/625/637 675/555/638 674/554/641
f 747/627/640 746/626/639 749/629/643
f 747/627/640 749/629/643 750/630/644
f 673/553/645 751/631/646 748/628/642
f 748/628/642 674/554/641 673/553/645
f 749/629/643 752/632/647 753/633/648
f 750/630/644 749/629/643 753/633/648
f 672/552/649 754/634/650 751/631/646
f 751/631/646 673/553/645 672/552/649
f 752/632/647 755/635/651 756/636/652
f 753/633/648 752/632/647 756/636/652
f 671/551/653 757/637/654 754/634/650
f 754/634/650 672/552/649 671/551/653
f 756/636/652 755/635/651 758/638/655
f 756/636/652 758/638/655 759/639/656
f 670/550/657 760/640/658 757/637/654
f 757/637/654 671/551/653 670/550/657
f 759/639/656 758/638/655 761/641/659
f 759/639/656 761/641/659 762/642/660
f 763/643/661 760/640/658 670/550/657
f 670/550/657 669/549/662 763/643/661
f 761/641/659 764/644/663 765/645/664
f 762/642/660 761/641/659 765/645/664
f 766/646/665 763/643/661 669/549/662
f 669/549/662 668/548/666 766/646/665
f 764/644/663 767/647/667 768/648/668
f 765/645/664 764/644/663 768/648/668
f 667/547/669 769/649/670 766/646/665
f 766/646/665 668/548/666 667/547/669
f 768/648/668 767/647/667 770/650/671
f 768/648/668 770/650/671 771/651/672
f 772/652/673 769/649/670 667/547/669
f 667/547/669 666/546/674 772/652/673
f 770/650/671 773/653/675 774/654/676
f 771/651/672 770/650/671 774/654/676
f 665/545/677 775/655/678 772/652/673
f 772/652/673 666/546/674 665/545/677
f 774/654/676 773/653/675 776/656/679
f 774/654/676 776/656/679 777/657/680
f 664/544/681 778/658/682 775/655/678
f 775/655/678 665/545/677 664/544/681
f 776/656/679 779/659/683 780/660/684
f 777/657/680 776/656/679 780/660/684
f 781/661/685 778/658/682 664/544/681
f 664/544/681 662/543/686 781/661/685
f 779/659/683 693/573/568 692/572/567
f 780/660/684 779/659/683 692/572/567
f 663/542/573 696/577/572 781/661/685
f 781/661/685 662/543/686 663/542/573
f 781/661/685 696/577/572 693/573/568
f 779/659/683 781/661/685 693/573/568
f 776/656/679 778/658/682 781/661/685
f 776/656/679 781/661/685 779/659/683
f 773/653/675 775/655/678 778/658/682
f 773/653/675 778/658/682 776/656/679
f 772/652/673 775/655/678 773/653/675
f 770/650/671 772/652/673 773/653/675
f 767/647/667 769/649/670 772/652/673
f 767/647/667 772/652/673 770/650/671
f 764/644/663 766/646/665 769/649/670
f 764/644/663 769/649/670 767/647/667
f 761/641/659 763/643/661 766/646/665
f 761/641/659 766/646/665 764/644/663
f 760/640/658 763/643/661 761/641/659
f 758/638/655 760/640/658 761/641/659
f 757/637/654 760/640/658 758/638/655
f 755/635/651 757/637/654 758/638/655
f 754/634/650 757/637/654 755/635/651
f 752/632/647 754/634/650 755/635/651
f 749/629/643 751/631/646 754/634/650
f 749/629/643 754/634/650 752/632/647
f 746/626/639 748/628/642 751/631/646
f 746/626/639 751/631/646 749/629/643
f 743/623/635 745/625/637 748/628/642
f 743/623/635 748/628/642 746/626/639
f 740/620/631 742/622/634 745/625/637
f 740/620/631 745/625/637 743/623/635
f 739/619/629 742/622/634 740/620/631
f 737/617/627 739/619/629 740/620/631
f 734/614/623 736/616/626 739/619/629
f 734/614/623 739/619/629 737/617/627
f 733/613/621 736/616/626 734/614/623
f 731/611/619 733/613/621 734/614/623
f 728/608/615 730/610/617 733/613/621
f 728/608/615 733/613/621 731/611/619
f 725/605/611 727/607/613 730/610/617
f 725/605/611 730/610/617 728/608/615
f 724/604/609 727/607/613 725/605/611
f 722/602/607 724/604/609 725/605/611
f 719/599/603 721/601/605 724/604/609
f 719/599/603 724/604/609 722/602/607
f 716/596/599 718/598/602 721/601/605
f 716/596/599 721/601/605 719/599/603
f 713/593/595 715/595/598 718/598/602
f 713/593/595 718/598/602 716/596/599
f 712/592/593 715/595/598 713/593/595
f 710/590/591 712/592/593 713/593/595
f 709/589/590 712/592/593 710/590/591
f 707/587/587 709/589/590 710/590/591
f 706/586/586 709/589/590 707/587/587
f 704/584/583 706/586/586 707/587/587
f 703/583/581 706/586/586 704/584/583
f 701/581/579 703/583/581 704/584/583
f 700/580/578 703/583/581 701/581/579
f 698/578/575 700/580/578 701/581/579
f 697/576/571 700/580/578 698/578/575
f 694/574/569 697/576/571 698/578/575
f 693/573/568 696/577/572 697/576/571
f 693/573/568 697/576/571 694/574/569
s 19
f 783/662/687 782/663/688 780/660/388
f 780/660/388 692/572/388 783/662/687
f 780/660/388 782/663/688 784/664/689
f 784/664/689 777/657/388 780/660/388
f 777/657/388 784/664/689 785/665/690
f 785/665/690 774/654/388 777/657/388
f 785/665/690 786/666/691 771/651/388
f 771/651/388 774/654/388 785/665/690
f 771/651/388 786/666/691 787/667/692
f 787/667/692 768/648/388 771/651/388
f 787/667/692 788/668/693 765/645/388
f 765/645/388 768/648/388 787/667/692
f 788/668/693 789/669/694 762/642/388
f 762/642/388 765/645/388 788/668/693
f 789/669/694 790/670/695 759/639/388
f 759/639/388 762/642/388 789/669/694
f 759/639/388 790/670/695 791/671/696
f 791/671/696 756/636/388 759/639/388
f 756/636/388 791/671/696 792/672/697
f 792/672/697 753/633/388 756/636/388
f 792/672/697 793/673/698 750/630/388
f 750/630/388 753/633/388 792/672/697
f 750/630/388 793/673/698 794/674/699
f 794/674/699 747/627/388 750/630/388
f 747/627/388 794/674/699 795/675/700
f 795/675/700 744/624/388 747/627/388
f 795/675/700 796/676/701 741/621/388
f 741/621/388 744/624/388 795/675/700
f 741/621/388 796/676/701 797/677/702
f 797/677/702 738/618/388 741/621/388
f 797/677/702 798/678/703 735/615/388
f 735/615/388 738/618/388 797/677/702
f 798/678/703 799/679/704 732/612/388
f 732/612/388 735/615/388 798/678/703
f 799/679/704 800/680/705 729/609/388
f 729/609/388 732/612/388 799/679/704
f 729/609/388 800/680/705 801/681/706
f 801/681/706 726/606/388 729/609/388
f 726/606/388 801/681/706 802/682/707
f 802/682/707 723/603/388 726/606/388
f 802/682/707 803/683/708 720/600/388
f 720/600/388 723/603/388 802/682/707
f 803/683/708 804/684/709 717/597/388
f 717/597/388 720/600/388 803/683/708
f 717/597/388 804/684/709 805/685/710
f 805/685/710 714/594/388 717/597/388
f 714/594/388 805/685/710 806/686/711
f 806/686/711 711/591/388 714/594/388
f 711/591/388 806/686/711 807/687/712
f 807/687/712 708/588/388 711/591/388
f 807/687/712 808/688/713 705/585/388
f 705/585/388 708/588/388 807/687/712
f 808/688/713 809/689/714 702/582/388
f 702/582/388 705/585/388 808/688/713
f 809/689/714 810/690/715 699/579/388
f 699/579/388 702/582/388 809/689/714
f 810/690/715 811/691/716 695/575/388
f 695/575/388 699/579/388 810/690/715
f 695/575/388 811/691/716 783/662/687
f 783/662/687 692/572/388 695/575/388
f 813/692/717 450/693/718 422/694/719
f 422/694/719 812/695/720 813/692/717
f 811/691/716 815/696/721 814/697/722
f 814/697/722 783/662/687 811/691/716
f 816/698/723 449/699/724 450/693/718
f 450/693/718 813/692/717 816/698/723
f 810/690/715 817/700/725 815/696/721
f 815/696/721 811/691/716 810/690/715
f 448/701/726 449/699/724 816/698/723
f 816/698/723 818/702/727 448/701/726
f 819/703/728 817/700/725 810/690/715
f 810/690/715 809/689/714 819/703/728
f 447/704/729 448/701/726 818/702/727
f 818/702/727 820/705/730 447/704/729
f 808/688/713 821/706/731 819/703/728
f 819/703/728 809/689/714 808/688/713
f 446/707/732 447/704/729 820/705/730
f 820/705/730 822/708/733 446/707/732
f 823/709/734 821/706/731 808/688/713
f 808/688/713 807/687/712 823/709/734
f 445/710/735 446/707/732 822/708/733
f 822/708/733 824/711/736 445/710/735
f 825/712/737 823/709/734 807/687/712
f 807/687/712 806/686/711 825/712/737
f 444/713/738 445/710/735 824/711/736
f 824/711/736 826/714/739 444/713/738
f 827/715/740 825/712/737 806/686/711
f 806/686/711 805/685/710 827/715/740
f 443/716/741 444/713/738 826/714/739
f 826/714/739 828/717/742 443/716/741
f 829/718/743 827/715/740 805/685/710
f 805/685/710 804/684/709 829/718/743
f 442/719/744 443/716/741 828/717/742
f 828/717/742 830/720/745 442/719/744
f 831/721/746 829/718/743 804/684/709
f 804/684/709 803/683/708 831/721/746
f 441/722/747 442/719/744 830/720/745
f 830/720/745 832/723/748 441/722/747
f 833/724/749 831/721/746 803/683/708
f 803/683/708 802/682/707 833/724/749
f 440/725/750 441/722/747 832/723/748
f 832/723/748 834/726/751 440/725/750
f 835/727/752 833/724/749 802/682/707
f 802/682/707 801/681/706 835/727/752
f 836/728/753 439/729/754 440/725/750
f 440/725/750 834/726/751 836/728/753
f 837/730/755 835/727/752 801/681/706
f 801/681/706 800/680/705 837/730/755
f 838/731/756 438/732/757 439/729/754
f 439/729/754 836/728/753 838/731/756
f 799/679/704 839/733/758 837/730/755
f 837/730/755 800/680/705 799/679/704
f 437/734/759 438/732/757 838/731/756
f 838/731/756 840/735/760 437/734/759
f 798/678/703 841/736/761 839/733/758
f 839/733/758 799/679/704 798/678/703
f 436/737/762 437/734/759 840/735/760
f 840/735/760 842/738/763 436/737/762
f 843/739/764 841/736/761 798/678/703
f 798/678/703 797/677/702 843/739/764
f 844/740/765 435/741/766 436/737/762
f 436/737/762 842/738/763 844/740/765
f 796/676/701 845/742/767 843/739/764
f 843/739/764 797/677/702 796/676/701
f 846/743/768 434/744/769 435/741/766
f 435/741/766 844/740/765 846/743/768
f 847/745/770 845/742/767 796/676/701
f 796/676/701 795/675/700 847/745/770
f 433/746/771 434/744/769 846/743/768
f 846/743/768 848/747/772 433/746/771
f 794/674/699 849/748/773 847/745/770
f 847/745/770 795/675/700 794/674/699
f 850/749/774 432/750/775 433/746/771
f 433/746/771 848/747/772 850/749/774
f 793/673/698 851/751/776 849/748/773
f 849/748/773 794/674/699 793/673/698
f 852/752/777 431/753/778 432/750/775
f 432/750/775 850/749/774 852/752/777
f 792/672/697 853/754/779 851/751/776
f 851/751/776 793/673/698 792/672/697
f 854/755/780 430/756/781 431/753/778
f 431/753/778 852/752/777 854/755/780
f 791/671/696 855/757/782 853/754/779
f 853/754/779 792/672/697 791/671/696
f 856/758/783 429/759/784 430/756/781
f 430/756/781 854/755/780 856/758/783
f 790/670/695 857/760/785 855/757/782
f 855/757/782 791/671/696 790/670/695
f 858/761/786 428/762/787 429/759/784
f 429/759/784 856/758/783 858/761/786
f 789/669/694 859/763/788 857/760/785
f 857/760/785 790/670/695 789/669/694
f 860/764/789 427/765/790 428/762/787
f 428/762/787 858/761/786 860/764/789
f 788/668/693 861/766/791 859/763/788
f 859/763/788 789/669/694 788/668/693
f 862/767/792 426/768/793 427/765/790
f 427/765/790 860/764/789 862/767/792
f 787/667/692 863/769/794 861/766/791
f 861/766/791 788/668/693 787/667/692
f 864/770/795 425/771/796 426/768/793
f 426/768/793 862/767/792 864/770/795
f 786/666/691 865/772/797 863/769/794
f 863/769/794 787/667/692 786/666/691
f 424/773/798 425/771/796 864/770/795
f 864/770/795 866/774/799 424/773/798
f 867/775/800 865/772/797 786/666/691
f 786/666/691 785/665/690 867/775/800
f 868/776/801 423/777/802 424/773/798
f 424/773/798 866/774/799 868/776/801
f 784/664/689 869/778/803 867/775/800
f 867/775/800 785/665/690 784/664/689
f 870/779/804 421/780/805 423/777/802
f 423/777/802 868/776/801 870/779/804
f 871/781/806 869/778/803 784/664/689
f 784/664/689 782/663/688 871/781/806
f 422/694/719 421/780/805 870/779/804
f 870/779/804 812/695/720 422/694/719
f 814/697/722 871/781/806 782/663/688
f 782/663/688 783/662/687 814/697/722
f 812/695/720 870/779/804 871/781/806
f 871/781/806 814/697/722 812/695/720
f 870/779/804 868/776/801 869/778/803
f 869/778/803 871/781/806 870/779/804
f 869/778/803 868/776/801 866/774/799
f 866/774/799 867/775/800 869/778/803
f 866/774/799 864/770/795 865/772/797
f 865/772/797 867/775/800 866/774/799
f 864/770/795 862/767/792 863/769/794
f 863/769/794 865/772/797 864/770/795
f 862/767/792 860/764/789 861/766/791
f 861/766/791 863/769/794 862/767/792
f 860/764/789 858/761/786 859/763/788
f 859/763/788 861/766/791 860/764/789
f 858/761/786 856/758/783 857/760/785
f 857/760/785 859/763/788 858/761/786
f 856/758/783 854/755/780 855/757/782
f 855/757/782 857/760/785 856/758/783
f 854/755/780 852/752/777 853/754/779
f 853/754/779 855/757/782 854/755/780
f 853/754/779 852/752/777 850/749/774
f 850/749/774 851/751/776 853/754/779
f 850/749/774 848/747/772 849/748/773
f 849/748/773 851/751/776 850/749/774
f 848/747/772 846/743/768 847/745/770
f 847/745/770 849/748/773 848/747/772
f 846/743/768 844/740/765 845/742/767
f 845/742/767 847/745/770 846/743/768
f 845/742/767 844/740/765 842/738/763
f 842/738/763 843/739/764 845/742/767
f 842/738/763 840/735/760 841/736/761
f 841/736/761 843/739/764 842/738/763
f 841/736/761 840/735/760 838/731/756
f 838/731/756 839/733/758 841/736/761
f 838/731/756 836/728/753 837/730/755
f 837/730/755 839/733/758 838/731/756
f 837/730/755 836/728/753 834/726/751
f 834/726/751 835/727/752 837/730/755
f 834/726/751 832/723/748 833/724/749
f 833/724/749 835/727/752 834/726/751
f 833/724/749 832/723/748 830/720/745
f 830/720/745 831/721/746 833/724/749
f 831/721/746 830/720/745 828/717/742
f 828/717/742 829/718/743 831/721/746
f 829/718/743 828/717/742 826/714/739
f 826/714/739 827/715/740 829/718/743
f 827/715/740 826/714/739 824/711/736
f 824/711/736 825/712/737 827/715/740
f 825/712/737 824/711/736 822/708/733
f 822/708/733 823/709/734 825/712/737
f 823/709/734 822/708/733 820/705/730
f 820/705/730 821/706/731 823/709/734
f 821/706/731 820/705/730 818/702/727
f 818/702/727 819/703/728 821/706/731
f 818/702/727 816/698/723 817/700/725
f 817/700/725 819/703/728 818/702/727
f 817/700/725 816/698/723 813/692/717
f 813/692/717 815/696/721 817/700/725
f 815/696/721 813/692/717 812/695/720
f 812/695/720 814/697/722 815/696/721
s 16
f 872/782/807 873/783/808 874/784/809
f 872/782/807 874/784/809 875/785/810
f 877/786/811 878/787/812 879/788/813
f 876/789/814 877/786/811 879/788/813
f 452/790/815 480/791/816 881/792/817
f 880/793/818 452/790/815 881/792/817
f 875/785/810 874/784/809 882/794/819
f 875/785/810 882/794/819 883/795/820
f 878/787/812 884/796/821 885/797/822
f 879/788/813 878/787/812 885/797/822
f 480/791/816 479/798/823 886/799/824
f 881/792/817 480/791/816 886/799/824
f 882/794/819 887/800/825 888/801/826
f 883/795/820 882/794/819 888/801/826
f 884/796/821 889/802/827 890/803/828
f 885/797/822 884/796/821 890/803/828
f 479/798/823 478/804/829 891/805/830
f 886/799/824 479/798/823 891/805/830
f 888/801/826 887/800/825 892/806/831
f 888/801/826 892/806/831 893/807/832
f 890/803/828 889/802/827 894/808/833
f 890/803/828 894/808/833 895/809/834
f 478/804/829 477/810/835 896/811/836
f 891/805/830 478/804/829 896/811/836
f 893/807/832 892/806/831 897/812/837
f 893/807/832 897/812/837 898/813/838
f 894/808/833 899/814/839 900/815/840
f 895/809/834 894/808/833 900/815/840
f 477/810/835 476/816/841 901/817/842
f 896/811/836 477/810/835 901/817/842
f 898/813/838 897/812/837 902/818/843
f 898/813/838 902/818/843 903/819/844
f 899/814/839 904/820/845 905/821/846
f 900/815/840 899/814/839 905/821/846
f 476/816/841 475/822/847 906/823/848
f 901/817/842 476/816/841 906/823/848
f 903/819/844 902/818/843 907/824/849
f 903/819/844 907/824/849 908/825/850
f 905/821/846 904/820/845 909/826/851
f 905/821/846 909/826/851 910/827/852
f 475/822/847 474/828/853 911/829/854
f 906/823/848 475/822/847 911/829/854
f 908/825/850 907/824/849 912/830/855
f 908/825/850 912/830/855 913/831/856
f 910/827/852 909/826/851 914/832/857
f 910/827/852 914/832/857 915/833/858
f 474/828/853 473/834/859 916/835/860
f 911/829/854 474/828/853 916/835/860
f 913/831/856 912/830/855 917/836/861
f 913/831/856 917/836/861 918/837/862
f 915/833/858 914/832/857 919/838/863
f 915/833/858 919/838/863 920/839/864
f 916/835/860 473/834/859 472/840/865
f 916/835/860 472/840/865 921/841/866
f 917/836/861 922/842/867 923/843/868
f 918/837/862 917/836/861 923/843/868
f 920/839/864 919/838/863 924/844/869
f 920/839/864 924/844/869 925/845/870
f 921/841/866 472/840/865 471/846/871
f 921/841/866 471/846/871 926/847/872
f 922/842/867 927/848/873 928/849/874
f 923/843/868 922/842/867 928/849/874
f 924/844/869 929/850/875 930/851/876
f 925/845/870 924/844/869 930/851/876
f 471/846/871 470/852/877 931/853/878
f 926/847/872 471/846/871 931/853/878
f 927/848/873 932/854/879 933/855/880
f 928/849/874 927/848/873 933/855/880
f 929/850/875 934/856/881 935/857/882
f 930/851/876 929/850/875 935/857/882
f 470/852/877 469/858/883 936/859/884
f 931/853/878 470/852/877 936/859/884
f 933/855/880 932/854/879 937/860/885
f 933/855/880 937/860/885 938/861/886
f 935/857/882 934/856/881 939/862/887
f 935/857/882 939/862/887 940/863/888
f 936/859/884 469/858/883 468/864/889
f 936/859/884 468/864/889 941/865/890
f 937/860/885 942/866/891 943/867/892
f 938/861/886 937/860/885 943/867/892
f 940/863/888 939/862/887 944/868/893
f 940/863/888 944/868/893 945/869/894
f 941/865/890 468/864/889 467/870/895
f 941/865/890 467/870/895 946/871/896
f 942/866/891 947/872/897 948/873/898
f 943/867/892 942/866/891 948/873/898
f 945/869/894 944/868/893 949/874/899
f 945/869/894 949/874/899 950/875/900
f 946/871/896 467/870/895 466/876/901
f 946/871/896 466/876/901 951/877/902
f 948/873/898 947/872/897 952/878/903
f 948/873/898 952/878/903 953/879/904
f 949/874/899 954/880/905 955/881/906
f 950/875/900 949/874/899 955/881/906
f 951/877/902 466/876/901 465/882/907
f 951/877/902 465/882/907 956/883/908
f 953/879/904 952/878/903 957/884/909
f 953/879/904 957/884/909 958/885/910
f 955/881/906 954/880/905 959/886/911
f 955/881/906 959/886/911 960/887/912
f 465/882/907 464/888/913 961/889/914
f 956/883/908 465/882/907 961/889/914
f 958/885/910 957/884/909 962/890/915
f 958/885/910 962/890/915 963/891/916
f 959/886/911 964/892/917 965/893/918
f 960/887/912 959/886/911 965/893/918
f 464/888/913 463/894/919 966/895/920
f 961/889/914 464/888/913 966/895/920
f 963/891/916 962/890/915 967/896/921
f 963/891/916 967/896/921 968/897/922
f 965/893/918 964/892/917 969/898/923
f 965/893/918 969/898/923 970/899/924
f 966/895/920 463/894/919 462/900/925
f 966/895/920 462/900/925 971/901/926
f 968/897/922 967/896/921 972/902/927
f 968/897/922 972/902/927 973/903/928
f 970/899/924 969/898/923 974/904/929
f 970/899/924 974/904/929 975/905/930
f 971/901/926 462/900/925 461/906/931
f 971/901/926 461/906/931 976/907/932
f 973/903/928 972/902/927 977/908/933
f 973/903/928 977/908/933 978/909/934
f 974/904/929 979/910/935 980/911/936
f 975/905/930 974/904/929 980/911/936
f 461/906/931 460/912/937 981/913/938
f 976/907/932 461/906/931 981/913/938
f 977/908/933 982/914/939 983/915/940
f 978/909/934 977/908/933 983/915/940
f 979/910/935 984/916/941 985/917/942
f 980/911/936 979/910/935 985/917/942
f 460/912/937 459/918/943 986/919/944
f 981/913/938 460/912/937 986/919/944
f 982/914/939 987/920/945 988/921/946
f 983/915/940 982/914/939 988/921/946
f 984/916/941 989/922/947 990/923/948
f 985/917/942 984/916/941 990/923/948
f 986/919/944 459/918/943 458/924/949
f 986/919/944 458/924/949 991/925/950
f 987/920/945 992/926/951 993/927/952
f 988/921/946 987/920/945 993/927/952
f 989/922/947 994/928/953 995/929/954
f 990/923/948 989/922/947 995/929/954
f 991/925/950 458/924/949 457/930/955
f 991/925/950 457/930/955 996/931/956
f 992/926/951 997/932/957 998/933/958
f 993/927/952 992/926/951 998/933/958
f 995/929/954 994/928/953 999/934/959
f 995/929/954 999/934/959 1000/935/960
f 996/931/956 457/930/955 456/936/961
f 996/931/956 456/936/961 1001/937/962
f 997/932/957 1002/938/963 1003/939/964
f 998/933/958 997/932/957 1003/939/964
f 1000/935/960 999/934/959 1004/940/965
f 1000/935/960 1004/940/965 1005/941/966
f 1001/937/962 456/936/961 455/942/967
f 1001/937/962 455/942/967 1006/943/968
f 1002/938/963 1007/944/969 1008/945/970
f 1003/939/964 1002/938/963 1008/945/970
f 1004/940/965 1009/946/971 1010/947/972
f 1005/941/966 1004/940/965 1010/947/972
f 1006/943/968 455/942/967 454/948/973
f 1006/943/968 454/948/973 1011/949/974
f 1007/944/969 1012/950/975 1013/951/976
f 1008/945/970 1007/944/969 1013/951/976
f 1010/947/972 1009/946/971 1014/952/977
f 1010/947/972 1014/952/977 1015/953/978
f 1011/949/974 454/948/973 453/954/979
f 1011/949/974 453/954/979 1016/955/980
f 1012/950/975 1017/956/981 1018/957/982
f 1013/951/976 1012/950/975 1018/957/982
f 1015/953/978 1014/952/977 1019/958/983
f 1015/953/978 1019/958/983 1020/959/984
f 1016/955/980 453/954/979 451/960/985
f 1016/955/980 451/960/985 1021/961/986
f 1017/956/981 873/783/808 872/782/807
f 1018/957/982 1017/956/981 872/782/807
f 1020/959/984 1019/958/983 877/786/811
f 1020/959/984 877/786/811 876/789/814
f 451/960/985 452/790/815 880/793/818
f 1021/961/986 451/960/985 880/793/818
f 1021/961/986 880/793/818 877/786/811
f 1019/958/983 1021/961/986 877/786/811
f 1020/959/984 876/789/814 873/783/808
f 1017/956/981 1020/959/984 873/783/808
f 1014/952/977 1016/955/980 1021/961/986
f 1014/952/977 1021/961/986 1019/958/983
f 1015/953/978 1020/959/984 1017/956/981
f 1012/950/975 1015/953/978 1017/956/981
f 1011/949/974 1016/955/980 1014/952/977
f 1009/946/971 1011/949/974 1014/952/977
f 1007/944/969 1010/947/972 1015/953/978
f 1007/944/969 1015/953/978 1012/950/975
f 1004/940/965 1006/943/968 1011/949/974
f 1004/940/965 1011/949/974 1009/946/971
f 1002/938/963 1005/941/966 1010/947/972
f 1002/938/963 1010/947/972 1007/944/969
f 1001/937/962 1006/943/968 1004/940/965
f 999/934/959 1001/937/962 1004/940/965
f 997/932/957 1000/935/960 1005/941/966
f 997/932/957 1005/941/966 1002/938/963
f 996/931/956 1001/937/962 999/934/959
f 994/928/953 996/931/956 999/934/959
f 992/926/951 995/929/954 1000/935/960
f 992/926/951 1000/935/960 997/932/957
f 991/925/950 996/931/956 994/928/953
f 989/922/947 991/925/950 994/928/953
f 987/920/945 990/923/948 995/929/954
f 987/920/945 995/929/954 992/926/951
f 984/916/941 986/919/944 991/925/950
f 984/916/941 991/925/950 989/922/947
f 982/914/939 985/917/942 990/923/948
f 982/914/939 990/923/948 987/920/945
f 979/910/935 981/913/938 986/919/944
f 979/910/935 986/919/944 984/916/941
f 977/908/933 980/911/936 985/917/942
f 977/908/933 985/917/942 982/914/939
f 976/907/932 981/913/938 979/910/935
f 974/904/929 976/907/932 979/910/935
f 972/902/927 975/905/930 980/911/936
f 972/902/927 980/911/936 977/908/933
f 971/901/926 976/907/932 974/904/929
f 969/898/923 971/901/926 974/904/929
f 967/896/921 970/899/924 975/905/930
f 967/896/921 975/905/930 972/902/927
f 966/895/920 971/901/926 969/898/923
f 964/892/917 966/895/920 969/898/923
f 962/890/915 965/893/918 970/899/924
f 962/890/915 970/899/924 967/896/921
f 961/889/914 966/895/920 964/892/917
f 959/886/911 961/889/914 964/892/917
f 957/884/909 960/887/912 965/893/918
f 957/884/909 965/893/918 962/890/915
f 954/880/905 956/883/908 961/889/914
f 954/880/905 961/889/914 959/886/911
f 955/881/906 960/887/912 957/884/909
f 952/878/903 955/881/906 957/884/909
f 949/874/899 951/877/902 956/883/908
f 949/874/899 956/883/908 954/880/905
f 947/872/897 950/875/900 955/881/906
f 947/872/897 955/881/906 952/878/903
f 946/871/896 951/877/902 949/874/899
f 944/868/893 946/871/896 949/874/899
f 945/869/894 950/875/900 947/872/897
f 942/866/891 945/869/894 947/872/897
f 941/865/890 946/871/896 944/868/893
f 939/862/887 941/865/890 944/868/893
f 940/863/888 945/869/894 942/866/891
f 937/860/885 940/863/888 942/866/891
f 934/856/881 936/859/884 941/865/890
f 934/856/881 941/865/890 939/862/887
f 935/857/882 940/863/888 937/860/885
f 932/854/879 935/857/882 937/860/885
f 929/850/875 931/853/878 936/859/884
f 929/850/875 936/859/884 934/856/881
f 930/851/876 935/857/882 932/854/879
f 927/848/873 930/851/876 932/854/879
f 924/844/869 926/847/872 931/853/878
f 924/844/869 931/853/878 929/850/875
f 925/845/870 930/851/876 927/848/873
f 922/842/867 925/845/870 927/848/873
f 919/838/863 921/841/866 926/847/872
f 919/838/863 926/847/872 924/844/869
f 920/839/864 925/845/870 922/842/867
f 917/836/861 920/839/864 922/842/867
f 916/835/860 921/841/866 919/838/863
f 914/832/857 916/835/860 919/838/863
f 915/833/858 920/839/864 917/836/861
f 912/830/855 915/833/858 917/836/861
f 911/829/854 916/835/860 914/832/857
f 909/826/851 911/829/854 914/832/857
f 910/827/852 915/833/858 912/830/855
f 907/824/849 910/827/852 912/830/855
f 904/820/845 906/823/848 911/829/854
f 904/820/845 911/829/854 909/826/851
f 905/821/846 910/827/852 907/824/849
f 902/818/843 905/821/846 907/824/849
f 899/814/839 901/817/842 906/823/848
f 899/814/839 906/823/848 904/820/845
f 900/815/840 905/821/846 902/818/843
f 897/812/837 900/815/840 902/818/843
f 894/808/833 896/811/836 901/817/842
f 894/808/833 901/817/842 899/814/839
f 895/809/834 900/815/840 897/812/837
f 892/806/831 895/809/834 897/812/837
f 891/805/830 896/811/836 894/808/833
f 889/802/827 891/805/830 894/808/833
f 890/803/828 895/809/834 892/806/831
f 887/800/825 890/803/828 892/806/831
f 884/796/821 886/799/824 891/805/830
f 884/796/821 891/805/830 889/802/827
f 885/797/822 890/803/828 887/800/825
f 882/794/819 885/797/822 887/800/825
f 881/792/817 886/799/824 884/796/821
f 878/787/812 881/792/817 884/796/821
f 874/784/809 879/788/813 885/797/822
f 874/784/809 885/797/822 882/794/819
f 877/786/811 880/793/818 881/792/817
f 877/786/811 881/792/817 878/787/812
f 873/783/808 876/789/814 879/788/813
f 873/783/808 879/788/813 874/784/809
f 484/311/307 507/379/375 305/381/377
f 305/381/377 308/312/308 484/311/307
f 306/380/376 507/379/375 1022/962/987
f 303/963/988 306/380/376 1022/962/987
f 1023/964/989 484/311/307 307/310/306
f 307/310/306 302/965/990 1023/964/989
f 1024/966/991 1025/967/992 1026/968/993
f 1024/966/991 1026/968/993 1027/969/994
f 1026/968/993 1028/970/995 1029/971/996
f 1027/969/994 1026/968/993 1029/971/996
f 1028/970/995 1030/972/997 1031/973/998
f 1029/971/996 1028/970/995 1031/973/998
f 1030/972/997 1032/974/999 1033/975/1000
f 1031/973/998 1030/972/997 1033/975/1000
f 1032/974/999 1034/976/1001 1035/977/1002
f 1033/975/1000 1032/974/999 1035/977/1002
f 1034/976/1001 1036/978/1003 1037/979/1004
f 1035/977/1002 1034/976/1001 1037/979/1004
f 1036/978/1003 1038/980/1005 1039/981/1006
f 1037/979/1004 1036/978/1003 1039/981/1006
f 1039/981/1006 1038/980/1005 1040/982/1007
f 1039/981/1006 1040/982/1007 1041/983/1008
f 1041/983/1008 1040/982/1007 1042/984/1009
f 1041/983/1008 1042/984/1009 1043/985/1010
f 1042/984/1009 1044/986/1011 1045/987/1012
f 1043/985/1010 1042/984/1009 1045/987/1012
f 1045/987/1012 1044/986/1011 1046/988/1013
f 1045/987/1012 1046/988/1013 1047/989/1014
f 1047/989/1014 1046/988/1013 1048/990/1015
f 1047/989/1014 1048/990/1015 1049/991/1016
f 1049/991/1016 1048/990/1015 1050/992/1017
f 1049/991/1016 1050/992/1017 1051/993/1018
f 1050/992/1017 1052/994/1019 1053/995/1020
f 1051/993/1018 1050/992/1017 1053/995/1020
f 1052/994/1019 1054/996/1021 1055/997/1022
f 1053/995/1020 1052/994/1019 1055/997/1022
f 1055/997/1022 1054/996/1021 1056/998/1023
f 1055/997/1022 1056/998/1023 1057/999/1024
f 1057/999/1024 1056/998/1023 1058/1000/1025
f 1057/999/1024 1058/1000/1025 1059/1001/1026
f 1058/1000/1025 1060/1002/1027 1061/1003/1028
f 1059/1001/1026 1058/1000/1025 1061/1003/1028
f 1060/1002/1027 1062/1004/1029 1063/1005/1030
f 1061/1003/1028 1060/1002/1027 1063/1005/1030
f 1062/1004/1029 1064/1006/1031 1065/1007/1032
f 1063/1005/1030 1062/1004/1029 1065/1007/1032
f 1065/1007/1032 1064/1006/1031 1066/1008/1033
f 1065/1007/1032 1066/1008/1033 1067/1009/1034
f 1067/1009/1034 1066/1008/1033 1068/1010/1035
f 1067/1009/1034 1068/1010/1035 1069/1011/1036
f 1068/1010/1035 1070/1012/1037 1071/1013/1038
f 1069/1011/1036 1068/1010/1035 1071/1013/1038
f 1071/1013/1038 1070/1012/1037 1072/1014/1039
f 1071/1013/1038 1072/1014/1039 1073/1015/1040
f 1072/1014/1039 1074/1016/1041 1075/1017/1042
f 1073/1015/1040 1072/1014/1039 1075/1017/1042
f 1075/1017/1042 1074/1016/1041 1076/1018/1043
f 1075/1017/1042 1076/1018/1043 1077/1019/1044
f 1077/1019/1044 1076/1018/1043 1078/1020/1045
f 1077/1019/1044 1078/1020/1045 1079/1021/1046
f 1079/1021/1046 1078/1020/1045 1080/1022/1047
f 1079/1021/1046 1080/1022/1047 1081/1023/1048
f 1080/1022/1047 1082/1024/1049 1083/1025/1050
f 1081/1023/1048 1080/1022/1047 1083/1025/1050
f 1082/1024/1049 1025/967/992 1024/966/991
f 1083/1025/1050 1082/1024/1049 1024/966/991
f 1084/1026/1051 1085/1027/1052 1086/1028/1053
f 1084/1026/1051 1086/1028/1053 1087/1029/1054
f 1087/1029/1054 1086/1028/1053 1088/1030/1055
f 1087/1029/1054 1088/1030/1055 1089/1031/1056
f 1089/1031/1056 1088/1030/1055 1090/1032/1057
f 1089/1031/1056 1090/1032/1057 1091/1033/1058
f 1091/1033/1058 1090/1032/1057 1092/1034/1059
f 1091/1033/1058 1092/1034/1059 1093/1035/1060
f 1092/1034/1059 1094/1036/1061 1095/1037/1062
f 1093/1035/1060 1092/1034/1059 1095/1037/1062
f 1094/1036/1061 1096/1038/1063 1097/1039/1064
f 1095/1037/1062 1094/1036/1061 1097/1039/1064
f 1097/1039/1064 1096/1038/1063 1098/1040/1065
f 1097/1039/1064 1098/1040/1065 1099/1041/1066
f 1098/1040/1065 1100/1042/1067 1101/1043/1068
f 1099/1041/1066 1098/1040/1065 1101/1043/1068
f 1100/1042/1067 1102/1044/1069 1103/1045/1070
f 1101/1043/1068 1100/1042/1067 1103/1045/1070
f 1103/1045/1070 1102/1044/1069 1104/1046/1071
f 1103/1045/1070 1104/1046/1071 1105/1047/1072
f 1104/1046/1071 1106/1048/1073 1107/1049/1074
f 1105/1047/1072 1104/1046/1071 1107/1049/1074
f 1106/1048/1073 1108/1050/1075 1109/1051/1076
f 1107/1049/1074 1106/1048/1073 1109/1051/1076
f 1109/1051/1076 1108/1050/1075 1110/1052/1077
f 1109/1051/1076 1110/1052/1077 1111/1053/1078
f 1110/1052/1077 1112/1054/1079 1113/1055/1080
f 1111/1053/1078 1110/1052/1077 1113/1055/1080
f 1113/1055/1080 1112/1054/1079 1114/1056/1081
f 1113/1055/1080 1114/1056/1081 1115/1057/1082
f 1114/1056/1081 1116/1058/1083 1117/1059/1084
f 1115/1057/1082 1114/1056/1081 1117/1059/1084
f 1117/1059/1084 1116/1058/1083 1118/1060/1085
f 1117/1059/1084 1118/1060/1085 1119/1061/1086
f 1118/1060/1085 1120/1062/1087 1121/1063/1088
f 1119/1061/1086 1118/1060/1085 1121/1063/1088
f 1121/1063/1088 1120/1062/1087 1122/1064/1089
f 1121/1063/1088 1122/1064/1089 1123/1065/1090
f 1123/1065/1090 1122/1064/1089 1124/1066/1091
f 1123/1065/1090 1124/1066/1091 1125/1067/1092
f 1124/1066/1091 1126/1068/1093 1127/1069/1094
f 1125/1067/1092 1124/1066/1091 1127/1069/1094
f 1127/1069/1094 1126/1068/1093 1128/1070/1095
f 1127/1069/1094 1128/1070/1095 1129/1071/1096
f 1129/1071/1096 1128/1070/1095 1130/1072/1097
f 1129/1071/1096 1130/1072/1097 1131/1073/1098
f 1131/1073/1098 1130/1072/1097 1132/1074/1099
f 1131/1073/1098 1132/1074/1099 1133/1075/1100
f 1133/1075/1100 1132/1074/1099 1134/1076/1101
f 1133/1075/1100 1134/1076/1101 1135/1077/1102
f 1135/1077/1102 1134/1076/1101 1136/1078/1103
f 1135/1077/1102 1136/1078/1103 1137/1079/1104
f 1136/1078/1103 1138/1080/1105 1139/1081/1106
f 1137/1079/1104 1136/1078/1103 1139/1081/1106
f 1138/1080/1105 1140/1082/1107 1141/1083/1108
f 1139/1081/1106 1138/1080/1105 1141/1083/1108
f 1140/1082/1107 1142/1084/1109 1143/1085/1110
f 1141/1083/1108 1140/1082/1107 1143/1085/1110
f 1142/1084/1109 1085/1027/1052 1084/1026/1051
f 1143/1085/1110 1142/1084/1109 1084/1026/1051
f 1083/1025/1050 1024/966/991 1085/1027/1052
f 1142/1084/1109 1083/1025/1050 1085/1027/1052
f 1143/1085/1110 1084/1026/1051 1145/1086/1111
f 1144/1087/1112 1143/1085/1110 1145/1086/1111
f 1140/1082/1107 1081/1023/1048 1083/1025/1050
f 1140/1082/1107 1083/1025/1050 1142/1084/1109
f 1146/1088/1113 1141/1083/1108 1143/1085/1110
f 1146/1088/1113 1143/1085/1110 1144/1087/1112
f 1079/1021/1046 1081/1023/1048 1140/1082/1107
f 1138/1080/1105 1079/1021/1046 1140/1082/1107
f 1147/1089/1114 1139/1081/1106 1141/1083/1108
f 1147/1089/1114 1141/1083/1108 1146/1088/1113
f 1077/1019/1044 1079/1021/1046 1138/1080/1105
f 1136/1078/1103 1077/1019/1044 1138/1080/1105
f 1148/1090/1115 1137/1079/1104 1139/1081/1106
f 1148/1090/1115 1139/1081/1106 1147/1089/1114
f 1075/1017/1042 1077/1019/1044 1136/1078/1103
f 1134/1076/1101 1075/1017/1042 1136/1078/1103
f 1135/1077/1102 1137/1079/1104 1148/1090/1115
f 1149/1091/1116 1135/1077/1102 1148/1090/1115
f 1132/1074/1099 1073/1015/1040 1075/1017/1042
f 1132/1074/1099 1075/1017/1042 1134/1076/1101
f 1150/1092/1117 1133/1075/1100 1135/1077/1102
f 1150/1092/1117 1135/1077/1102 1149/1091/1116
f 1071/1013/1038 1073/1015/1040 1132/1074/1099
f 1130/1072/1097 1071/1013/1038 1132/1074/1099
f 1151/1093/1118 1131/1073/1098 1133/1075/1100
f 1151/1093/1118 1133/1075/1100 1150/1092/1117
f 1128/1070/1095 1069/1011/1036 1071/1013/1038
f 1128/1070/1095 1071/1013/1038 1130/1072/1097
f 1152/1094/1119 1129/1071/1096 1131/1073/1098
f 1152/1094/1119 1131/1073/1098 1151/1093/1118
f 1067/1009/1034 1069/1011/1036 1128/1070/1095
f 1126/1068/1093 1067/1009/1034 1128/1070/1095
f 1153/1095/1120 1127/1069/1094 1129/1071/1096
f 1153/1095/1120 1129/1071/1096 1152/1094/1119
f 1065/1007/1032 1067/1009/1034 1126/1068/1093
f 1124/1066/1091 1065/1007/1032 1126/1068/1093
f 1125/1067/1092 1127/1069/1094 1153/1095/1120
f 1154/1096/1121 1125/1067/1092 1153/1095/1120
f 1122/1064/1089 1063/1005/1030 1065/1007/1032
f 1122/1064/1089 1065/1007/1032 1124/1066/1091
f 1123/1065/1090 1125/1067/1092 1154/1096/1121
f 1155/1097/1122 1123/1065/1090 1154/1096/1121
f 1120/1062/1087 1061/1003/1028 1063/1005/1030
f 1120/1062/1087 1063/1005/1030 1122/1064/1089
f 1121/1063/1088 1123/1065/1090 1155/1097/1122
f 1156/1098/1123 1121/1063/1088 1155/1097/1122
f 1118/1060/1085 1059/1001/1026 1061/1003/1028
f 1118/1060/1085 1061/1003/1028 1120/1062/1087
f 1157/1099/1124 1119/1061/1086 1121/1063/1088
f 1157/1099/1124 1121/1063/1088 1156/1098/1123
f 1057/999/1024 1059/1001/1026 1118/1060/1085
f 1116/1058/1083 1057/999/1024 1118/1060/1085
f 1158/1100/1125 1117/1059/1084 1119/1061/1086
f 1158/1100/1125 1119/1061/1086 1157/1099/1124
f 1114/1056/1081 1055/997/1022 1057/999/1024
f 1114/1056/1081 1057/999/1024 1116/1058/1083
f 1115/1057/1082 1117/1059/1084 1158/1100/1125
f 1159/1101/1126 1115/1057/1082 1158/1100/1125
f 1112/1054/1079 1053/995/1020 1055/997/1022
f 1112/1054/1079 1055/997/1022 1114/1056/1081
f 1160/1102/1127 1113/1055/1080 1115/1057/1082
f 1160/1102/1127 1115/1057/1082 1159/1101/1126
f 1110/1052/1077 1051/993/1018 1053/995/1020
f 1110/1052/1077 1053/995/1020 1112/1054/1079
f 1111/1053/1078 1113/1055/1080 1160/1102/1127
f 1161/1103/1128 1111/1053/1078 1160/1102/1127
f 1108/1050/1075 1049/991/1016 1051/993/1018
f 1108/1050/1075 1051/993/1018 1110/1052/1077
f 1109/1051/1076 1111/1053/1078 1161/1103/1128
f 1162/1104/1129 1109/1051/1076 1161/1103/1128
f 1047/989/1014 1049/991/1016 1108/1050/1075
f 1106/1048/1073 1047/989/1014 1108/1050/1075
f 1163/1105/1130 1107/1049/1074 1109/1051/1076
f 1163/1105/1130 1109/1051/1076 1162/1104/1129
f 1045/987/1012 1047/989/1014 1106/1048/1073
f 1104/1046/1071 1045/987/1012 1106/1048/1073
f 1164/1106/1131 1105/1047/1072 1107/1049/1074
f 1164/1106/1131 1107/1049/1074 1163/1105/1130
f 1043/985/1010 1045/987/1012 1104/1046/1071
f 1102/1044/1069 1043/985/1010 1104/1046/1071
f 1165/1107/1132 1103/1045/1070 1105/1047/1072
f 1165/1107/1132 1105/1047/1072 1164/1106/1131
f 1100/1042/1067 1041/983/1008 1043/985/1010
f 1100/1042/1067 1043/985/1010 1102/1044/1069
f 1101/1043/1068 1103/1045/1070 1165/1107/1132
f 1166/1108/1133 1101/1043/1068 1165/1107/1132
f 1039/981/1006 1041/983/1008 1100/1042/1067
f 1098/1040/1065 1039/981/1006 1100/1042/1067
f 1167/1109/1134 1099/1041/1066 1101/1043/1068
f 1167/1109/1134 1101/1043/1068 1166/1108/1133
f 1096/1038/1063 1037/979/1004 1039/981/1006
f 1096/1038/1063 1039/981/1006 1098/1040/1065
f 1097/1039/1064 1099/1041/1066 1167/1109/1134
f 1168/1110/1135 1097/1039/1064 1167/1109/1134
f 1094/1036/1061 1035/977/1002 1037/979/1004
f 1094/1036/1061 1037/979/1004 1096/1038/1063
f 1095/1037/1062 1097/1039/1064 1168/1110/1135
f 1169/1111/1136 1095/1037/1062 1168/1110/1135
f 1092/1034/1059 1033/975/1000 1035/977/1002
f 1092/1034/1059 1035/977/1002 1094/1036/1061
f 1170/1112/1137 1093/1035/1060 1095/1037/1062
f 1170/1112/1137 1095/1037/1062 1169/1111/1136
f 1090/1032/1057 1031/973/998 1033/975/1000
f 1090/1032/1057 1033/975/1000 1092/1034/1059
f 1091/1033/1058 1093/1035/1060 1170/1112/1137
f 1171/1113/1138 1091/1033/1058 1170/1112/1137
f 1029/971/996 1031/973/998 1090/1032/1057
f 1088/1030/1055 1029/971/996 1090/1032/1057
f 1172/1114/1139 1089/1031/1056 1091/1033/1058
f 1172/1114/1139 1091/1033/1058 1171/1113/1138
f 1027/969/994 1029/971/996 1088/1030/1055
f 1086/1028/1053 1027/969/994 1088/1030/1055
f 1087/1029/1054 1089/1031/1056 1172/1114/1139
f 1173/1115/1140 1087/1029/1054 1172/1114/1139
f 1024/966/991 1027/969/994 1086/1028/1053
f 1085/1027/1052 1024/966/991 1086/1028/1053
f 1145/1086/1111 1084/1026/1051 1087/1029/1054
f 1145/1086/1111 1087/1029/1054 1173/1115/1140
f 1174/1116/1141 1145/1086/1111 1173/1115/1140
f 1174/1116/1141 1173/1115/1140 1175/1117/1142
f 1173/1115/1140 1172/1114/1139 1176/1118/1143
f 1175/1117/1142 1173/1115/1140 1176/1118/1143
f 1172/1114/1139 1171/1113/1138 1177/1119/1144
f 1176/1118/1143 1172/1114/1139 1177/1119/1144
f 1177/1119/1144 1171/1113/1138 1170/1112/1137
f 1177/1119/1144 1170/1112/1137 1178/1120/1145
f 1170/1112/1137 1169/1111/1136 1179/1121/1146
f 1178/1120/1145 1170/1112/1137 1179/1121/1146
f 1179/1121/1146 1169/1111/1136 1168/1110/1135
f 1179/1121/1146 1168/1110/1135 1180/1122/1147
f 1180/1122/1147 1168/1110/1135 1167/1109/1134
f 1180/1122/1147 1167/1109/1134 1181/1123/1148
f 1181/1123/1148 1167/1109/1134 1166/1108/1133
f 1181/1123/1148 1166/1108/1133 1182/1124/1149
f 1182/1124/1149 1166/1108/1133 1165/1107/1132
f 1182/1124/1149 1165/1107/1132 1183/1125/1150
f 1183/1125/1150 1165/1107/1132 1164/1106/1131
f 1183/1125/1150 1164/1106/1131 1184/1126/1151
f 1164/1106/1131 1163/1105/1130 1185/1127/1152
f 1184/1126/1151 1164/1106/1131 1185/1127/1152
f 1185/1127/1152 1163/1105/1130 1162/1104/1129
f 1185/1127/1152 1162/1104/1129 1186/1128/1153
f 1186/1128/1153 1162/1104/1129 1161/1103/1128
f 1186/1128/1153 1161/1103/1128 1187/1129/1154
f 1187/1129/1154 1161/1103/1128 1160/1102/1127
f 1187/1129/1154 1160/1102/1127 1188/1130/1155
f 1160/1102/1127 1159/1101/1126 1189/1131/1156
f 1188/1130/1155 1160/1102/1127 1189/1131/1156
f 1159/1101/1126 1158/1100/1125 1190/1132/1157
f 1189/1131/1156 1159/1101/1126 1190/1132/1157
f 1158/1100/1125 1157/1099/1124 1191/1133/1158
f 1190/1132/1157 1158/1100/1125 1191/1133/1158
f 1191/1133/1158 1157/1099/1124 1156/1098/1123
f 1191/1133/1158 1156/1098/1123 1192/1134/1159
f 1156/1098/1123 1155/1097/1122 1193/1135/1160
f 1192/1134/1159 1156/1098/1123 1193/1135/1160
f 1193/1135/1160 1155/1097/1122 1154/1096/1121
f 1193/1135/1160 1154/1096/1121 1194/1136/1161
f 1154/1096/1121 1153/1095/1120 1195/1137/1162
f 1194/1136/1161 1154/1096/1121 1195/1137/1162
f 1153/1095/1120 1152/1094/1119 1196/1138/1163
f 1195/1137/1162 1153/1095/1120 1196/1138/1163
f 1152/1094/1119 1151/1093/1118 1197/1139/1164
f 1196/1138/1163 1152/1094/1119 1197/1139/1164
f 1151/1093/1118 1150/1092/1117 1198/1140/1165
f 1197/1139/1164 1151/1093/1118 1198/1140/1165
f 1150/1092/1117 1149/1091/1116 1199/1141/1166
f 1198/1140/1165 1150/1092/1117 1199/1141/1166
f 1199/1141/1166 1149/1091/1116 1148/1090/1115
f 1199/1141/1166 1148/1090/1115 1200/1142/1167
f 1148/1090/1115 1147/1089/1114 1201/1143/1168
f 1200/1142/1167 1148/1090/1115 1201/1143/1168
f 1201/1143/1168 1147/1089/1114 1146/1088/1113
f 1201/1143/1168 1146/1088/1113 1202/1144/1169
f 1202/1144/1169 1146/1088/1113 1144/1087/1112
f 1202/1144/1169 1144/1087/1112 1203/1145/1170
f 1144/1087/1112 1145/1086/1111 1174/1116/1141
f 1203/1145/1170 1144/1087/1112 1174/1116/1141
f 1204/1146/1171 1203/1145/1170 1174/1116/1141
f 1204/1146/1171 1174/1116/1141 1205/1147/1172
f 1206/1148/1173 1202/1144/1169 1203/1145/1170
f 1206/1148/1173 1203/1145/1170 1204/1146/1171
f 1201/1143/1168 1202/1144/1169 1206/1148/1173
f 1207/1149/1174 1201/1143/1168 1206/1148/1173
f 1208/1150/1175 1200/1142/1167 1201/1143/1168
f 1208/1150/1175 1201/1143/1168 1207/1149/1174
f 1199/1141/1166 1200/1142/1167 1208/1150/1175
f 1209/1151/1176 1199/1141/1166 1208/1150/1175
f 1210/1152/1177 1198/1140/1165 1199/1141/1166
f 1210/1152/1177 1199/1141/1166 1209/1151/1176
f 1197/1139/1164 1198/1140/1165 1210/1152/1177
f 1211/1153/1178 1197/1139/1164 1210/1152/1177
f 1212/1154/1179 1196/1138/1163 1197/1139/1164
f 1212/1154/1179 1197/1139/1164 1211/1153/1178
f 1195/1137/1162 1196/1138/1163 1212/1154/1179
f 1213/1155/1180 1195/1137/1162 1212/1154/1179
f 1194/1136/1161 1195/1137/1162 1213/1155/1180
f 1214/1156/1181 1194/1136/1161 1213/1155/1180
f 1215/1157/1182 1193/1135/1160 1194/1136/1161
f 1215/1157/1182 1194/1136/1161 1214/1156/1181
f 1216/1158/1183 1192/1134/1159 1193/1135/1160
f 1216/1158/1183 1193/1135/1160 1215/1157/1182
f 1217/1159/1184 1191/1133/1158 1192/1134/1159
f 1217/1159/1184 1192/1134/1159 1216/1158/1183
f 1218/1160/1185 1190/1132/1157 1191/1133/1158
f 1218/1160/1185 1191/1133/1158 1217/1159/1184
f 1219/1161/1186 1189/1131/1156 1190/1132/1157
f 1219/1161/1186 1190/1132/1157 1218/1160/1185
f 1188/1130/1155 1189/1131/1156 1219/1161/1186
f 1220/1162/1187 1188/1130/1155 1219/1161/1186
f 1187/1129/1154 1188/1130/1155 1220/1162/1187
f 1221/1163/1188 1187/1129/1154 1220/1162/1187
f 1186/1128/1153 1187/1129/1154 1221/1163/1188
f 1222/1164/1189 1186/1128/1153 1221/1163/1188
f 1185/1127/1152 1186/1128/1153 1222/1164/1189
f 1223/1165/1190 1185/1127/1152 1222/1164/1189
f 1224/1166/1191 1184/1126/1151 1185/1127/1152
f 1224/1166/1191 1185/1127/1152 1223/1165/1190
f 1183/1125/1150 1184/1126/1151 1224/1166/1191
f 1225/1167/1192 1183/1125/1150 1224/1166/1191
f 1226/1168/1193 1182/1124/1149 1183/1125/1150
f 1226/1168/1193 1183/1125/1150 1225/1167/1192
f 1181/1123/1148 1182/1124/1149 1226/1168/1193
f 1227/1169/1194 1181/1123/1148 1226/1168/1193
f 1228/1170/1195 1180/1122/1147 1181/1123/1148
f 1228/1170/1195 1181/1123/1148 1227/1169/1194
f 1179/1121/1146 1180/1122/1147 1228/1170/1195
f 1229/1171/1196 1179/1121/1146 1228/1170/1195
f 1178/1120/1145 1179/1121/1146 1229/1171/1196
f 1230/1172/1197 1178/1120/1145 1229/1171/1196
f 1177/1119/1144 1178/1120/1145 1230/1172/1197
f 1231/1173/1198 1177/1119/1144 1230/1172/1197
f 1176/1118/1143 1177/1119/1144 1231/1173/1198
f 1232/1174/1199 1176/1118/1143 1231/1173/1198
f 1175/1117/1142 1176/1118/1143 1232/1174/1199
f 1233/1175/1200 1175/1117/1142 1232/1174/1199
f 1174/1116/1141 1175/1117/1142 1233/1175/1200
f 1205/1147/1172 1174/1116/1141 1233/1175/1200
f 1234/1176/1201 1205/1147/1172 1233/1175/1200
f 1234/1176/1201 1233/1175/1200 1235/1177/1202
f 1235/1177/1202 1233/1175/1200 1232/1174/1199
f 1235/1177/1202 1232/1174/1199 1236/1178/1203
f 1232/1174/1199 1231/1173/1198 1237/1179/1204
f 1236/1178/1203 1232/1174/1199 1237/1179/1204
f 1237/1179/1204 1231/1173/1198 1230/1172/1197
f 1237/1179/1204 1230/1172/1197 1238/1180/1205
f 1230/1172/1197 1229/1171/1196 1239/1181/1206
f 1238/1180/1205 1230/1172/1197 1239/1181/1206
f 1229/1171/1196 1228/1170/1195 1240/1182/1207
f 1239/1181/1206 1229/1171/1196 1240/1182/1207
f 1240/1182/1207 1228/1170/1195 1227/1169/1194
f 1240/1182/1207 1227/1169/1194 1241/1183/1208
f 1227/1169/1194 1226/1168/1193 1242/1184/1209
f 1241/1183/1208 1227/1169/1194 1242/1184/1209
f 1226/1168/1193 1225/1167/1192 1243/1185/1210
f 1242/1184/1209 1226/1168/1193 1243/1185/1210
f 1225/1167/1192 1224/1166/1191 1244/1186/1211
f 1243/1185/1210 1225/1167/1192 1244/1186/1211
f 1224/1166/1191 1223/1165/1190 1245/1187/1212
f 1244/1186/1211 1224/1166/1191 1245/1187/1212
f 1223/1165/1190 1222/1164/1189 1246/1188/1213
f 1245/1187/1212 1223/1165/1190 1246/1188/1213
f 1246/1188/1213 1222/1164/1189 1221/1163/1188
f 1246/1188/1213 1221/1163/1188 1247/1189/1214
f 1221/1163/1188 1220/1162/1187 1248/1190/1215
f 1247/1189/1214 1221/1163/1188 1248/1190/1215
f 1220/1162/1187 1219/1161/1186 1249/1191/1216
f 1248/1190/1215 1220/1162/1187 1249/1191/1216
f 1249/1191/1216 1219/1161/1186 1218/1160/1185
f 1249/1191/1216 1218/1160/1185 1250/1192/1217
f 1250/1192/1217 1218/1160/1185 1217/1159/1184
f 1250/1192/1217 1217/1159/1184 1251/1193/1218
f 1217/1159/1184 1216/1158/1183 1252/1194/1219
f 1251/1193/1218 1217/1159/1184 1252/1194/1219
f 1252/1194/1219 1216/1158/1183 1215/1157/1182
f 1252/1194/1219 1215/1157/1182 1253/1195/1220
f 1253/1195/1220 1215/1157/1182 1214/1156/1181
f 1253/1195/1220 1214/1156/1181 1254/1196/1221
f 1254/1196/1221 1214/1156/1181 1213/1155/1180
f 1254/1196/1221 1213/1155/1180 1255/1197/1222
f 1255/1197/1222 1213/1155/1180 1212/1154/1179
f 1255/1197/1222 1212/1154/1179 1256/1198/1223
f 1256/1198/1223 1212/1154/1179 1211/1153/1178
f 1256/1198/1223 1211/1153/1178 1257/1199/1224
f 1257/1199/1224 1211/1153/1178 1210/1152/1177
f 1257/1199/1224 1210/1152/1177 1258/1200/1225
f 1210/1152/1177 1209/1151/1176 1259/1201/1226
f 1258/1200/1225 1210/1152/1177 1259/1201/1226
f 1259/1201/1226 1209/1151/1176 1208/1150/1175
f 1259/1201/1226 1208/1150/1175 1260/1202/1227
f 1208/1150/1175 1207/1149/1174 1261/1203/1228
f 1260/1202/1227 1208/1150/1175 1261/1203/1228
f 1261/1203/1228 1207/1149/1174 1206/1148/1173
f 1261/1203/1228 1206/1148/1173 1262/1204/1229
f 1206/1148/1173 1204/1146/1171 1263/1205/1230
f 1262/1204/1229 1206/1148/1173 1263/1205/1230
f 1204/1146/1171 1205/1147/1172 1234/1176/1201
f 1263/1205/1230 1204/1146/1171 1234/1176/1201
f 1263/1205/1230 1234/1176/1201 1265/1206/1231
f 1264/1207/1232 1263/1205/1230 1265/1206/1231
f 1262/1204/1229 1263/1205/1230 1264/1207/1232
f 1266/1208/1233 1262/1204/1229 1264/1207/1232
f 1267/1209/1234 1261/1203/1228 1262/1204/1229
f 1267/1209/1234 1262/1204/1229 1266/1208/1233
f 1260/1202/1227 1261/1203/1228 1267/1209/1234
f 1268/1210/1235 1260/1202/1227 1267/1209/1234
f 1269/1211/1236 1259/1201/1226 1260/1202/1227
f 1269/1211/1236 1260/1202/1227 1268/1210/1235
f 1258/1200/1225 1259/1201/1226 1269/1211/1236
f 1270/1212/1237 1258/1200/1225 1269/1211/1236
f 1257/1199/1224 1258/1200/1225 1270/1212/1237
f 1271/1213/1238 1257/1199/1224 1270/1212/1237
f 1256/1198/1223 1257/1199/1224 1271/1213/1238
f 1272/1214/1239 1256/1198/1223 1271/1213/1238
f 1273/1215/1240 1255/1197/1222 1256/1198/1223
f 1273/1215/1240 1256/1198/1223 1272/1214/1239
f 1274/1216/1241 1254/1196/1221 1255/1197/1222
f 1274/1216/1241 1255/1197/1222 1273/1215/1240
f 1253/1195/1220 1254/1196/1221 1274/1216/1241
f 1275/1217/1242 1253/1195/1220 1274/1216/1241
f 1276/1218/1243 1252/1194/1219 1253/1195/1220
f 1276/1218/1243 1253/1195/1220 1275/1217/1242
f 1251/1193/1218 1252/1194/1219 1276/1218/1243
f 1277/1219/1244 1251/1193/1218 1276/1218/1243
f 1250/1192/1217 1251/1193/1218 1277/1219/1244
f 1278/1220/1245 1250/1192/1217 1277/1219/1244
f 1279/1221/1246 1249/1191/1216 1250/1192/1217
f 1279/1221/1246 1250/1192/1217 1278/1220/1245
f 1248/1190/1215 1249/1191/1216 1279/1221/1246
f 1280/1222/1247 1248/1190/1215 1279/1221/1246
f 1281/1223/1248 1247/1189/1214 1248/1190/1215
f 1281/1223/1248 1248/1190/1215 1280/1222/1247
f 1282/1224/1249 1246/1188/1213 1247/1189/1214
f 1282/1224/1249 1247/1189/1214 1281/1223/1248
f 1245/1187/1212 1246/1188/1213 1282/1224/1249
f 1283/1225/1250 1245/1187/1212 1282/1224/1249
f 1284/1226/1251 1244/1186/1211 1245/1187/1212
f 1284/1226/1251 1245/1187/1212 1283/1225/1250
f 1243/1185/1210 1244/1186/1211 1284/1226/1251
f 1285/1227/1252 1243/1185/1210 1284/1226/1251
f 1286/1228/1253 1242/1184/1209 1243/1185/1210
f 1286/1228/1253 1243/1185/1210 1285/1227/1252
f 1287/1229/1254 1241/1183/1208 1242/1184/1209
f 1287/1229/1254 1242/1184/1209 1286/1228/1253
f 1288/1230/1255 1240/1182/1207 1241/1183/1208
f 1288/1230/1255 1241/1183/1208 1287/1229/1254
f 1289/1231/1256 1239/1181/1206 1240/1182/1207
f 1289/1231/1256 1240/1182/1207 1288/1230/1255
f 1238/1180/1205 1239/1181/1206 1289/1231/1256
f 1290/1232/1257 1238/1180/1205 1289/1231/1256
f 1291/1233/1258 1237/1179/1204 1238/1180/1205
f 1291/1233/1258 1238/1180/1205 1290/1232/1257
f 1236/1178/1203 1237/1179/1204 1291/1233/1258
f 1292/1234/1259 1236/1178/1203 1291/1233/1258
f 1293/1235/1260 1235/1177/1202 1236/1178/1203
f 1293/1235/1260 1236/1178/1203 1292/1234/1259
f 1265/1206/1231 1234/1176/1201 1235/1177/1202
f 1265/1206/1231 1235/1177/1202 1293/1235/1260
f 1265/1206/1231 1293/1235/1260 1295/1236/1261
f 1294/1237/1262 1265/1206/1231 1295/1236/1261
f 1295/1236/1261 1293/1235/1260 1292/1234/1259
f 1295/1236/1261 1292/1234/1259 1296/1238/1263
f 1292/1234/1259 1291/1233/1258 1297/1239/1264
f 1296/1238/1263 1292/1234/1259 1297/1239/1264
f 1297/1239/1264 1291/1233/1258 1290/1232/1257
f 1297/1239/1264 1290/1232/1257 1298/1240/1265
f 1290/1232/1257 1289/1231/1256 1299/1241/1266
f 1298/1240/1265 1290/1232/1257 1299/1241/1266
f 1289/1231/1256 1288/1230/1255 1300/1242/1267
f 1299/1241/1266 1289/1231/1256 1300/1242/1267
f 1300/1242/1267 1288/1230/1255 1287/1229/1254
f 1300/1242/1267 1287/1229/1254 1301/1243/1268
f 1287/1229/1254 1286/1228/1253 1302/1244/1269
f 1301/1243/1268 1287/1229/1254 1302/1244/1269
f 1302/1244/1269 1286/1228/1253 1285/1227/1252
f 1302/1244/1269 1285/1227/1252 1303/1245/1270
f 1285/1227/1252 1284/1226/1251 1304/1246/1271
f 1303/1245/1270 1285/1227/1252 1304/1246/1271
f 1304/1246/1271 1284/1226/1251 1283/1225/1250
f 1304/1246/1271 1283/1225/1250 1305/1247/1272
f 1283/1225/1250 1282/1224/1249 1306/1248/1273
f 1305/1247/1272 1283/1225/1250 1306/1248/1273
f 1306/1248/1273 1282/1224/1249 1281/1223/1248
f 1306/1248/1273 1281/1223/1248 1307/1249/1274
f 1281/1223/1248 1280/1222/1247 1308/1250/1275
f 1307/1249/1274 1281/1223/1248 1308/1250/1275
f 1308/1250/1275 1280/1222/1247 1279/1221/1246
f 1308/1250/1275 1279/1221/1246 1309/1251/1276
f 1279/1221/1246 1278/1220/1245 1310/1252/1277
f 1309/1251/1276 1279/1221/1246 1310/1252/1277
f 1310/1252/1277 1278/1220/1245 1277/1219/1244
f 1310/1252/1277 1277/1219/1244 1311/1253/1278
f 1277/1219/1244 1276/1218/1243 1312/1254/1279
f 1311/1253/1278 1277/1219/1244 1312/1254/1279
f 1312/1254/1279 1276/1218/1243 1275/1217/1242
f 1312/1254/1279 1275/1217/1242 1313/1255/1280
f 1275/1217/1242 1274/1216/1241 1314/1256/1281
f 1313/1255/1280 1275/1217/1242 1314/1256/1281
f 1314/1256/1281 1274/1216/1241 1273/1215/1240
f 1314/1256/1281 1273/1215/1240 1315/1257/1282
f 1273/1215/1240 1272/1214/1239 1316/1258/1283
f 1315/1257/1282 1273/1215/1240 1316/1258/1283
f 1316/1258/1283 1272/1214/1239 1271/1213/1238
f 1316/1258/1283 1271/1213/1238 1317/1259/1284
f 1271/1213/1238 1270/1212/1237 1318/1260/1285
f 1317/1259/1284 1271/1213/1238 1318/1260/1285
f 1318/1260/1285 1270/1212/1237 1269/1211/1236
f 1318/1260/1285 1269/1211/1236 1319/1261/1286
f 1319/1261/1286 1269/1211/1236 1268/1210/1235
f 1319/1261/1286 1268/1210/1235 1320/1262/1287
f 1320/1262/1287 1268/1210/1235 1267/1209/1234
f 1320/1262/1287 1267/1209/1234 1321/1263/1288
f 1321/1263/1288 1267/1209/1234 1266/1208/1233
f 1321/1263/1288 1266/1208/1233 1322/1264/1289
f 1266/1208/1233 1264/1207/1232 1323/1265/1290
f 1322/1264/1289 1266/1208/1233 1323/1265/1290
f 1323/1265/1290 1264/1207/1232 1265/1206/1231
f 1323/1265/1290 1265/1206/1231 1294/1237/1262
f 1323/1265/1290 1294/1237/1262 1324/1266/1291
f 1322/1264/1289 1323/1265/1290 1324/1266/1291
f 1321/1263/1288 1322/1264/1289 1324/1266/1291
f 1320/1262/1287 1321/1263/1288 1324/1266/1291
f 1319/1261/1286 1320/1262/1287 1324/1266/1291
f 1318/1260/1285 1319/1261/1286 1324/1266/1291
f 1317/1259/1284 1318/1260/1285 1324/1266/1291
f 1316/1258/1283 1317/1259/1284 1324/1266/1291
f 1315/1257/1282 1316/1258/1283 1324/1266/1291
f 1314/1256/1281 1315/1257/1282 1324/1266/1291
f 1313/1255/1280 1314/1256/1281 1324/1266/1291
f 1312/1254/1279 1313/1255/1280 1324/1266/1291
f 1311/1253/1278 1312/1254/1279 1324/1266/1291
f 1310/1252/1277 1311/1253/1278 1324/1266/1291
f 1309/1251/1276 1310/1252/1277 1324/1266/1291
f 1308/1250/1275 1309/1251/1276 1324/1266/1291
f 1307/1249/1274 1308/1250/1275 1324/1266/1291
f 1306/1248/1273 1307/1249/1274 1324/1266/1291
f 1305/1247/1272 1306/1248/1273 1324/1266/1291
f 1304/1246/1271 1305/1247/1272 1324/1266/1291
f 1303/1245/1270 1304/1246/1271 1324/1266/1291
f 1302/1244/1269 1303/1245/1270 1324/1266/1291
f 1301/1243/1268 1302/1244/1269 1324/1266/1291
f 1300/1242/1267 1301/1243/1268 1324/1266/1291
f 1299/1241/1266 1300/1242/1267 1324/1266/1291
f 1298/1240/1265 1299/1241/1266 1324/1266/1291
f 1297/1239/1264 1298/1240/1265 1324/1266/1291
f 1296/1238/1263 1297/1239/1264 1324/1266/1291
f 1295/1236/1261 1296/1238/1263 1324/1266/1291
f 1294/1237/1262 1295/1236/1261 1324/1266/1291
f 978/909/934 983/915/940 496/346/342
f 496/346/342 495/344/340 978/909/934
f 1326/1267/1292 1068/1010/1035 1066/1008/1033
f 1325/1268/1293 1326/1267/1292 1066/1008/1033
f 968/897/922 973/903/928 497/349/345
f 497/349/345 494/341/337 968/897/922
f 1328/1269/1294 1064/1006/1031 1062/1004/1029
f 1327/1270/1295 1328/1269/1294 1062/1004/1029
f 958/885/910 963/891/916 498/352/348
f 498/352/348 493/338/334 958/885/910
f 1330/1271/1296 1060/1002/1027 1058/1000/1025
f 1329/1272/1297 1330/1271/1296 1058/1000/1025
f 948/873/898 953/879/904 499/355/351
f 499/355/351 492/335/331 948/873/898
f 1332/1273/1298 1056/998/1023 1054/996/1021
f 1331/1274/1299 1332/1273/1298 1054/996/1021
f 938/861/886 943/867/892 500/358/354
f 500/358/354 491/332/328 938/861/886
f 1052/994/1019 1050/992/1017 1333/1275/1300
f 1333/1275/1300 1334/1276/1301 1052/994/1019
f 928/849/874 933/855/880 501/361/357
f 501/361/357 490/329/325 928/849/874
f 1048/990/1015 1046/988/1013 1335/1277/1302
f 1335/1277/1302 1336/1278/1303 1048/990/1015
f 489/326/322 918/837/862 923/843/868
f 502/364/360 489/326/322 923/843/868
f 1044/986/1011 1042/984/1009 1337/1279/1304
f 1337/1279/1304 1338/1280/1305 1044/986/1011
f 488/323/319 908/825/850 913/831/856
f 503/367/363 488/323/319 913/831/856
f 1340/1281/1306 1040/982/1007 1038/980/1005
f 1339/1282/1307 1340/1281/1306 1038/980/1005
f 898/813/838 903/819/844 504/370/366
f 504/370/366 487/320/316 898/813/838
f 1342/1283/1308 1036/978/1003 1034/976/1001
f 1341/1284/1309 1342/1283/1308 1034/976/1001
f 486/317/313 888/801/826 893/807/832
f 505/373/369 486/317/313 893/807/832
f 1032/974/999 1030/972/997 1343/1285/1310
f 1343/1285/1310 1344/1286/1311 1032/974/999
f 485/314/310 875/785/810 883/795/820
f 506/376/372 485/314/310 883/795/820
f 1346/1287/1312 1028/970/995 1026/968/993
f 1345/1288/1313 1346/1287/1312 1026/968/993
f 484/311/307 1018/957/982 872/782/807
f 507/379/375 484/311/307 872/782/807
f 1022/962/987 1025/967/992 1082/1024/1049
f 1023/964/989 1022/962/987 1082/1024/1049
f 1008/945/970 1013/951/976 508/382/378
f 508/382/378 483/308/304 1008/945/970
f 1080/1022/1047 1078/1020/1045 1347/1289/1314
f 1347/1289/1314 1348/1290/1315 1080/1022/1047
f 482/305/301 998/933/958 1003/939/964
f 509/385/381 482/305/301 1003/939/964
f 1076/1018/1043 1074/1016/1041 1349/1291/1316
f 1349/1291/1316 1350/1292/1317 1076/1018/1043
f 481/302/298 988/921/946 993/927/952
f 510/388/384 481/302/298 993/927/952
f 1072/1014/1039 1070/1012/1037 1351/1293/1318
f 1351/1293/1318 1352/1294/1319 1072/1014/1039
f 1080/1022/1047 1013/951/976 1018/957/982
f 1080/1022/1047 1018/957/982 1082/1024/1049
f 1076/1018/1043 1003/939/964 1008/945/970
f 1076/1018/1043 1008/945/970 1078/1020/1045
f 1072/1014/1039 993/927/952 998/933/958
f 1072/1014/1039 998/933/958 1074/1016/1041
f 983/915/940 988/921/946 1070/1012/1037
f 1068/1010/1035 983/915/940 1070/1012/1037
f 973/903/928 978/909/934 1066/1008/1033
f 1064/1006/1031 973/903/928 1066/1008/1033
f 963/891/916 968/897/922 1062/1004/1029
f 1060/1002/1027 963/891/916 1062/1004/1029
f 953/879/904 958/885/910 1058/1000/1025
f 1056/998/1023 953/879/904 1058/1000/1025
f 1052/994/1019 943/867/892 948/873/898
f 1052/994/1019 948/873/898 1054/996/1021
f 933/855/880 938/861/886 1050/992/1017
f 1048/990/1015 933/855/880 1050/992/1017
f 1044/986/1011 923/843/868 928/849/874
f 1044/986/1011 928/849/874 1046/988/1013
f 913/831/856 918/837/862 1042/984/1009
f 1040/982/1007 913/831/856 1042/984/1009
f 1036/978/1003 903/819/844 908/825/850
f 1036/978/1003 908/825/850 1038/980/1005
f 893/807/832 898/813/838 1034/976/1001
f 1032/974/999 893/807/832 1034/976/1001
f 1028/970/995 883/795/820 888/801/826
f 1028/970/995 888/801/826 1030/972/997
f 872/782/807 875/785/810 1026/968/993
f 1025/967/992 872/782/807 1026/968/993
f 510/388/384 993/927/952 1072/1014/1039
f 1352/1294/1319 510/388/384 1072/1014/1039
f 1070/1012/1037 988/921/946 481/302/298
f 481/302/298 1351/1293/1318 1070/1012/1037
f 509/385/381 1003/939/964 1076/1018/1043
f 1350/1292/1317 509/385/381 1076/1018/1043
f 1074/1016/1041 998/933/958 482/305/301
f 482/305/301 1349/1291/1316 1074/1016/1041
f 508/382/378 1013/951/976 1080/1022/1047
f 1348/1290/1315 508/382/378 1080/1022/1047
f 1078/1020/1045 1008/945/970 483/308/304
f 483/308/304 1347/1289/1314 1078/1020/1045
f 507/379/375 872/782/807 1025/967/992
f 1022/962/987 507/379/375 1025/967/992
f 1082/1024/1049 1018/957/982 484/311/307
f 484/311/307 1023/964/989 1082/1024/1049
f 506/376/372 883/795/820 1028/970/995
f 1346/1287/1312 506/376/372 1028/970/995
f 1026/968/993 875/785/810 485/314/310
f 485/314/310 1345/1288/1313 1026/968/993
f 505/373/369 893/807/832 1032/974/999
f 1344/1286/1311 505/373/369 1032/974/999
f 1030/972/997 888/801/826 486/317/313
f 486/317/313 1343/1285/1310 1030/972/997
f 504/370/366 903/819/844 1036/978/1003
f 1342/1283/1308 504/370/366 1036/978/1003
f 1034/976/1001 898/813/838 487/320/316
f 487/320/316 1341/1284/1309 1034/976/1001
f 503/367/363 913/831/856 1040/982/1007
f 1340/1281/1306 503/367/363 1040/982/1007
f 1038/980/1005 908/825/850 488/323/319
f 488/323/319 1339/1282/1307 1038/980/1005
f 502/364/360 923/843/868 1044/986/1011
f 1338/1280/1305 502/364/360 1044/986/1011
f 1042/984/1009 918/837/862 489/326/322
f 489/326/322 1337/1279/1304 1042/984/1009
f 501/361/357 933/855/880 1048/990/1015
f 1336/1278/1303 501/361/357 1048/990/1015
f 1046/988/1013 928/849/874 490/329/325
f 490/329/325 1335/1277/1302 1046/988/1013
f 500/358/354 943/867/892 1052/994/1019
f 1334/1276/1301 500/358/354 1052/994/1019
f 1050/992/1017 938/861/886 491/332/328
f 491/332/328 1333/1275/1300 1050/992/1017
f 499/355/351 953/879/904 1056/998/1023
f 1332/1273/1298 499/355/351 1056/998/1023
f 1054/996/1021 948/873/898 492/335/331
f 492/335/331 1331/1274/1299 1054/996/1021
f 498/352/348 963/891/916 1060/1002/1027
f 1330/1271/1296 498/352/348 1060/1002/1027
f 1058/1000/1025 958/885/910 493/338/334
f 493/338/334 1329/1272/1297 1058/1000/1025
f 497/349/345 973/903/928 1064/1006/1031
f 1328/1269/1294 497/349/345 1064/1006/1031
f 1062/1004/1029 968/897/922 494/341/337
f 494/341/337 1327/1270/1295 1062/1004/1029
f 496/346/342 983/915/940 1068/1010/1035
f 1326/1267/1292 496/346/342 1068/1010/1035
f 1066/1008/1033 978/909/934 495/344/340
f 495/344/340 1325/1268/1293 1066/1008/1033
f 316/309/305 483/308/304 508/382/378
f 313/384/380 316/309/305 508/382/378
f 314/383/379 508/382/378 1348/1290/1315
f 311/1295/1320 314/383/379 1348/1290/1315
f 1347/1289/1314 483/308/304 315/307/303
f 315/307/303 310/1296/1321 1347/1289/1314
f 324/306/302 482/305/301 509/385/381
f 321/387/383 324/306/302 509/385/381
f 322/386/382 509/385/381 1350/1292/1317
f 319/1297/1322 322/386/382 1350/1292/1317
f 1349/1291/1316 482/305/301 323/304/300
f 323/304/300 318/1298/1323 1349/1291/1316
f 481/302/298 510/388/384 329/390/386
f 329/390/386 332/303/299 481/302/298
f 330/389/385 510/388/384 1352/1294/1319
f 327/1299/1324 330/389/385 1352/1294/1319
f 1351/1293/1318 481/302/298 331/301/297
f 331/301/297 326/1300/1325 1351/1293/1318
f 495/344/340 496/346/342 337/348/344
f 337/348/344 340/345/341 495/344/340
f 338/347/343 496/346/342 1326/1267/1292
f 335/1301/1326 338/347/343 1326/1267/1292
f 1325/1268/1293 495/344/340 339/343/339
f 339/343/339 334/1302/1327 1325/1268/1293
f 348/342/338 494/341/337 497/349/345
f 345/351/347 348/342/338 497/349/345
f 346/350/346 497/349/345 1328/1269/1294
f 343/1303/1328 346/350/346 1328/1269/1294
f 1327/1270/1295 494/341/337 347/340/336
f 347/340/336 342/1304/1329 1327/1270/1295
f 493/338/334 498/352/348 353/354/350
f 353/354/350 356/339/335 493/338/334
f 354/353/349 498/352/348 1330/1271/1296
f 351/1305/1330 354/353/349 1330/1271/1296
f 1329/1272/1297 493/338/334 355/337/333
f 355/337/333 350/1306/1331 1329/1272/1297
f 364/336/332 492/335/331 499/355/351
f 361/357/353 364/336/332 499/355/351
f 362/356/352 499/355/351 1332/1273/1298
f 359/1307/1332 362/356/352 1332/1273/1298
f 1331/1274/1299 492/335/331 363/334/330
f 363/334/330 358/1308/1333 1331/1274/1299
f 372/333/329 491/332/328 500/358/354
f 369/360/356 372/333/329 500/358/354
f 370/359/355 500/358/354 1334/1276/1301
f 367/1309/1334 370/359/355 1334/1276/1301
f 1333/1275/1300 491/332/328 371/331/327
f 371/331/327 366/1310/1335 1333/1275/1300
f 490/329/325 501/361/357 377/363/359
f 377/363/359 380/330/326 490/329/325
f 378/362/358 501/361/357 1336/1278/1303
f 375/1311/1336 378/362/358 1336/1278/1303
f 1335/1277/1302 490/329/325 379/328/324
f 379/328/324 374/1312/1337 1335/1277/1302
f 489/326/322 502/364/360 385/366/362
f 385/366/362 388/327/323 489/326/322
f 386/365/361 502/364/360 1338/1280/1305
f 383/1313/1338 386/365/361 1338/1280/1305
f 1337/1279/1304 489/326/322 387/325/321
f 387/325/321 382/1314/1339 1337/1279/1304
f 488/323/319 503/367/363 393/369/365
f 393/369/365 396/324/320 488/323/319
f 394/368/364 503/367/363 1340/1281/1306
f 391/1315/1340 394/368/364 1340/1281/1306
f 1339/1282/1307 488/323/319 395/322/318
f 395/322/318 390/1316/1341 1339/1282/1307
f 404/321/317 487/320/316 504/370/366
f 401/372/368 404/321/317 504/370/366
f 402/371/367 504/370/366 1342/1283/1308
f 399/1317/1342 402/371/367 1342/1283/1308
f 1341/1284/1309 487/320/316 403/319/315
f 403/319/315 398/1318/1343 1341/1284/1309
f 486/317/313 505/373/369 409/375/371
f 409/375/371 412/318/314 486/317/313
f 410/374/370 505/373/369 1344/1286/1311
f 407/1319/1344 410/374/370 1344/1286/1311
f 1343/1285/1310 486/317/313 411/316/312
f 411/316/312 406/1320/1345 1343/1285/1310
f 485/314/310 506/376/372 417/378/374
f 417/378/374 420/315/311 485/314/310
f 418/377/373 506/376/372 1346/1287/1312
f 415/1321/1346 418/377/373 1346/1287/1312
f 1345/1288/1313 485/314/310 419/313/309
f 419/313/309 414/1322/1347 1345/1288/1313
f 1326/1267/1292 336/1323/1348 335/1301/1326
f 1325/1268/1293 334/1302/1327 333/1324/1349
f 1326/1267/1292 1325/1268/1293 333/1324/1349
f 333/1324/1349 336/1323/1348 1326/1267/1292
f 1328/1269/1294 344/1325/1350 343/1303/1328
f 1327/1270/1295 342/1304/1329 341/1326/1351
f 344/1325/1350 1328/1269/1294 1327/1270/1295
f 341/1326/1351 344/1325/1350 1327/1270/1295
f 1330/1271/1296 352/1327/1352 351/1305/1330
f 1329/1272/1297 350/1306/1331 349/1328/1353
f 1330/1271/1296 1329/1272/1297 349/1328/1353
f 349/1328/1353 352/1327/1352 1330/1271/1296
f 1332/1273/1298 360/1329/1354 359/1307/1332
f 1331/1274/1299 358/1308/1333 357/1330/1355
f 1332/1273/1298 1331/1274/1299 357/1330/1355
f 357/1330/1355 360/1329/1354 1332/1273/1298
f 1334/1276/1301 368/1331/1356 367/1309/1334
f 1333/1275/1300 366/1310/1335 365/1332/1357
f 1334/1276/1301 1333/1275/1300 365/1332/1357
f 365/1332/1357 368/1331/1356 1334/1276/1301
f 1336/1278/1303 376/1333/1358 375/1311/1336
f 1335/1277/1302 374/1312/1337 373/1334/1359
f 376/1333/1358 1336/1278/1303 1335/1277/1302
f 373/1334/1359 376/1333/1358 1335/1277/1302
f 1338/1280/1305 384/1335/1360 383/1313/1338
f 1337/1279/1304 382/1314/1339 381/1336/1361
f 384/1335/1360 1338/1280/1305 1337/1279/1304
f 381/1336/1361 384/1335/1360 1337/1279/1304
f 1340/1281/1306 392/1337/1362 391/1315/1340
f 1339/1282/1307 390/1316/1341 389/1338/1363
f 1340/1281/1306 1339/1282/1307 389/1338/1363
f 389/1338/1363 392/1337/1362 1340/1281/1306
f 1342/1283/1308 400/1339/1364 399/1317/1342
f 1341/1284/1309 398/1318/1343 397/1340/1365
f 1342/1283/1308 1341/1284/1309 397/1340/1365
f 397/1340/1365 400/1339/1364 1342/1283/1308
f 1344/1286/1311 408/1341/1366 407/1319/1344
f 1343/1285/1310 406/1320/1345 405/1342/1367
f 1344/1286/1311 1343/1285/1310 405/1342/1367
f 405/1342/1367 408/1341/1366 1344/1286/1311
f 1346/1287/1312 416/1343/1368 415/1321/1346
f 1345/1288/1313 414/1322/1347 413/1344/1369
f 1346/1287/1312 1345/1288/1313 413/1344/1369
f 413/1344/1369 416/1343/1368 1346/1287/1312
f 1022/962/987 304/1345/1370 303/963/988
f 1023/964/989 302/965/990 301/1346/1371
f 304/1345/1370 1022/962/987 1023/964/989
f 301/1346/1371 304/1345/1370 1023/964/989
f 1348/1290/1315 312/1347/1372 311/1295/1320
f 1347/1289/1314 310/1296/1321 309/1348/1373
f 312/1347/1372 1348/1290/1315 1347/1289/1314
f 309/1348/1373 312/1347/1372 1347/1289/1314
f 1350/1292/1317 320/1349/1374 319/1297/1322
f 1349/1291/1316 318/1298/1323 317/1350/1375
f 320/1349/1374 1350/1292/1317 1349/1291/1316
f 317/1350/1375 320/1349/1374 1349/1291/1316
f 1352/1294/1319 328/1351/1376 327/1299/1324
f 1351/1293/1318 326/1300/1325 325/1352/1377
f 1352/1294/1319 1351/1293/1318 325/1352/1377
f 325/1352/1377 328/1351/1376 1352/1294/1319
g llanta_Mesh
v 1.229721 0.000000 -3.934183
v 1.253335 0.000000 -3.794179
v 1.253333 -0.788860 -3.711257
v 1.229719 -0.817968 -3.848215
v 1.335986 0.000000 -3.682168
v 1.454062 0.000000 -3.472158
v 1.454059 -0.721908 -3.396280
v 1.335986 -0.765574 -3.601700
v 1.513090 0.000000 -2.996125
v 1.513083 0.000001 -2.730110
v 1.513083 -0.567629 -2.670454
v 1.513090 -0.622937 -2.930648
v 1.253327 -1.543243 -3.466151
v 1.229712 -1.600190 -3.594051
v 1.454054 -1.412267 -3.171964
v 1.335980 -1.497687 -3.363825
v 1.513078 -1.110450 -2.494077
v 1.513083 -1.218651 -2.737097
v 1.253317 -2.230178 -3.069550
v 1.229702 -2.312475 -3.182817
v 1.454045 -2.040903 -2.809022
v 1.335970 -2.164343 -2.978929
v 1.513070 -1.604741 -2.208699
v 1.513075 -1.761100 -2.423908
v 1.253301 -2.819646 -2.538790
v 1.229688 -2.923692 -2.632473
v 1.454033 -2.580340 -2.323313
v 1.335955 -2.736409 -2.463840
v 1.513061 -2.028896 -1.826786
v 1.513066 -2.226584 -2.004786
v 1.253286 -3.285879 -1.897072
v 1.229670 -3.407130 -1.967075
v 1.454018 -3.007006 -1.736061
v 1.335940 -3.188880 -1.841069
v 1.513048 -2.364377 -1.365034
v 1.513050 -2.594752 -1.498043
v 1.253267 -3.608504 -1.172446
v 1.229651 -3.741660 -1.215706
v 1.454001 -3.302248 -1.072928
v 1.335920 -3.501979 -1.137833
v 1.513033 -2.596525 -0.843626
v 1.513036 -2.849521 -0.925829
v 1.253246 -3.773422 -0.396569
v 1.229631 -3.912663 -0.411206
v 1.453981 -3.453168 -0.362903
v 1.335900 -3.662030 -0.384861
v 1.513018 -2.715193 -0.285340
v 1.513021 -2.979750 -0.313147
v 1.253225 -3.773422 0.396633
v 1.229608 -3.912663 0.411270
v 1.453960 -3.453168 0.362979
v 1.335880 -3.662030 0.384930
v 1.513003 -2.715193 0.285418
v 1.513003 -2.979750 0.313222
v 1.253204 -3.608504 1.172510
v 1.229588 -3.741660 1.215772
v 1.453943 -3.302248 1.073004
v 1.335861 -3.501979 1.137899
v 1.512988 -2.596525 0.843702
v 1.512988 -2.849521 0.925904
v 1.253184 -3.285879 1.897138
v 1.229566 -3.407130 1.967136
v 1.453926 -3.007005 1.736130
v 1.335843 -3.188880 1.841136
v 1.512976 -2.364377 1.365112
v 1.512974 -2.594752 1.498123
v 1.253170 -2.819646 2.538857
v 1.229551 -2.923691 2.632534
v 1.453911 -2.580339 2.323388
v 1.335826 -2.736409 2.463907
v 1.512964 -2.028896 1.826865
v 1.512959 -2.226583 2.004864
v 1.253155 -2.230178 3.069610
v 1.229537 -2.312474 3.182878
v 1.453900 -2.040902 2.809096
v 1.335814 -2.164343 2.978997
v 1.512953 -1.604741 2.208776
v 1.512949 -1.761100 2.423988
v 1.253145 -1.543242 3.466217
v 1.229525 -1.600190 3.594117
v 1.453889 -1.412267 3.172042
v 1.335804 -1.497686 3.363894
v 1.512946 -1.110450 2.494154
v 1.512939 -1.218651 2.737173
v 1.253139 -0.788860 3.711330
v 1.229520 -0.817968 3.848274
v 1.453882 -0.721907 3.396354
v 1.335797 -0.765574 3.601772
v 1.512941 -0.567628 2.670531
v 1.512934 -0.622937 2.930734
v 1.253136 0.000001 3.794239
v 1.229517 0.000001 3.934247
v 1.453879 0.000001 3.472227
v 1.335795 0.000001 3.682237
v 1.512939 0.000001 2.730189
v 1.512934 0.000001 2.996202
v 1.253139 0.788862 3.711330
v 1.229520 0.817970 3.848274
v 1.453882 0.721909 3.396354
v 1.335797 0.765573 3.601772
v 1.512941 0.567630 2.670531
v 1.512934 0.622939 2.930734
v 1.253145 1.543244 3.466217
v 1.229525 1.600189 3.594117
v 1.453889 1.412269 3.172042
v 1.335804 1.497686 3.363894
v 1.512946 1.110452 2.494154
v 1.512939 1.218650 2.737173
v 1.253155 2.230180 3.069609
v 1.229537 2.312474 3.182879
v 1.453900 2.040902 2.809096
v 1.335814 2.164344 2.978997
v 1.512953 1.604742 2.208776
v 1.512949 1.761102 2.423987
v 1.253170 2.819648 2.538857
v 1.229551 2.923693 2.632534
v 1.453911 2.580342 2.323387
v 1.335826 2.736410 2.463907
v 1.512964 2.028898 1.826865
v 1.512959 2.226585 2.004864
v 1.253184 3.285881 1.897138
v 1.229566 3.407132 1.967136
v 1.453926 3.007007 1.736130
v 1.335843 3.188882 1.841136
v 1.512976 2.364378 1.365112
v 1.512974 2.594754 1.498123
v 1.253204 3.608505 1.172509
v 1.229588 3.741662 1.215772
v 1.453943 3.302249 1.073004
v 1.335861 3.501980 1.137899
v 1.512988 2.596526 0.843701
v 1.512988 2.849523 0.925904
v 1.253225 3.773423 0.396632
v 1.229608 3.912664 0.411269
v 1.453960 3.453169 0.362978
v 1.335880 3.662032 0.384929
v 1.513003 2.715193 0.285418
v 1.513003 2.979751 0.313222
v 1.253246 3.773423 -0.396570
v 1.229631 3.912664 -0.411206
v 1.453981 3.453169 -0.362904
v 1.335900 3.662032 -0.384862
v 1.513018 2.715193 -0.285340
v 1.513021 2.979751 -0.313147
v 1.253267 3.608505 -1.172446
v 1.229651 3.741662 -1.215706
v 1.454001 3.302249 -1.072928
v 1.335920 3.501980 -1.137834
v 1.513033 2.596526 -0.843627
v 1.513036 2.849523 -0.925829
v 1.253286 3.285880 -1.897073
v 1.229670 3.407131 -1.967075
v 1.454018 3.007006 -1.736060
v 1.335940 3.188881 -1.841069
v 1.513048 2.364378 -1.365034
v 1.513050 2.594754 -1.498044
v 1.253301 2.819647 -2.538790
v 1.229688 2.923692 -2.632473
v 1.454033 2.580341 -2.323314
v 1.335955 2.736410 -2.463840
v 1.513061 2.028897 -1.826787
v 1.513066 2.226584 -2.004786
v 1.253317 2.230180 -3.069550
v 1.229702 2.312473 -3.182817
v 1.454045 2.040901 -2.809022
v 1.335970 2.164344 -2.978928
v 1.513070 1.604742 -2.208700
v 1.513075 1.761101 -2.423907
v 1.253327 1.543244 -3.466151
v 1.229712 1.600189 -3.594052
v 1.454054 1.412268 -3.171964
v 1.335980 1.497685 -3.363825
v 1.513078 1.110451 -2.494077
v 1.513083 1.218650 -2.737097
v 1.253333 0.788861 -3.711257
v 1.229719 0.817969 -3.848215
v 1.454059 0.721909 -3.396280
v 1.335986 0.765573 -3.601700
v 1.513083 0.567630 -2.670454
v 1.513090 0.622938 -2.930648
v 1.442225 0.489036 -2.300691
v 1.442225 0.000001 -2.352088
v 1.442220 0.956696 -2.148741
v 1.442212 1.382547 -1.902876
v 1.442205 1.747973 -1.573845
v 1.442195 2.037004 -1.176026
v 1.442183 2.237008 -0.726813
v 1.442171 2.339243 -0.245824
v 1.442158 2.339243 0.245905
v 1.442145 2.237008 0.726882
v 1.442133 2.037004 1.176101
v 1.442123 1.747973 1.573918
v 1.442113 1.382548 1.902949
v 1.442108 0.956696 2.148815
v 1.442103 0.489036 2.300765
v 1.442100 0.000001 2.352165
v 1.442103 -0.489034 2.300765
v 1.442108 -0.956694 2.148815
v 1.442113 -1.382546 1.902949
v 1.442123 -1.747971 1.573918
v 1.442133 -2.037002 1.176101
v 1.442145 -2.237006 0.726883
v 1.442158 -2.339242 0.245905
v 1.442171 -2.339242 -0.245824
v 1.442183 -2.237006 -0.726812
v 1.442195 -2.037002 -1.176026
v 1.442205 -1.747971 -1.573845
v 1.442212 -1.382546 -1.902875
v 1.442220 -0.956695 -2.148741
v 1.442225 -0.489034 -2.300691
v -0.907538 0.815059 -3.834569
v -0.907536 0.000000 -3.920234
v -0.907545 1.594496 -3.581315
v -0.907555 2.304245 -3.171551
v -0.907569 2.913287 -2.623160
v -0.907587 3.395005 -1.960133
v -0.907607 3.728346 -1.211437
v -0.907626 3.898738 -0.409799
v -0.907649 3.898738 0.409749
v -0.907668 3.728346 1.211389
v -0.907688 3.395005 1.960085
v -0.907705 2.913288 2.623115
v -0.907721 2.304246 3.171499
v -0.907733 1.594496 3.581272
v -0.907738 0.815060 3.834525
v -0.907739 0.000001 3.920190
v -0.907738 -0.815058 3.834525
v -0.907733 -1.594494 3.581273
v -0.907721 -2.304244 3.171500
v -0.907705 -2.913285 2.623115
v -0.907688 -3.395004 1.960085
v -0.907668 -3.728345 1.211389
v -0.907649 -3.898739 0.409749
v -0.907626 -3.898739 -0.409798
v -0.907607 -3.728345 -1.211438
v -0.907587 -3.395004 -1.960132
v -0.907569 -2.913286 -2.623159
v -0.907555 -2.304245 -3.171551
v -0.907545 -1.594495 -3.581315
v -0.907538 -0.815059 -3.834569
v -1.202755 0.000000 -3.164207
v -1.084664 0.000000 -3.542224
v -1.084667 -0.736464 -3.464822
v -1.202757 -0.657867 -3.095059
v -0.954773 0.000000 -3.766234
v -0.954775 -0.783038 -3.683937
v -1.084672 -1.440739 -3.235984
v -1.202763 -1.286985 -2.890651
v -0.954780 -1.531855 -3.440623
v -1.084682 -2.082050 -2.865725
v -1.202772 -1.859854 -2.559901
v -0.954789 -2.213720 -3.046950
v -1.084697 -2.632364 -2.370218
v -1.202782 -2.351439 -2.117277
v -0.954804 -2.798838 -2.520113
v -1.084712 -3.067630 -1.771124
v -1.202798 -2.740252 -1.582119
v -0.954822 -3.261630 -1.883131
v -1.084729 -3.368825 -1.094624
v -1.202812 -3.009307 -0.977812
v -0.954839 -3.581874 -1.163847
v -1.084749 -3.522789 -0.370290
v -1.202829 -3.146839 -0.330777
v -0.954859 -3.745573 -0.393699
v -1.084769 -3.522789 0.370234
v -1.202846 -3.146839 0.330714
v -0.954880 -3.745573 0.393649
v -1.084786 -3.368825 1.094568
v -1.202864 -3.009307 0.977754
v -0.954900 -3.581874 1.163797
v -1.084803 -3.067629 1.771072
v -1.202879 -2.740252 1.582055
v -0.954918 -3.261630 1.883078
v -1.084821 -2.632364 2.370167
v -1.202893 -2.351438 2.117216
v -0.954935 -2.798838 2.520057
v -1.084834 -2.082049 2.865671
v -1.202907 -1.859854 2.559839
v -0.954951 -2.213720 3.046900
v -1.084843 -1.440739 3.235931
v -1.202914 -1.286984 2.890585
v -0.954960 -1.531854 3.440578
v -1.084849 -0.736464 3.464762
v -1.202919 -0.657867 3.094997
v -0.954965 -0.783038 3.683883
v -1.084851 0.000001 3.542170
v -1.202921 0.000001 3.164144
v -0.954967 0.000001 3.766181
v -1.084849 0.736466 3.464762
v -1.202919 0.657869 3.094997
v -0.954965 0.783040 3.683883
v -1.084843 1.440741 3.235931
v -1.202914 1.286986 2.890585
v -0.954960 1.531856 3.440578
v -1.084834 2.082049 2.865670
v -1.202907 1.859854 2.559839
v -0.954951 2.213722 3.046900
v -1.084821 2.632365 2.370167
v -1.202893 2.351440 2.117215
v -0.954935 2.798837 2.520057
v -1.084803 3.067631 1.771071
v -1.202879 2.740256 1.582055
v -0.954918 3.261632 1.883078
v -1.084786 3.368827 1.094568
v -1.202864 3.009308 0.977754
v -0.954900 3.581875 1.163797
v -1.084769 3.522791 0.370233
v -1.202846 3.146838 0.330714
v -0.954880 3.745574 0.393648
v -1.084749 3.522791 -0.370290
v -1.202829 3.146838 -0.330777
v -0.954859 3.745574 -0.393700
v -1.084729 3.368827 -1.094624
v -1.202812 3.009308 -0.977813
v -0.954839 3.581875 -1.163848
v -1.084712 3.067631 -1.771125
v -1.202798 2.740256 -1.582120
v -0.954822 3.261631 -1.883132
v -1.084697 2.632365 -2.370218
v -1.202782 2.351440 -2.117276
v -0.954804 2.798836 -2.520113
v -1.084682 2.082049 -2.865725
v -1.202772 1.859854 -2.559901
v -0.954789 2.213722 -3.046951
v -1.084672 1.440741 -3.235984
v -1.202763 1.286985 -2.890651
v -0.954780 1.531856 -3.440623
v -1.084667 0.736465 -3.464822
v -1.202757 0.657868 -3.095059
v -0.954775 0.783039 -3.683937
v -1.238194 0.555986 -2.615744
v -1.238192 0.000001 -2.674181
v -1.238199 1.087674 -2.442987
v -1.238206 1.571826 -2.163461
v -1.238217 1.987279 -1.789386
v -1.238226 2.315880 -1.337105
v -1.238241 2.543266 -0.826391
v -1.238256 2.659497 -0.279558
v -1.238271 2.659497 0.279493
v -1.238284 2.543266 0.826322
v -1.238298 2.315880 1.337037
v -1.238310 1.987279 1.789321
v -1.238321 1.571826 2.163399
v -1.238325 1.087675 2.442924
v -1.238330 0.555986 2.615676
v -1.238333 0.000001 2.674115
v -1.238330 -0.555987 2.615676
v -1.238325 -1.087672 2.442924
v -1.238321 -1.571824 2.163399
v -1.238310 -1.987278 1.789321
v -1.238298 -2.315878 1.337037
v -1.238284 -2.543262 0.826322
v -1.238271 -2.659497 0.279494
v -1.238256 -2.659497 -0.279558
v -1.238241 -2.543262 -0.826391
v -1.238226 -2.315878 -1.337105
v -1.238217 -1.987278 -1.789385
v -1.238206 -1.571824 -2.163461
v -1.238199 -1.087673 -2.442987
v -1.238194 -0.555987 -2.615744
vn 0.9879 -0.0038 -0.1548
vn 0.9862 0.0231 -0.1639
vn 0.9487 -0.0000 -0.3163
vn 0.9068 -0.0902 -0.4119
vn 0.9499 -0.0542 -0.3078
vn 0.8464 -0.1208 -0.5187
vn 0.8349 -0.0074 -0.5503
vn 0.9369 0.0105 -0.3494
vn 0.9973 0.0154 0.0724
vn 0.9981 -0.0149 -0.0598
vn 0.9981 -0.0000 -0.0616
vn 0.9924 -0.0000 0.1233
vn 0.9924 0.0424 -0.1152
vn 0.9206 -0.1588 -0.3567
vn 0.9499 -0.1271 -0.2854
vn 0.8284 -0.2278 -0.5117
vn 0.9968 0.0297 0.0736
vn 0.9981 -0.0251 -0.0563
vn 0.9205 -0.2185 -0.3239
vn 0.9925 -0.1016 -0.0683
vn 0.8445 -0.3220 -0.4279
vn 0.9615 -0.1636 -0.2207
vn 0.9986 -0.0296 -0.0438
vn 0.9938 0.0621 0.0921
vn 0.9205 -0.2810 -0.2714
vn 0.9931 0.0257 -0.1143
vn 0.9369 -0.2527 -0.2416
vn 0.8396 -0.4162 -0.3491
vn 0.9969 0.0570 0.0551
vn 0.9966 -0.0611 -0.0550
vn 0.9068 -0.3639 -0.2130
vn 0.9925 -0.1206 -0.0210
vn 0.9408 -0.2926 -0.1711
vn 0.8397 -0.4702 -0.2715
vn 0.9986 -0.0467 -0.0248
vn 0.9924 0.1067 0.0617
vn 0.9206 -0.3738 -0.1134
vn 0.9904 -0.1269 -0.0550
vn 0.8396 -0.5104 -0.1858
vn 0.9583 -0.2739 -0.0811
vn 0.9981 0.0586 0.0191
vn 0.9981 -0.0587 -0.0190
vn 0.9382 -0.3439 -0.0397
vn 0.9904 -0.1356 -0.0274
vn 0.8349 -0.5466 -0.0648
vn 0.9499 -0.3118 -0.0217
vn 0.9981 -0.0611 -0.0086
vn 0.9957 0.0916 0.0129
vn 0.9333 -0.3579 0.0284
vn 0.9949 -0.0756 0.0666
vn 0.8397 -0.5399 0.0586
vn 0.9499 -0.3095 0.0435
vn 0.9981 -0.0615 0.0043
vn 0.9957 0.0923 -0.0064
vn 0.9927 -0.0891 -0.0810
vn 0.9067 -0.4003 0.1328
vn 0.8508 -0.4998 0.1624
vn 0.9500 -0.2971 0.0965
vn 0.9981 -0.0586 0.0191
vn 0.9938 0.1067 -0.0306
vn 0.9879 -0.1461 0.0515
vn 0.9205 -0.3313 0.2071
vn 0.9499 -0.2760 0.1467
vn 0.8398 -0.4711 0.2699
vn 0.9944 0.0915 -0.0528
vn 0.9981 -0.0523 0.0327
vn 0.9879 -0.1322 0.0808
vn 0.9205 -0.2810 0.2715
vn 0.9408 -0.2532 0.2254
vn 0.8329 -0.4195 0.3609
vn 0.9957 0.0666 -0.0643
vn 0.9981 -0.0444 0.0429
vn 0.9879 -0.1125 0.1065
vn 0.9205 -0.2185 0.3240
vn 0.8445 -0.3220 0.4280
vn 0.9683 -0.1467 0.2019
vn 0.9973 0.0435 -0.0598
vn 0.9988 -0.0290 0.0399
vn 0.9922 -0.0073 0.1244
vn 0.9205 -0.1463 0.3623
vn 0.9408 -0.1361 0.3104
vn 0.8329 -0.2364 0.5004
vn 0.9957 0.0376 -0.0844
vn 0.9973 -0.0324 0.0665
vn 0.9941 -0.0895 0.0608
vn 0.9009 -0.0777 0.4271
vn 0.8396 -0.1315 0.5271
vn 0.9369 -0.0624 0.3440
vn 0.9975 -0.0146 0.0689
vn 0.9973 0.0154 -0.0724
vn 0.9333 0.0091 0.3590
vn 0.9886 -0.0161 0.1498
vn 0.8445 -0.0089 0.5355
vn 0.9683 -0.0000 0.2496
vn 0.9992 -0.0000 0.0411
vn 0.9924 -0.0000 -0.1232
vn 0.9879 0.0038 0.1549
vn 0.9205 0.0945 0.3791
vn 0.9275 0.0777 0.3658
vn 0.8329 0.1028 0.5438
vn 0.9981 -0.0128 -0.0603
vn 0.9966 0.0171 0.0804
vn 0.9879 0.0359 0.1507
vn 0.9381 0.1441 0.3148
vn 0.8349 0.2171 0.5058
vn 0.9499 0.1330 0.2827
vn 0.9981 0.0271 0.0556
vn 0.9944 -0.0430 -0.0965
vn 0.9886 0.0744 0.1306
vn 0.9008 0.2447 0.3586
vn 0.8445 0.3220 0.4280
vn 0.9683 0.1467 0.2019
vn 0.9988 0.0290 0.0399
vn 0.9973 -0.0435 -0.0598
vn 0.9205 0.2810 0.2715
vn 0.9904 0.0936 0.1019
vn 0.9408 0.2532 0.2254
vn 0.8329 0.4195 0.3609
vn 0.9981 0.0444 0.0429
vn 0.9957 -0.0666 -0.0643
vn 0.9205 0.3313 0.2071
vn 0.9904 0.1127 0.0802
vn 0.8397 0.4711 0.2699
vn 0.9499 0.2760 0.1467
vn 0.9981 0.0523 0.0327
vn 0.9944 -0.0915 -0.0528
vn 0.9067 0.4003 0.1328
vn 0.9931 0.0230 0.1149
vn 0.8508 0.4998 0.1624
vn 0.9500 0.2971 0.0965
vn 0.9981 0.0587 0.0191
vn 0.9957 -0.0879 -0.0285
vn 0.9333 0.3579 0.0284
vn 0.9928 0.1020 -0.0632
vn 0.9499 0.3095 0.0435
vn 0.8397 0.5399 0.0586
vn 0.9944 -0.1051 -0.0110
vn 0.9981 0.0615 0.0043
vn 0.9879 0.1544 0.0124
vn 0.9382 0.3439 -0.0397
vn 0.9499 0.3118 -0.0217
vn 0.8349 0.5466 -0.0648
vn 0.9957 -0.0916 0.0129
vn 0.9981 0.0611 -0.0086
vn 0.9879 0.1536 -0.0200
vn 0.9206 0.3738 -0.1133
vn 0.9583 0.2739 -0.0811
vn 0.8396 0.5104 -0.1858
vn 0.9981 0.0586 -0.0190
vn 0.9922 0.0790 -0.0963
vn 0.9068 0.3639 -0.2130
vn 0.9408 0.2926 -0.1711
vn 0.8397 0.4703 -0.2716
vn 0.9986 0.0467 -0.0248
vn 0.9924 -0.1067 0.0617
vn 0.9927 0.1143 0.0378
vn 0.9205 0.2810 -0.2714
vn 0.8396 0.4162 -0.3491
vn 0.9369 0.2527 -0.2416
vn 0.9969 -0.0570 0.0551
vn 0.9966 0.0611 -0.0550
vn 0.9922 0.0330 -0.1201
vn 0.9205 0.2185 -0.3239
vn 0.8445 0.3220 -0.4280
vn 0.9615 0.1636 -0.2207
vn 0.9986 0.0296 -0.0438
vn 0.9938 -0.0621 0.0921
vn 0.9941 0.1002 -0.0407
vn 0.9206 0.1588 -0.3568
vn 0.9583 0.1230 -0.2578
vn 0.8349 0.2171 -0.5057
vn 0.9968 -0.0297 0.0736
vn 0.9981 0.0251 -0.0563
vn 0.9068 0.0902 -0.4119
vn 0.9904 0.0414 -0.1319
vn 0.9499 0.0713 -0.3042
vn 0.8464 0.1006 -0.5230
vn 0.9981 0.0149 -0.0598
vn 0.9973 -0.0154 0.0724
vn 0.9829 -0.0383 0.1802
vn 0.9829 -0.0000 0.1842
vn 0.9829 -0.0808 0.1657
vn 0.9829 -0.1135 0.1453
vn 0.9829 -0.1412 0.1185
vn 0.9829 -0.1595 0.0921
vn 0.9829 -0.1752 0.0570
vn 0.9829 -0.1839 0.0129
vn 0.9829 -0.1832 -0.0192
vn 0.9829 -0.1752 -0.0569
vn 0.9829 -0.1595 -0.0921
vn 0.9829 -0.1412 -0.1184
vn 0.9829 -0.1083 -0.1490
vn 0.9829 -0.0749 -0.1683
vn 0.9829 -0.0383 -0.1802
vn 0.9829 -0.0000 -0.1842
vn 0.9829 0.0383 -0.1802
vn 0.9829 0.0749 -0.1683
vn 0.9829 0.1083 -0.1490
vn 0.9829 0.1412 -0.1184
vn 0.9829 0.1595 -0.0921
vn 0.9829 0.1732 -0.0630
vn 0.9829 0.1825 -0.0257
vn 0.9829 0.1839 0.0129
vn 0.9829 0.1752 0.0570
vn 0.9829 0.1595 0.0921
vn 0.9829 0.1412 0.1185
vn 0.9829 0.1135 0.1453
vn 0.9829 0.0808 0.1657
vn 0.9829 0.0383 0.1802
vn -0.9298 -0.0000 -0.3680
vn -0.8999 -0.0907 -0.4266
vn -0.9825 -0.0387 -0.1823
vn -0.9825 -0.0000 -0.1864
vn -0.9609 0.0110 -0.2767
vn -0.9638 -0.0668 -0.2579
vn -0.9254 -0.0727 -0.3719
vn -0.9006 -0.0000 -0.4346
vn -0.9298 -0.1497 -0.3362
vn -0.9825 -0.0758 -0.1703
vn -0.9638 -0.1189 -0.2385
vn -0.9099 -0.1647 -0.3808
vn -0.8999 -0.2564 -0.3529
vn -0.9793 -0.1182 -0.1645
vn -0.9617 -0.1611 -0.2217
vn -0.9311 -0.2144 -0.2951
vn -0.9218 -0.2931 -0.2538
vn -0.9865 -0.1205 -0.1106
vn -0.9618 -0.2033 -0.1831
vn -0.9071 -0.3056 -0.2895
vn -0.9154 -0.3554 -0.1889
vn -0.9854 -0.1450 -0.0890
vn -0.9859 -0.1465 -0.0813
vn -0.9164 -0.3393 -0.2121
vn -0.9062 -0.4053 -0.1205
vn -0.9793 -0.1930 -0.0616
vn -0.9576 -0.2338 -0.1680
vn -0.9229 -0.3638 -0.1262
vn -0.9218 -0.3863 -0.0330
vn -0.9825 -0.1853 -0.0195
vn -0.9568 -0.2777 -0.0866
vn -0.9165 -0.3974 -0.0455
vn -0.9062 -0.4192 0.0547
vn -0.9825 -0.1853 0.0195
vn -0.9805 -0.1945 0.0275
vn -0.9071 -0.4196 0.0334
vn -0.9298 -0.3499 0.1137
vn -0.9865 -0.1551 0.0520
vn -0.9859 -0.1585 0.0545
vn -0.9099 -0.3959 0.1240
vn -0.9090 -0.3588 0.2123
vn -0.9825 -0.1634 0.0897
vn -0.9568 -0.2185 0.1920
vn -0.9254 -0.3312 0.1840
vn -0.9154 -0.2895 0.2796
vn -0.9779 -0.1595 0.1351
vn -0.9639 -0.1900 0.1868
vn -0.9164 -0.3066 0.2572
vn -0.9154 -0.2251 0.3337
vn -0.9825 -0.1148 0.1469
vn -0.9639 -0.1470 0.2222
vn -0.9165 -0.2464 0.3153
vn -0.9062 -0.1622 0.3904
vn -0.9825 -0.0758 0.1702
vn -0.9577 -0.0316 0.2862
vn -0.9229 -0.1635 0.3486
vn -0.9218 -0.0732 0.3807
vn -0.9865 -0.0325 0.1603
vn -0.9859 -0.0377 0.1632
vn -0.9165 -0.0868 0.3904
vn -0.9155 -0.0000 0.4023
vn -0.9746 -0.0000 0.2241
vn -0.9619 -0.0000 0.2736
vn -0.9006 -0.0000 0.4346
vn -0.9218 0.0732 0.3807
vn -0.9889 0.0308 0.1450
vn -0.9859 0.0377 0.1632
vn -0.9166 0.0867 0.3904
vn -0.9062 0.1622 0.3904
vn -0.9746 0.0911 0.2047
vn -0.9577 0.0316 0.2862
vn -0.9229 0.1635 0.3486
vn -0.9154 0.2250 0.3337
vn -0.9854 0.1036 0.1349
vn -0.9639 0.1470 0.2222
vn -0.9165 0.2464 0.3153
vn -0.9154 0.2895 0.2796
vn -0.9779 0.1595 0.1351
vn -0.9639 0.1900 0.1868
vn -0.9164 0.3066 0.2572
vn -0.9089 0.3588 0.2123
vn -0.9825 0.1634 0.0897
vn -0.9568 0.2185 0.1920
vn -0.9254 0.3312 0.1840
vn -0.9298 0.3499 0.1137
vn -0.9865 0.1551 0.0520
vn -0.9859 0.1585 0.0545
vn -0.9099 0.3959 0.1240
vn -0.9062 0.4192 0.0547
vn -0.9825 0.1853 0.0195
vn -0.9805 0.1945 0.0275
vn -0.9071 0.4196 0.0334
vn -0.9218 0.3863 -0.0330
vn -0.9825 0.1853 -0.0195
vn -0.9568 0.2777 -0.0866
vn -0.9165 0.3974 -0.0455
vn -0.9062 0.4052 -0.1206
vn -0.9825 0.1772 -0.0576
vn -0.9576 0.2338 -0.1680
vn -0.9229 0.3638 -0.1262
vn -0.9154 0.3554 -0.1890
vn -0.9779 0.1779 -0.1100
vn -0.9859 0.1465 -0.0813
vn -0.9164 0.3393 -0.2121
vn -0.9218 0.2931 -0.2538
vn -0.9865 0.1225 -0.1083
vn -0.9619 0.2033 -0.1831
vn -0.9071 0.3056 -0.2895
vn -0.9090 0.2414 -0.3399
vn -0.9854 0.1036 -0.1350
vn -0.9859 0.0961 -0.1373
vn -0.9254 0.2277 -0.3029
vn -0.9242 0.1495 -0.3513
vn -0.9779 0.0908 -0.1884
vn -0.9576 0.1915 -0.2150
vn -0.9165 0.1627 -0.3654
vn -0.8999 0.0907 -0.4266
vn -0.9825 0.0387 -0.1823
vn -0.9638 0.0668 -0.2579
vn -0.9254 0.0727 -0.3719
vn -0.9974 -0.0000 -0.0721
vn -0.9974 0.0150 -0.0706
vn -0.9974 0.0293 -0.0659
vn -0.9974 0.0424 -0.0584
vn -0.9974 0.0519 -0.0502
vn -0.9974 0.0624 -0.0361
vn -0.9974 0.0686 -0.0223
vn -0.9974 0.0717 -0.0076
vn -0.9974 0.0717 0.0075
vn -0.9974 0.0693 0.0199
vn -0.9974 0.0637 0.0340
vn -0.9974 0.0536 0.0482
vn -0.9974 0.0424 0.0583
vn -0.9974 0.0293 0.0658
vn -0.9974 0.0150 0.0705
vn -0.9974 -0.0000 0.0721
vn -0.9974 -0.0174 0.0700
vn -0.9974 -0.0293 0.0658
vn -0.9974 -0.0405 0.0598
vn -0.9974 -0.0536 0.0482
vn -0.9974 -0.0637 0.0338
vn -0.9974 -0.0694 0.0198
vn -0.9974 -0.0717 0.0075
vn -0.9974 -0.0717 -0.0076
vn -0.9974 -0.0678 -0.0246
vn -0.9974 -0.0624 -0.0361
vn -0.9974 -0.0553 -0.0464
vn -0.9974 -0.0444 -0.0569
vn -0.9974 -0.0293 -0.0659
vn -0.9974 -0.0150 -0.0706
vt 0.165506 0.923039
vt 0.165506 0.843239
vt 0.179209 0.844659
vt 0.179210 0.921620
vt 0.931248 0.571524
vt 0.907969 0.573654
vt 0.907969 0.498966
vt 0.931248 0.501096
vt 0.234035 0.031598
vt 0.228669 0.006353
vt 0.289109 0.000000
vt 0.289109 0.025810
vt 0.236101 0.923040
vt 0.236101 0.843239
vt 0.249805 0.844660
vt 0.249803 0.921620
vt 0.069837 0.915798
vt 0.046558 0.917928
vt 0.046558 0.843239
vt 0.069837 0.845369
vt 0.181368 0.048711
vt 0.170870 0.025132
vt 0.986804 0.704029
vt 0.973101 0.705450
vt 0.973101 0.625649
vt 0.986804 0.627069
vt 0.891009 0.276594
vt 0.891009 0.201906
vt 0.914288 0.204036
vt 0.914288 0.274464
vt 0.118239 0.055519
vt 0.133410 0.076400
vt 0.771521 0.980038
vt 0.757819 0.981458
vt 0.757819 0.901657
vt 0.771521 0.903077
vt 0.931248 0.495131
vt 0.907969 0.497261
vt 0.907969 0.422573
vt 0.931248 0.424703
vt 0.092256 0.113455
vt 0.073076 0.096184
vt 0.794158 0.980038
vt 0.780455 0.981458
vt 0.780455 0.901658
vt 0.794158 0.903077
vt 0.928296 0.698208
vt 0.905017 0.700338
vt 0.905017 0.625649
vt 0.928296 0.627779
vt 0.037354 0.145351
vt 0.059706 0.158256
vt 0.734403 0.980038
vt 0.720700 0.981458
vt 0.720700 0.901658
vt 0.734403 0.903078
vt 0.882099 0.920968
vt 0.882099 0.846280
vt 0.905378 0.848410
vt 0.905378 0.918839
vt 0.037182 0.208845
vt 0.012635 0.200869
vt 0.976053 0.580753
vt 0.962351 0.582173
vt 0.962351 0.502373
vt 0.976053 0.503792
vt 0.697197 0.908757
vt 0.697197 0.834068
vt 0.720476 0.836198
vt 0.720476 0.906627
vt 0.000000 0.260315
vt 0.025669 0.263013
vt 0.974645 0.283694
vt 0.960942 0.285114
vt 0.960942 0.205314
vt 0.974645 0.206734
vt 0.000000 0.917928
vt -0.000000 0.843239
vt 0.023279 0.845369
vt 0.023279 0.915798
vt 0.000000 0.321088
vt 0.025669 0.318390
vt 0.960942 0.205314
vt 0.960942 0.125513
vt 0.974645 0.126933
vt 0.974645 0.203894
vt 0.324024 0.917927
vt 0.324024 0.843238
vt 0.347303 0.845368
vt 0.347303 0.915797
vt 0.012635 0.380533
vt 0.037182 0.372557
vt 0.973463 0.926080
vt 0.973462 0.846280
vt 0.987165 0.847700
vt 0.987165 0.924660
vt 0.494225 0.923464
vt 0.470946 0.925594
vt 0.470946 0.850906
vt 0.494225 0.853036
vt 0.059706 0.423147
vt 0.037354 0.436052
vt 0.974645 0.364915
vt 0.974645 0.285114
vt 0.988347 0.286534
vt 0.988347 0.363495
vt 0.370582 0.915797
vt 0.347303 0.917927
vt 0.347303 0.843238
vt 0.370582 0.845368
vt 0.092256 0.467948
vt 0.073076 0.485219
vt 0.959398 0.705450
vt 0.959399 0.625649
vt 0.973101 0.627070
vt 0.973101 0.704030
vt 0.371433 0.925594
vt 0.371433 0.850906
vt 0.394712 0.853036
vt 0.394712 0.923464
vt 0.133410 0.505003
vt 0.118239 0.525884
vt 0.959760 0.926080
vt 0.959760 0.846280
vt 0.973462 0.847700
vt 0.973462 0.924660
vt 0.882099 0.918838
vt 0.858820 0.920968
vt 0.858820 0.846280
vt 0.602119 0.817599
vt 0.623635 0.826739
vt 0.602119 0.893801
vt 0.181368 0.532692
vt 0.170870 0.556271
vt 0.697197 0.988557
vt 0.697197 0.908757
vt 0.710900 0.910177
vt 0.710900 0.987137
vt 0.180461 0.926068
vt 0.180461 0.851380
vt 0.203740 0.853510
vt 0.203740 0.923939
vt 0.228669 0.575051
vt 0.234035 0.549805
vt 0.974842 0.122674
vt 0.961139 0.124094
vt 0.961139 0.044293
vt 0.974842 0.045713
vt 0.142227 0.917928
vt 0.142227 0.843239
vt 0.165506 0.845370
vt 0.165506 0.915798
vt 0.289109 0.581403
vt 0.289109 0.555593
vt 0.974645 0.285114
vt 0.974645 0.364914
vt 0.960942 0.363494
vt 0.960943 0.286534
vt 0.509180 0.845368
vt 0.532459 0.843238
vt 0.532459 0.917927
vt 0.509180 0.915797
vt 0.344183 0.549805
vt 0.349549 0.575051
vt 0.988907 0.765060
vt 0.988906 0.844860
vt 0.975204 0.843440
vt 0.975204 0.766480
vt 0.928657 0.846280
vt 0.928657 0.920968
vt 0.905378 0.918838
vt 0.905378 0.848409
vt 0.407348 0.556271
vt 0.396850 0.532692
vt 0.322772 0.859345
vt 0.322772 0.939145
vt 0.309069 0.937726
vt 0.309069 0.860765
vt 0.914288 0.278299
vt 0.914288 0.352987
vt 0.891009 0.350857
vt 0.891009 0.280428
vt 0.459979 0.525884
vt 0.444808 0.505003
vt 0.562965 0.870218
vt 0.576667 0.868797
vt 0.576667 0.948598
vt 0.562964 0.947178
vt 0.212822 0.845369
vt 0.236101 0.843239
vt 0.236101 0.917928
vt 0.212822 0.915798
vt 0.505142 0.485219
vt 0.485962 0.467948
vt 0.974842 0.045714
vt 0.988545 0.044293
vt 0.988545 0.124094
vt 0.974842 0.122674
vt 0.142227 0.843239
vt 0.142227 0.917928
vt 0.118949 0.915798
vt 0.118948 0.845369
vt 0.540864 0.436052
vt 0.518512 0.423147
vt 0.961501 0.766480
vt 0.975204 0.765060
vt 0.975204 0.844860
vt 0.961501 0.843440
vt 0.855335 0.846280
vt 0.855335 0.920968
vt 0.832056 0.918838
vt 0.832056 0.848410
vt 0.565583 0.380533
vt 0.541036 0.372557
vt 0.577098 0.895411
vt 0.590801 0.893991
vt 0.590801 0.973792
vt 0.577098 0.972372
vt 0.891206 0.051251
vt 0.914485 0.049121
vt 0.914485 0.123810
vt 0.891206 0.121680
vt 0.552549 0.318390
vt 0.578218 0.321088
vt 0.976053 0.422573
vt 0.976053 0.502373
vt 0.962351 0.500953
vt 0.962351 0.423993
vt 0.891009 0.127644
vt 0.914288 0.125513
vt 0.914288 0.200202
vt 0.891009 0.198072
vt 0.552549 0.263013
vt 0.578218 0.260315
vt 0.821563 0.899954
vt 0.821563 0.979754
vt 0.807860 0.978334
vt 0.807860 0.901373
vt 0.807861 0.827395
vt 0.831140 0.825265
vt 0.831140 0.899954
vt 0.807860 0.897824
vt 0.541036 0.208845
vt 0.565583 0.200869
vt 0.748106 0.901658
vt 0.748106 0.981458
vt 0.734403 0.980038
vt 0.734403 0.903077
vt 0.438761 0.845368
vt 0.462040 0.843238
vt 0.462040 0.917926
vt 0.438761 0.915797
vt 0.540864 0.145351
vt 0.518512 0.158256
vt 0.807861 0.901658
vt 0.807861 0.981458
vt 0.794158 0.980038
vt 0.794158 0.903077
vt 0.930399 0.769888
vt 0.930399 0.844576
vt 0.907120 0.842446
vt 0.907120 0.772018
vt 0.485962 0.113454
vt 0.505142 0.096184
vt 0.988347 0.125513
vt 0.988347 0.205314
vt 0.974645 0.203894
vt 0.974645 0.126933
vt 0.273219 0.851380
vt 0.273219 0.926068
vt 0.249940 0.923938
vt 0.249940 0.853509
vt 0.459979 0.055519
vt 0.444808 0.076400
vt 0.988347 0.205314
vt 0.988347 0.285114
vt 0.974645 0.283694
vt 0.974645 0.206734
vt 0.023279 0.845370
vt 0.046558 0.843239
vt 0.046558 0.917928
vt 0.023279 0.915798
vt 0.396850 0.048711
vt 0.407348 0.025132
vt 0.532459 0.844659
vt 0.546162 0.843239
vt 0.546162 0.923039
vt 0.532460 0.921619
vt 0.415482 0.845368
vt 0.438761 0.843238
vt 0.438761 0.917927
vt 0.415481 0.915797
vt 0.349549 0.006353
vt 0.344183 0.031598
vt 0.494226 0.852326
vt 0.507928 0.850906
vt 0.507928 0.930706
vt 0.494225 0.929286
vt 0.285790 0.861475
vt 0.309069 0.859345
vt 0.309069 0.934034
vt 0.285790 0.931904
vt 0.794937 0.769888
vt 0.794938 0.825265
vt 0.757819 0.821431
vt 0.757819 0.773721
vt 0.578218 0.145686
vt 0.624508 0.140858
vt 0.624508 0.211287
vt 0.578218 0.206459
vt 0.212822 0.919064
vt 0.226280 0.917928
vt 0.226280 0.994888
vt 0.212822 0.993752
vt 0.756439 0.570104
vt 0.793558 0.566270
vt 0.793558 0.621648
vt 0.756440 0.617814
vt 0.578218 0.004828
vt 0.624507 0.000000
vt 0.624507 0.070429
vt 0.288986 0.651831
vt 0.324024 0.682463
vt 0.288986 0.732119
vt 0.428940 0.917927
vt 0.428940 0.994887
vt 0.415481 0.993750
vt 0.415482 0.919062
vt 0.803848 0.184725
vt 0.840966 0.180891
vt 0.840966 0.236268
vt 0.803848 0.232434
vt 0.670796 0.281715
vt 0.670796 0.352144
vt 0.624507 0.347316
vt 0.624508 0.286543
vt 0.672176 0.911596
vt 0.685635 0.910460
vt 0.685635 0.987420
vt 0.672176 0.986284
vt 0.802733 0.362225
vt 0.839851 0.358391
vt 0.839851 0.413769
vt 0.802733 0.409935
vt 0.092578 0.581403
vt 0.092578 0.651831
vt 0.046289 0.647004
vt 0.046289 0.586230
vt 0.624507 0.911247
vt 0.637966 0.910110
vt 0.637966 0.987071
vt 0.624507 0.985935
vt 0.249940 0.787862
vt 0.282302 0.806442
vt 0.249940 0.851380
vt 0.867732 0.421909
vt 0.839851 0.397107
vt 0.867732 0.358391
vt 0.578218 0.568259
vt 0.624507 0.563431
vt 0.624507 0.633859
vt 0.578218 0.629032
vt 0.509180 0.919063
vt 0.522638 0.917927
vt 0.522638 0.994887
vt 0.509180 0.993751
vt 0.322909 0.803968
vt 0.322909 0.859345
vt 0.285790 0.855511
vt 0.285790 0.807802
vt 0.578218 0.497830
vt 0.624507 0.493002
vt 0.624507 0.563431
vt 0.578218 0.558603
vt 0.249559 0.923040
vt 0.249559 1.000000
vt 0.236101 0.998864
vt 0.236101 0.924176
vt 0.720700 0.773722
vt 0.757818 0.769888
vt 0.757819 0.825265
vt 0.720700 0.821432
vt 0.462891 0.581403
vt 0.462891 0.651831
vt 0.416602 0.647003
vt 0.416602 0.586230
vt 0.928657 0.920968
vt 0.928657 0.997929
vt 0.915199 0.996793
vt 0.915199 0.922104
vt 0.803848 0.295480
vt 0.840966 0.291646
vt 0.840966 0.347023
vt 0.803848 0.343190
vt 0.670796 0.352144
vt 0.670796 0.422572
vt 0.624507 0.417744
vt 0.624507 0.356971
vt 0.532459 0.924175
vt 0.545917 0.923039
vt 0.545917 0.999999
vt 0.532459 0.998863
vt 0.408551 0.795528
vt 0.408551 0.850906
vt 0.371433 0.847072
vt 0.371433 0.799362
vt 0.185156 0.581403
vt 0.185156 0.651832
vt 0.138868 0.647004
vt 0.138867 0.586231
vt 0.142228 0.919064
vt 0.155686 0.917928
vt 0.155686 0.994889
vt 0.142227 0.993753
vt 0.509180 0.791695
vt 0.546298 0.787861
vt 0.546298 0.843239
vt 0.509180 0.839405
vt 0.624507 0.427400
vt 0.670796 0.422573
vt 0.670796 0.493001
vt 0.624507 0.488174
vt 0.442398 0.917927
vt 0.442398 0.994887
vt 0.428940 0.993751
vt 0.428940 0.919063
vt 0.142227 0.787862
vt 0.142227 0.843239
vt 0.105109 0.839405
vt 0.105109 0.791696
vt 0.000000 0.586231
vt 0.046289 0.581403
vt 0.046289 0.651832
vt 0.000000 0.647004
vt 0.989512 0.422573
vt 0.989512 0.499533
vt 0.976053 0.498397
vt 0.976053 0.423709
vt 0.840966 0.125513
vt 0.840966 0.180891
vt 0.803848 0.177057
vt 0.803848 0.129347
vt 0.277734 0.586231
vt 0.324024 0.581403
vt 0.324024 0.651831
vt 0.277735 0.647004
vt 0.013458 0.917928
vt 0.013458 0.994888
vt 0.000000 0.993752
vt -0.000000 0.919064
vt 0.212822 0.791696
vt 0.249940 0.787862
vt 0.249940 0.843239
vt 0.212822 0.839406
vt 0.670796 0.070429
vt 0.670796 0.140858
vt 0.624507 0.136030
vt 0.624507 0.075257
vt 0.069837 0.917927
vt 0.069837 0.994888
vt 0.056379 0.993752
vt 0.056379 0.919063
vt 0.802733 -0.000000
vt 0.802733 0.055377
vt 0.765614 0.051543
vt 0.765615 0.003834
vt 0.277734 0.581403
vt 0.277734 0.651832
vt 0.231446 0.647004
vt 0.231445 0.586231
vt 0.019641 0.919064
vt 0.033100 0.917928
vt 0.033100 0.994888
vt 0.019641 0.993752
vt 0.794937 0.773722
vt 0.832056 0.769888
vt 0.832056 0.825265
vt 0.794938 0.821431
vt 0.370313 0.586231
vt 0.416602 0.581403
vt 0.416602 0.651831
vt 0.370313 0.647004
vt 0.442398 0.919063
vt 0.455856 0.917926
vt 0.455856 0.994887
vt 0.442398 0.993751
vt 0.796052 0.757419
vt 0.796052 0.702042
vt 0.833170 0.705876
vt 0.833170 0.753586
vt 0.324024 0.651831
vt 0.324024 0.581403
vt 0.370312 0.586231
vt 0.895557 0.996792
vt 0.882099 0.997928
vt 0.882099 0.920968
vt 0.895557 0.922104
vt 0.802733 0.409934
vt 0.765614 0.413769
vt 0.765614 0.358391
vt 0.802732 0.362225
vt 0.509180 0.647004
vt 0.462891 0.651832
vt 0.462891 0.581403
vt 0.509180 0.586230
vt 0.350940 0.993751
vt 0.337482 0.994887
vt 0.337482 0.917927
vt 0.350940 0.919063
vt -0.000000 0.843239
vt -0.000000 0.787862
vt 0.037118 0.791696
vt 0.037118 0.839406
vt 0.670796 0.276887
vt 0.624507 0.281715
vt 0.624507 0.211287
vt 0.670796 0.216114
vt 0.142227 0.993752
vt 0.128769 0.994888
vt 0.128769 0.917928
vt 0.142227 0.919064
vt 0.840966 0.287812
vt 0.803848 0.291646
vt 0.803848 0.236268
vt 0.840966 0.240102
vt 0.624507 0.211286
vt 0.624507 0.140858
vt 0.670797 0.145686
vt 0.670796 0.206459
vt 0.337482 0.993751
vt 0.324024 0.994887
vt 0.324023 0.917927
vt 0.337482 0.919063
vt 0.075352 0.839405
vt 0.038233 0.843239
vt 0.038234 0.787862
vt 0.075352 0.791696
vt 0.578218 0.493002
vt 0.578218 0.422573
vt 0.624507 0.427401
vt 0.624507 0.488174
vt 0.128769 0.993752
vt 0.115311 0.994888
vt 0.115311 0.917928
vt 0.128769 0.919064
vt 0.415482 0.843238
vt 0.415482 0.787861
vt 0.452600 0.791695
vt 0.452600 0.839405
vt 0.624507 0.563429
vt 0.624507 0.493001
vt 0.670796 0.497829
vt 0.670796 0.558602
vt 0.882099 0.996792
vt 0.868640 0.997928
vt 0.868640 0.920968
vt 0.882099 0.922104
vt 0.142227 0.843239
vt 0.142227 0.787862
vt 0.179346 0.791696
vt 0.179346 0.839405
vt 0.138867 0.647004
vt 0.092578 0.651832
vt 0.092578 0.581403
vt 0.138867 0.586230
vt 0.033100 0.994889
vt 0.033100 0.917928
vt 0.046558 0.919064
vt 0.046558 0.993753
vt 0.802733 0.055378
vt 0.802733 0.000000
vt 0.839851 0.003834
vt 0.839851 0.051544
vt 0.670796 0.629030
vt 0.624507 0.633858
vt 0.624507 0.563429
vt 0.670796 0.568257
vt 0.165506 0.999999
vt 0.165506 0.923039
vt 0.178965 0.924175
vt 0.178965 0.998864
vt 0.793558 0.621648
vt 0.793558 0.566270
vt 0.830676 0.570104
vt 0.830676 0.617814
vt 0.670796 0.065601
vt 0.624507 0.070429
vt 0.624507 -0.000000
vt 0.670796 0.004828
vt 0.858973 0.996793
vt 0.845515 0.997930
vt 0.845515 0.920969
vt 0.858973 0.922104
vt 0.508064 0.847072
vt 0.470946 0.850906
vt 0.470946 0.795529
vt 0.508064 0.799363
vt 0.578218 0.352144
vt 0.578218 0.281715
vt 0.624507 0.286543
vt 0.624507 0.347316
vt 0.915199 0.997656
vt 0.901693 0.997656
vt 0.908166 0.920968
vt 0.986804 0.625649
vt 0.999856 0.629120
vt 0.986804 0.702659
vt 0.324024 0.843238
vt 0.324024 0.787861
vt 0.361142 0.791695
vt 0.361142 0.839405
vt 0.578218 0.422573
vt 0.578218 0.352144
vt 0.624507 0.356972
vt 0.624507 0.417745
vt 0.469315 0.919063
vt 0.469314 0.993751
vt 0.809537 0.125513
vt 0.803848 0.070429
vt 0.841164 0.070429
vt 0.861051 0.702042
vt 0.888932 0.740758
vt 0.861051 0.765560
vt 0.555469 0.647003
vt 0.509180 0.651831
vt 0.509180 0.581403
vt 0.555469 0.586230
vt 0.649528 0.990195
vt 0.649528 0.913234
vt 0.662987 0.914371
vt 0.662987 0.989059
vt 0.180461 0.787862
vt 0.212822 0.832800
vt 0.180461 0.851380
vt 0.861051 0.765560
vt 0.833171 0.726844
vt 0.861051 0.702042
vt 0.231446 0.647003
vt 0.185156 0.651831
vt 0.185156 0.581403
vt 0.231445 0.586230
vt 0.976053 0.576494
vt 0.976053 0.499533
vt 0.989512 0.500669
vt 0.989512 0.575358
vt 0.718205 0.621647
vt 0.718205 0.566270
vt 0.755324 0.570104
vt 0.755324 0.617814
vt 0.578218 0.140858
vt 0.578218 0.070429
vt 0.624507 0.075257
vt 0.624506 0.136030
vt 0.845514 0.996793
vt 0.832056 0.997929
vt 0.832056 0.920968
vt 0.845514 0.922104
vt 0.614217 0.813765
vt 0.577098 0.817599
vt 0.577098 0.762222
vt 0.614217 0.766055
vt 0.578218 0.281715
vt 0.578218 0.211287
vt 0.624507 0.216115
vt 0.624508 0.276888
vt 0.357123 0.994887
vt 0.357123 0.917927
vt 0.370582 0.919063
vt 0.370581 0.993752
vt 0.756439 0.422573
vt 0.756439 0.494421
vt 0.718205 0.490587
vt 0.718206 0.426406
vt 0.962350 0.502089
vt 0.962350 0.581606
vt 0.946800 0.580043
vt 0.946800 0.503651
vt 0.718205 0.498255
vt 0.756439 0.494421
vt 0.756439 0.566270
vt 0.718206 0.562436
vt 0.960942 0.205030
vt 0.960942 0.284546
vt 0.945391 0.282984
vt 0.945392 0.206591
vt 0.275279 0.716013
vt 0.275279 0.787862
vt 0.237045 0.784028
vt 0.237046 0.719847
vt 0.469267 0.716012
vt 0.469267 0.795528
vt 0.453715 0.793966
vt 0.453716 0.717574
vt 0.324024 0.719846
vt 0.362257 0.716012
vt 0.362257 0.787861
vt 0.324024 0.784027
vt 0.561546 0.635422
vt 0.577098 0.633859
vt 0.577098 0.713376
vt 0.561547 0.711814
vt 0.803848 0.285974
vt 0.803848 0.357823
vt 0.765614 0.353989
vt 0.765614 0.289808
vt 0.961501 0.765060
vt 0.961501 0.844576
vt 0.945950 0.843014
vt 0.945950 0.766621
vt 0.757819 0.698039
vt 0.757819 0.769887
vt 0.719585 0.766054
vt 0.719585 0.701872
vt 0.946800 0.502089
vt 0.946800 0.581605
vt 0.931248 0.580044
vt 0.931248 0.503651
vt 0.672176 0.766053
vt 0.710409 0.762220
vt 0.710409 0.834068
vt 0.672176 0.830234
vt 0.929840 0.127075
vt 0.945391 0.125513
vt 0.945391 0.205030
vt 0.929839 0.203468
vt 0.796052 0.698039
vt 0.796052 0.769888
vt 0.757819 0.766054
vt 0.757819 0.701873
vt 0.929839 0.206592
vt 0.945391 0.205030
vt 0.945391 0.284546
vt 0.929839 0.282984
vt 0.624507 0.765703
vt 0.662741 0.761870
vt 0.662740 0.833718
vt 0.624507 0.829885
vt 0.944208 0.846280
vt 0.944208 0.925796
vt 0.928657 0.924234
vt 0.928657 0.847842
vt 0.757819 0.626190
vt 0.757819 0.698039
vt 0.719585 0.694204
vt 0.719586 0.630024
vt 0.945588 0.044293
vt 0.945588 0.123810
vt 0.930037 0.122248
vt 0.930037 0.045855
vt 0.076467 0.716013
vt 0.076467 0.787861
vt 0.038234 0.784027
vt 0.038233 0.719846
vt 0.946800 0.422573
vt 0.946800 0.502089
vt 0.931248 0.500527
vt 0.931248 0.424134
vt 0.547413 0.716012
vt 0.547413 0.787861
vt 0.509180 0.784027
vt 0.509180 0.719846
vt 0.930037 0.044293
vt 0.930037 0.123810
vt 0.914485 0.122247
vt 0.914485 0.045855
vt 0.142227 0.716013
vt 0.142227 0.787862
vt 0.103994 0.784028
vt 0.103994 0.719846
vt 0.929839 0.284546
vt 0.929839 0.364063
vt 0.914288 0.362501
vt 0.914288 0.286108
vt 0.371433 0.727514
vt 0.409666 0.723680
vt 0.409666 0.795528
vt 0.371433 0.791695
vt 0.945391 0.127075
vt 0.960942 0.125513
vt 0.960942 0.205030
vt 0.945391 0.203468
vt 0.237045 0.716013
vt 0.237045 0.787862
vt 0.198812 0.784028
vt 0.198812 0.719847
vt 0.943847 0.627211
vt 0.959398 0.625649
vt 0.959398 0.705166
vt 0.943847 0.703604
vt 0.453715 0.784027
vt 0.415482 0.787861
vt 0.415482 0.716012
vt 0.453715 0.719846
vt 0.547413 0.948314
vt 0.547413 0.868797
vt 0.562964 0.870359
vt 0.562964 0.946752
vt 0.765614 0.142277
vt 0.765614 0.070429
vt 0.803848 0.074263
vt 0.803848 0.138444
vt 0.945588 0.123810
vt 0.945588 0.044293
vt 0.961139 0.045855
vt 0.961139 0.122248
vt 0.794673 0.490587
vt 0.756439 0.494421
vt 0.756439 0.422573
vt 0.794673 0.426406
vt 0.943847 0.703604
vt 0.928296 0.705166
vt 0.928296 0.625649
vt 0.943847 0.627211
vt 0.794673 0.562436
vt 0.756439 0.566270
vt 0.756439 0.494421
vt 0.794673 0.498255
vt 0.665080 0.911672
vt 0.649528 0.913234
vt 0.649528 0.833718
vt 0.665080 0.835280
vt 0.509179 0.791695
vt 0.470946 0.795529
vt 0.470946 0.723680
vt 0.509179 0.727514
vt 0.929840 0.282984
vt 0.914288 0.284546
vt 0.914288 0.205030
vt 0.929839 0.206592
vt 0.796052 0.694204
vt 0.757819 0.698039
vt 0.757819 0.626190
vt 0.796052 0.630024
vt 0.945391 0.362500
vt 0.929840 0.364063
vt 0.929840 0.284546
vt 0.945391 0.286108
vt 0.765614 0.285974
vt 0.765614 0.214126
vt 0.803848 0.217960
vt 0.803848 0.282141
vt 0.945950 0.843014
vt 0.930399 0.844576
vt 0.930399 0.765060
vt 0.945950 0.766621
vt 0.038233 0.784028
vt 0.000000 0.787862
vt 0.000000 0.716013
vt 0.038233 0.719847
vt 0.944208 0.925796
vt 0.944208 0.846280
vt 0.959760 0.847842
vt 0.959760 0.924234
vt 0.794673 0.494421
vt 0.794673 0.422573
vt 0.832906 0.426406
vt 0.832906 0.490587
vt 0.078972 0.948314
vt 0.078972 0.868798
vt 0.094524 0.870360
vt 0.094524 0.946752
vt 0.324024 0.800134
vt 0.285790 0.803968
vt 0.285790 0.732119
vt 0.324024 0.735953
vt 0.110075 0.946752
vt 0.094524 0.948314
vt 0.094524 0.868798
vt 0.110075 0.870360
vt 0.832906 0.562436
vt 0.794673 0.566270
vt 0.794673 0.494421
vt 0.832906 0.498255
vt 0.962351 0.500527
vt 0.946800 0.502089
vt 0.946800 0.422573
vt 0.962351 0.424134
vt 0.142227 0.787862
vt 0.142227 0.716013
vt 0.180461 0.719847
vt 0.180461 0.784028
vt 0.914289 0.205030
vt 0.914288 0.125513
vt 0.929840 0.127076
vt 0.929840 0.203468
vt 0.765614 0.214126
vt 0.765615 0.142277
vt 0.803848 0.146111
vt 0.803848 0.210292
vt 0.394712 0.930422
vt 0.394712 0.850906
vt 0.410263 0.852468
vt 0.410263 0.928860
vt 0.470946 0.723680
vt 0.470946 0.651832
vt 0.509180 0.655666
vt 0.509179 0.719846
vt 0.960942 0.362501
vt 0.945391 0.364062
vt 0.945391 0.284546
vt 0.960941 0.286108
vt 0.409666 0.719846
vt 0.371433 0.723680
vt 0.371433 0.651831
vt 0.409666 0.655665
vt 0.617670 0.971755
vt 0.602119 0.973317
vt 0.602119 0.893800
vt 0.617670 0.895362
vt 0.882948 0.573086
vt 0.857927 0.575358
vt 0.857927 0.498966
vt 0.882948 0.501237
vt 0.672176 0.698039
vt 0.672176 0.633858
vt 0.719585 0.638828
vt 0.719585 0.693069
vt 0.832906 0.498966
vt 0.832906 0.422573
vt 0.857927 0.424845
vt 0.857927 0.496694
vt 0.556589 0.711043
vt 0.509180 0.716012
vt 0.509180 0.651832
vt 0.556588 0.656801
vt 0.602119 0.891719
vt 0.577098 0.893991
vt 0.577098 0.817599
vt 0.602119 0.819871
vt 0.577098 0.698041
vt 0.577098 0.633859
vt 0.624507 0.638830
vt 0.624507 0.693071
vt 0.857077 0.846280
vt 0.857077 0.769888
vt 0.882099 0.772159
vt 0.882099 0.844008
vt 0.718205 0.545965
vt 0.670796 0.550935
vt 0.670796 0.486754
vt 0.718205 0.491724
vt 0.832056 0.846280
vt 0.832056 0.769888
vt 0.857077 0.772160
vt 0.857077 0.844009
vt 0.718206 0.258002
vt 0.670796 0.262972
vt 0.670797 0.198791
vt 0.718206 0.203761
vt 0.840966 0.201906
vt 0.840966 0.125513
vt 0.865987 0.127786
vt 0.865987 0.199635
vt 0.094818 0.716013
vt 0.094818 0.651832
vt 0.142227 0.656802
vt 0.142227 0.711043
vt 0.841164 0.125513
vt 0.841164 0.049121
vt 0.866185 0.051393
vt 0.866185 0.123241
vt 0.765614 0.322183
vt 0.718205 0.327153
vt 0.718205 0.262972
vt 0.765614 0.267941
vt 0.882948 0.575358
vt 0.882948 0.498966
vt 0.907969 0.501237
vt 0.907969 0.573086
vt 0.718205 0.262972
vt 0.718205 0.198791
vt 0.765614 0.203760
vt 0.765614 0.258002
vt 0.078972 0.868798
vt 0.078972 0.792405
vt 0.103993 0.794677
vt 0.103993 0.866526
vt 0.718205 0.059211
vt 0.670796 0.064181
vt 0.670796 -0.000000
vt 0.718205 0.004970
vt 0.891206 0.123241
vt 0.866185 0.125513
vt 0.866185 0.049121
vt 0.891206 0.051392
vt 0.671916 0.756900
vt 0.624507 0.761870
vt 0.624507 0.697689
vt 0.671916 0.702658
vt 0.879996 0.702042
vt 0.879996 0.625649
vt 0.905016 0.627921
vt 0.905016 0.699770
vt 0.094818 0.711043
vt 0.047409 0.716013
vt 0.047409 0.651832
vt 0.094818 0.656801
vt 0.757819 0.825265
vt 0.782840 0.827537
vt 0.782840 0.899386
vt 0.670796 0.287963
vt 0.718205 0.292933
vt 0.718205 0.347174
vt 0.720700 0.901658
vt 0.720700 0.825265
vt 0.745721 0.827537
vt 0.745721 0.899386
vt 0.765614 0.417602
vt 0.718206 0.422572
vt 0.718206 0.358391
vt 0.765614 0.363361
vt 0.865987 0.278298
vt 0.865987 0.201906
vt 0.891008 0.204178
vt 0.891009 0.276026
vt 0.324024 0.716012
vt 0.324024 0.651831
vt 0.371432 0.656801
vt 0.371433 0.711043
vt 0.854974 0.702042
vt 0.854974 0.625649
vt 0.879995 0.627921
vt 0.879995 0.699770
vt 0.718205 0.129640
vt 0.670796 0.134610
vt 0.670796 0.070429
vt 0.718205 0.075399
vt 0.547413 0.794677
vt 0.572434 0.792405
vt 0.572434 0.868797
vt 0.547414 0.866526
vt 0.718205 0.134610
vt 0.718205 0.198791
vt 0.670796 0.193821
vt 0.670796 0.139579
vt 0.857928 0.424845
vt 0.882948 0.422573
vt 0.882948 0.498965
vt 0.857927 0.496693
vt 0.718206 0.358391
vt 0.718206 0.422572
vt 0.670797 0.417602
vt 0.670797 0.363361
vt 0.782840 0.827537
vt 0.807861 0.825265
vt 0.807861 0.901657
vt 0.782840 0.899386
vt 0.577098 0.703010
vt 0.624507 0.698041
vt 0.624507 0.762222
vt 0.577098 0.757252
vt 0.882949 0.424845
vt 0.907969 0.422573
vt 0.907969 0.498965
vt 0.882948 0.496694
vt 0.670796 0.555905
vt 0.718205 0.550935
vt 0.718205 0.615116
vt 0.670796 0.610146
vt 0.624507 0.835991
vt 0.649528 0.833718
vt 0.649528 0.910111
vt 0.624507 0.907839
vt 0.284455 0.651832
vt 0.284454 0.716013
vt 0.237045 0.711043
vt 0.237045 0.656801
vt 0.891009 0.125513
vt 0.891009 0.201906
vt 0.865988 0.199634
vt 0.865988 0.127785
vt 0.462891 0.651831
vt 0.462891 0.716012
vt 0.415482 0.711042
vt 0.415481 0.656801
vt 0.840967 0.204178
vt 0.865988 0.201906
vt 0.865988 0.278299
vt 0.840966 0.276027
vt 0.665484 0.633858
vt 0.672176 0.697689
vt 0.624507 0.697689
vt 0.796052 0.659701
vt 0.829953 0.626190
vt 0.829953 0.702042
vt 0.882099 0.772159
vt 0.907120 0.769888
vt 0.907120 0.846280
vt 0.882099 0.844008
vt 0.718205 0.075399
vt 0.765614 0.070429
vt 0.765614 0.134610
vt 0.718205 0.129640
vt 0.840966 0.280571
vt 0.865988 0.278299
vt 0.865988 0.354691
vt 0.840967 0.352419
vt 0.765614 0.000000
vt 0.765614 0.064181
vt 0.718205 0.059211
vt 0.718205 0.004969
vt 0.829953 0.627922
vt 0.854974 0.625649
vt 0.854974 0.702042
vt 0.829953 0.699770
vt 0.237045 0.651832
vt 0.237045 0.716013
vt 0.189637 0.711043
vt 0.189637 0.656802
vt 0.547413 0.718285
vt 0.572434 0.716013
vt 0.572434 0.792405
vt 0.547413 0.790134
vt 0.672176 0.703009
vt 0.719585 0.698039
vt 0.719585 0.762219
vt 0.672176 0.757250
vt 0.078973 0.718285
vt 0.103994 0.716013
vt 0.103994 0.792405
vt 0.078972 0.790133
vt 0.670796 0.427543
vt 0.718205 0.422573
vt 0.718205 0.486754
vt 0.670796 0.481784
vt 0.697197 0.834068
vt 0.697197 0.910460
vt 0.672176 0.908188
vt 0.672176 0.836339
vt 0.000000 0.656802
vt 0.047409 0.651832
vt 0.047409 0.716013
vt 0.000000 0.711043
vt 0.832906 0.501238
vt 0.857927 0.498966
vt 0.857927 0.575358
vt 0.832906 0.573086
vt 0.189637 0.651832
vt 0.189637 0.716013
vt 0.142227 0.711043
vt 0.142228 0.656801
vt 0.891009 0.278299
vt 0.891009 0.354691
vt 0.865988 0.352419
vt 0.865988 0.280570
vt 0.718205 0.139580
vt 0.765614 0.134610
vt 0.765614 0.198791
vt 0.718206 0.193821
s 1
g off
g llanta_llanta2
usemtl llanta2
f 1356/1353/1378 1353/1354/1379 1354/1355/1380
f 1354/1355/1380 1355/1356/1381 1356/1353/1378
f 1359/1357/1382 1360/1358/1383 1357/1359/1384
f 1357/1359/1384 1358/1360/1385 1359/1357/1382
f 1363/1361/1386 1364/1362/1387 1361/1363/1388
f 1361/1363/1388 1362/1364/1389 1363/1361/1386
f 1366/1365/1390 1356/1366/1378 1355/1367/1381
f 1355/1367/1381 1365/1368/1391 1366/1365/1390
f 1367/1369/1392 1368/1370/1393 1360/1371/1383
f 1360/1371/1383 1359/1372/1382 1367/1369/1392
f 1369/1373/1394 1370/1374/1395 1364/1362/1387
f 1364/1362/1387 1363/1361/1386 1369/1373/1394
f 1371/1375/1396 1372/1376/1397 1366/1377/1390
f 1366/1377/1390 1365/1378/1391 1371/1375/1396
f 1374/1379/1398 1368/1380/1393 1367/1381/1392
f 1367/1381/1392 1373/1382/1399 1374/1379/1398
f 1376/1383/1400 1370/1374/1395 1369/1373/1394
f 1369/1373/1394 1375/1384/1401 1376/1383/1400
f 1377/1385/1402 1378/1386/1403 1372/1387/1397
f 1372/1387/1397 1371/1388/1396 1377/1385/1402
f 1379/1389/1404 1380/1390/1405 1374/1391/1398
f 1374/1391/1398 1373/1392/1399 1379/1389/1404
f 1381/1393/1406 1382/1394/1407 1376/1383/1400
f 1376/1383/1400 1375/1384/1401 1381/1393/1406
f 1383/1395/1408 1384/1396/1409 1378/1397/1403
f 1378/1397/1403 1377/1398/1402 1383/1395/1408
f 1385/1399/1410 1386/1400/1411 1380/1401/1405
f 1380/1401/1405 1379/1402/1404 1385/1399/1410
f 1388/1403/1412 1382/1394/1407 1381/1393/1406
f 1381/1393/1406 1387/1404/1413 1388/1403/1412
f 1389/1405/1414 1390/1406/1415 1384/1407/1409
f 1384/1407/1409 1383/1408/1408 1389/1405/1414
f 1392/1409/1416 1386/1410/1411 1385/1411/1410
f 1385/1411/1410 1391/1412/1417 1392/1409/1416
f 1393/1413/1418 1394/1414/1419 1388/1403/1412
f 1388/1403/1412 1387/1404/1413 1393/1413/1418
f 1395/1415/1420 1396/1416/1421 1390/1417/1415
f 1390/1417/1415 1389/1418/1414 1395/1415/1420
f 1398/1419/1422 1392/1420/1416 1391/1421/1417
f 1391/1421/1417 1397/1422/1423 1398/1419/1422
f 1400/1423/1424 1394/1414/1419 1393/1413/1418
f 1393/1413/1418 1399/1424/1425 1400/1423/1424
f 1401/1425/1426 1402/1426/1427 1396/1427/1421
f 1396/1427/1421 1395/1428/1420 1401/1425/1426
f 1404/1429/1428 1398/1430/1422 1397/1431/1423
f 1397/1431/1423 1403/1432/1429 1404/1429/1428
f 1406/1433/1430 1400/1423/1424 1399/1424/1425
f 1399/1424/1425 1405/1434/1431 1406/1433/1430
f 1408/1435/1432 1402/1436/1427 1401/1437/1426
f 1401/1437/1426 1407/1438/1433 1408/1435/1432
f 1410/1439/1434 1404/1440/1428 1403/1441/1429
f 1403/1441/1429 1409/1442/1435 1410/1439/1434
f 1412/1443/1436 1406/1433/1430 1405/1434/1431
f 1405/1434/1431 1411/1444/1437 1412/1443/1436
f 1414/1445/1438 1408/1446/1432 1407/1447/1433
f 1407/1447/1433 1413/1448/1439 1414/1445/1438
f 1415/1449/1440 1416/1450/1441 1410/1451/1434
f 1410/1451/1434 1409/1452/1435 1415/1449/1440
f 1417/1453/1442 1418/1454/1443 1412/1443/1436
f 1412/1443/1436 1411/1444/1437 1417/1453/1442
f 1420/1455/1444 1414/1456/1438 1413/1457/1439
f 1413/1457/1439 1419/1458/1445 1420/1455/1444
f 1421/1459/1446 1422/1460/1447 1416/1461/1441
f 1416/1461/1441 1415/1462/1440 1421/1459/1446
f 1423/1463/1448 1424/1464/1449 1418/1454/1443
f 1418/1454/1443 1417/1453/1442 1423/1463/1448
f 1426/1465/1450 1420/1466/1444 1419/1467/1445
f 1419/1467/1445 1425/1468/1451 1426/1465/1450
f 1428/1469/1452 1422/1470/1447 1421/1471/1446
f 1421/1471/1446 1427/1472/1453 1428/1469/1452
f 1429/1473/1454 1430/1474/1455 1424/1464/1449
f 1424/1464/1449 1423/1463/1448 1429/1473/1454
f 1432/1475/1456 1426/1476/1450 1425/1477/1451
f 1425/1477/1451 1431/1478/1457 1432/1475/1456
f 1433/1479/1458 1434/1480/1459 1428/1481/1452
f 1428/1482/1452 1427/1483/1453 1433/1484/1458
f 1435/1485/1460 1436/1486/1461 1430/1474/1455
f 1430/1474/1455 1429/1473/1454 1435/1485/1460
f 1438/1487/1462 1432/1488/1456 1431/1489/1457
f 1431/1489/1457 1437/1490/1463 1438/1487/1462
f 1440/1491/1464 1434/1492/1459 1433/1493/1458
f 1433/1493/1458 1439/1494/1465 1440/1491/1464
f 1442/1495/1466 1436/1486/1461 1435/1485/1460
f 1435/1485/1460 1441/1496/1467 1442/1495/1466
f 1443/1497/1468 1444/1498/1469 1438/1499/1462
f 1438/1499/1462 1437/1500/1463 1443/1497/1468
f 1446/1501/1470 1440/1502/1464 1439/1503/1465
f 1439/1503/1465 1445/1504/1471 1446/1501/1470
f 1448/1505/1472 1442/1495/1466 1441/1496/1467
f 1441/1496/1467 1447/1506/1473 1448/1505/1472
f 1450/1507/1474 1444/1508/1469 1443/1509/1468
f 1443/1509/1468 1449/1510/1475 1450/1507/1474
f 1451/1511/1476 1452/1512/1477 1446/1513/1470
f 1446/1513/1470 1445/1514/1471 1451/1511/1476
f 1453/1515/1478 1454/1516/1479 1448/1505/1472
f 1448/1505/1472 1447/1506/1473 1453/1515/1478
f 1456/1517/1480 1450/1518/1474 1449/1519/1475
f 1449/1519/1475 1455/1520/1481 1456/1517/1480
f 1458/1521/1482 1452/1522/1477 1451/1523/1476
f 1451/1523/1476 1457/1524/1483 1458/1521/1482
f 1460/1525/1484 1454/1516/1479 1453/1515/1478
f 1453/1515/1478 1459/1526/1485 1460/1525/1484
f 1462/1527/1486 1456/1528/1480 1455/1529/1481
f 1455/1529/1481 1461/1530/1487 1462/1527/1486
f 1464/1531/1488 1458/1532/1482 1457/1533/1483
f 1457/1533/1483 1463/1534/1489 1464/1531/1488
f 1466/1535/1490 1460/1525/1484 1459/1526/1485
f 1459/1526/1485 1465/1536/1491 1466/1535/1490
f 1467/1537/1492 1468/1538/1493 1462/1539/1486
f 1462/1539/1486 1461/1540/1487 1467/1537/1492
f 1469/1541/1494 1470/1542/1495 1464/1543/1488
f 1464/1543/1488 1463/1544/1489 1469/1541/1494
f 1472/1545/1496 1466/1535/1490 1465/1536/1491
f 1465/1536/1491 1471/1546/1497 1472/1545/1496
f 1473/1547/1498 1474/1548/1499 1468/1549/1493
f 1468/1549/1493 1467/1550/1492 1473/1547/1498
f 1476/1551/1500 1470/1552/1495 1469/1553/1494
f 1469/1553/1494 1475/1554/1501 1476/1551/1500
f 1478/1555/1502 1472/1545/1496 1471/1546/1497
f 1471/1546/1497 1477/1556/1503 1478/1555/1502
f 1479/1557/1504 1480/1558/1505 1474/1559/1499
f 1474/1559/1499 1473/1560/1498 1479/1557/1504
f 1482/1561/1506 1476/1562/1500 1475/1563/1501
f 1475/1563/1501 1481/1564/1507 1482/1561/1506
f 1484/1565/1508 1478/1555/1502 1477/1556/1503
f 1477/1556/1503 1483/1566/1509 1484/1565/1508
f 1485/1567/1510 1486/1568/1511 1480/1569/1505
f 1480/1569/1505 1479/1570/1504 1485/1567/1510
f 1487/1571/1512 1488/1572/1513 1482/1573/1506
f 1482/1573/1506 1481/1574/1507 1487/1571/1512
f 1489/1575/1514 1490/1576/1515 1484/1565/1508
f 1484/1565/1508 1483/1566/1509 1489/1575/1514
f 1492/1577/1516 1486/1578/1511 1485/1579/1510
f 1485/1579/1510 1491/1580/1517 1492/1577/1516
f 1493/1581/1518 1494/1582/1519 1488/1583/1513
f 1488/1583/1513 1487/1584/1512 1493/1581/1518
f 1495/1585/1520 1496/1586/1521 1490/1576/1515
f 1490/1576/1515 1489/1575/1514 1495/1585/1520
f 1498/1587/1522 1492/1588/1516 1491/1589/1517
f 1491/1589/1517 1497/1590/1523 1498/1587/1522
f 1499/1591/1524 1500/1592/1525 1494/1593/1519
f 1494/1593/1519 1493/1594/1518 1499/1591/1524
f 1501/1595/1436 1502/1596/1526 1496/1586/1521
f 1496/1586/1521 1495/1585/1520 1501/1595/1436
f 1504/1597/1527 1498/1598/1522 1497/1599/1523
f 1497/1599/1523 1503/1600/1528 1504/1597/1527
f 1505/1601/1529 1506/1602/1530 1500/1603/1525
f 1500/1603/1525 1499/1604/1524 1505/1601/1529
f 1508/1605/1531 1502/1596/1526 1501/1595/1436
f 1501/1595/1436 1507/1606/1532 1508/1605/1531
f 1510/1607/1533 1504/1608/1527 1503/1609/1528
f 1503/1609/1528 1509/1610/1534 1510/1607/1533
f 1512/1611/1535 1506/1612/1530 1505/1613/1529
f 1505/1613/1529 1511/1614/1536 1512/1611/1535
f 1513/1615/1537 1514/1616/1538 1508/1605/1531
f 1508/1605/1531 1507/1606/1532 1513/1615/1537
f 1516/1617/1539 1510/1618/1533 1509/1619/1534
f 1509/1619/1534 1515/1620/1540 1516/1617/1539
f 1518/1621/1541 1512/1622/1535 1511/1623/1536
f 1511/1623/1536 1517/1624/1542 1518/1621/1541
f 1520/1625/1543 1514/1616/1538 1513/1615/1537
f 1513/1615/1537 1519/1626/1544 1520/1625/1543
f 1522/1627/1545 1516/1628/1539 1515/1629/1540
f 1515/1629/1540 1521/1630/1546 1522/1627/1545
f 1523/1631/1547 1524/1632/1548 1518/1633/1541
f 1518/1633/1541 1517/1634/1542 1523/1631/1547
f 1525/1635/1549 1526/1636/1550 1520/1625/1543
f 1520/1625/1543 1519/1626/1544 1525/1635/1549
f 1527/1637/1551 1528/1638/1552 1522/1639/1545
f 1522/1639/1545 1521/1640/1546 1527/1637/1551
f 1529/1641/1553 1530/1642/1554 1524/1643/1548
f 1524/1643/1548 1523/1644/1547 1529/1641/1553
f 1532/1645/1555 1526/1636/1550 1525/1635/1549
f 1525/1635/1549 1531/1646/1556 1532/1645/1555
f 1354/1647/1380 1353/1648/1379 1528/1649/1552
f 1528/1649/1552 1527/1650/1551 1354/1647/1380
f 1358/1651/1385 1357/1652/1384 1530/1653/1554
f 1530/1653/1554 1529/1654/1553 1358/1651/1385
f 1361/1363/1388 1532/1645/1555 1531/1646/1556
f 1531/1646/1556 1362/1364/1389 1361/1363/1388
f 1362/1655/1389 1531/1656/1556 1533/1657/1557
f 1533/1657/1557 1534/1658/1558 1362/1655/1389
f 1361/1659/1388 1358/1660/1385 1529/1661/1553
f 1529/1661/1553 1532/1662/1555 1361/1659/1388
f 1357/1663/1384 1354/1664/1380 1527/1665/1551
f 1527/1665/1551 1530/1666/1554 1357/1663/1384
f 1533/1667/1557 1531/1668/1556 1525/1669/1549
f 1525/1669/1549 1535/1670/1559 1533/1667/1557
f 1532/1671/1555 1529/1672/1553 1523/1673/1547
f 1523/1674/1547 1526/1675/1550 1532/1676/1555
f 1527/1677/1551 1521/1678/1546 1524/1679/1548
f 1524/1679/1548 1530/1680/1554 1527/1677/1551
f 1535/1681/1559 1525/1682/1549 1519/1683/1544
f 1519/1683/1544 1536/1684/1560 1535/1681/1559
f 1523/1685/1547 1517/1686/1542 1520/1687/1543
f 1520/1687/1543 1526/1688/1550 1523/1685/1547
f 1524/1689/1548 1521/1690/1546 1515/1691/1540
f 1515/1691/1540 1518/1692/1541 1524/1689/1548
f 1536/1693/1560 1519/1694/1544 1513/1695/1537
f 1513/1695/1537 1537/1696/1561 1536/1693/1560
f 1517/1697/1542 1511/1698/1536 1514/1699/1538
f 1514/1699/1538 1520/1700/1543 1517/1697/1542
f 1518/1701/1541 1515/1702/1540 1509/1703/1534
f 1509/1703/1534 1512/1704/1535 1518/1701/1541
f 1537/1705/1561 1513/1706/1537 1507/1707/1532
f 1507/1708/1532 1538/1709/1562 1537/1710/1561
f 1514/1711/1538 1511/1712/1536 1505/1713/1529
f 1505/1713/1529 1508/1714/1531 1514/1711/1538
f 1512/1715/1535 1509/1716/1534 1503/1717/1528
f 1503/1717/1528 1506/1718/1530 1512/1715/1535
f 1507/1719/1532 1501/1720/1436 1539/1721/1563
f 1539/1721/1563 1538/1722/1562 1507/1719/1532
f 1508/1723/1531 1505/1724/1529 1499/1725/1524
f 1499/1725/1524 1502/1726/1526 1508/1723/1531
f 1503/1727/1528 1497/1728/1523 1500/1729/1525
f 1500/1729/1525 1506/1730/1530 1503/1727/1528
f 1539/1731/1563 1501/1732/1436 1495/1733/1520
f 1495/1733/1520 1540/1734/1564 1539/1731/1563
f 1499/1735/1524 1493/1736/1518 1496/1737/1521
f 1496/1737/1521 1502/1738/1526 1499/1735/1524
f 1497/1739/1523 1491/1740/1517 1494/1741/1519
f 1494/1741/1519 1500/1742/1525 1497/1739/1523
f 1540/1743/1564 1495/1744/1520 1489/1745/1514
f 1489/1745/1514 1541/1746/1565 1540/1743/1564
f 1493/1747/1518 1487/1748/1512 1490/1749/1515
f 1490/1749/1515 1496/1750/1521 1493/1747/1518
f 1494/1751/1519 1491/1752/1517 1485/1753/1510
f 1485/1753/1510 1488/1754/1513 1494/1751/1519
f 1489/1755/1514 1483/1756/1509 1542/1757/1566
f 1542/1757/1566 1541/1758/1565 1489/1755/1514
f 1487/1759/1512 1481/1760/1507 1484/1761/1508
f 1484/1761/1508 1490/1762/1515 1487/1759/1512
f 1488/1763/1513 1485/1764/1510 1479/1765/1504
f 1479/1765/1504 1482/1766/1506 1488/1763/1513
f 1542/1767/1566 1483/1768/1509 1477/1769/1503
f 1477/1769/1503 1543/1770/1567 1542/1767/1566
f 1484/1771/1508 1481/1772/1507 1475/1773/1501
f 1475/1773/1501 1478/1774/1502 1484/1771/1508
f 1479/1775/1504 1473/1776/1498 1476/1777/1500
f 1476/1777/1500 1482/1778/1506 1479/1775/1504
f 1477/1779/1503 1471/1780/1497 1544/1781/1568
f 1544/1781/1568 1543/1782/1567 1477/1779/1503
f 1478/1783/1502 1475/1784/1501 1469/1785/1494
f 1469/1785/1494 1472/1786/1496 1478/1783/1502
f 1473/1787/1498 1467/1788/1492 1470/1789/1495
f 1470/1789/1495 1476/1790/1500 1473/1787/1498
f 1471/1791/1497 1465/1792/1491 1545/1793/1569
f 1545/1793/1569 1544/1794/1568 1471/1791/1497
f 1472/1795/1496 1469/1796/1494 1463/1797/1489
f 1463/1797/1489 1466/1798/1490 1472/1795/1496
f 1467/1799/1492 1461/1800/1487 1464/1801/1488
f 1464/1801/1488 1470/1802/1495 1467/1799/1492
f 1545/1803/1569 1465/1804/1491 1459/1805/1485
f 1459/1805/1485 1546/1806/1570 1545/1803/1569
f 1463/1807/1489 1457/1808/1483 1460/1809/1484
f 1460/1809/1484 1466/1810/1490 1463/1807/1489
f 1461/1811/1487 1455/1812/1481 1458/1813/1482
f 1458/1813/1482 1464/1814/1488 1461/1811/1487
f 1459/1815/1485 1453/1816/1478 1547/1817/1571
f 1547/1817/1571 1546/1818/1570 1459/1815/1485
f 1457/1819/1483 1451/1820/1476 1454/1821/1479
f 1454/1821/1479 1460/1822/1484 1457/1819/1483
f 1458/1823/1482 1455/1824/1481 1449/1825/1475
f 1449/1825/1475 1452/1826/1477 1458/1823/1482
f 1547/1827/1571 1453/1828/1478 1447/1829/1473
f 1447/1829/1473 1548/1830/1572 1547/1827/1571
f 1454/1831/1479 1451/1832/1476 1445/1833/1471
f 1445/1833/1471 1448/1834/1472 1454/1831/1479
f 1452/1835/1477 1449/1836/1475 1443/1837/1468
f 1443/1837/1468 1446/1838/1470 1452/1835/1477
f 1447/1839/1473 1441/1840/1467 1549/1841/1573
f 1549/1841/1573 1548/1842/1572 1447/1839/1473
f 1445/1843/1471 1439/1844/1465 1442/1845/1466
f 1442/1845/1466 1448/1834/1472 1445/1843/1471
f 1446/1846/1470 1443/1847/1468 1437/1848/1463
f 1437/1848/1463 1440/1849/1464 1446/1846/1470
f 1549/1850/1573 1441/1851/1467 1435/1852/1460
f 1435/1852/1460 1550/1853/1574 1549/1850/1573
f 1442/1854/1466 1439/1855/1465 1433/1856/1458
f 1433/1856/1458 1436/1857/1461 1442/1854/1466
f 1440/1858/1464 1437/1859/1463 1431/1860/1457
f 1431/1860/1457 1434/1861/1459 1440/1858/1464
f 1435/1862/1460 1429/1863/1454 1551/1864/1575
f 1551/1864/1575 1550/1865/1574 1435/1862/1460
f 1436/1866/1461 1433/1867/1458 1427/1868/1453
f 1427/1868/1453 1430/1869/1455 1436/1866/1461
f 1434/1870/1459 1431/1871/1457 1425/1872/1451
f 1425/1872/1451 1428/1873/1452 1434/1870/1459
f 1551/1874/1575 1429/1875/1454 1423/1876/1448
f 1423/1876/1448 1552/1877/1576 1551/1874/1575
f 1427/1878/1453 1421/1879/1446 1424/1880/1449
f 1424/1880/1449 1430/1881/1455 1427/1878/1453
f 1428/1882/1452 1425/1883/1451 1419/1884/1445
f 1419/1884/1445 1422/1885/1447 1428/1882/1452
f 1552/1886/1576 1423/1887/1448 1417/1888/1442
f 1417/1888/1442 1553/1889/1577 1552/1886/1576
f 1421/1890/1446 1415/1891/1440 1418/1892/1443
f 1418/1892/1443 1424/1893/1449 1421/1890/1446
f 1422/1894/1447 1419/1895/1445 1413/1896/1439
f 1413/1896/1439 1416/1897/1441 1422/1894/1447
f 1417/1898/1442 1411/1899/1437 1554/1900/1578
f 1554/1900/1578 1553/1901/1577 1417/1898/1442
f 1415/1902/1440 1409/1903/1435 1412/1904/1436
f 1412/1904/1436 1418/1905/1443 1415/1902/1440
f 1416/1906/1441 1413/1907/1439 1407/1908/1433
f 1407/1908/1433 1410/1909/1434 1416/1906/1441
f 1411/1910/1437 1405/1911/1431 1555/1912/1579
f 1555/1912/1579 1554/1913/1578 1411/1910/1437
f 1412/1914/1436 1409/1915/1435 1403/1916/1429
f 1403/1916/1429 1406/1917/1430 1412/1914/1436
f 1407/1918/1433 1401/1919/1426 1404/1920/1428
f 1404/1920/1428 1410/1921/1434 1407/1918/1433
f 1405/1922/1431 1399/1923/1425 1556/1924/1580
f 1556/1924/1580 1555/1925/1579 1405/1922/1431
f 1406/1926/1430 1403/1927/1429 1397/1928/1423
f 1397/1928/1423 1400/1929/1424 1406/1926/1430
f 1401/1930/1426 1395/1931/1420 1398/1932/1422
f 1398/1932/1422 1404/1933/1428 1401/1930/1426
f 1399/1934/1425 1393/1935/1418 1557/1936/1581
f 1557/1936/1581 1556/1937/1580 1399/1934/1425
f 1400/1938/1424 1397/1939/1423 1391/1940/1417
f 1391/1940/1417 1394/1941/1419 1400/1938/1424
f 1398/1942/1422 1395/1943/1420 1389/1944/1414
f 1389/1944/1414 1392/1945/1416 1398/1942/1422
f 1557/1946/1581 1393/1947/1418 1387/1948/1413
f 1387/1948/1413 1558/1949/1582 1557/1946/1581
f 1391/1950/1417 1385/1951/1410 1388/1952/1412
f 1388/1952/1412 1394/1953/1419 1391/1950/1417
f 1392/1954/1416 1389/1955/1414 1383/1956/1408
f 1383/1957/1408 1386/1958/1411 1392/1959/1416
f 1387/1960/1413 1381/1961/1406 1559/1962/1583
f 1559/1962/1583 1558/1963/1582 1387/1960/1413
f 1385/1964/1410 1379/1965/1404 1382/1966/1407
f 1382/1966/1407 1388/1967/1412 1385/1964/1410
f 1383/1837/1408 1377/1836/1402 1380/1968/1405
f 1380/1968/1405 1386/1969/1411 1383/1837/1408
f 1381/1970/1406 1375/1971/1401 1560/1972/1584
f 1560/1973/1584 1559/1974/1583 1381/1975/1406
f 1382/1976/1407 1379/1977/1404 1373/1978/1399
f 1373/1978/1399 1376/1979/1400 1382/1976/1407
f 1377/1980/1402 1371/1981/1396 1374/1982/1398
f 1374/1982/1398 1380/1983/1405 1377/1980/1402
f 1375/1984/1401 1369/1985/1394 1561/1986/1585
f 1561/1987/1585 1560/1988/1584 1375/1989/1401
f 1376/1990/1400 1373/1991/1399 1367/1992/1392
f 1367/1992/1392 1370/1993/1395 1376/1990/1400
f 1371/1994/1396 1365/1995/1391 1368/1996/1393
f 1368/1996/1393 1374/1997/1398 1371/1994/1396
f 1369/1998/1394 1363/1999/1386 1562/2000/1586
f 1562/2000/1586 1561/2001/1585 1369/1998/1394
f 1367/2002/1392 1359/2003/1382 1364/2004/1387
f 1364/2004/1387 1370/2005/1395 1367/2002/1392
f 1368/2006/1393 1365/2007/1391 1355/2008/1381
f 1355/2008/1381 1360/2009/1383 1368/2006/1393
f 1562/2010/1586 1363/2011/1386 1362/2012/1389
f 1362/2012/1389 1534/2013/1558 1562/2010/1586
f 1359/2014/1382 1358/2015/1385 1361/2016/1388
f 1361/2016/1388 1364/2017/1387 1359/2014/1382
f 1355/2018/1381 1354/2019/1380 1357/2020/1384
f 1357/2020/1384 1360/2021/1383 1355/2018/1381
s 2
f 1594/2022/1587 1595/2023/1588 1596/2024/1589
f 1593/2025/1590 1594/2022/1587 1596/2024/1589
f 1564/2026/1591 1592/2027/1592 1598/2028/1593
f 1597/2029/1594 1564/2026/1591 1598/2028/1593
f 1596/2030/1589 1595/2031/1588 1599/2032/1595
f 1596/2030/1589 1599/2032/1595 1600/2033/1596
f 1592/2034/1592 1591/2035/1597 1601/2036/1598
f 1598/2037/1593 1592/2034/1592 1601/2036/1598
f 1599/2038/1595 1602/2039/1599 1603/2040/1600
f 1600/2041/1596 1599/2038/1595 1603/2040/1600
f 1591/2042/1597 1590/2043/1601 1604/2044/1602
f 1601/2045/1598 1591/2042/1597 1604/2044/1602
f 1603/2046/1600 1602/2047/1599 1605/2048/1603
f 1603/2046/1600 1605/2048/1603 1606/2049/1604
f 1604/2050/1602 1590/2051/1601 1589/2052/1605
f 1604/2050/1602 1589/2052/1605 1607/2053/1606
f 1605/2054/1603 1608/2055/1607 1609/2056/1608
f 1606/2057/1604 1605/2054/1603 1609/2056/1608
f 1589/2058/1605 1588/2059/1609 1610/2060/1610
f 1607/2061/1606 1589/2058/1605 1610/2060/1610
f 1608/2062/1607 1611/2063/1611 1612/2064/1612
f 1609/2065/1608 1608/2062/1607 1612/2064/1612
f 1588/2066/1609 1587/2067/1613 1613/2068/1614
f 1610/2069/1610 1588/2066/1609 1613/2068/1614
f 1612/2070/1612 1611/2071/1611 1614/2072/1615
f 1612/2070/1612 1614/2072/1615 1615/2073/1616
f 1613/2074/1614 1587/2075/1613 1586/2076/1617
f 1613/2074/1614 1586/2076/1617 1616/2077/1618
f 1614/2078/1615 1617/2079/1619 1618/2080/1620
f 1615/2081/1616 1614/2078/1615 1618/2080/1620
f 1616/2082/1618 1586/2083/1617 1585/2084/1621
f 1616/2082/1618 1585/2084/1621 1619/2085/1622
f 1618/2086/1620 1617/2087/1619 1620/2088/1623
f 1618/2086/1620 1620/2088/1623 1621/2089/1624
f 1585/2090/1621 1584/2091/1625 1622/2092/1626
f 1619/2093/1622 1585/2090/1621 1622/2092/1626
f 1620/2094/1623 1623/2095/1627 1624/2096/1628
f 1621/2097/1624 1620/2094/1623 1624/2096/1628
f 1584/2098/1625 1583/2099/1629 1625/2100/1630
f 1622/2101/1626 1584/2098/1625 1625/2100/1630
f 1623/2102/1627 1626/2103/1631 1627/2104/1632
f 1624/2105/1628 1623/2102/1627 1627/2104/1632
f 1583/2106/1629 1582/2107/1633 1628/2108/1634
f 1625/2109/1630 1583/2106/1629 1628/2108/1634
f 1626/2110/1631 1629/2111/1635 1630/2112/1636
f 1627/2113/1632 1626/2110/1631 1630/2112/1636
f 1582/2114/1633 1581/2115/1637 1631/2116/1638
f 1628/2117/1634 1582/2114/1633 1631/2116/1638
f 1629/2118/1635 1632/2119/1639 1633/2120/1640
f 1630/2121/1636 1629/2118/1635 1633/2120/1640
f 1581/2122/1637 1580/2123/1641 1634/2124/1642
f 1631/2125/1638 1581/2122/1637 1634/2124/1642
f 1633/2126/1640 1632/2127/1639 1635/2128/1643
f 1633/2126/1640 1635/2128/1643 1636/2129/1644
f 1634/2130/1642 1580/2131/1641 1579/2132/1645
f 1634/2130/1642 1579/2132/1645 1637/2133/1646
f 1635/2134/1643 1638/2135/1647 1639/2136/1648
f 1636/2137/1644 1635/2134/1643 1639/2136/1648
f 1637/2138/1646 1579/2139/1645 1578/2140/1649
f 1637/2138/1646 1578/2140/1649 1640/2141/1650
f 1639/2142/1648 1638/2143/1647 1641/2144/1651
f 1639/2142/1648 1641/2144/1651 1642/2145/1652
f 1578/2146/1649 1577/2147/1653 1643/2148/1654
f 1640/2149/1650 1578/2146/1649 1643/2148/1654
f 1641/2150/1651 1644/2151/1655 1645/2152/1656
f 1642/2153/1652 1641/2150/1651 1645/2152/1656
f 1577/2154/1653 1576/2155/1657 1646/2156/1658
f 1643/2157/1654 1577/2154/1653 1646/2156/1658
f 1645/2158/1656 1644/2159/1655 1647/2160/1659
f 1645/2158/1656 1647/2160/1659 1648/2161/1660
f 1646/2162/1658 1576/2163/1657 1575/2164/1661
f 1646/2162/1658 1575/2164/1661 1649/2165/1662
f 1648/2166/1660 1647/2167/1659 1650/2168/1663
f 1648/2166/1660 1650/2168/1663 1651/2169/1664
f 1649/2170/1662 1575/2171/1661 1574/2172/1665
f 1649/2170/1662 1574/2172/1665 1652/2173/1666
f 1651/2174/1664 1650/2175/1663 1653/2176/1667
f 1651/2174/1664 1653/2176/1667 1654/2177/1668
f 1652/2178/1666 1574/2179/1665 1573/2180/1669
f 1652/2178/1666 1573/2180/1669 1655/2181/1670
f 1654/2182/1668 1653/2183/1667 1656/2184/1671
f 1654/2182/1668 1656/2184/1671 1657/2185/1672
f 1655/2186/1670 1573/2187/1669 1572/2188/1673
f 1655/2186/1670 1572/2188/1673 1658/2189/1674
f 1656/2190/1671 1659/2191/1675 1660/2192/1676
f 1657/2193/1672 1656/2190/1671 1660/2192/1676
f 1658/2194/1674 1572/2195/1673 1571/2196/1677
f 1658/2194/1674 1571/2196/1677 1661/2197/1678
f 1660/2198/1676 1659/2199/1675 1662/2200/1679
f 1660/2198/1676 1662/2200/1679 1663/2201/1680
f 1571/2202/1677 1570/2203/1681 1664/2204/1682
f 1661/2205/1678 1571/2202/1677 1664/2204/1682
f 1662/2206/1679 1665/2207/1683 1666/2208/1684
f 1663/2209/1680 1662/2206/1679 1666/2208/1684
f 1570/2210/1681 1569/2211/1685 1667/2212/1686
f 1664/2213/1682 1570/2210/1681 1667/2212/1686
f 1666/2214/1684 1665/2215/1683 1668/2216/1687
f 1666/2214/1684 1668/2216/1687 1669/2217/1688
f 1667/2218/1686 1569/2219/1685 1568/2220/1689
f 1667/2218/1686 1568/2220/1689 1670/2221/1690
f 1669/2222/1688 1668/2223/1687 1671/2224/1691
f 1669/2222/1688 1671/2224/1691 1672/2225/1692
f 1670/2226/1690 1568/2227/1689 1567/2228/1693
f 1670/2226/1690 1567/2228/1693 1673/2229/1694
f 1671/2230/1691 1674/2231/1695 1675/2232/1696
f 1672/2233/1692 1671/2230/1691 1675/2232/1696
f 1567/2234/1693 1566/2235/1697 1676/2236/1698
f 1673/2237/1694 1567/2234/1693 1676/2236/1698
f 1674/2238/1695 1677/2239/1699 1678/2240/1700
f 1675/2241/1696 1674/2238/1695 1678/2240/1700
f 1566/2242/1697 1565/2243/1701 1679/2244/1702
f 1676/2245/1698 1566/2242/1697 1679/2244/1702
f 1677/2246/1699 1680/2247/1703 1681/2248/1704
f 1678/2249/1700 1677/2246/1699 1681/2248/1704
f 1679/2250/1702 1565/2251/1701 1563/2252/1705
f 1679/2250/1702 1563/2252/1705 1682/2253/1706
f 1681/2254/1704 1680/2255/1703 1594/2256/1587
f 1681/2254/1704 1594/2256/1587 1593/2257/1590
f 1682/2258/1706 1563/2259/1705 1564/2260/1591
f 1682/2258/1706 1564/2260/1591 1597/2261/1594
f 1680/2262/1703 1682/2263/1706 1597/2264/1594
f 1680/2262/1703 1597/2264/1594 1594/2265/1587
f 1681/2266/1704 1593/2267/1590 1684/2268/1707
f 1683/2269/1708 1681/2266/1704 1684/2268/1707
f 1679/2270/1702 1682/2271/1706 1680/2272/1703
f 1677/2273/1699 1679/2270/1702 1680/2272/1703
f 1685/2274/1709 1678/2275/1700 1681/2276/1704
f 1685/2274/1709 1681/2276/1704 1683/2277/1708
f 1674/2278/1695 1676/2279/1698 1679/2280/1702
f 1674/2278/1695 1679/2280/1702 1677/2281/1699
f 1675/2282/1696 1678/2283/1700 1685/2284/1709
f 1686/2285/1710 1675/2282/1696 1685/2284/1709
f 1673/2286/1694 1676/2287/1698 1674/2288/1695
f 1671/2289/1691 1673/2286/1694 1674/2288/1695
f 1687/2290/1711 1672/2291/1692 1675/2292/1696
f 1687/2290/1711 1675/2292/1696 1686/2293/1710
f 1670/2294/1690 1673/2295/1694 1671/2296/1691
f 1668/2297/1687 1670/2294/1690 1671/2296/1691
f 1688/2298/1712 1669/2299/1688 1672/2300/1692
f 1688/2298/1712 1672/2300/1692 1687/2301/1711
f 1667/2302/1686 1670/2303/1690 1668/2304/1687
f 1665/2305/1683 1667/2302/1686 1668/2304/1687
f 1666/2306/1684 1669/2307/1688 1688/2308/1712
f 1689/2309/1713 1666/2306/1684 1688/2308/1712
f 1664/2310/1682 1667/2311/1686 1665/2312/1683
f 1662/2313/1679 1664/2310/1682 1665/2312/1683
f 1690/2314/1714 1663/2315/1680 1666/2316/1684
f 1690/2314/1714 1666/2316/1684 1689/2317/1713
f 1661/2318/1678 1664/2319/1682 1662/2320/1679
f 1659/2321/1675 1661/2318/1678 1662/2320/1679
f 1660/2322/1676 1663/2323/1680 1690/2324/1714
f 1691/2325/1715 1660/2322/1676 1690/2324/1714
f 1658/2326/1674 1661/2327/1678 1659/2328/1675
f 1656/2329/1671 1658/2326/1674 1659/2328/1675
f 1692/2330/1716 1657/2331/1672 1660/2332/1676
f 1692/2330/1716 1660/2332/1676 1691/2333/1715
f 1653/2334/1667 1655/2335/1670 1658/2336/1674
f 1653/2334/1667 1658/2336/1674 1656/2337/1671
f 1693/2338/1717 1654/2339/1668 1657/2340/1672
f 1693/2338/1717 1657/2340/1672 1692/2341/1716
f 1652/2342/1666 1655/2343/1670 1653/2344/1667
f 1650/2345/1663 1652/2342/1666 1653/2344/1667
f 1694/2346/1718 1651/2347/1664 1654/2348/1668
f 1694/2346/1718 1654/2348/1668 1693/2349/1717
f 1649/1387/1662 1652/2350/1666 1650/2351/1663
f 1647/2352/1659 1649/1387/1662 1650/2351/1663
f 1648/1686/1660 1651/2353/1664 1694/2354/1718
f 1695/2355/1719 1648/1686/1660 1694/2354/1718
f 1646/2356/1658 1649/2357/1662 1647/2358/1659
f 1644/2359/1655 1646/2356/1658 1647/2358/1659
f 1696/2360/1720 1645/2361/1656 1648/2362/1660
f 1696/2360/1720 1648/2362/1660 1695/2363/1719
f 1643/2364/1654 1646/2365/1658 1644/2366/1655
f 1641/2367/1651 1643/2364/1654 1644/2366/1655
f 1642/2368/1652 1645/2369/1656 1696/2370/1720
f 1697/2371/1721 1642/2368/1652 1696/2370/1720
f 1640/2372/1650 1643/2373/1654 1641/2374/1651
f 1638/2375/1647 1640/2372/1650 1641/2374/1651
f 1698/2376/1722 1639/2377/1648 1642/2378/1652
f 1698/2376/1722 1642/2378/1652 1697/2379/1721
f 1635/2380/1643 1637/2381/1646 1640/2382/1650
f 1635/2380/1643 1640/2382/1650 1638/2383/1647
f 1636/2384/1644 1639/2385/1648 1698/2386/1722
f 1699/2387/1723 1636/2384/1644 1698/2386/1722
f 1632/2388/1639 1634/2389/1642 1637/2390/1646
f 1632/2388/1639 1637/2390/1646 1635/2391/1643
f 1633/2392/1640 1636/2393/1644 1699/2394/1723
f 1700/2395/1724 1633/2392/1640 1699/2394/1723
f 1629/2396/1635 1631/2397/1638 1634/2398/1642
f 1629/2396/1635 1634/2398/1642 1632/2399/1639
f 1701/2400/1725 1630/2401/1636 1633/2402/1640
f 1701/2400/1725 1633/2402/1640 1700/2403/1724
f 1626/2404/1631 1628/2405/1634 1631/2406/1638
f 1626/2404/1631 1631/2406/1638 1629/2407/1635
f 1702/2408/1726 1627/2409/1632 1630/2410/1636
f 1702/2408/1726 1630/2410/1636 1701/2411/1725
f 1623/2412/1627 1625/2413/1630 1628/2414/1634
f 1623/2412/1627 1628/2414/1634 1626/2415/1631
f 1624/2416/1628 1627/2417/1632 1702/2418/1726
f 1703/2419/1727 1624/2416/1628 1702/2418/1726
f 1622/2420/1626 1625/2421/1630 1623/2422/1627
f 1620/2423/1623 1622/2420/1626 1623/2422/1627
f 1621/2424/1624 1624/2425/1628 1703/2426/1727
f 1704/2427/1728 1621/2424/1624 1703/2426/1727
f 1617/2428/1619 1619/2429/1622 1622/2430/1626
f 1617/2428/1619 1622/2430/1626 1620/2431/1623
f 1618/2432/1620 1621/2433/1624 1704/2434/1728
f 1705/2435/1729 1618/2436/1620 1704/2437/1728
f 1614/2438/1615 1616/2439/1618 1619/2440/1622
f 1614/2438/1615 1619/2440/1622 1617/2441/1619
f 1706/2442/1730 1615/2443/1616 1618/2444/1620
f 1706/2442/1730 1618/2444/1620 1705/2445/1729
f 1611/2446/1611 1613/2447/1614 1616/2448/1618
f 1611/2446/1611 1616/2448/1618 1614/2449/1615
f 1612/2450/1612 1615/2451/1616 1706/2452/1730
f 1707/2453/1731 1612/2450/1612 1706/2452/1730
f 1608/2454/1607 1610/2455/1610 1613/2456/1614
f 1608/2454/1607 1613/2456/1614 1611/2457/1611
f 1609/2458/1608 1612/2459/1612 1707/2460/1731
f 1708/2461/1732 1609/2458/1608 1707/2460/1731
f 1605/2462/1603 1607/2463/1606 1610/2464/1610
f 1605/2462/1603 1610/2464/1610 1608/2465/1607
f 1709/2466/1733 1606/2467/1604 1609/2468/1608
f 1709/2466/1733 1609/2468/1608 1708/2469/1732
f 1602/2470/1599 1604/2471/1602 1607/2472/1606
f 1602/2470/1599 1607/2472/1606 1605/2473/1603
f 1710/2474/1734 1603/2475/1600 1606/2476/1604
f 1710/2474/1734 1606/2476/1604 1709/2477/1733
f 1601/2478/1598 1604/2479/1602 1602/2480/1599
f 1599/2481/1595 1601/2478/1598 1602/2480/1599
f 1711/2482/1735 1600/2483/1596 1603/2484/1600
f 1711/2482/1735 1603/2484/1600 1710/2485/1734
f 1595/2486/1588 1598/2487/1593 1601/2488/1598
f 1595/2486/1588 1601/2488/1598 1599/2489/1595
f 1596/2490/1589 1600/2491/1596 1711/2492/1735
f 1712/2493/1736 1596/2490/1589 1711/2492/1735
f 1597/2494/1594 1598/2495/1593 1595/2496/1588
f 1594/2497/1587 1597/2494/1594 1595/2496/1588
f 1684/2498/1707 1593/2499/1590 1596/2500/1589
f 1684/2498/1707 1596/2500/1589 1712/2501/1736
g llanta2_Mesh
v 1.229721 0.000000 -3.934183
v 1.229719 -0.817968 -3.848215
v 1.229712 -1.600190 -3.594051
v 1.229702 -2.312475 -3.182817
v 1.229688 -2.923692 -2.632473
v 1.229670 -3.407130 -1.967075
v 1.229651 -3.741660 -1.215706
v 1.229631 -3.912663 -0.411206
v 1.229608 -3.912663 0.411270
v 1.229588 -3.741660 1.215772
v 1.229566 -3.407130 1.967136
v 1.229551 -2.923691 2.632534
v 1.229537 -2.312474 3.182878
v 1.229525 -1.600190 3.594117
v 1.229520 -0.817968 3.848274
v 1.229517 0.000001 3.934247
v 1.229520 0.817970 3.848274
v 1.229525 1.600189 3.594117
v 1.229537 2.312474 3.182879
v 1.229551 2.923693 2.632534
v 1.229566 3.407132 1.967136
v 1.229588 3.741662 1.215772
v 1.229608 3.912664 0.411269
v 1.229631 3.912664 -0.411206
v 1.229651 3.741662 -1.215706
v 1.229670 3.407131 -1.967075
v 1.229688 2.923692 -2.632473
v 1.229702 2.312473 -3.182817
v 1.229712 1.600189 -3.594052
v 1.229719 0.817969 -3.848215
v -0.482445 0.000000 -3.976234
v -0.104585 0.000000 -4.004223
v -0.104587 -0.832525 -3.916721
v -0.482447 -0.826702 -3.889342
v 0.462202 0.000000 -4.004208
v 0.816443 0.000000 -3.976198
v 0.816441 -0.826702 -3.889306
v 0.462200 -0.832525 -3.916705
v -0.104595 -1.628662 -3.658039
v -0.482451 -1.617274 -3.632471
v 0.816433 -1.617274 -3.632433
v 0.462193 -1.628662 -3.658024
v -0.104604 -2.353621 -3.239482
v -0.482463 -2.337161 -3.216843
v 0.816422 -2.337161 -3.216809
v 0.462184 -2.353621 -3.239469
v -0.104618 -2.975715 -2.679347
v -0.482475 -2.954905 -2.660626
v 0.816409 -2.954905 -2.660587
v 0.462169 -2.975715 -2.679332
v -0.104636 -3.467757 -2.002113
v -0.482496 -3.443505 -1.988121
v 0.816392 -3.443505 -1.988086
v 0.462151 -3.467757 -2.002099
v -0.104656 -3.808238 -1.237372
v -0.482515 -3.781607 -1.228732
v 0.816372 -3.781605 -1.228698
v 0.462132 -3.808238 -1.237358
v -0.104678 -3.982282 -0.418558
v -0.482535 -3.954435 -0.415643
v 0.816350 -3.954435 -0.415608
v 0.462109 -3.982282 -0.418542
v -0.104701 -3.982282 0.418554
v -0.482557 -3.954435 0.415614
v 0.816328 -3.954435 0.415649
v 0.462087 -3.982282 0.418568
v -0.104723 -3.808238 1.237369
v -0.482580 -3.781607 1.228707
v 0.816308 -3.781605 1.228741
v 0.462064 -3.808238 1.237383
v -0.104743 -3.467756 2.002108
v -0.482600 -3.443505 1.988099
v 0.816285 -3.443505 1.988134
v 0.462045 -3.467756 2.002124
v -0.104761 -2.975715 2.679340
v -0.482617 -2.954904 2.660597
v 0.816268 -2.954904 2.660633
v 0.462028 -2.975715 2.679354
v -0.104775 -2.353621 3.239478
v -0.482632 -2.337160 3.216816
v 0.816255 -2.337160 3.216851
v 0.462012 -2.353621 3.239493
v -0.104784 -1.628662 3.658035
v -0.482641 -1.617273 3.632442
v 0.816244 -1.617273 3.632478
v 0.462004 -1.628662 3.658050
v -0.104792 -0.832524 3.916716
v -0.482648 -0.826702 3.889316
v 0.816237 -0.826702 3.889349
v 0.461996 -0.832524 3.916731
v -0.104795 0.000001 4.004219
v -0.482651 0.000001 3.976208
v 0.816234 0.000001 3.976243
v 0.461994 0.000001 4.004233
v -0.104792 0.832526 3.916716
v -0.482648 0.826704 3.889316
v 0.816237 0.826704 3.889349
v 0.461996 0.832526 3.916731
v -0.104784 1.628664 3.658035
v -0.482641 1.617275 3.632442
v 0.816244 1.617275 3.632477
v 0.462004 1.628664 3.658050
v -0.104775 2.353620 3.239477
v -0.482632 2.337162 3.216816
v 0.816255 2.337162 3.216850
v 0.462012 2.353620 3.239492
v -0.104761 2.975717 2.679339
v -0.482617 2.954906 2.660596
v 0.816268 2.954906 2.660632
v 0.462028 2.975717 2.679353
v -0.104743 3.467755 2.002108
v -0.482600 3.443506 1.988098
v 0.816285 3.443506 1.988133
v 0.462045 3.467755 2.002124
v -0.104723 3.808239 1.237369
v -0.482580 3.781609 1.228706
v 0.816308 3.781606 1.228741
v 0.462064 3.808239 1.237383
v -0.104701 3.982284 0.418553
v -0.482557 3.954437 0.415613
v 0.816328 3.954437 0.415648
v 0.462087 3.982284 0.418567
v -0.104678 3.982284 -0.418558
v -0.482535 3.954437 -0.415643
v 0.816350 3.954437 -0.415608
v 0.462109 3.982284 -0.418542
v -0.104656 3.808239 -1.237373
v -0.482515 3.781609 -1.228732
v 0.816372 3.781606 -1.228698
v 0.462132 3.808239 -1.237359
v -0.104636 3.467755 -2.002114
v -0.482496 3.443506 -1.988121
v 0.816392 3.443506 -1.988086
v 0.462151 3.467755 -2.002100
v -0.104618 2.975716 -2.679347
v -0.482475 2.954906 -2.660627
v 0.816409 2.954906 -2.660587
v 0.462169 2.975716 -2.679332
v -0.104604 2.353620 -3.239482
v -0.482463 2.337162 -3.216843
v 0.816422 2.337162 -3.216809
v 0.462184 2.353620 -3.239469
v -0.104595 1.628663 -3.658040
v -0.482451 1.617275 -3.632472
v 0.816433 1.617275 -3.632434
v 0.462193 1.628663 -3.658025
v -0.104587 0.832526 -3.916721
v -0.482447 0.826704 -3.889342
v 0.816441 0.826704 -3.889306
v 0.462200 0.832526 -3.916705
v -0.907538 0.815059 -3.834569
v -0.907536 0.000000 -3.920234
v -0.907545 1.594496 -3.581315
v -0.907555 2.304245 -3.171551
v -0.907569 2.913287 -2.623160
v -0.907587 3.395005 -1.960133
v -0.907607 3.728346 -1.211437
v -0.907626 3.898738 -0.409799
v -0.907649 3.898738 0.409749
v -0.907668 3.728346 1.211389
v -0.907688 3.395005 1.960085
v -0.907705 2.913288 2.623115
v -0.907721 2.304246 3.171499
v -0.907733 1.594496 3.581272
v -0.907738 0.815060 3.834525
v -0.907739 0.000001 3.920190
v -0.907738 -0.815058 3.834525
v -0.907733 -1.594494 3.581273
v -0.907721 -2.304244 3.171500
v -0.907705 -2.913285 2.623115
v -0.907688 -3.395004 1.960085
v -0.907668 -3.728345 1.211389
v -0.907649 -3.898739 0.409749
v -0.907626 -3.898739 -0.409798
v -0.907607 -3.728345 -1.211438
v -0.907587 -3.395004 -1.960132
v -0.907569 -2.913286 -2.623159
v -0.907555 -2.304245 -3.171551
v -0.907545 -1.594495 -3.581315
v -0.907538 -0.815059 -3.834569
vn -0.0493 -0.0000 -0.9988
vn -0.0247 -0.2078 -0.9779
vn -0.0982 -0.1923 -0.9764
vn -0.1021 -0.0000 -0.9948
vn 0.0884 -0.2217 -0.9711
vn 0.0394 -0.2078 -0.9774
vn 0.0394 -0.0000 -0.9992
vn 0.0936 -0.0000 -0.9956
vn -0.0493 -0.4062 -0.9124
vn -0.1079 -0.3853 -0.9165
vn 0.0394 -0.4064 -0.9128
vn 0.0922 -0.4240 -0.9010
vn -0.0317 -0.5995 -0.7997
vn -0.1063 -0.5723 -0.8131
vn 0.0877 -0.5684 -0.8180
vn 0.0473 -0.6039 -0.7957
vn -0.0443 -0.7562 -0.6528
vn -0.0966 -0.7255 -0.6814
vn 0.0916 -0.7299 -0.6774
vn 0.0338 -0.7526 -0.6576
vn -0.0317 -0.8730 -0.4867
vn -0.1063 -0.8535 -0.5101
vn 0.0864 -0.8628 -0.4981
vn 0.0393 -0.8654 -0.4996
vn -0.0369 -0.9606 -0.2753
vn -0.1021 -0.9461 -0.3074
vn 0.0451 -0.9453 -0.3230
vn 0.0922 -0.9403 -0.3275
vn -0.0370 -0.9969 -0.0696
vn -0.0966 -0.9875 -0.1249
vn 0.0899 -0.9862 -0.1387
vn 0.0393 -0.9938 -0.1044
vn -0.0370 -0.9896 0.1392
vn -0.1022 -0.9923 0.0693
vn 0.0899 -0.9935 0.0694
vn 0.0393 -0.9938 0.1044
vn -0.0369 -0.9504 0.3088
vn -0.1021 -0.9461 0.3074
vn 0.0899 -0.9472 0.3078
vn 0.0263 -0.9507 0.3089
vn -0.0370 -0.8824 0.4691
vn -0.0966 -0.8513 0.5157
vn 0.0393 -0.8654 0.4996
vn 0.0899 -0.8446 0.5279
vn -0.0317 -0.7527 0.6576
vn -0.1021 -0.7393 0.6656
vn 0.0473 -0.7562 0.6527
vn 0.0899 -0.7163 0.6919
vn -0.0493 -0.5871 0.8080
vn -0.1080 -0.6011 0.7919
vn 0.0338 -0.5995 0.7997
vn 0.0899 -0.5568 0.8257
vn -0.0317 -0.3928 0.9191
vn -0.1023 -0.4361 0.8941
vn 0.0525 -0.4062 0.9123
vn 0.0899 -0.4051 0.9098
vn -0.0296 -0.1872 0.9819
vn -0.1021 -0.2068 0.9730
vn 0.0883 -0.2217 0.9711
vn 0.0315 -0.2283 0.9731
vn -0.0493 -0.0000 0.9988
vn -0.1021 -0.0000 0.9948
vn 0.0393 -0.0000 0.9992
vn 0.0936 -0.0000 0.9956
vn -0.0296 0.1872 0.9819
vn -0.1021 0.2068 0.9730
vn 0.0883 0.2217 0.9711
vn 0.0315 0.2283 0.9731
vn -0.0317 0.3928 0.9191
vn -0.1023 0.4362 0.8940
vn 0.0473 0.3871 0.9208
vn 0.0899 0.4367 0.8951
vn -0.0493 0.5871 0.8080
vn -0.1080 0.6011 0.7919
vn 0.0398 0.5873 0.8084
vn 0.0899 0.5854 0.8057
vn -0.0317 0.7527 0.6576
vn -0.1026 0.7391 0.6658
vn 0.0899 0.7163 0.6919
vn 0.0473 0.7562 0.6527
vn -0.0370 0.8824 0.4691
vn -0.0966 0.8513 0.5157
vn 0.0899 0.8446 0.5279
vn 0.0393 0.8654 0.4996
vn -0.0369 0.9504 0.3088
vn -0.1021 0.9461 0.3074
vn 0.0899 0.9472 0.3078
vn 0.0263 0.9507 0.3089
vn -0.0370 0.9896 0.1392
vn -0.1022 0.9923 0.0693
vn 0.0393 0.9938 0.1044
vn 0.0899 0.9935 0.0694
vn -0.0370 0.9969 -0.0696
vn -0.0966 0.9875 -0.1249
vn 0.0393 0.9938 -0.1044
vn 0.0899 0.9862 -0.1387
vn -0.0369 0.9606 -0.2754
vn -0.1025 0.9460 -0.3076
vn 0.0451 0.9453 -0.3230
vn 0.0922 0.9403 -0.3275
vn -0.0317 0.8730 -0.4867
vn -0.1063 0.8535 -0.5101
vn 0.0877 0.8730 -0.4798
vn 0.0473 0.8544 -0.5175
vn -0.0443 0.7562 -0.6528
vn -0.0966 0.7255 -0.6814
vn 0.0899 0.7401 -0.6664
vn 0.0263 0.7429 -0.6689
vn -0.0317 0.5995 -0.7997
vn -0.1063 0.5723 -0.8131
vn 0.0526 0.5870 -0.8079
vn 0.0899 0.5854 -0.8057
vn -0.0493 0.4062 -0.9124
vn -0.1079 0.3852 -0.9165
vn 0.0899 0.4367 -0.8951
vn 0.0338 0.3928 -0.9190
vn -0.0247 0.2078 -0.9779
vn -0.0982 0.1923 -0.9764
vn 0.0884 0.2217 -0.9711
vn 0.0394 0.2078 -0.9774
vn 0.0716 0.1931 -0.9786
vn 0.1014 -0.0241 -0.9946
vn -0.1134 -0.0122 -0.9935
vn -0.1021 0.1941 -0.9756
vn 0.0133 0.3297 -0.9440
vn -0.1206 0.3180 -0.9404
vn 0.0516 0.6256 -0.7784
vn 0.0020 0.5904 -0.8071
vn -0.0028 0.6615 -0.7500
vn -0.1096 0.7387 -0.6651
vn 0.0516 0.8882 -0.4566
vn 0.0021 0.8644 -0.5028
vn 0.0890 0.9373 -0.3369
vn -0.1206 0.9685 -0.2179
vn 0.0890 0.9869 -0.1346
vn -0.1289 0.9907 -0.0442
vn 0.0313 0.9823 0.1847
vn -0.0279 0.9949 0.0967
vn -0.0056 0.9797 0.2003
vn 0.0020 0.9520 0.3060
vn 0.0715 0.8710 0.4860
vn -0.1289 0.8870 0.4433
vn 0.0716 0.7509 0.6565
vn -0.1021 0.7478 0.6560
vn 0.0843 0.6004 0.7953
vn -0.1021 0.5951 0.7971
vn 0.0889 0.4330 0.8970
vn -0.1206 0.4861 0.8655
vn 0.0889 0.2371 0.9674
vn 0.0020 0.2048 0.9788
vn 0.0848 0.0177 0.9962
vn -0.1097 -0.0000 0.9940
vn 0.0133 -0.1263 0.9919
vn 0.0020 -0.2048 0.9788
vn 0.0515 -0.4501 0.8915
vn -0.1206 -0.4861 0.8655
vn 0.0889 -0.5603 0.8235
vn -0.1021 -0.5951 0.7971
vn 0.0890 -0.7193 0.6890
vn -0.1022 -0.7478 0.6560
vn 0.0890 -0.8468 0.5244
vn -0.1289 -0.8870 0.4433
vn -0.0029 -0.9093 0.4161
vn 0.0020 -0.9520 0.3060
vn 0.0160 -0.9991 0.0400
vn -0.0279 -0.9949 0.0967
vn 0.0716 -0.9934 -0.0897
vn -0.1289 -0.9907 -0.0442
vn 0.0716 -0.9530 -0.2943
vn -0.1206 -0.9685 -0.2179
vn 0.0497 -0.8407 -0.5392
vn 0.0021 -0.8644 -0.5028
vn -0.0056 -0.8135 -0.5815
vn -0.1096 -0.7387 -0.6651
vn 0.0497 -0.5488 -0.8345
vn -0.1101 -0.5842 -0.8041
vn 0.0253 -0.4906 -0.8710
vn -0.1021 -0.3928 -0.9140
vn 0.0890 -0.2371 -0.9674
vn -0.1021 -0.1941 -0.9756
vt 0.201538 0.165435
vt 0.202136 0.250000
vt 0.116633 0.251748
vt 0.116039 0.167774
vt 0.410447 0.251748
vt 0.330345 0.250000
vt 0.329747 0.165435
vt 0.409853 0.167774
vt 0.202550 0.345491
vt 0.117045 0.346572
vt 0.330759 0.345491
vt 0.410858 0.346572
vt 0.202762 0.447736
vt 0.117255 0.448101
vt 0.411067 0.448101
vt 0.330971 0.447736
vt 0.202762 0.552264
vt 0.117255 0.551898
vt 0.411068 0.551899
vt 0.330971 0.552264
vt 0.202550 0.654509
vt 0.117044 0.653428
vt 0.410858 0.653428
vt 0.330759 0.654509
vt 0.202136 0.750000
vt 0.116633 0.748252
vt 0.330346 0.750000
vt 0.410447 0.748252
vt 0.201538 0.834565
vt 0.116040 0.832226
vt 0.409852 0.832226
vt 0.329747 0.834565
vt 0.200781 0.904509
vt 0.115289 0.901680
vt 0.409101 0.901680
vt 0.328991 0.904509
vt 0.199900 0.956773
vt 0.114413 0.953579
vt 0.408226 0.953579
vt 0.328109 0.956773
vt 0.198932 0.989074
vt 0.113452 0.985654
vt 0.327141 0.989074
vt 0.407265 0.985654
vt 0.197919 1.000000
vt 0.112447 0.996504
vt 0.326129 1.000000
vt 0.406260 0.996504
vt 0.896557 0.996504
vt 0.811085 1.000000
vt 0.810073 0.989074
vt 0.895553 0.985654
vt 0.681863 0.989074
vt 0.682875 1.000000
vt 0.602745 0.996504
vt 0.601739 0.985654
vt 0.809105 0.956773
vt 0.894592 0.953579
vt 0.680895 0.956773
vt 0.600779 0.953579
vt 0.808224 0.904509
vt 0.893716 0.901680
vt 0.599904 0.901680
vt 0.680014 0.904509
vt 0.807468 0.834566
vt 0.892966 0.832226
vt 0.679258 0.834566
vt 0.599153 0.832226
vt 0.806870 0.750000
vt 0.892372 0.748252
vt 0.598559 0.748252
vt 0.678660 0.750000
vt 0.806455 0.654509
vt 0.891961 0.653428
vt 0.678246 0.654509
vt 0.598148 0.653428
vt 0.806244 0.552264
vt 0.891751 0.551899
vt 0.678035 0.552265
vt 0.597938 0.551899
vt 0.806244 0.447736
vt 0.891751 0.448101
vt 0.597938 0.448102
vt 0.678034 0.447735
vt 0.806456 0.345492
vt 0.891961 0.346572
vt 0.598148 0.346572
vt 0.678246 0.345492
vt 0.806869 0.250000
vt 0.892372 0.251748
vt 0.598558 0.251749
vt 0.678660 0.250000
vt 0.807467 0.165435
vt 0.892965 0.167774
vt 0.679258 0.165435
vt 0.599152 0.167774
vt 0.808223 0.095491
vt 0.893716 0.098320
vt 0.680014 0.095492
vt 0.599903 0.098320
vt 0.809104 0.043227
vt 0.894591 0.046421
vt 0.680895 0.043227
vt 0.600778 0.046422
vt 0.810072 0.010926
vt 0.895552 0.014346
vt 0.601739 0.014346
vt 0.681863 0.010926
vt 0.811084 0.000000
vt 0.896557 0.003496
vt 0.602744 0.003496
vt 0.682875 0.000000
vt 0.112448 0.003496
vt 0.197920 0.000000
vt 0.198932 0.010926
vt 0.113452 0.014346
vt 0.327142 0.010926
vt 0.326130 0.000000
vt 0.406260 0.003496
vt 0.407265 0.014346
vt 0.199900 0.043227
vt 0.114414 0.046421
vt 0.408226 0.046421
vt 0.328110 0.043227
vt 0.200782 0.095491
vt 0.115288 0.098320
vt 0.409102 0.098320
vt 0.328991 0.095491
vt 0.502557 0.102563
vt 0.503300 0.171284
vt 0.019832 0.172454
vt 0.019091 0.103978
vt 0.501691 0.051213
vt 0.018229 0.052810
vt 0.500740 0.019476
vt 0.017281 0.021186
vt 0.499746 0.008741
vt 0.016290 0.010489
vt 0.508264 0.019476
vt 0.509259 0.008741
vt 0.992714 0.010489
vt 0.991724 0.021186
vt 0.507313 0.051213
vt 0.990776 0.052810
vt 0.506447 0.102563
vt 0.989913 0.103978
vt 0.505705 0.171284
vt 0.989173 0.172454
vt 0.505117 0.254371
vt 0.988587 0.255245
vt 0.504711 0.348193
vt 0.988182 0.348733
vt 0.504503 0.448650
vt 0.987975 0.448833
vt 0.504503 0.551351
vt 0.987975 0.551168
vt 0.504711 0.651808
vt 0.988183 0.651267
vt 0.505117 0.745630
vt 0.988588 0.744755
vt 0.505705 0.828717
vt 0.989173 0.827547
vt 0.506448 0.897437
vt 0.989914 0.896023
vt 0.507314 0.948788
vt 0.990777 0.947191
vt 0.508265 0.980524
vt 0.991724 0.978814
vt 0.509259 0.991259
vt 0.992714 0.989511
vt 0.499746 0.991259
vt 0.500740 0.980523
vt 0.017281 0.978814
vt 0.016290 0.989511
vt 0.501691 0.948787
vt 0.018229 0.947190
vt 0.502557 0.897437
vt 0.019091 0.896022
vt 0.503300 0.828716
vt 0.019832 0.827547
vt 0.503888 0.745629
vt 0.020417 0.744755
vt 0.504294 0.651807
vt 0.020822 0.651267
vt 0.504502 0.551350
vt 0.021030 0.551168
vt 0.504503 0.448649
vt 0.021030 0.448832
vt 0.504295 0.348193
vt 0.020823 0.348733
vt 0.503888 0.254370
vt 0.020417 0.255245
s 1
g off
g llanta2_llanta
usemtl llanta
f 1744/2502/1737 1745/2503/1738 1746/2504/1739
f 1743/2505/1740 1744/2502/1737 1746/2504/1739
f 1749/2506/1741 1750/2507/1742 1747/2508/1743
f 1747/2508/1743 1748/2509/1744 1749/2506/1741
f 1746/2504/1739 1745/2503/1738 1751/2510/1745
f 1746/2504/1739 1751/2510/1745 1752/2511/1746
f 1754/2512/1747 1750/2507/1742 1749/2506/1741
f 1749/2506/1741 1753/2513/1748 1754/2512/1747
f 1751/2510/1745 1755/2514/1749 1756/2515/1750
f 1752/2511/1746 1751/2510/1745 1756/2515/1750
f 1757/2516/1751 1758/2517/1752 1754/2512/1747
f 1754/2512/1747 1753/2513/1748 1757/2516/1751
f 1755/2514/1749 1759/2518/1753 1760/2519/1754
f 1756/2515/1750 1755/2514/1749 1760/2519/1754
f 1761/2520/1755 1762/2521/1756 1758/2517/1752
f 1758/2517/1752 1757/2516/1751 1761/2520/1755
f 1759/2518/1753 1763/2522/1757 1764/2523/1758
f 1760/2519/1754 1759/2518/1753 1764/2523/1758
f 1765/2524/1759 1766/2525/1760 1762/2521/1756
f 1762/2521/1756 1761/2520/1755 1765/2524/1759
f 1763/2522/1757 1767/2526/1761 1768/2527/1762
f 1764/2523/1758 1763/2522/1757 1768/2527/1762
f 1770/2528/1763 1766/2525/1760 1765/2524/1759
f 1765/2524/1759 1769/2529/1764 1770/2528/1763
f 1767/2526/1761 1771/2530/1765 1772/2531/1766
f 1768/2527/1762 1767/2526/1761 1772/2531/1766
f 1773/2532/1767 1774/2533/1768 1770/2528/1763
f 1770/2528/1763 1769/2529/1764 1773/2532/1767
f 1771/2530/1765 1775/2534/1769 1776/2535/1770
f 1772/2531/1766 1771/2530/1765 1776/2535/1770
f 1777/2536/1771 1778/2537/1772 1774/2533/1768
f 1774/2533/1768 1773/2532/1767 1777/2536/1771
f 1775/2534/1769 1779/2538/1773 1780/2539/1774
f 1776/2535/1770 1775/2534/1769 1780/2539/1774
f 1781/2540/1775 1782/2541/1776 1778/2537/1772
f 1778/2537/1772 1777/2536/1771 1781/2540/1775
f 1780/2539/1774 1779/2538/1773 1783/2542/1777
f 1780/2539/1774 1783/2542/1777 1784/2543/1778
f 1786/2544/1779 1782/2541/1776 1781/2540/1775
f 1781/2540/1775 1785/2545/1780 1786/2544/1779
f 1784/2543/1778 1783/2542/1777 1787/2546/1781
f 1784/2543/1778 1787/2546/1781 1788/2547/1782
f 1790/2548/1783 1786/2544/1779 1785/2545/1780
f 1785/2545/1780 1789/2549/1784 1790/2548/1783
f 1788/2550/1782 1787/2551/1781 1791/2552/1785
f 1788/2550/1782 1791/2552/1785 1792/2553/1786
f 1794/2554/1787 1790/2555/1783 1789/2556/1784
f 1789/2556/1784 1793/2557/1788 1794/2554/1787
f 1791/2552/1785 1795/2558/1789 1796/2559/1790
f 1792/2553/1786 1791/2552/1785 1796/2559/1790
f 1798/2560/1791 1794/2554/1787 1793/2557/1788
f 1793/2557/1788 1797/2561/1792 1798/2560/1791
f 1795/2558/1789 1799/2562/1793 1800/2563/1794
f 1796/2559/1790 1795/2558/1789 1800/2563/1794
f 1801/2564/1795 1802/2565/1796 1798/2560/1791
f 1798/2560/1791 1797/2561/1792 1801/2564/1795
f 1800/2563/1794 1799/2562/1793 1803/2566/1797
f 1800/2563/1794 1803/2566/1797 1804/2567/1798
f 1806/2568/1799 1802/2565/1796 1801/2564/1795
f 1801/2564/1795 1805/2569/1800 1806/2568/1799
f 1803/2566/1797 1807/2570/1801 1808/2571/1802
f 1804/2567/1798 1803/2566/1797 1808/2571/1802
f 1809/2572/1803 1810/2573/1804 1806/2568/1799
f 1806/2568/1799 1805/2569/1800 1809/2572/1803
f 1808/2571/1802 1807/2570/1801 1811/2574/1805
f 1808/2571/1802 1811/2574/1805 1812/2575/1806
f 1814/2576/1807 1810/2573/1804 1809/2572/1803
f 1809/2572/1803 1813/2577/1808 1814/2576/1807
f 1812/2575/1806 1811/2574/1805 1815/2578/1809
f 1812/2575/1806 1815/2578/1809 1816/2579/1810
f 1818/2580/1811 1814/2576/1807 1813/2577/1808
f 1813/2577/1808 1817/2581/1812 1818/2580/1811
f 1815/2578/1809 1819/2582/1813 1820/2583/1814
f 1816/2579/1810 1815/2578/1809 1820/2583/1814
f 1821/2584/1815 1822/2585/1816 1818/2580/1811
f 1818/2580/1811 1817/2581/1812 1821/2584/1815
f 1819/2582/1813 1823/2586/1817 1824/2587/1818
f 1820/2583/1814 1819/2582/1813 1824/2587/1818
f 1825/2588/1819 1826/2589/1820 1822/2585/1816
f 1822/2585/1816 1821/2584/1815 1825/2588/1819
f 1823/2586/1817 1827/2590/1821 1828/2591/1822
f 1824/2587/1818 1823/2586/1817 1828/2591/1822
f 1829/2592/1823 1830/2593/1824 1826/2589/1820
f 1826/2589/1820 1825/2588/1819 1829/2592/1823
f 1828/2591/1822 1827/2590/1821 1831/2594/1825
f 1828/2591/1822 1831/2594/1825 1832/2595/1826
f 1834/2596/1827 1830/2593/1824 1829/2592/1823
f 1829/2592/1823 1833/2597/1828 1834/2596/1827
f 1832/2595/1826 1831/2594/1825 1835/2598/1829
f 1832/2595/1826 1835/2598/1829 1836/2599/1830
f 1838/2600/1831 1834/2596/1827 1833/2597/1828
f 1833/2597/1828 1837/2601/1832 1838/2600/1831
f 1836/2599/1830 1835/2598/1829 1839/2602/1833
f 1836/2599/1830 1839/2602/1833 1840/2603/1834
f 1842/2604/1835 1838/2600/1831 1837/2601/1832
f 1837/2601/1832 1841/2605/1836 1842/2604/1835
f 1840/2603/1834 1839/2602/1833 1843/2606/1837
f 1840/2603/1834 1843/2606/1837 1844/2607/1838
f 1845/2608/1839 1846/2609/1840 1842/2604/1835
f 1842/2604/1835 1841/2605/1836 1845/2608/1839
f 1844/2607/1838 1843/2606/1837 1847/2610/1841
f 1844/2607/1838 1847/2610/1841 1848/2611/1842
f 1849/2612/1843 1850/2613/1844 1846/2609/1840
f 1846/2609/1840 1845/2608/1839 1849/2612/1843
f 1848/2614/1842 1847/2615/1841 1851/2616/1845
f 1848/2614/1842 1851/2616/1845 1852/2617/1846
f 1854/2618/1847 1850/2619/1844 1849/2620/1843
f 1849/2620/1843 1853/2621/1848 1854/2618/1847
f 1852/2617/1846 1851/2616/1845 1855/2622/1849
f 1852/2617/1846 1855/2622/1849 1856/2623/1850
f 1857/2624/1851 1858/2625/1852 1854/2618/1847
f 1854/2618/1847 1853/2621/1848 1857/2624/1851
f 1855/2622/1849 1859/2626/1853 1860/2627/1854
f 1856/2623/1850 1855/2622/1849 1860/2627/1854
f 1861/2628/1855 1862/2629/1856 1858/2625/1852
f 1858/2625/1852 1857/2624/1851 1861/2628/1855
f 1860/2627/1854 1859/2626/1853 1744/2502/1737
f 1860/2627/1854 1744/2502/1737 1743/2505/1740
f 1747/2508/1743 1862/2629/1856 1861/2628/1855
f 1861/2628/1855 1748/2509/1744 1747/2508/1743
f 1748/2509/1744 1861/2628/1855 1742/2630/1857
f 1742/2630/1857 1713/2631/1858 1748/2509/1744
f 1859/2626/1853 1862/2629/1856 1747/2508/1743
f 1859/2626/1853 1747/2508/1743 1744/2502/1737
f 1860/2627/1854 1743/2505/1740 1864/2632/1859
f 1863/2633/1860 1860/2627/1854 1864/2632/1859
f 1861/2628/1855 1857/2624/1851 1741/2634/1861
f 1741/2634/1861 1742/2630/1857 1861/2628/1855
f 1859/2626/1853 1855/2622/1849 1858/2625/1852
f 1858/2625/1852 1862/2629/1856 1859/2626/1853
f 1856/2623/1850 1860/2627/1854 1863/2633/1860
f 1865/2635/1862 1856/2623/1850 1863/2633/1860
f 1857/2624/1851 1853/2621/1848 1740/2636/1863
f 1740/2636/1863 1741/2634/1861 1857/2624/1851
f 1858/2625/1852 1855/2622/1849 1851/2616/1845
f 1851/2616/1845 1854/2618/1847 1858/2625/1852
f 1852/2617/1846 1856/2623/1850 1865/2635/1862
f 1866/2637/1864 1852/2617/1846 1865/2635/1862
f 1740/2636/1863 1853/2621/1848 1849/2620/1843
f 1849/2620/1843 1739/2638/1865 1740/2636/1863
f 1850/2619/1844 1854/2618/1847 1851/2616/1845
f 1847/2615/1841 1850/2619/1844 1851/2616/1845
f 1867/2639/1866 1848/2614/1842 1852/2617/1846
f 1867/2639/1866 1852/2617/1846 1866/2637/1864
f 1849/2612/1843 1845/2608/1839 1738/2640/1867
f 1738/2640/1867 1739/2641/1865 1849/2612/1843
f 1850/2613/1844 1847/2610/1841 1843/2606/1837
f 1843/2606/1837 1846/2609/1840 1850/2613/1844
f 1844/2607/1838 1848/2611/1842 1867/2642/1866
f 1868/2643/1868 1844/2607/1838 1867/2642/1866
f 1738/2640/1867 1845/2608/1839 1841/2605/1836
f 1841/2605/1836 1737/2644/1869 1738/2640/1867
f 1843/2606/1837 1839/2602/1833 1842/2604/1835
f 1842/2604/1835 1846/2609/1840 1843/2606/1837
f 1869/2645/1870 1840/2603/1834 1844/2607/1838
f 1869/2645/1870 1844/2607/1838 1868/2643/1868
f 1737/2644/1869 1841/2605/1836 1837/2601/1832
f 1837/2601/1832 1736/2646/1871 1737/2644/1869
f 1838/2600/1831 1842/2604/1835 1839/2602/1833
f 1835/2598/1829 1838/2600/1831 1839/2602/1833
f 1870/2647/1872 1836/2599/1830 1840/2603/1834
f 1870/2647/1872 1840/2603/1834 1869/2645/1870
f 1736/2646/1871 1837/2601/1832 1833/2597/1828
f 1833/2597/1828 1735/2648/1873 1736/2646/1871
f 1835/2598/1829 1831/2594/1825 1834/2596/1827
f 1834/2596/1827 1838/2600/1831 1835/2598/1829
f 1832/2595/1826 1836/2599/1830 1870/2647/1872
f 1871/2649/1874 1832/2595/1826 1870/2647/1872
f 1735/2648/1873 1833/2597/1828 1829/2592/1823
f 1829/2592/1823 1734/2650/1875 1735/2648/1873
f 1831/2594/1825 1827/2590/1821 1830/2593/1824
f 1830/2593/1824 1834/2596/1827 1831/2594/1825
f 1828/2591/1822 1832/2595/1826 1871/2649/1874
f 1872/2651/1876 1828/2591/1822 1871/2649/1874
f 1829/2592/1823 1825/2588/1819 1733/2652/1877
f 1733/2652/1877 1734/2650/1875 1829/2592/1823
f 1823/2586/1817 1826/2589/1820 1830/2593/1824
f 1823/2586/1817 1830/2593/1824 1827/2590/1821
f 1873/2653/1878 1824/2587/1818 1828/2591/1822
f 1873/2653/1878 1828/2591/1822 1872/2651/1876
f 1825/2588/1819 1821/2584/1815 1732/2654/1879
f 1732/2654/1879 1733/2652/1877 1825/2588/1819
f 1826/2589/1820 1823/2586/1817 1819/2582/1813
f 1819/2582/1813 1822/2585/1816 1826/2589/1820
f 1820/2583/1814 1824/2587/1818 1873/2653/1878
f 1874/2655/1880 1820/2583/1814 1873/2653/1878
f 1821/2584/1815 1817/2581/1812 1731/2656/1881
f 1731/2656/1881 1732/2654/1879 1821/2584/1815
f 1818/2580/1811 1822/2585/1816 1819/2582/1813
f 1815/2578/1809 1818/2580/1811 1819/2582/1813
f 1816/2579/1810 1820/2583/1814 1874/2655/1880
f 1875/2657/1882 1816/2579/1810 1874/2655/1880
f 1731/2656/1881 1817/2581/1812 1813/2577/1808
f 1813/2577/1808 1730/2658/1883 1731/2656/1881
f 1811/2574/1805 1814/2576/1807 1818/2580/1811
f 1811/2574/1805 1818/2580/1811 1815/2578/1809
f 1812/2575/1806 1816/2579/1810 1875/2657/1882
f 1876/2659/1884 1812/2575/1806 1875/2657/1882
f 1730/2658/1883 1813/2577/1808 1809/2572/1803
f 1809/2572/1803 1729/2660/1885 1730/2658/1883
f 1810/2573/1804 1814/2576/1807 1811/2574/1805
f 1807/2570/1801 1810/2573/1804 1811/2574/1805
f 1808/2571/1802 1812/2575/1806 1876/2659/1884
f 1877/2661/1886 1808/2571/1802 1876/2659/1884
f 1729/2660/1885 1809/2572/1803 1805/2569/1800
f 1805/2569/1800 1728/2662/1887 1729/2660/1885
f 1807/2570/1801 1803/2566/1797 1806/2568/1799
f 1806/2568/1799 1810/2573/1804 1807/2570/1801
f 1878/2663/1888 1804/2567/1798 1808/2571/1802
f 1878/2663/1888 1808/2571/1802 1877/2661/1886
f 1805/2569/1800 1801/2564/1795 1727/2664/1889
f 1727/2664/1889 1728/2662/1887 1805/2569/1800
f 1806/2568/1799 1803/2566/1797 1799/2562/1793
f 1799/2562/1793 1802/2565/1796 1806/2568/1799
f 1800/2563/1794 1804/2567/1798 1878/2663/1888
f 1879/2665/1890 1800/2563/1794 1878/2663/1888
f 1801/2564/1795 1797/2561/1792 1726/2666/1891
f 1726/2666/1891 1727/2664/1889 1801/2564/1795
f 1795/2558/1789 1798/2560/1791 1802/2565/1796
f 1795/2558/1789 1802/2565/1796 1799/2562/1793
f 1880/2667/1892 1796/2559/1790 1800/2563/1794
f 1880/2667/1892 1800/2563/1794 1879/2665/1890
f 1726/2666/1891 1797/2561/1792 1793/2557/1788
f 1793/2557/1788 1725/2668/1893 1726/2666/1891
f 1794/2554/1787 1798/2560/1791 1795/2558/1789
f 1791/2552/1785 1794/2554/1787 1795/2558/1789
f 1881/2669/1894 1792/2553/1786 1796/2559/1790
f 1881/2669/1894 1796/2559/1790 1880/2667/1892
f 1725/2668/1893 1793/2557/1788 1789/2556/1784
f 1789/2556/1784 1724/2670/1895 1725/2668/1893
f 1787/2551/1781 1790/2555/1783 1794/2554/1787
f 1787/2551/1781 1794/2554/1787 1791/2552/1785
f 1882/2671/1896 1788/2550/1782 1792/2553/1786
f 1882/2671/1896 1792/2553/1786 1881/2669/1894
f 1724/2672/1895 1789/2549/1784 1785/2545/1780
f 1785/2545/1780 1723/2673/1897 1724/2672/1895
f 1787/2546/1781 1783/2542/1777 1786/2544/1779
f 1786/2544/1779 1790/2548/1783 1787/2546/1781
f 1883/2674/1898 1784/2543/1778 1788/2547/1782
f 1883/2674/1898 1788/2547/1782 1882/2675/1896
f 1723/2673/1897 1785/2545/1780 1781/2540/1775
f 1781/2540/1775 1722/2676/1899 1723/2673/1897
f 1782/2541/1776 1786/2544/1779 1783/2542/1777
f 1779/2538/1773 1782/2541/1776 1783/2542/1777
f 1780/2539/1774 1784/2543/1778 1883/2674/1898
f 1884/2677/1900 1780/2539/1774 1883/2674/1898
f 1781/2540/1775 1777/2536/1771 1721/2678/1901
f 1721/2678/1901 1722/2676/1899 1781/2540/1775
f 1775/2534/1769 1778/2537/1772 1782/2541/1776
f 1775/2534/1769 1782/2541/1776 1779/2538/1773
f 1885/2679/1902 1776/2535/1770 1780/2539/1774
f 1885/2679/1902 1780/2539/1774 1884/2677/1900
f 1777/2536/1771 1773/2532/1767 1720/2680/1903
f 1720/2680/1903 1721/2678/1901 1777/2536/1771
f 1778/2537/1772 1775/2534/1769 1771/2530/1765
f 1771/2530/1765 1774/2533/1768 1778/2537/1772
f 1886/2681/1904 1772/2531/1766 1776/2535/1770
f 1886/2681/1904 1776/2535/1770 1885/2679/1902
f 1773/2532/1767 1769/2529/1764 1719/2682/1905
f 1719/2682/1905 1720/2680/1903 1773/2532/1767
f 1767/2526/1761 1770/2528/1763 1774/2533/1768
f 1767/2526/1761 1774/2533/1768 1771/2530/1765
f 1768/2527/1762 1772/2531/1766 1886/2681/1904
f 1887/2683/1906 1768/2527/1762 1886/2681/1904
f 1769/2529/1764 1765/2524/1759 1718/2684/1907
f 1718/2684/1907 1719/2682/1905 1769/2529/1764
f 1770/2528/1763 1767/2526/1761 1763/2522/1757
f 1763/2522/1757 1766/2525/1760 1770/2528/1763
f 1764/2523/1758 1768/2527/1762 1887/2683/1906
f 1888/2685/1908 1764/2523/1758 1887/2683/1906
f 1718/2684/1907 1765/2524/1759 1761/2520/1755
f 1761/2520/1755 1717/2686/1909 1718/2684/1907
f 1763/2522/1757 1759/2518/1753 1762/2521/1756
f 1762/2521/1756 1766/2525/1760 1763/2522/1757
f 1889/2687/1910 1760/2519/1754 1764/2523/1758
f 1889/2687/1910 1764/2523/1758 1888/2685/1908
f 1761/2520/1755 1757/2516/1751 1716/2688/1911
f 1716/2688/1911 1717/2686/1909 1761/2520/1755
f 1755/2514/1749 1758/2517/1752 1762/2521/1756
f 1755/2514/1749 1762/2521/1756 1759/2518/1753
f 1756/2515/1750 1760/2519/1754 1889/2687/1910
f 1890/2689/1912 1756/2515/1750 1889/2687/1910
f 1716/2688/1911 1757/2516/1751 1753/2513/1748
f 1753/2513/1748 1715/2690/1913 1716/2688/1911
f 1755/2514/1749 1751/2510/1745 1754/2512/1747
f 1754/2512/1747 1758/2517/1752 1755/2514/1749
f 1891/2691/1914 1752/2511/1746 1756/2515/1750
f 1891/2691/1914 1756/2515/1750 1890/2689/1912
f 1715/2690/1913 1753/2513/1748 1749/2506/1741
f 1749/2506/1741 1714/2692/1915 1715/2690/1913
f 1754/2512/1747 1751/2510/1745 1745/2503/1738
f 1745/2503/1738 1750/2507/1742 1754/2512/1747
f 1892/2693/1916 1746/2504/1739 1752/2511/1746
f 1892/2693/1916 1752/2511/1746 1891/2691/1914
f 1714/2692/1915 1749/2506/1741 1748/2509/1744
f 1748/2509/1744 1713/2631/1858 1714/2692/1915
f 1745/2503/1738 1744/2502/1737 1747/2508/1743
f 1747/2508/1743 1750/2507/1742 1745/2503/1738
f 1864/2632/1859 1743/2505/1740 1746/2504/1739
f 1864/2632/1859 1746/2504/1739 1892/2693/1916
